0.0920005, 0.0920005, 0.0920005, 0.0920003, 0.0920002, 0.092, 0.0919997, 0.0919993, 0.0919989, 0.0919985, 0.0919979, 0.0919973, 0.0919966, 0.0919959, 0.0919952, 0.0919945, 0.0919937, 0.0919929, 0.091992, 0.0919911, 0.0919902, 0.0919892, 0.0919881, 0.091987, 0.0919857, 0.0919844, 0.0919831, 0.0919816, 0.0919799, 0.0919784, 0.0919772, 0.0919761, 0.0919751, 0.0919743, 0.0919737, 0.0919732, 0.0919728, 0.0919725, 0.0919724, 0.0919724, 
0.0910526, 0.0910526, 0.0910526, 0.0910526, 0.0910526, 0.0910526, 0.0910526, 0.0910526, 0.0910526, 0.0910526, 0.0910526, 0.0910526, 0.0910526, 0.0910526, 0.0910526, 0.0910526, 0.0910526, 0.0910526, 0.0910526, 0.0910526, 0.0910526, 0.0910526, 0.0910526, 0.0910526, 0.0910526, 0.0910526, 0.0910526, 0.0910526, 0.0910525, 0.0910525, 0.0910525, 0.0910525, 0.0910525, 0.0910525, 0.0910525, 0.0910525, 0.0910525, 0.0910525, 0.0910525, 0.0910525, 
0.0903692, 0.0903692, 0.0903692, 0.0903692, 0.0903692, 0.0903692, 0.0903692, 0.0903692, 0.0903692, 0.0903692, 0.0903692, 0.0903692, 0.0903692, 0.0903692, 0.0903692, 0.0903692, 0.0903692, 0.0903692, 0.0903692, 0.0903692, 0.0903692, 0.0903692, 0.0903692, 0.0903692, 0.0903692, 0.0903692, 0.0903691, 0.0903692, 0.090369, 0.090369, 0.090369, 0.090369, 0.090369, 0.090369, 0.090369, 0.090369, 0.090369, 0.090369, 0.090369, 0.090369, 
0.0898701, 0.0898701, 0.0898701, 0.0898701, 0.0898701, 0.0898701, 0.0898701, 0.0898701, 0.0898701, 0.0898701, 0.0898701, 0.0898701, 0.0898701, 0.0898701, 0.0898701, 0.0898701, 0.0898701, 0.0898701, 0.0898701, 0.0898701, 0.0898701, 0.0898701, 0.0898701, 0.0898701, 0.0898701, 0.0898701, 0.0898701, 0.0898701, 0.08987, 0.08987, 0.08987, 0.08987, 0.08987, 0.08987, 0.08987, 0.08987, 0.08987, 0.08987, 0.08987, 0.08987, 
0.0895057, 0.0895057, 0.0895057, 0.0895057, 0.0895057, 0.0895057, 0.0895057, 0.0895057, 0.0895057, 0.0895057, 0.0895057, 0.0895057, 0.0895057, 0.0895057, 0.0895057, 0.0895057, 0.0895057, 0.0895057, 0.0895057, 0.0895057, 0.0895057, 0.0895057, 0.0895057, 0.0895057, 0.0895057, 0.0895057, 0.0895057, 0.0895057, 0.0895055, 0.0895055, 0.0895055, 0.0895055, 0.0895055, 0.0895055, 0.0895055, 0.0895055, 0.0895055, 0.0895055, 0.0895055, 0.0895055, 
0.0892396, 0.0892396, 0.0892396, 0.0892396, 0.0892396, 0.0892396, 0.0892396, 0.0892396, 0.0892396, 0.0892396, 0.0892396, 0.0892396, 0.0892396, 0.0892396, 0.0892396, 0.0892396, 0.0892396, 0.0892396, 0.0892396, 0.0892396, 0.0892396, 0.0892396, 0.0892396, 0.0892396, 0.0892396, 0.0892396, 0.0892396, 0.0892396, 0.0892394, 0.0892394, 0.0892394, 0.0892394, 0.0892394, 0.0892394, 0.0892394, 0.0892394, 0.0892394, 0.0892394, 0.0892394, 0.0892394, 
0.0890453, 0.0890453, 0.0890453, 0.0890453, 0.0890453, 0.0890453, 0.0890453, 0.0890453, 0.0890453, 0.0890453, 0.0890453, 0.0890453, 0.0890453, 0.0890453, 0.0890453, 0.0890453, 0.0890453, 0.0890453, 0.0890453, 0.0890453, 0.0890453, 0.0890453, 0.0890453, 0.0890453, 0.0890453, 0.0890453, 0.0890452, 0.0890452, 0.0890451, 0.0890451, 0.0890451, 0.0890451, 0.0890451, 0.0890451, 0.0890451, 0.0890451, 0.0890451, 0.0890451, 0.0890451, 0.0890451, 
0.0889034, 0.0889034, 0.0889034, 0.0889034, 0.0889034, 0.0889034, 0.0889034, 0.0889034, 0.0889034, 0.0889034, 0.0889034, 0.0889034, 0.0889034, 0.0889034, 0.0889034, 0.0889034, 0.0889034, 0.0889034, 0.0889034, 0.0889034, 0.0889034, 0.0889034, 0.0889034, 0.0889034, 0.0889034, 0.0889034, 0.0889034, 0.0889034, 0.0889032, 0.0889032, 0.0889032, 0.0889032, 0.0889032, 0.0889032, 0.0889032, 0.0889032, 0.0889032, 0.0889032, 0.0889032, 0.0889032, 
0.0887998, 0.0887998, 0.0887998, 0.0887998, 0.0887998, 0.0887998, 0.0887998, 0.0887998, 0.0887998, 0.0887998, 0.0887998, 0.0887998, 0.0887998, 0.0887998, 0.0887998, 0.0887998, 0.0887998, 0.0887998, 0.0887998, 0.0887998, 0.0887998, 0.0887998, 0.0887998, 0.0887998, 0.0887998, 0.0887998, 0.0887998, 0.0887997, 0.0887996, 0.0887996, 0.0887996, 0.0887996, 0.0887996, 0.0887996, 0.0887996, 0.0887996, 0.0887996, 0.0887996, 0.0887996, 0.0887996, 
0.0887242, 0.0887242, 0.0887242, 0.0887242, 0.0887242, 0.0887242, 0.0887242, 0.0887242, 0.0887242, 0.0887242, 0.0887241, 0.0887241, 0.0887241, 0.0887241, 0.0887241, 0.0887241, 0.0887241, 0.0887241, 0.0887241, 0.0887241, 0.0887241, 0.0887241, 0.0887241, 0.0887241, 0.0887241, 0.0887241, 0.0887241, 0.0887241, 0.088724, 0.088724, 0.088724, 0.088724, 0.088724, 0.088724, 0.088724, 0.088724, 0.088724, 0.088724, 0.088724, 0.088724, 
0.0886689, 0.0886689, 0.0886689, 0.0886689, 0.0886689, 0.0886689, 0.0886689, 0.0886689, 0.0886689, 0.0886689, 0.0886689, 0.0886689, 0.0886689, 0.0886689, 0.0886689, 0.0886689, 0.0886689, 0.0886689, 0.0886689, 0.0886689, 0.0886689, 0.0886689, 0.0886689, 0.0886689, 0.0886689, 0.0886689, 0.0886689, 0.0886689, 0.0886687, 0.0886687, 0.0886687, 0.0886687, 0.0886687, 0.0886687, 0.0886687, 0.0886687, 0.0886687, 0.0886687, 0.0886687, 0.0886687, 
0.0886286, 0.0886286, 0.0886286, 0.0886286, 0.0886286, 0.0886286, 0.0886286, 0.0886286, 0.0886286, 0.0886286, 0.0886286, 0.0886286, 0.0886285, 0.0886285, 0.0886285, 0.0886285, 0.0886285, 0.0886285, 0.0886285, 0.0886285, 0.0886285, 0.0886285, 0.0886285, 0.0886285, 0.0886285, 0.0886285, 0.0886285, 0.0886285, 0.0886284, 0.0886284, 0.0886284, 0.0886284, 0.0886284, 0.0886284, 0.0886284, 0.0886284, 0.0886284, 0.0886284, 0.0886284, 0.0886284, 
0.0885991, 0.0885991, 0.0885991, 0.0885991, 0.0885991, 0.0885991, 0.0885991, 0.0885991, 0.0885991, 0.0885991, 0.0885991, 0.0885991, 0.0885991, 0.0885991, 0.0885991, 0.0885991, 0.0885991, 0.0885991, 0.0885991, 0.0885991, 0.0885991, 0.0885991, 0.0885991, 0.0885991, 0.0885991, 0.0885991, 0.0885991, 0.0885991, 0.0885989, 0.0885989, 0.0885989, 0.0885989, 0.0885989, 0.0885989, 0.0885989, 0.0885989, 0.0885989, 0.0885989, 0.0885989, 0.0885989, 
0.0885776, 0.0885776, 0.0885776, 0.0885776, 0.0885776, 0.0885776, 0.0885776, 0.0885776, 0.0885776, 0.0885776, 0.0885776, 0.0885776, 0.0885776, 0.0885776, 0.0885776, 0.0885776, 0.0885776, 0.0885776, 0.0885776, 0.0885776, 0.0885776, 0.0885776, 0.0885776, 0.0885776, 0.0885776, 0.0885776, 0.0885775, 0.0885775, 0.0885774, 0.0885774, 0.0885774, 0.0885774, 0.0885774, 0.0885774, 0.0885774, 0.0885774, 0.0885774, 0.0885774, 0.0885774, 0.0885774, 
0.0885619, 0.0885619, 0.0885619, 0.0885619, 0.0885619, 0.0885619, 0.0885619, 0.0885619, 0.0885619, 0.0885619, 0.0885619, 0.0885619, 0.0885619, 0.0885619, 0.0885619, 0.0885619, 0.0885619, 0.0885619, 0.0885619, 0.0885619, 0.0885619, 0.0885619, 0.0885619, 0.0885619, 0.0885618, 0.0885618, 0.0885618, 0.0885618, 0.0885617, 0.0885617, 0.0885617, 0.0885617, 0.0885617, 0.0885617, 0.0885617, 0.0885617, 0.0885617, 0.0885617, 0.0885617, 0.0885617, 
0.0885504, 0.0885504, 0.0885504, 0.0885504, 0.0885504, 0.0885504, 0.0885504, 0.0885504, 0.0885504, 0.0885504, 0.0885504, 0.0885504, 0.0885504, 0.0885504, 0.0885504, 0.0885504, 0.0885504, 0.0885504, 0.0885504, 0.0885504, 0.0885504, 0.0885504, 0.0885504, 0.0885504, 0.0885504, 0.0885504, 0.0885504, 0.0885504, 0.0885502, 0.0885502, 0.0885502, 0.0885502, 0.0885502, 0.0885502, 0.0885502, 0.0885502, 0.0885502, 0.0885502, 0.0885502, 0.0885502, 
0.0885421, 0.0885421, 0.0885421, 0.0885421, 0.0885421, 0.0885421, 0.0885421, 0.0885421, 0.0885421, 0.0885421, 0.0885421, 0.0885421, 0.088542, 0.088542, 0.088542, 0.088542, 0.088542, 0.088542, 0.088542, 0.088542, 0.088542, 0.088542, 0.088542, 0.088542, 0.088542, 0.088542, 0.088542, 0.088542, 0.0885419, 0.0885419, 0.0885419, 0.0885419, 0.0885419, 0.0885419, 0.0885419, 0.0885419, 0.0885419, 0.0885419, 0.0885419, 0.0885419, 
0.0885359, 0.0885359, 0.0885359, 0.0885359, 0.0885359, 0.0885359, 0.0885359, 0.0885359, 0.0885359, 0.0885359, 0.0885359, 0.0885359, 0.0885359, 0.0885359, 0.0885359, 0.0885359, 0.0885359, 0.0885359, 0.0885359, 0.0885359, 0.0885359, 0.0885359, 0.0885359, 0.0885359, 0.0885359, 0.0885359, 0.0885359, 0.0885359, 0.0885358, 0.0885358, 0.0885358, 0.0885357, 0.0885357, 0.0885357, 0.0885357, 0.0885357, 0.0885357, 0.0885357, 0.0885357, 0.0885357, 
0.0885315, 0.0885315, 0.0885315, 0.0885315, 0.0885315, 0.0885315, 0.0885315, 0.0885315, 0.0885315, 0.0885315, 0.0885315, 0.0885315, 0.0885315, 0.0885314, 0.0885314, 0.0885314, 0.0885314, 0.0885314, 0.0885314, 0.0885314, 0.0885314, 0.0885314, 0.0885314, 0.0885314, 0.0885314, 0.0885314, 0.0885314, 0.0885314, 0.0885313, 0.0885313, 0.0885313, 0.0885313, 0.0885313, 0.0885313, 0.0885313, 0.0885313, 0.0885313, 0.0885313, 0.0885313, 0.0885313, 
0.0885282, 0.0885282, 0.0885282, 0.0885282, 0.0885282, 0.0885282, 0.0885282, 0.0885282, 0.0885282, 0.0885282, 0.0885282, 0.0885282, 0.0885282, 0.0885282, 0.0885282, 0.0885282, 0.0885282, 0.0885282, 0.0885282, 0.0885282, 0.0885282, 0.0885282, 0.0885282, 0.0885282, 0.0885282, 0.0885282, 0.0885282, 0.0885282, 0.088528, 0.088528, 0.088528, 0.088528, 0.088528, 0.088528, 0.088528, 0.088528, 0.088528, 0.088528, 0.088528, 0.088528, 
0.0885258, 0.0885258, 0.0885258, 0.0885258, 0.0885258, 0.0885258, 0.0885258, 0.0885258, 0.0885258, 0.0885258, 0.0885258, 0.0885258, 0.0885258, 0.0885258, 0.0885258, 0.0885258, 0.0885258, 0.0885258, 0.0885258, 0.0885258, 0.0885258, 0.0885258, 0.0885258, 0.0885258, 0.0885258, 0.0885258, 0.0885258, 0.0885258, 0.0885257, 0.0885256, 0.0885256, 0.0885256, 0.0885256, 0.0885256, 0.0885256, 0.0885256, 0.0885256, 0.0885256, 0.0885256, 0.0885256, 
0.0885241, 0.0885241, 0.0885241, 0.0885241, 0.0885241, 0.0885241, 0.0885241, 0.0885241, 0.0885241, 0.0885241, 0.0885241, 0.0885241, 0.0885241, 0.0885241, 0.0885241, 0.0885241, 0.0885241, 0.0885241, 0.0885241, 0.0885241, 0.0885241, 0.0885241, 0.0885241, 0.0885241, 0.088524, 0.088524, 0.088524, 0.088524, 0.0885239, 0.0885239, 0.0885239, 0.0885239, 0.0885239, 0.0885239, 0.0885239, 0.0885239, 0.0885239, 0.0885239, 0.0885239, 0.0885239, 
0.0885228, 0.0885228, 0.0885228, 0.0885228, 0.0885228, 0.0885228, 0.0885228, 0.0885228, 0.0885228, 0.0885228, 0.0885228, 0.0885228, 0.0885228, 0.0885228, 0.0885228, 0.0885228, 0.0885228, 0.0885228, 0.0885228, 0.0885228, 0.0885228, 0.0885228, 0.0885228, 0.0885228, 0.0885228, 0.0885228, 0.0885228, 0.0885228, 0.0885226, 0.0885226, 0.0885226, 0.0885226, 0.0885226, 0.0885226, 0.0885226, 0.0885226, 0.0885226, 0.0885226, 0.0885226, 0.0885226, 
0.0885219, 0.0885219, 0.0885219, 0.0885219, 0.0885219, 0.0885219, 0.0885219, 0.0885219, 0.0885219, 0.0885219, 0.0885219, 0.0885219, 0.0885219, 0.0885219, 0.0885219, 0.0885219, 0.0885219, 0.0885219, 0.0885219, 0.0885219, 0.0885219, 0.0885219, 0.0885219, 0.0885219, 0.0885219, 0.0885218, 0.0885218, 0.0885218, 0.0885217, 0.0885217, 0.0885217, 0.0885217, 0.0885217, 0.0885217, 0.0885217, 0.0885217, 0.0885217, 0.0885217, 0.0885217, 0.0885217, 
0.0885212, 0.0885212, 0.0885212, 0.0885212, 0.0885212, 0.0885212, 0.0885212, 0.0885212, 0.0885212, 0.0885212, 0.0885212, 0.0885212, 0.0885212, 0.0885212, 0.0885212, 0.0885212, 0.0885212, 0.0885212, 0.0885212, 0.0885212, 0.0885212, 0.0885212, 0.0885212, 0.0885212, 0.0885212, 0.0885212, 0.0885212, 0.0885212, 0.088521, 0.088521, 0.088521, 0.088521, 0.088521, 0.088521, 0.088521, 0.088521, 0.088521, 0.088521, 0.088521, 0.088521, 
0.0885207, 0.0885207, 0.0885207, 0.0885207, 0.0885207, 0.0885207, 0.0885207, 0.0885207, 0.0885207, 0.0885207, 0.0885207, 0.0885207, 0.0885207, 0.0885207, 0.0885207, 0.0885207, 0.0885207, 0.0885207, 0.0885207, 0.0885207, 0.0885207, 0.0885207, 0.0885207, 0.0885207, 0.0885207, 0.0885207, 0.0885207, 0.0885207, 0.0885205, 0.0885205, 0.0885205, 0.0885205, 0.0885205, 0.0885205, 0.0885205, 0.0885205, 0.0885205, 0.0885205, 0.0885205, 0.0885205, 
0.0885204, 0.0885204, 0.0885204, 0.0885204, 0.0885204, 0.0885204, 0.0885204, 0.0885204, 0.0885204, 0.0885204, 0.0885204, 0.0885204, 0.0885203, 0.0885203, 0.0885203, 0.0885203, 0.0885203, 0.0885203, 0.0885203, 0.0885203, 0.0885203, 0.0885203, 0.0885203, 0.0885203, 0.0885203, 0.0885203, 0.0885203, 0.0885203, 0.0885202, 0.0885202, 0.0885202, 0.0885202, 0.0885202, 0.0885202, 0.0885202, 0.0885202, 0.0885202, 0.0885202, 0.0885202, 0.0885202, 
0.0885201, 0.0885201, 0.0885201, 0.0885201, 0.0885201, 0.0885201, 0.0885201, 0.0885201, 0.0885201, 0.0885201, 0.0885201, 0.0885201, 0.0885201, 0.0885201, 0.0885201, 0.0885201, 0.0885201, 0.0885201, 0.0885201, 0.0885201, 0.0885201, 0.0885201, 0.0885201, 0.0885201, 0.0885201, 0.0885201, 0.08852, 0.08852, 0.0885199, 0.0885199, 0.0885199, 0.0885199, 0.0885199, 0.0885199, 0.0885199, 0.0885199, 0.0885199, 0.0885199, 0.0885199, 0.0885199, 
0.0885199, 0.0885199, 0.0885199, 0.0885199, 0.0885199, 0.0885199, 0.0885199, 0.0885199, 0.0885199, 0.0885199, 0.0885199, 0.0885199, 0.0885199, 0.0885199, 0.0885199, 0.0885199, 0.0885199, 0.0885199, 0.0885199, 0.0885199, 0.0885199, 0.0885199, 0.0885199, 0.0885199, 0.0885199, 0.0885199, 0.0885199, 0.0885199, 0.0885197, 0.0885197, 0.0885197, 0.0885197, 0.0885197, 0.0885197, 0.0885197, 0.0885197, 0.0885197, 0.0885197, 0.0885197, 0.0885197, 
0.0885198, 0.0885198, 0.0885198, 0.0885198, 0.0885198, 0.0885198, 0.0885198, 0.0885198, 0.0885198, 0.0885198, 0.0885198, 0.0885198, 0.0885197, 0.0885197, 0.0885197, 0.0885197, 0.0885197, 0.0885197, 0.0885197, 0.0885197, 0.0885197, 0.0885197, 0.0885197, 0.0885197, 0.0885197, 0.0885197, 0.0885197, 0.0885197, 0.0885196, 0.0885196, 0.0885196, 0.0885196, 0.0885196, 0.0885196, 0.0885196, 0.0885196, 0.0885196, 0.0885196, 0.0885196, 0.0885196, 
0.0885197, 0.0885197, 0.0885197, 0.0885197, 0.0885197, 0.0885197, 0.0885197, 0.0885197, 0.0885197, 0.0885197, 0.0885197, 0.0885197, 0.0885196, 0.0885196, 0.0885196, 0.0885196, 0.0885196, 0.0885196, 0.0885196, 0.0885196, 0.0885196, 0.0885196, 0.0885196, 0.0885196, 0.0885196, 0.0885196, 0.0885196, 0.0885196, 0.0885195, 0.0885195, 0.0885195, 0.0885195, 0.0885195, 0.0885195, 0.0885195, 0.0885195, 0.0885195, 0.0885195, 0.0885195, 0.0885195, 
0.0885196, 0.0885196, 0.0885196, 0.0885196, 0.0885196, 0.0885196, 0.0885196, 0.0885196, 0.0885196, 0.0885196, 0.0885196, 0.0885196, 0.0885196, 0.0885196, 0.0885196, 0.0885196, 0.0885196, 0.0885196, 0.0885196, 0.0885196, 0.0885196, 0.0885196, 0.0885196, 0.0885195, 0.0885195, 0.0885195, 0.0885195, 0.0885195, 0.0885194, 0.0885194, 0.0885194, 0.0885194, 0.0885194, 0.0885194, 0.0885194, 0.0885194, 0.0885194, 0.0885194, 0.0885194, 0.0885194, 
0.0885195, 0.0885195, 0.0885195, 0.0885195, 0.0885195, 0.0885195, 0.0885195, 0.0885195, 0.0885195, 0.0885195, 0.0885195, 0.0885195, 0.0885195, 0.0885195, 0.0885195, 0.0885195, 0.0885195, 0.0885195, 0.0885195, 0.0885195, 0.0885195, 0.0885195, 0.0885195, 0.0885195, 0.0885195, 0.0885195, 0.0885195, 0.0885195, 0.0885194, 0.0885194, 0.0885194, 0.0885193, 0.0885193, 0.0885193, 0.0885193, 0.0885193, 0.0885193, 0.0885193, 0.0885193, 0.0885193, 
0.0885195, 0.0885195, 0.0885195, 0.0885195, 0.0885195, 0.0885195, 0.0885195, 0.0885195, 0.0885195, 0.0885195, 0.0885195, 0.0885195, 0.0885195, 0.0885195, 0.0885195, 0.0885195, 0.0885195, 0.0885195, 0.0885195, 0.0885195, 0.0885195, 0.0885195, 0.0885195, 0.0885195, 0.0885195, 0.0885194, 0.0885194, 0.0885194, 0.0885193, 0.0885193, 0.0885193, 0.0885193, 0.0885193, 0.0885193, 0.0885193, 0.0885193, 0.0885193, 0.0885193, 0.0885193, 0.0885193, 
0.0885195, 0.0885195, 0.0885195, 0.0885195, 0.0885195, 0.0885195, 0.0885195, 0.0885195, 0.0885195, 0.0885195, 0.0885195, 0.0885195, 0.0885194, 0.0885194, 0.0885194, 0.0885194, 0.0885194, 0.0885194, 0.0885194, 0.0885194, 0.0885194, 0.0885194, 0.0885194, 0.0885194, 0.0885194, 0.0885194, 0.0885194, 0.0885194, 0.0885193, 0.0885193, 0.0885193, 0.0885193, 0.0885193, 0.0885193, 0.0885193, 0.0885193, 0.0885193, 0.0885193, 0.0885193, 0.0885193, 
0.0885195, 0.0885195, 0.0885195, 0.0885195, 0.0885195, 0.0885195, 0.0885195, 0.0885195, 0.0885195, 0.0885195, 0.0885194, 0.0885194, 0.0885194, 0.0885194, 0.0885194, 0.0885194, 0.0885194, 0.0885194, 0.0885194, 0.0885194, 0.0885194, 0.0885194, 0.0885194, 0.0885194, 0.0885194, 0.0885194, 0.0885194, 0.0885194, 0.0885193, 0.0885193, 0.0885193, 0.0885193, 0.0885193, 0.0885193, 0.0885193, 0.0885192, 0.0885192, 0.0885192, 0.0885192, 0.0885192, 
0.0885194, 0.0885194, 0.0885194, 0.0885194, 0.0885194, 0.0885194, 0.0885194, 0.0885194, 0.0885194, 0.0885194, 0.0885194, 0.0885194, 0.0885194, 0.0885194, 0.0885194, 0.0885194, 0.0885194, 0.0885194, 0.0885194, 0.0885194, 0.0885194, 0.0885194, 0.0885194, 0.0885194, 0.0885194, 0.0885194, 0.0885194, 0.0885194, 0.0885193, 0.0885192, 0.0885192, 0.0885192, 0.0885192, 0.0885192, 0.0885192, 0.0885192, 0.0885192, 0.0885192, 0.0885192, 0.0885192, 
0.0885194, 0.0885194, 0.0885194, 0.0885194, 0.0885194, 0.0885194, 0.0885194, 0.0885194, 0.0885194, 0.0885194, 0.0885194, 0.0885194, 0.0885194, 0.0885194, 0.0885194, 0.0885194, 0.0885194, 0.0885194, 0.0885194, 0.0885194, 0.0885194, 0.0885194, 0.0885194, 0.0885194, 0.0885194, 0.0885194, 0.0885194, 0.0885194, 0.0885192, 0.0885192, 0.0885192, 0.0885192, 0.0885192, 0.0885192, 0.0885192, 0.0885192, 0.0885192, 0.0885192, 0.0885192, 0.0885192, 
0.0885194, 0.0885194, 0.0885194, 0.0885194, 0.0885194, 0.0885194, 0.0885194, 0.0885194, 0.0885194, 0.0885194, 0.0885194, 0.0885194, 0.0885194, 0.0885194, 0.0885194, 0.0885194, 0.0885194, 0.0885194, 0.0885194, 0.0885194, 0.0885194, 0.0885194, 0.0885194, 0.0885194, 0.0885194, 0.0885194, 0.0885194, 0.0885194, 0.0885192, 0.0885192, 0.0885192, 0.0885192, 0.0885192, 0.0885192, 0.0885192, 0.0885192, 0.0885192, 0.0885192, 0.0885192, 0.0885192, 
0.0885194, 0.0885194, 0.0885194, 0.0885194, 0.0885194, 0.0885194, 0.0885194, 0.0885194, 0.0885194, 0.0885194, 0.0885194, 0.0885194, 0.0885194, 0.0885194, 0.0885194, 0.0885194, 0.0885194, 0.0885194, 0.0885194, 0.0885194, 0.0885194, 0.0885194, 0.0885194, 0.0885194, 0.0885194, 0.0885194, 0.0885194, 0.0885193, 0.0885192, 0.0885192, 0.0885192, 0.0885192, 0.0885192, 0.0885192, 0.0885192, 0.0885192, 0.0885192, 0.0885192, 0.0885192, 0.0885192, 
0.0885194, 0.0885194, 0.0885194, 0.0885194, 0.0885194, 0.0885194, 0.0885194, 0.0885194, 0.0885194, 0.0885194, 0.0885194, 0.0885194, 0.0885194, 0.0885194, 0.0885194, 0.0885194, 0.0885194, 0.0885194, 0.0885194, 0.0885194, 0.0885194, 0.0885194, 0.0885194, 0.0885194, 0.0885194, 0.0885194, 0.0885193, 0.0885193, 0.0885192, 0.0885192, 0.0885192, 0.0885192, 0.0885192, 0.0885192, 0.0885192, 0.0885192, 0.0885192, 0.0885192, 0.0885192, 0.0885192, 
0.0885194, 0.0885194, 0.0885194, 0.0885194, 0.0885194, 0.0885194, 0.0885194, 0.0885194, 0.0885194, 0.0885194, 0.0885194, 0.0885194, 0.0885194, 0.0885194, 0.0885194, 0.0885194, 0.0885194, 0.0885194, 0.0885194, 0.0885194, 0.0885194, 0.0885194, 0.0885194, 0.0885194, 0.0885194, 0.0885193, 0.0885193, 0.0885193, 0.0885192, 0.0885192, 0.0885192, 0.0885192, 0.0885192, 0.0885192, 0.0885192, 0.0885192, 0.0885192, 0.0885192, 0.0885192, 0.0885192, 
0.0885194, 0.0885194, 0.0885194, 0.0885194, 0.0885194, 0.0885194, 0.0885194, 0.0885194, 0.0885194, 0.0885194, 0.0885194, 0.0885194, 0.0885194, 0.0885194, 0.0885194, 0.0885194, 0.0885194, 0.0885194, 0.0885194, 0.0885194, 0.0885194, 0.0885194, 0.0885194, 0.0885194, 0.0885193, 0.0885193, 0.0885193, 0.0885193, 0.0885192, 0.0885192, 0.0885192, 0.0885192, 0.0885192, 0.0885192, 0.0885192, 0.0885192, 0.0885192, 0.0885192, 0.0885192, 0.0885192, 
0.0885194, 0.0885194, 0.0885194, 0.0885194, 0.0885194, 0.0885194, 0.0885194, 0.0885194, 0.0885194, 0.0885194, 0.0885194, 0.0885194, 0.0885194, 0.0885194, 0.0885194, 0.0885194, 0.0885194, 0.0885194, 0.0885194, 0.0885194, 0.0885194, 0.0885194, 0.0885194, 0.0885193, 0.0885193, 0.0885193, 0.0885193, 0.0885193, 0.0885192, 0.0885192, 0.0885192, 0.0885192, 0.0885192, 0.0885192, 0.0885192, 0.0885192, 0.0885192, 0.0885192, 0.0885192, 0.0885192, 
0.0885194, 0.0885194, 0.0885194, 0.0885194, 0.0885194, 0.0885194, 0.0885194, 0.0885194, 0.0885194, 0.0885194, 0.0885194, 0.0885194, 0.0885194, 0.0885194, 0.0885194, 0.0885194, 0.0885194, 0.0885194, 0.0885194, 0.0885194, 0.0885194, 0.0885194, 0.0885194, 0.0885193, 0.0885193, 0.0885193, 0.0885193, 0.0885193, 0.0885192, 0.0885192, 0.0885192, 0.0885192, 0.0885192, 0.0885192, 0.0885192, 0.0885192, 0.0885192, 0.0885192, 0.0885192, 0.0885192, 
0.0885194, 0.0885194, 0.0885194, 0.0885194, 0.0885194, 0.0885194, 0.0885194, 0.0885194, 0.0885194, 0.0885194, 0.0885194, 0.0885194, 0.0885194, 0.0885194, 0.0885194, 0.0885194, 0.0885194, 0.0885194, 0.0885194, 0.0885194, 0.0885194, 0.0885194, 0.0885193, 0.0885193, 0.0885193, 0.0885193, 0.0885193, 0.0885193, 0.0885192, 0.0885192, 0.0885192, 0.0885192, 0.0885192, 0.0885192, 0.0885192, 0.0885192, 0.0885192, 0.0885192, 0.0885192, 0.0885192, 
0.0885194, 0.0885194, 0.0885194, 0.0885194, 0.0885194, 0.0885194, 0.0885194, 0.0885194, 0.0885194, 0.0885194, 0.0885194, 0.0885194, 0.0885194, 0.0885194, 0.0885194, 0.0885194, 0.0885194, 0.0885194, 0.0885194, 0.0885194, 0.0885194, 0.0885194, 0.0885193, 0.0885193, 0.0885193, 0.0885193, 0.0885193, 0.0885193, 0.0885192, 0.0885192, 0.0885192, 0.0885192, 0.0885192, 0.0885192, 0.0885192, 0.0885192, 0.0885192, 0.0885192, 0.0885192, 0.0885192, 
0.0885194, 0.0885194, 0.0885194, 0.0885194, 0.0885194, 0.0885194, 0.0885194, 0.0885194, 0.0885194, 0.0885194, 0.0885194, 0.0885194, 0.0885194, 0.0885194, 0.0885194, 0.0885194, 0.0885194, 0.0885194, 0.0885194, 0.0885194, 0.0885194, 0.0885194, 0.0885193, 0.0885193, 0.0885193, 0.0885193, 0.0885193, 0.0885193, 0.0885192, 0.0885192, 0.0885192, 0.0885192, 0.0885192, 0.0885192, 0.0885192, 0.0885192, 0.0885192, 0.0885192, 0.0885192, 0.0885192, 
0.0885194, 0.0885194, 0.0885194, 0.0885194, 0.0885194, 0.0885194, 0.0885194, 0.0885194, 0.0885194, 0.0885194, 0.0885194, 0.0885194, 0.0885194, 0.0885194, 0.0885194, 0.0885194, 0.0885194, 0.0885194, 0.0885194, 0.0885194, 0.0885194, 0.0885194, 0.0885193, 0.0885193, 0.0885193, 0.0885193, 0.0885193, 0.0885193, 0.0885192, 0.0885192, 0.0885192, 0.0885192, 0.0885192, 0.0885192, 0.0885192, 0.0885192, 0.0885192, 0.0885192, 0.0885192, 0.0885192, 
0.0885194, 0.0885194, 0.0885194, 0.0885194, 0.0885194, 0.0885194, 0.0885194, 0.0885194, 0.0885194, 0.0885194, 0.0885194, 0.0885194, 0.0885194, 0.0885194, 0.0885194, 0.0885194, 0.0885194, 0.0885194, 0.0885194, 0.0885194, 0.0885194, 0.0885194, 0.0885193, 0.0885193, 0.0885193, 0.0885193, 0.0885193, 0.0885193, 0.0885192, 0.0885192, 0.0885192, 0.0885192, 0.0885192, 0.0885192, 0.0885192, 0.0885192, 0.0885192, 0.0885192, 0.0885192, 0.0885192, 
0.0885194, 0.0885194, 0.0885194, 0.0885194, 0.0885194, 0.0885194, 0.0885194, 0.0885194, 0.0885194, 0.0885194, 0.0885194, 0.0885194, 0.0885194, 0.0885194, 0.0885194, 0.0885194, 0.0885194, 0.0885194, 0.0885194, 0.0885194, 0.0885194, 0.0885194, 0.0885193, 0.0885193, 0.0885193, 0.0885193, 0.0885193, 0.0885193, 0.0885192, 0.0885192, 0.0885192, 0.0885192, 0.0885192, 0.0885192, 0.0885192, 0.0885192, 0.0885192, 0.0885192, 0.0885192, 0.0885192, 
0.0885194, 0.0885194, 0.0885194, 0.0885194, 0.0885194, 0.0885194, 0.0885194, 0.0885194, 0.0885194, 0.0885194, 0.0885194, 0.0885194, 0.0885194, 0.0885194, 0.0885194, 0.0885194, 0.0885194, 0.0885194, 0.0885194, 0.0885194, 0.0885194, 0.0885194, 0.0885193, 0.0885193, 0.0885193, 0.0885193, 0.0885193, 0.0885193, 0.0885192, 0.0885192, 0.0885192, 0.0885192, 0.0885192, 0.0885192, 0.0885192, 0.0885192, 0.0885192, 0.0885192, 0.0885192, 0.0885192, 
0.0885194, 0.0885194, 0.0885194, 0.0885194, 0.0885194, 0.0885194, 0.0885194, 0.0885194, 0.0885194, 0.0885194, 0.0885194, 0.0885194, 0.0885194, 0.0885194, 0.0885194, 0.0885194, 0.0885194, 0.0885194, 0.0885194, 0.0885194, 0.0885194, 0.0885194, 0.0885193, 0.0885193, 0.0885193, 0.0885193, 0.0885193, 0.0885193, 0.0885192, 0.0885192, 0.0885192, 0.0885192, 0.0885192, 0.0885192, 0.0885192, 0.0885192, 0.0885192, 0.0885192, 0.0885192, 0.0885192, 
0.0885194, 0.0885194, 0.0885194, 0.0885194, 0.0885194, 0.0885194, 0.0885194, 0.0885194, 0.0885194, 0.0885194, 0.0885194, 0.0885194, 0.0885194, 0.0885194, 0.0885194, 0.0885194, 0.0885194, 0.0885194, 0.0885194, 0.0885194, 0.0885194, 0.0885194, 0.0885193, 0.0885193, 0.0885193, 0.0885193, 0.0885193, 0.0885193, 0.0885192, 0.0885192, 0.0885192, 0.0885192, 0.0885192, 0.0885192, 0.0885192, 0.0885192, 0.0885192, 0.0885192, 0.0885192, 0.0885192, 
0.0885194, 0.0885194, 0.0885194, 0.0885194, 0.0885194, 0.0885194, 0.0885194, 0.0885194, 0.0885194, 0.0885194, 0.0885194, 0.0885194, 0.0885194, 0.0885194, 0.0885194, 0.0885194, 0.0885194, 0.0885194, 0.0885194, 0.0885194, 0.0885194, 0.0885194, 0.0885193, 0.0885193, 0.0885193, 0.0885193, 0.0885193, 0.0885193, 0.0885192, 0.0885192, 0.0885192, 0.0885192, 0.0885192, 0.0885192, 0.0885192, 0.0885192, 0.0885192, 0.0885192, 0.0885192, 0.0885192, 
0.0885194, 0.0885194, 0.0885194, 0.0885194, 0.0885194, 0.0885194, 0.0885194, 0.0885194, 0.0885194, 0.0885194, 0.0885194, 0.0885194, 0.0885194, 0.0885194, 0.0885194, 0.0885194, 0.0885194, 0.0885194, 0.0885194, 0.0885194, 0.0885194, 0.0885194, 0.0885193, 0.0885193, 0.0885193, 0.0885193, 0.0885193, 0.0885193, 0.0885192, 0.0885192, 0.0885192, 0.0885192, 0.0885192, 0.0885192, 0.0885192, 0.0885192, 0.0885192, 0.0885192, 0.0885192, 0.0885192, 
0.0885194, 0.0885194, 0.0885194, 0.0885194, 0.0885194, 0.0885194, 0.0885194, 0.0885194, 0.0885194, 0.0885194, 0.0885194, 0.0885194, 0.0885194, 0.0885194, 0.0885194, 0.0885194, 0.0885194, 0.0885194, 0.0885194, 0.0885194, 0.0885194, 0.0885194, 0.0885193, 0.0885193, 0.0885193, 0.0885193, 0.0885193, 0.0885193, 0.0885192, 0.0885192, 0.0885192, 0.0885192, 0.0885192, 0.0885192, 0.0885192, 0.0885192, 0.0885192, 0.0885192, 0.0885192, 0.0885192, 
0.0885194, 0.0885194, 0.0885194, 0.0885194, 0.0885194, 0.0885194, 0.0885194, 0.0885194, 0.0885194, 0.0885194, 0.0885194, 0.0885194, 0.0885194, 0.0885194, 0.0885194, 0.0885194, 0.0885194, 0.0885194, 0.0885194, 0.0885194, 0.0885194, 0.0885194, 0.0885193, 0.0885193, 0.0885193, 0.0885193, 0.0885193, 0.0885193, 0.0885192, 0.0885192, 0.0885192, 0.0885192, 0.0885192, 0.0885192, 0.0885192, 0.0885192, 0.0885192, 0.0885192, 0.0885192, 0.0885192, 
0.0885194, 0.0885194, 0.0885194, 0.0885194, 0.0885194, 0.0885194, 0.0885194, 0.0885194, 0.0885194, 0.0885194, 0.0885194, 0.0885194, 0.0885194, 0.0885194, 0.0885194, 0.0885194, 0.0885194, 0.0885194, 0.0885194, 0.0885194, 0.0885194, 0.0885194, 0.0885193, 0.0885193, 0.0885193, 0.0885193, 0.0885193, 0.0885193, 0.0885192, 0.0885192, 0.0885192, 0.0885192, 0.0885192, 0.0885192, 0.0885192, 0.0885192, 0.0885192, 0.0885192, 0.0885192, 0.0885192, 
0.0885194, 0.0885194, 0.0885194, 0.0885194, 0.0885194, 0.0885194, 0.0885194, 0.0885194, 0.0885194, 0.0885194, 0.0885194, 0.0885194, 0.0885194, 0.0885194, 0.0885194, 0.0885194, 0.0885194, 0.0885194, 0.0885194, 0.0885194, 0.0885194, 0.0885194, 0.0885193, 0.0885193, 0.0885193, 0.0885193, 0.0885193, 0.0885193, 0.0885192, 0.0885192, 0.0885192, 0.0885192, 0.0885192, 0.0885192, 0.0885192, 0.0885192, 0.0885192, 0.0885192, 0.0885192, 0.0885192, 
0.0885194, 0.0885194, 0.0885194, 0.0885194, 0.0885194, 0.0885194, 0.0885194, 0.0885194, 0.0885194, 0.0885194, 0.0885194, 0.0885194, 0.0885194, 0.0885194, 0.0885194, 0.0885194, 0.0885194, 0.0885194, 0.0885194, 0.0885194, 0.0885194, 0.0885194, 0.0885193, 0.0885193, 0.0885193, 0.0885193, 0.0885193, 0.0885193, 0.0885192, 0.0885192, 0.0885192, 0.0885192, 0.0885192, 0.0885192, 0.0885192, 0.0885192, 0.0885192, 0.0885192, 0.0885192, 0.0885192, 
0.0885194, 0.0885194, 0.0885194, 0.0885194, 0.0885194, 0.0885194, 0.0885194, 0.0885194, 0.0885194, 0.0885194, 0.0885194, 0.0885194, 0.0885194, 0.0885194, 0.0885194, 0.0885194, 0.0885194, 0.0885194, 0.0885194, 0.0885194, 0.0885194, 0.0885194, 0.0885193, 0.0885193, 0.0885193, 0.0885193, 0.0885193, 0.0885193, 0.0885192, 0.0885192, 0.0885192, 0.0885192, 0.0885192, 0.0885192, 0.0885192, 0.0885192, 0.0885192, 0.0885192, 0.0885192, 0.0885192, 
0.0885194, 0.0885194, 0.0885194, 0.0885194, 0.0885194, 0.0885194, 0.0885194, 0.0885194, 0.0885194, 0.0885194, 0.0885194, 0.0885194, 0.0885194, 0.0885194, 0.0885194, 0.0885194, 0.0885194, 0.0885194, 0.0885194, 0.0885194, 0.0885194, 0.0885194, 0.0885193, 0.0885193, 0.0885193, 0.0885193, 0.0885193, 0.0885193, 0.0885192, 0.0885192, 0.0885192, 0.0885192, 0.0885192, 0.0885192, 0.0885192, 0.0885192, 0.0885192, 0.0885192, 0.0885192, 0.0885192, 
0.0885194, 0.0885194, 0.0885194, 0.0885194, 0.0885194, 0.0885194, 0.0885194, 0.0885194, 0.0885194, 0.0885194, 0.0885194, 0.0885194, 0.0885194, 0.0885194, 0.0885194, 0.0885194, 0.0885194, 0.0885194, 0.0885194, 0.0885194, 0.0885194, 0.0885194, 0.0885193, 0.0885193, 0.0885193, 0.0885193, 0.0885193, 0.0885193, 0.0885192, 0.0885192, 0.0885192, 0.0885192, 0.0885192, 0.0885192, 0.0885192, 0.0885192, 0.0885192, 0.0885192, 0.0885192, 0.0885192, 
0.0885194, 0.0885194, 0.0885194, 0.0885194, 0.0885194, 0.0885194, 0.0885194, 0.0885194, 0.0885194, 0.0885194, 0.0885194, 0.0885194, 0.0885194, 0.0885194, 0.0885194, 0.0885194, 0.0885194, 0.0885194, 0.0885194, 0.0885194, 0.0885194, 0.0885194, 0.0885193, 0.0885193, 0.0885193, 0.0885193, 0.0885193, 0.0885193, 0.0885192, 0.0885192, 0.0885192, 0.0885192, 0.0885192, 0.0885192, 0.0885192, 0.0885192, 0.0885192, 0.0885192, 0.0885192, 0.0885192, 
0.0885194, 0.0885194, 0.0885194, 0.0885194, 0.0885194, 0.0885194, 0.0885194, 0.0885194, 0.0885194, 0.0885194, 0.0885194, 0.0885194, 0.0885194, 0.0885194, 0.0885194, 0.0885194, 0.0885194, 0.0885194, 0.0885194, 0.0885194, 0.0885194, 0.0885194, 0.0885193, 0.0885193, 0.0885193, 0.0885193, 0.0885193, 0.0885193, 0.0885192, 0.0885192, 0.0885192, 0.0885192, 0.0885192, 0.0885192, 0.0885192, 0.0885192, 0.0885192, 0.0885192, 0.0885192, 0.0885192, 
0.0885194, 0.0885194, 0.0885194, 0.0885194, 0.0885194, 0.0885194, 0.0885194, 0.0885194, 0.0885194, 0.0885194, 0.0885194, 0.0885194, 0.0885194, 0.0885194, 0.0885194, 0.0885194, 0.0885194, 0.0885194, 0.0885194, 0.0885194, 0.0885194, 0.0885194, 0.0885193, 0.0885193, 0.0885193, 0.0885193, 0.0885193, 0.0885193, 0.0885192, 0.0885192, 0.0885192, 0.0885192, 0.0885192, 0.0885192, 0.0885192, 0.0885192, 0.0885192, 0.0885192, 0.0885192, 0.0885192, 
0.0885194, 0.0885194, 0.0885194, 0.0885194, 0.0885194, 0.0885194, 0.0885194, 0.0885194, 0.0885194, 0.0885194, 0.0885194, 0.0885194, 0.0885194, 0.0885194, 0.0885194, 0.0885194, 0.0885194, 0.0885194, 0.0885194, 0.0885194, 0.0885194, 0.0885194, 0.0885193, 0.0885193, 0.0885193, 0.0885193, 0.0885193, 0.0885193, 0.0885192, 0.0885192, 0.0885192, 0.0885192, 0.0885192, 0.0885192, 0.0885192, 0.0885192, 0.0885192, 0.0885192, 0.0885192, 0.0885192, 
0.0885194, 0.0885194, 0.0885194, 0.0885194, 0.0885194, 0.0885194, 0.0885194, 0.0885194, 0.0885194, 0.0885194, 0.0885194, 0.0885194, 0.0885194, 0.0885194, 0.0885194, 0.0885194, 0.0885194, 0.0885194, 0.0885194, 0.0885194, 0.0885194, 0.0885194, 0.0885193, 0.0885193, 0.0885193, 0.0885193, 0.0885193, 0.0885193, 0.0885192, 0.0885192, 0.0885192, 0.0885192, 0.0885192, 0.0885192, 0.0885192, 0.0885192, 0.0885192, 0.0885192, 0.0885192, 0.0885192, 
0.0885194, 0.0885194, 0.0885194, 0.0885194, 0.0885194, 0.0885194, 0.0885194, 0.0885194, 0.0885194, 0.0885194, 0.0885194, 0.0885194, 0.0885194, 0.0885194, 0.0885194, 0.0885194, 0.0885194, 0.0885194, 0.0885194, 0.0885194, 0.0885194, 0.0885194, 0.0885193, 0.0885193, 0.0885193, 0.0885193, 0.0885193, 0.0885193, 0.0885192, 0.0885192, 0.0885192, 0.0885192, 0.0885192, 0.0885192, 0.0885192, 0.0885192, 0.0885192, 0.0885192, 0.0885192, 0.0885192, 
0.0885194, 0.0885194, 0.0885194, 0.0885194, 0.0885194, 0.0885194, 0.0885194, 0.0885194, 0.0885194, 0.0885194, 0.0885194, 0.0885194, 0.0885194, 0.0885194, 0.0885194, 0.0885194, 0.0885194, 0.0885194, 0.0885194, 0.0885194, 0.0885194, 0.0885194, 0.0885193, 0.0885193, 0.0885193, 0.0885193, 0.0885193, 0.0885193, 0.0885192, 0.0885192, 0.0885192, 0.0885192, 0.0885192, 0.0885192, 0.0885192, 0.0885192, 0.0885192, 0.0885192, 0.0885192, 0.0885192, 
0.0885194, 0.0885194, 0.0885194, 0.0885194, 0.0885194, 0.0885194, 0.0885194, 0.0885194, 0.0885194, 0.0885194, 0.0885194, 0.0885194, 0.0885194, 0.0885194, 0.0885194, 0.0885194, 0.0885194, 0.0885194, 0.0885194, 0.0885194, 0.0885194, 0.0885194, 0.0885193, 0.0885193, 0.0885193, 0.0885193, 0.0885193, 0.0885193, 0.0885192, 0.0885192, 0.0885192, 0.0885192, 0.0885192, 0.0885192, 0.0885192, 0.0885192, 0.0885192, 0.0885192, 0.0885192, 0.0885192, 
0.0885194, 0.0885194, 0.0885194, 0.0885194, 0.0885194, 0.0885194, 0.0885194, 0.0885194, 0.0885194, 0.0885194, 0.0885194, 0.0885194, 0.0885194, 0.0885194, 0.0885194, 0.0885194, 0.0885194, 0.0885194, 0.0885194, 0.0885194, 0.0885194, 0.0885194, 0.0885193, 0.0885193, 0.0885193, 0.0885193, 0.0885193, 0.0885193, 0.0885192, 0.0885192, 0.0885192, 0.0885192, 0.0885192, 0.0885192, 0.0885192, 0.0885192, 0.0885192, 0.0885192, 0.0885192, 0.0885192, 
0.0885194, 0.0885194, 0.0885194, 0.0885194, 0.0885194, 0.0885194, 0.0885194, 0.0885194, 0.0885194, 0.0885194, 0.0885194, 0.0885194, 0.0885194, 0.0885194, 0.0885194, 0.0885194, 0.0885194, 0.0885194, 0.0885194, 0.0885194, 0.0885194, 0.0885194, 0.0885193, 0.0885193, 0.0885193, 0.0885193, 0.0885193, 0.0885193, 0.0885192, 0.0885192, 0.0885192, 0.0885192, 0.0885192, 0.0885192, 0.0885192, 0.0885192, 0.0885192, 0.0885192, 0.0885192, 0.0885192, 
0.0885194, 0.0885194, 0.0885194, 0.0885194, 0.0885194, 0.0885194, 0.0885194, 0.0885194, 0.0885194, 0.0885194, 0.0885194, 0.0885194, 0.0885194, 0.0885194, 0.0885194, 0.0885194, 0.0885194, 0.0885194, 0.0885194, 0.0885194, 0.0885194, 0.0885194, 0.0885193, 0.0885193, 0.0885193, 0.0885193, 0.0885193, 0.0885193, 0.0885192, 0.0885192, 0.0885192, 0.0885192, 0.0885192, 0.0885192, 0.0885192, 0.0885192, 0.0885192, 0.0885192, 0.0885192, 0.0885192, 
0.0885194, 0.0885194, 0.0885194, 0.0885194, 0.0885194, 0.0885194, 0.0885194, 0.0885194, 0.0885194, 0.0885194, 0.0885194, 0.0885194, 0.0885194, 0.0885194, 0.0885194, 0.0885194, 0.0885194, 0.0885194, 0.0885194, 0.0885194, 0.0885194, 0.0885194, 0.0885193, 0.0885193, 0.0885193, 0.0885193, 0.0885193, 0.0885193, 0.0885192, 0.0885192, 0.0885192, 0.0885192, 0.0885192, 0.0885192, 0.0885192, 0.0885192, 0.0885192, 0.0885192, 0.0885192, 0.0885192, 
0.0885194, 0.0885194, 0.0885194, 0.0885194, 0.0885194, 0.0885194, 0.0885194, 0.0885194, 0.0885194, 0.0885194, 0.0885194, 0.0885194, 0.0885194, 0.0885194, 0.0885194, 0.0885194, 0.0885194, 0.0885194, 0.0885194, 0.0885194, 0.0885194, 0.0885194, 0.0885193, 0.0885193, 0.0885193, 0.0885193, 0.0885193, 0.0885193, 0.0885192, 0.0885192, 0.0885192, 0.0885192, 0.0885192, 0.0885192, 0.0885192, 0.0885192, 0.0885192, 0.0885192, 0.0885192, 0.0885192, 
0.0885194, 0.0885194, 0.0885194, 0.0885194, 0.0885194, 0.0885194, 0.0885194, 0.0885194, 0.0885194, 0.0885194, 0.0885194, 0.0885194, 0.0885194, 0.0885194, 0.0885194, 0.0885194, 0.0885194, 0.0885194, 0.0885194, 0.0885194, 0.0885194, 0.0885194, 0.0885193, 0.0885193, 0.0885193, 0.0885193, 0.0885193, 0.0885193, 0.0885192, 0.0885192, 0.0885192, 0.0885192, 0.0885192, 0.0885192, 0.0885192, 0.0885192, 0.0885192, 0.0885192, 0.0885192, 0.0885192, 
0.0885194, 0.0885194, 0.0885194, 0.0885194, 0.0885194, 0.0885194, 0.0885194, 0.0885194, 0.0885194, 0.0885194, 0.0885194, 0.0885194, 0.0885194, 0.0885194, 0.0885194, 0.0885194, 0.0885194, 0.0885194, 0.0885194, 0.0885194, 0.0885194, 0.0885194, 0.0885193, 0.0885193, 0.0885193, 0.0885193, 0.0885193, 0.0885193, 0.0885192, 0.0885192, 0.0885192, 0.0885192, 0.0885192, 0.0885192, 0.0885192, 0.0885192, 0.0885192, 0.0885192, 0.0885192, 0.0885192, 
0.0885194, 0.0885194, 0.0885194, 0.0885194, 0.0885194, 0.0885194, 0.0885194, 0.0885194, 0.0885194, 0.0885194, 0.0885194, 0.0885194, 0.0885194, 0.0885194, 0.0885194, 0.0885194, 0.0885194, 0.0885194, 0.0885194, 0.0885194, 0.0885194, 0.0885194, 0.0885193, 0.0885193, 0.0885193, 0.0885193, 0.0885193, 0.0885193, 0.0885192, 0.0885192, 0.0885192, 0.0885192, 0.0885192, 0.0885192, 0.0885192, 0.0885192, 0.0885192, 0.0885192, 0.0885192, 0.0885192, 
0.0885194, 0.0885194, 0.0885194, 0.0885194, 0.0885194, 0.0885194, 0.0885194, 0.0885194, 0.0885194, 0.0885194, 0.0885194, 0.0885194, 0.0885194, 0.0885194, 0.0885194, 0.0885194, 0.0885194, 0.0885194, 0.0885194, 0.0885194, 0.0885194, 0.0885194, 0.0885193, 0.0885193, 0.0885193, 0.0885193, 0.0885193, 0.0885193, 0.0885192, 0.0885192, 0.0885192, 0.0885192, 0.0885192, 0.0885192, 0.0885192, 0.0885192, 0.0885192, 0.0885192, 0.0885192, 0.0885192, 
0.0885194, 0.0885194, 0.0885194, 0.0885194, 0.0885194, 0.0885194, 0.0885194, 0.0885194, 0.0885194, 0.0885194, 0.0885194, 0.0885194, 0.0885194, 0.0885194, 0.0885194, 0.0885194, 0.0885194, 0.0885194, 0.0885194, 0.0885194, 0.0885194, 0.0885194, 0.0885193, 0.0885193, 0.0885193, 0.0885193, 0.0885193, 0.0885193, 0.0885192, 0.0885192, 0.0885192, 0.0885192, 0.0885192, 0.0885192, 0.0885192, 0.0885192, 0.0885192, 0.0885192, 0.0885192, 0.0885192, 
0.0885194, 0.0885194, 0.0885194, 0.0885194, 0.0885194, 0.0885194, 0.0885194, 0.0885194, 0.0885194, 0.0885194, 0.0885194, 0.0885194, 0.0885194, 0.0885194, 0.0885194, 0.0885194, 0.0885194, 0.0885194, 0.0885194, 0.0885194, 0.0885194, 0.0885194, 0.0885193, 0.0885193, 0.0885193, 0.0885193, 0.0885193, 0.0885193, 0.0885192, 0.0885192, 0.0885192, 0.0885192, 0.0885192, 0.0885192, 0.0885192, 0.0885192, 0.0885192, 0.0885192, 0.0885192, 0.0885192, 
0.0885194, 0.0885194, 0.0885194, 0.0885194, 0.0885194, 0.0885194, 0.0885194, 0.0885194, 0.0885194, 0.0885194, 0.0885194, 0.0885194, 0.0885194, 0.0885194, 0.0885194, 0.0885194, 0.0885194, 0.0885194, 0.0885194, 0.0885194, 0.0885194, 0.0885194, 0.0885193, 0.0885193, 0.0885193, 0.0885193, 0.0885193, 0.0885193, 0.0885192, 0.0885192, 0.0885192, 0.0885192, 0.0885192, 0.0885192, 0.0885192, 0.0885192, 0.0885192, 0.0885192, 0.0885192, 0.0885192, 
0.0885194, 0.0885194, 0.0885194, 0.0885194, 0.0885194, 0.0885194, 0.0885194, 0.0885194, 0.0885194, 0.0885194, 0.0885194, 0.0885194, 0.0885194, 0.0885194, 0.0885194, 0.0885194, 0.0885194, 0.0885194, 0.0885194, 0.0885194, 0.0885194, 0.0885194, 0.0885193, 0.0885193, 0.0885193, 0.0885193, 0.0885193, 0.0885193, 0.0885192, 0.0885192, 0.0885192, 0.0885192, 0.0885192, 0.0885192, 0.0885192, 0.0885192, 0.0885192, 0.0885192, 0.0885192, 0.0885192, 
0.0885194, 0.0885194, 0.0885194, 0.0885194, 0.0885194, 0.0885194, 0.0885194, 0.0885194, 0.0885194, 0.0885194, 0.0885194, 0.0885194, 0.0885194, 0.0885194, 0.0885194, 0.0885194, 0.0885194, 0.0885194, 0.0885194, 0.0885194, 0.0885194, 0.0885194, 0.0885193, 0.0885193, 0.0885193, 0.0885193, 0.0885193, 0.0885193, 0.0885192, 0.0885192, 0.0885192, 0.0885192, 0.0885192, 0.0885192, 0.0885192, 0.0885192, 0.0885192, 0.0885192, 0.0885192, 0.0885192, 
0.0885194, 0.0885194, 0.0885194, 0.0885194, 0.0885194, 0.0885194, 0.0885194, 0.0885194, 0.0885194, 0.0885194, 0.0885194, 0.0885194, 0.0885194, 0.0885194, 0.0885194, 0.0885194, 0.0885194, 0.0885194, 0.0885194, 0.0885194, 0.0885194, 0.0885194, 0.0885193, 0.0885193, 0.0885193, 0.0885193, 0.0885193, 0.0885193, 0.0885192, 0.0885192, 0.0885192, 0.0885192, 0.0885192, 0.0885192, 0.0885192, 0.0885192, 0.0885192, 0.0885192, 0.0885192, 0.0885192, 
0.0885194, 0.0885194, 0.0885194, 0.0885194, 0.0885194, 0.0885194, 0.0885194, 0.0885194, 0.0885194, 0.0885194, 0.0885194, 0.0885194, 0.0885194, 0.0885194, 0.0885194, 0.0885194, 0.0885194, 0.0885194, 0.0885194, 0.0885194, 0.0885194, 0.0885194, 0.0885193, 0.0885193, 0.0885193, 0.0885193, 0.0885193, 0.0885193, 0.0885192, 0.0885192, 0.0885192, 0.0885192, 0.0885192, 0.0885192, 0.0885192, 0.0885192, 0.0885192, 0.0885192, 0.0885192, 0.0885192, 
0.0885194, 0.0885194, 0.0885194, 0.0885194, 0.0885194, 0.0885194, 0.0885194, 0.0885194, 0.0885194, 0.0885194, 0.0885194, 0.0885194, 0.0885194, 0.0885194, 0.0885194, 0.0885194, 0.0885194, 0.0885194, 0.0885194, 0.0885194, 0.0885194, 0.0885194, 0.0885193, 0.0885193, 0.0885193, 0.0885193, 0.0885193, 0.0885193, 0.0885192, 0.0885192, 0.0885192, 0.0885192, 0.0885192, 0.0885192, 0.0885192, 0.0885192, 0.0885192, 0.0885192, 0.0885192, 0.0885192, 
0.0885194, 0.0885194, 0.0885194, 0.0885194, 0.0885194, 0.0885194, 0.0885194, 0.0885194, 0.0885194, 0.0885194, 0.0885194, 0.0885194, 0.0885194, 0.0885194, 0.0885194, 0.0885194, 0.0885194, 0.0885194, 0.0885194, 0.0885194, 0.0885194, 0.0885194, 0.0885193, 0.0885193, 0.0885193, 0.0885193, 0.0885193, 0.0885193, 0.0885192, 0.0885192, 0.0885192, 0.0885192, 0.0885192, 0.0885192, 0.0885192, 0.0885192, 0.0885192, 0.0885192, 0.0885192, 0.0885192, 
0.0885194, 0.0885194, 0.0885194, 0.0885194, 0.0885194, 0.0885194, 0.0885194, 0.0885194, 0.0885194, 0.0885194, 0.0885194, 0.0885194, 0.0885194, 0.0885194, 0.0885194, 0.0885194, 0.0885194, 0.0885194, 0.0885194, 0.0885194, 0.0885194, 0.0885194, 0.0885193, 0.0885193, 0.0885193, 0.0885193, 0.0885193, 0.0885193, 0.0885192, 0.0885192, 0.0885192, 0.0885192, 0.0885192, 0.0885192, 0.0885192, 0.0885192, 0.0885192, 0.0885192, 0.0885192, 0.0885192, 
0.0885194, 0.0885194, 0.0885194, 0.0885194, 0.0885194, 0.0885194, 0.0885194, 0.0885194, 0.0885194, 0.0885194, 0.0885194, 0.0885194, 0.0885194, 0.0885194, 0.0885194, 0.0885194, 0.0885194, 0.0885194, 0.0885194, 0.0885194, 0.0885194, 0.0885194, 0.0885193, 0.0885193, 0.0885193, 0.0885193, 0.0885193, 0.0885193, 0.0885192, 0.0885192, 0.0885192, 0.0885192, 0.0885192, 0.0885192, 0.0885192, 0.0885192, 0.0885192, 0.0885192, 0.0885192, 0.0885192, 
0.0885194, 0.0885194, 0.0885194, 0.0885194, 0.0885194, 0.0885194, 0.0885194, 0.0885194, 0.0885194, 0.0885194, 0.0885194, 0.0885194, 0.0885194, 0.0885194, 0.0885194, 0.0885194, 0.0885194, 0.0885194, 0.0885194, 0.0885194, 0.0885194, 0.0885194, 0.0885193, 0.0885193, 0.0885193, 0.0885193, 0.0885193, 0.0885193, 0.0885192, 0.0885192, 0.0885192, 0.0885192, 0.0885192, 0.0885192, 0.0885192, 0.0885192, 0.0885192, 0.0885192, 0.0885192, 0.0885192, 
0.0885194, 0.0885194, 0.0885194, 0.0885194, 0.0885194, 0.0885194, 0.0885194, 0.0885194, 0.0885194, 0.0885194, 0.0885194, 0.0885194, 0.0885194, 0.0885194, 0.0885194, 0.0885194, 0.0885194, 0.0885194, 0.0885194, 0.0885194, 0.0885194, 0.0885194, 0.0885193, 0.0885193, 0.0885193, 0.0885193, 0.0885193, 0.0885193, 0.0885192, 0.0885192, 0.0885192, 0.0885192, 0.0885192, 0.0885192, 0.0885192, 0.0885192, 0.0885192, 0.0885192, 0.0885192, 0.0885192, 
0.0885194, 0.0885194, 0.0885194, 0.0885194, 0.0885194, 0.0885194, 0.0885194, 0.0885194, 0.0885194, 0.0885194, 0.0885194, 0.0885194, 0.0885194, 0.0885194, 0.0885194, 0.0885194, 0.0885194, 0.0885194, 0.0885194, 0.0885194, 0.0885194, 0.0885194, 0.0885193, 0.0885193, 0.0885193, 0.0885193, 0.0885193, 0.0885193, 0.0885192, 0.0885192, 0.0885192, 0.0885192, 0.0885192, 0.0885192, 0.0885192, 0.0885192, 0.0885192, 0.0885192, 0.0885192, 0.0885192, 
0.0885194, 0.0885194, 0.0885194, 0.0885194, 0.0885194, 0.0885194, 0.0885194, 0.0885194, 0.0885194, 0.0885194, 0.0885194, 0.0885194, 0.0885194, 0.0885194, 0.0885194, 0.0885194, 0.0885194, 0.0885194, 0.0885194, 0.0885194, 0.0885194, 0.0885194, 0.0885193, 0.0885193, 0.0885193, 0.0885193, 0.0885193, 0.0885193, 0.0885192, 0.0885192, 0.0885192, 0.0885192, 0.0885192, 0.0885192, 0.0885192, 0.0885192, 0.0885192, 0.0885192, 0.0885192, 0.0885192, 
0.0885194, 0.0885194, 0.0885194, 0.0885194, 0.0885194, 0.0885194, 0.0885194, 0.0885194, 0.0885194, 0.0885194, 0.0885194, 0.0885194, 0.0885194, 0.0885194, 0.0885194, 0.0885194, 0.0885194, 0.0885194, 0.0885194, 0.0885194, 0.0885194, 0.0885194, 0.0885193, 0.0885193, 0.0885193, 0.0885193, 0.0885193, 0.0885193, 0.0885192, 0.0885192, 0.0885192, 0.0885192, 0.0885192, 0.0885192, 0.0885192, 0.0885192, 0.0885192, 0.0885192, 0.0885192, 0.0885192, 
0.0885194, 0.0885194, 0.0885194, 0.0885194, 0.0885194, 0.0885194, 0.0885194, 0.0885194, 0.0885194, 0.0885194, 0.0885194, 0.0885194, 0.0885194, 0.0885194, 0.0885194, 0.0885194, 0.0885194, 0.0885194, 0.0885194, 0.0885194, 0.0885194, 0.0885194, 0.0885193, 0.0885193, 0.0885193, 0.0885193, 0.0885193, 0.0885193, 0.0885192, 0.0885192, 0.0885192, 0.0885192, 0.0885192, 0.0885192, 0.0885192, 0.0885192, 0.0885192, 0.0885192, 0.0885192, 0.0885192, 
0.0885194, 0.0885194, 0.0885194, 0.0885194, 0.0885194, 0.0885194, 0.0885194, 0.0885194, 0.0885194, 0.0885194, 0.0885194, 0.0885194, 0.0885194, 0.0885194, 0.0885194, 0.0885194, 0.0885194, 0.0885194, 0.0885194, 0.0885194, 0.0885194, 0.0885194, 0.0885193, 0.0885193, 0.0885193, 0.0885193, 0.0885193, 0.0885193, 0.0885192, 0.0885192, 0.0885192, 0.0885192, 0.0885192, 0.0885192, 0.0885192, 0.0885192, 0.0885192, 0.0885192, 0.0885192, 0.0885192, 
0.0885194, 0.0885194, 0.0885194, 0.0885194, 0.0885194, 0.0885194, 0.0885194, 0.0885194, 0.0885194, 0.0885194, 0.0885194, 0.0885194, 0.0885194, 0.0885194, 0.0885194, 0.0885194, 0.0885194, 0.0885194, 0.0885194, 0.0885194, 0.0885194, 0.0885194, 0.0885193, 0.0885193, 0.0885193, 0.0885193, 0.0885193, 0.0885193, 0.0885192, 0.0885192, 0.0885192, 0.0885192, 0.0885192, 0.0885192, 0.0885192, 0.0885192, 0.0885192, 0.0885192, 0.0885192, 0.0885192, 
0.0885194, 0.0885194, 0.0885194, 0.0885194, 0.0885194, 0.0885194, 0.0885194, 0.0885194, 0.0885194, 0.0885194, 0.0885194, 0.0885194, 0.0885194, 0.0885194, 0.0885194, 0.0885194, 0.0885194, 0.0885194, 0.0885194, 0.0885194, 0.0885194, 0.0885194, 0.0885193, 0.0885193, 0.0885193, 0.0885193, 0.0885193, 0.0885193, 0.0885192, 0.0885192, 0.0885192, 0.0885192, 0.0885192, 0.0885192, 0.0885192, 0.0885192, 0.0885192, 0.0885192, 0.0885192, 0.0885192, 
0.0885194, 0.0885194, 0.0885194, 0.0885194, 0.0885194, 0.0885194, 0.0885194, 0.0885194, 0.0885194, 0.0885194, 0.0885194, 0.0885194, 0.0885194, 0.0885194, 0.0885194, 0.0885194, 0.0885194, 0.0885194, 0.0885194, 0.0885194, 0.0885194, 0.0885194, 0.0885193, 0.0885193, 0.0885193, 0.0885193, 0.0885193, 0.0885193, 0.0885192, 0.0885192, 0.0885192, 0.0885192, 0.0885192, 0.0885192, 0.0885192, 0.0885192, 0.0885192, 0.0885192, 0.0885192, 0.0885192, 
0.0885194, 0.0885194, 0.0885194, 0.0885194, 0.0885194, 0.0885194, 0.0885194, 0.0885194, 0.0885194, 0.0885194, 0.0885194, 0.0885194, 0.0885194, 0.0885194, 0.0885194, 0.0885194, 0.0885194, 0.0885194, 0.0885194, 0.0885194, 0.0885194, 0.0885194, 0.0885193, 0.0885193, 0.0885193, 0.0885193, 0.0885193, 0.0885193, 0.0885192, 0.0885192, 0.0885192, 0.0885192, 0.0885192, 0.0885192, 0.0885192, 0.0885192, 0.0885192, 0.0885192, 0.0885192, 0.0885192, 
0.0885194, 0.0885194, 0.0885194, 0.0885194, 0.0885194, 0.0885194, 0.0885194, 0.0885194, 0.0885194, 0.0885194, 0.0885194, 0.0885194, 0.0885194, 0.0885194, 0.0885194, 0.0885194, 0.0885194, 0.0885194, 0.0885194, 0.0885194, 0.0885194, 0.0885194, 0.0885193, 0.0885193, 0.0885193, 0.0885193, 0.0885193, 0.0885193, 0.0885192, 0.0885192, 0.0885192, 0.0885192, 0.0885192, 0.0885192, 0.0885192, 0.0885192, 0.0885192, 0.0885192, 0.0885192, 0.0885192, 
0.0885194, 0.0885194, 0.0885194, 0.0885194, 0.0885194, 0.0885194, 0.0885194, 0.0885194, 0.0885194, 0.0885194, 0.0885194, 0.0885194, 0.0885194, 0.0885194, 0.0885194, 0.0885194, 0.0885194, 0.0885194, 0.0885194, 0.0885194, 0.0885194, 0.0885194, 0.0885193, 0.0885193, 0.0885193, 0.0885193, 0.0885193, 0.0885193, 0.0885192, 0.0885192, 0.0885192, 0.0885192, 0.0885192, 0.0885192, 0.0885192, 0.0885192, 0.0885192, 0.0885192, 0.0885192, 0.0885192, 
0.0885194, 0.0885194, 0.0885194, 0.0885194, 0.0885194, 0.0885194, 0.0885194, 0.0885194, 0.0885194, 0.0885194, 0.0885194, 0.0885194, 0.0885194, 0.0885194, 0.0885194, 0.0885194, 0.0885194, 0.0885194, 0.0885194, 0.0885194, 0.0885194, 0.0885194, 0.0885193, 0.0885193, 0.0885193, 0.0885193, 0.0885193, 0.0885193, 0.0885192, 0.0885192, 0.0885192, 0.0885192, 0.0885192, 0.0885192, 0.0885192, 0.0885192, 0.0885192, 0.0885192, 0.0885192, 0.0885192, 
0.0885194, 0.0885194, 0.0885194, 0.0885194, 0.0885194, 0.0885194, 0.0885194, 0.0885194, 0.0885194, 0.0885194, 0.0885194, 0.0885194, 0.0885194, 0.0885194, 0.0885194, 0.0885194, 0.0885194, 0.0885194, 0.0885194, 0.0885194, 0.0885194, 0.0885194, 0.0885193, 0.0885193, 0.0885193, 0.0885193, 0.0885193, 0.0885193, 0.0885192, 0.0885192, 0.0885192, 0.0885192, 0.0885192, 0.0885192, 0.0885192, 0.0885192, 0.0885192, 0.0885192, 0.0885192, 0.0885192, 
0.0885194, 0.0885194, 0.0885194, 0.0885194, 0.0885194, 0.0885194, 0.0885194, 0.0885194, 0.0885194, 0.0885194, 0.0885194, 0.0885194, 0.0885194, 0.0885194, 0.0885194, 0.0885194, 0.0885194, 0.0885194, 0.0885194, 0.0885194, 0.0885194, 0.0885194, 0.0885193, 0.0885193, 0.0885193, 0.0885193, 0.0885193, 0.0885193, 0.0885192, 0.0885192, 0.0885192, 0.0885192, 0.0885192, 0.0885192, 0.0885192, 0.0885192, 0.0885192, 0.0885192, 0.0885192, 0.0885192, 
0.0885194, 0.0885194, 0.0885194, 0.0885194, 0.0885194, 0.0885194, 0.0885194, 0.0885194, 0.0885194, 0.0885194, 0.0885194, 0.0885194, 0.0885194, 0.0885194, 0.0885194, 0.0885194, 0.0885194, 0.0885194, 0.0885194, 0.0885194, 0.0885194, 0.0885194, 0.0885193, 0.0885193, 0.0885193, 0.0885193, 0.0885193, 0.0885193, 0.0885192, 0.0885192, 0.0885192, 0.0885192, 0.0885192, 0.0885192, 0.0885192, 0.0885192, 0.0885192, 0.0885192, 0.0885192, 0.0885192, 
0.0885194, 0.0885194, 0.0885194, 0.0885194, 0.0885194, 0.0885194, 0.0885194, 0.0885194, 0.0885194, 0.0885194, 0.0885194, 0.0885194, 0.0885194, 0.0885194, 0.0885194, 0.0885194, 0.0885194, 0.0885194, 0.0885194, 0.0885194, 0.0885194, 0.0885194, 0.0885193, 0.0885193, 0.0885193, 0.0885193, 0.0885193, 0.0885193, 0.0885192, 0.0885192, 0.0885192, 0.0885192, 0.0885192, 0.0885192, 0.0885192, 0.0885192, 0.0885192, 0.0885192, 0.0885192, 0.0885192, 
0.0885194, 0.0885194, 0.0885194, 0.0885194, 0.0885194, 0.0885194, 0.0885194, 0.0885194, 0.0885194, 0.0885194, 0.0885194, 0.0885194, 0.0885194, 0.0885194, 0.0885194, 0.0885194, 0.0885194, 0.0885194, 0.0885194, 0.0885194, 0.0885194, 0.0885194, 0.0885193, 0.0885193, 0.0885193, 0.0885193, 0.0885193, 0.0885193, 0.0885192, 0.0885192, 0.0885192, 0.0885192, 0.0885192, 0.0885192, 0.0885192, 0.0885192, 0.0885192, 0.0885192, 0.0885192, 0.0885192, 
0.0885194, 0.0885194, 0.0885194, 0.0885194, 0.0885194, 0.0885194, 0.0885194, 0.0885194, 0.0885194, 0.0885194, 0.0885194, 0.0885194, 0.0885194, 0.0885194, 0.0885194, 0.0885194, 0.0885194, 0.0885194, 0.0885194, 0.0885194, 0.0885194, 0.0885194, 0.0885193, 0.0885193, 0.0885193, 0.0885193, 0.0885193, 0.0885193, 0.0885192, 0.0885192, 0.0885192, 0.0885192, 0.0885192, 0.0885192, 0.0885192, 0.0885192, 0.0885192, 0.0885192, 0.0885192, 0.0885192, 
0.0885194, 0.0885194, 0.0885194, 0.0885194, 0.0885194, 0.0885194, 0.0885194, 0.0885194, 0.0885194, 0.0885194, 0.0885194, 0.0885194, 0.0885194, 0.0885194, 0.0885194, 0.0885194, 0.0885194, 0.0885194, 0.0885194, 0.0885194, 0.0885194, 0.0885194, 0.0885193, 0.0885193, 0.0885193, 0.0885193, 0.0885193, 0.0885193, 0.0885192, 0.0885192, 0.0885192, 0.0885192, 0.0885192, 0.0885192, 0.0885192, 0.0885192, 0.0885192, 0.0885192, 0.0885192, 0.0885192, 
0.0885194, 0.0885194, 0.0885194, 0.0885194, 0.0885194, 0.0885194, 0.0885194, 0.0885194, 0.0885194, 0.0885194, 0.0885194, 0.0885194, 0.0885194, 0.0885194, 0.0885194, 0.0885194, 0.0885194, 0.0885194, 0.0885194, 0.0885194, 0.0885194, 0.0885194, 0.0885193, 0.0885193, 0.0885193, 0.0885193, 0.0885193, 0.0885193, 0.0885192, 0.0885192, 0.0885192, 0.0885192, 0.0885192, 0.0885192, 0.0885192, 0.0885192, 0.0885192, 0.0885192, 0.0885192, 0.0885192, 
0.0885194, 0.0885194, 0.0885194, 0.0885194, 0.0885194, 0.0885194, 0.0885194, 0.0885194, 0.0885194, 0.0885194, 0.0885194, 0.0885194, 0.0885194, 0.0885194, 0.0885194, 0.0885194, 0.0885194, 0.0885194, 0.0885194, 0.0885194, 0.0885194, 0.0885194, 0.0885193, 0.0885193, 0.0885193, 0.0885193, 0.0885193, 0.0885193, 0.0885192, 0.0885192, 0.0885192, 0.0885192, 0.0885192, 0.0885192, 0.0885192, 0.0885192, 0.0885192, 0.0885192, 0.0885192, 0.0885192, 
0.0885194, 0.0885194, 0.0885194, 0.0885194, 0.0885194, 0.0885194, 0.0885194, 0.0885194, 0.0885194, 0.0885194, 0.0885194, 0.0885194, 0.0885194, 0.0885194, 0.0885194, 0.0885194, 0.0885194, 0.0885194, 0.0885194, 0.0885194, 0.0885194, 0.0885194, 0.0885193, 0.0885193, 0.0885193, 0.0885193, 0.0885193, 0.0885193, 0.0885192, 0.0885192, 0.0885192, 0.0885192, 0.0885192, 0.0885192, 0.0885192, 0.0885192, 0.0885192, 0.0885192, 0.0885192, 0.0885192, 
0.0885194, 0.0885194, 0.0885194, 0.0885194, 0.0885194, 0.0885194, 0.0885194, 0.0885194, 0.0885194, 0.0885194, 0.0885194, 0.0885194, 0.0885194, 0.0885194, 0.0885194, 0.0885194, 0.0885194, 0.0885194, 0.0885194, 0.0885194, 0.0885194, 0.0885194, 0.0885193, 0.0885193, 0.0885193, 0.0885193, 0.0885193, 0.0885193, 0.0885192, 0.0885192, 0.0885192, 0.0885192, 0.0885192, 0.0885192, 0.0885192, 0.0885192, 0.0885192, 0.0885192, 0.0885192, 0.0885192, 
0.0885194, 0.0885194, 0.0885194, 0.0885194, 0.0885194, 0.0885194, 0.0885194, 0.0885194, 0.0885194, 0.0885194, 0.0885194, 0.0885194, 0.0885194, 0.0885194, 0.0885194, 0.0885194, 0.0885194, 0.0885194, 0.0885194, 0.0885194, 0.0885194, 0.0885194, 0.0885193, 0.0885193, 0.0885193, 0.0885193, 0.0885193, 0.0885193, 0.0885192, 0.0885192, 0.0885192, 0.0885192, 0.0885192, 0.0885192, 0.0885192, 0.0885192, 0.0885192, 0.0885192, 0.0885192, 0.0885192, 
0.0885194, 0.0885194, 0.0885194, 0.0885194, 0.0885194, 0.0885194, 0.0885194, 0.0885194, 0.0885194, 0.0885194, 0.0885194, 0.0885194, 0.0885194, 0.0885194, 0.0885194, 0.0885194, 0.0885194, 0.0885194, 0.0885194, 0.0885194, 0.0885194, 0.0885194, 0.0885193, 0.0885193, 0.0885193, 0.0885193, 0.0885193, 0.0885193, 0.0885192, 0.0885192, 0.0885192, 0.0885192, 0.0885192, 0.0885192, 0.0885192, 0.0885192, 0.0885192, 0.0885192, 0.0885192, 0.0885192, 
0.0885194, 0.0885194, 0.0885194, 0.0885194, 0.0885194, 0.0885194, 0.0885194, 0.0885194, 0.0885194, 0.0885194, 0.0885194, 0.0885194, 0.0885194, 0.0885194, 0.0885194, 0.0885194, 0.0885194, 0.0885194, 0.0885194, 0.0885194, 0.0885194, 0.0885194, 0.0885193, 0.0885193, 0.0885193, 0.0885193, 0.0885193, 0.0885193, 0.0885192, 0.0885192, 0.0885192, 0.0885192, 0.0885192, 0.0885192, 0.0885192, 0.0885192, 0.0885192, 0.0885192, 0.0885192, 0.0885192, 
0.0885194, 0.0885194, 0.0885194, 0.0885194, 0.0885194, 0.0885194, 0.0885194, 0.0885194, 0.0885194, 0.0885194, 0.0885194, 0.0885194, 0.0885194, 0.0885194, 0.0885194, 0.0885194, 0.0885194, 0.0885194, 0.0885194, 0.0885194, 0.0885194, 0.0885194, 0.0885193, 0.0885193, 0.0885193, 0.0885193, 0.0885193, 0.0885193, 0.0885192, 0.0885192, 0.0885192, 0.0885192, 0.0885192, 0.0885192, 0.0885192, 0.0885192, 0.0885192, 0.0885192, 0.0885192, 0.0885192, 
0.0885194, 0.0885194, 0.0885194, 0.0885194, 0.0885194, 0.0885194, 0.0885194, 0.0885194, 0.0885194, 0.0885194, 0.0885194, 0.0885194, 0.0885194, 0.0885194, 0.0885194, 0.0885194, 0.0885194, 0.0885194, 0.0885194, 0.0885194, 0.0885194, 0.0885194, 0.0885193, 0.0885193, 0.0885193, 0.0885193, 0.0885193, 0.0885193, 0.0885192, 0.0885192, 0.0885192, 0.0885192, 0.0885192, 0.0885192, 0.0885192, 0.0885192, 0.0885192, 0.0885192, 0.0885192, 0.0885192, 
0.0885194, 0.0885194, 0.0885194, 0.0885194, 0.0885194, 0.0885194, 0.0885194, 0.0885194, 0.0885194, 0.0885194, 0.0885194, 0.0885194, 0.0885194, 0.0885194, 0.0885194, 0.0885194, 0.0885194, 0.0885194, 0.0885194, 0.0885194, 0.0885194, 0.0885194, 0.0885193, 0.0885193, 0.0885193, 0.0885193, 0.0885193, 0.0885193, 0.0885192, 0.0885192, 0.0885192, 0.0885192, 0.0885192, 0.0885192, 0.0885192, 0.0885192, 0.0885192, 0.0885192, 0.0885192, 0.0885192, 
0.0885194, 0.0885194, 0.0885194, 0.0885194, 0.0885194, 0.0885194, 0.0885194, 0.0885194, 0.0885194, 0.0885194, 0.0885194, 0.0885194, 0.0885194, 0.0885194, 0.0885194, 0.0885194, 0.0885194, 0.0885194, 0.0885194, 0.0885194, 0.0885194, 0.0885194, 0.0885193, 0.0885193, 0.0885193, 0.0885193, 0.0885193, 0.0885193, 0.0885192, 0.0885192, 0.0885192, 0.0885192, 0.0885192, 0.0885192, 0.0885192, 0.0885192, 0.0885192, 0.0885192, 0.0885192, 0.0885192, 
0.0885194, 0.0885194, 0.0885194, 0.0885194, 0.0885194, 0.0885194, 0.0885194, 0.0885194, 0.0885194, 0.0885194, 0.0885194, 0.0885194, 0.0885194, 0.0885194, 0.0885194, 0.0885194, 0.0885194, 0.0885194, 0.0885194, 0.0885194, 0.0885194, 0.0885194, 0.0885193, 0.0885193, 0.0885193, 0.0885193, 0.0885193, 0.0885193, 0.0885192, 0.0885192, 0.0885192, 0.0885192, 0.0885192, 0.0885192, 0.0885192, 0.0885192, 0.0885192, 0.0885192, 0.0885192, 0.0885192, 
0.0885194, 0.0885194, 0.0885194, 0.0885194, 0.0885194, 0.0885194, 0.0885194, 0.0885194, 0.0885194, 0.0885194, 0.0885194, 0.0885194, 0.0885194, 0.0885194, 0.0885194, 0.0885194, 0.0885194, 0.0885194, 0.0885194, 0.0885194, 0.0885194, 0.0885194, 0.0885193, 0.0885193, 0.0885193, 0.0885193, 0.0885193, 0.0885193, 0.0885192, 0.0885192, 0.0885192, 0.0885192, 0.0885192, 0.0885192, 0.0885192, 0.0885192, 0.0885192, 0.0885192, 0.0885192, 0.0885192, 
0.0885194, 0.0885194, 0.0885194, 0.0885194, 0.0885194, 0.0885194, 0.0885194, 0.0885194, 0.0885194, 0.0885194, 0.0885194, 0.0885194, 0.0885194, 0.0885194, 0.0885194, 0.0885194, 0.0885194, 0.0885194, 0.0885194, 0.0885194, 0.0885194, 0.0885194, 0.0885193, 0.0885193, 0.0885193, 0.0885193, 0.0885193, 0.0885193, 0.0885192, 0.0885192, 0.0885192, 0.0885192, 0.0885192, 0.0885192, 0.0885192, 0.0885192, 0.0885192, 0.0885192, 0.0885192, 0.0885192, 
0.0885194, 0.0885194, 0.0885194, 0.0885194, 0.0885194, 0.0885194, 0.0885194, 0.0885194, 0.0885194, 0.0885194, 0.0885194, 0.0885194, 0.0885194, 0.0885194, 0.0885194, 0.0885194, 0.0885194, 0.0885194, 0.0885194, 0.0885194, 0.0885194, 0.0885194, 0.0885193, 0.0885193, 0.0885193, 0.0885193, 0.0885193, 0.0885193, 0.0885192, 0.0885192, 0.0885192, 0.0885192, 0.0885192, 0.0885192, 0.0885192, 0.0885192, 0.0885192, 0.0885192, 0.0885192, 0.0885192, 
0.0885194, 0.0885194, 0.0885194, 0.0885194, 0.0885194, 0.0885194, 0.0885194, 0.0885194, 0.0885194, 0.0885194, 0.0885194, 0.0885194, 0.0885194, 0.0885194, 0.0885194, 0.0885194, 0.0885194, 0.0885194, 0.0885194, 0.0885194, 0.0885194, 0.0885194, 0.0885193, 0.0885193, 0.0885193, 0.0885193, 0.0885193, 0.0885193, 0.0885192, 0.0885192, 0.0885192, 0.0885192, 0.0885192, 0.0885192, 0.0885192, 0.0885192, 0.0885192, 0.0885192, 0.0885192, 0.0885192, 
0.0885194, 0.0885194, 0.0885194, 0.0885194, 0.0885194, 0.0885194, 0.0885194, 0.0885194, 0.0885194, 0.0885194, 0.0885194, 0.0885194, 0.0885194, 0.0885194, 0.0885194, 0.0885194, 0.0885194, 0.0885194, 0.0885194, 0.0885194, 0.0885194, 0.0885194, 0.0885193, 0.0885193, 0.0885193, 0.0885193, 0.0885193, 0.0885193, 0.0885192, 0.0885192, 0.0885192, 0.0885192, 0.0885192, 0.0885192, 0.0885192, 0.0885192, 0.0885192, 0.0885192, 0.0885192, 0.0885192, 
0.0885194, 0.0885194, 0.0885194, 0.0885194, 0.0885194, 0.0885194, 0.0885194, 0.0885194, 0.0885194, 0.0885194, 0.0885194, 0.0885194, 0.0885194, 0.0885194, 0.0885194, 0.0885194, 0.0885194, 0.0885194, 0.0885194, 0.0885194, 0.0885194, 0.0885194, 0.0885193, 0.0885193, 0.0885193, 0.0885193, 0.0885193, 0.0885193, 0.0885192, 0.0885192, 0.0885192, 0.0885192, 0.0885192, 0.0885192, 0.0885192, 0.0885192, 0.0885192, 0.0885192, 0.0885192, 0.0885192, 
0.0885194, 0.0885194, 0.0885194, 0.0885194, 0.0885194, 0.0885194, 0.0885194, 0.0885194, 0.0885194, 0.0885194, 0.0885194, 0.0885194, 0.0885194, 0.0885194, 0.0885194, 0.0885194, 0.0885194, 0.0885194, 0.0885194, 0.0885194, 0.0885194, 0.0885194, 0.0885193, 0.0885193, 0.0885193, 0.0885193, 0.0885193, 0.0885193, 0.0885192, 0.0885192, 0.0885192, 0.0885192, 0.0885192, 0.0885192, 0.0885192, 0.0885192, 0.0885192, 0.0885192, 0.0885192, 0.0885192, 
0.0885194, 0.0885194, 0.0885194, 0.0885194, 0.0885194, 0.0885194, 0.0885194, 0.0885194, 0.0885194, 0.0885194, 0.0885194, 0.0885194, 0.0885194, 0.0885194, 0.0885194, 0.0885194, 0.0885194, 0.0885194, 0.0885194, 0.0885194, 0.0885194, 0.0885194, 0.0885193, 0.0885193, 0.0885193, 0.0885193, 0.0885193, 0.0885193, 0.0885192, 0.0885192, 0.0885192, 0.0885192, 0.0885192, 0.0885192, 0.0885192, 0.0885192, 0.0885192, 0.0885192, 0.0885192, 0.0885192, 
0.0885194, 0.0885194, 0.0885194, 0.0885194, 0.0885194, 0.0885194, 0.0885194, 0.0885194, 0.0885194, 0.0885194, 0.0885194, 0.0885194, 0.0885194, 0.0885194, 0.0885194, 0.0885194, 0.0885194, 0.0885194, 0.0885194, 0.0885194, 0.0885194, 0.0885194, 0.0885193, 0.0885193, 0.0885193, 0.0885193, 0.0885193, 0.0885193, 0.0885192, 0.0885192, 0.0885192, 0.0885192, 0.0885192, 0.0885192, 0.0885192, 0.0885192, 0.0885192, 0.0885192, 0.0885192, 0.0885192, 
0.0885194, 0.0885194, 0.0885194, 0.0885194, 0.0885194, 0.0885194, 0.0885194, 0.0885194, 0.0885194, 0.0885194, 0.0885194, 0.0885194, 0.0885194, 0.0885194, 0.0885194, 0.0885194, 0.0885194, 0.0885194, 0.0885194, 0.0885194, 0.0885194, 0.0885194, 0.0885193, 0.0885193, 0.0885193, 0.0885193, 0.0885193, 0.0885193, 0.0885192, 0.0885192, 0.0885192, 0.0885192, 0.0885192, 0.0885192, 0.0885192, 0.0885192, 0.0885192, 0.0885192, 0.0885192, 0.0885192, 
0.0885194, 0.0885194, 0.0885194, 0.0885194, 0.0885194, 0.0885194, 0.0885194, 0.0885194, 0.0885194, 0.0885194, 0.0885194, 0.0885194, 0.0885194, 0.0885194, 0.0885194, 0.0885194, 0.0885194, 0.0885194, 0.0885194, 0.0885194, 0.0885194, 0.0885194, 0.0885193, 0.0885193, 0.0885193, 0.0885193, 0.0885193, 0.0885193, 0.0885192, 0.0885192, 0.0885192, 0.0885192, 0.0885192, 0.0885192, 0.0885192, 0.0885192, 0.0885192, 0.0885192, 0.0885192, 0.0885192, 
0.0885194, 0.0885194, 0.0885194, 0.0885194, 0.0885194, 0.0885194, 0.0885194, 0.0885194, 0.0885194, 0.0885194, 0.0885194, 0.0885194, 0.0885194, 0.0885194, 0.0885194, 0.0885194, 0.0885194, 0.0885194, 0.0885194, 0.0885194, 0.0885194, 0.0885194, 0.0885193, 0.0885193, 0.0885193, 0.0885193, 0.0885193, 0.0885193, 0.0885192, 0.0885192, 0.0885192, 0.0885192, 0.0885192, 0.0885192, 0.0885192, 0.0885192, 0.0885192, 0.0885192, 0.0885192, 0.0885192, 
0.0885194, 0.0885194, 0.0885194, 0.0885194, 0.0885194, 0.0885194, 0.0885194, 0.0885194, 0.0885194, 0.0885194, 0.0885194, 0.0885194, 0.0885194, 0.0885194, 0.0885194, 0.0885194, 0.0885194, 0.0885194, 0.0885194, 0.0885194, 0.0885194, 0.0885194, 0.0885193, 0.0885193, 0.0885193, 0.0885193, 0.0885193, 0.0885193, 0.0885192, 0.0885192, 0.0885192, 0.0885192, 0.0885192, 0.0885192, 0.0885192, 0.0885192, 0.0885192, 0.0885192, 0.0885192, 0.0885192, 
0.0885194, 0.0885194, 0.0885194, 0.0885194, 0.0885194, 0.0885194, 0.0885194, 0.0885194, 0.0885194, 0.0885194, 0.0885194, 0.0885194, 0.0885194, 0.0885194, 0.0885194, 0.0885194, 0.0885194, 0.0885194, 0.0885194, 0.0885194, 0.0885194, 0.0885194, 0.0885193, 0.0885193, 0.0885193, 0.0885193, 0.0885193, 0.0885193, 0.0885192, 0.0885192, 0.0885192, 0.0885192, 0.0885192, 0.0885192, 0.0885192, 0.0885192, 0.0885192, 0.0885192, 0.0885192, 0.0885192, 
0.0885194, 0.0885194, 0.0885194, 0.0885194, 0.0885194, 0.0885194, 0.0885194, 0.0885194, 0.0885194, 0.0885194, 0.0885194, 0.0885194, 0.0885194, 0.0885194, 0.0885194, 0.0885194, 0.0885194, 0.0885194, 0.0885194, 0.0885194, 0.0885194, 0.0885194, 0.0885193, 0.0885193, 0.0885193, 0.0885193, 0.0885193, 0.0885193, 0.0885192, 0.0885192, 0.0885192, 0.0885192, 0.0885192, 0.0885192, 0.0885192, 0.0885192, 0.0885192, 0.0885192, 0.0885192, 0.0885192, 
0.0885194, 0.0885194, 0.0885194, 0.0885194, 0.0885194, 0.0885194, 0.0885194, 0.0885194, 0.0885194, 0.0885194, 0.0885194, 0.0885194, 0.0885194, 0.0885194, 0.0885194, 0.0885194, 0.0885194, 0.0885194, 0.0885194, 0.0885194, 0.0885194, 0.0885194, 0.0885193, 0.0885193, 0.0885193, 0.0885193, 0.0885193, 0.0885193, 0.0885192, 0.0885192, 0.0885192, 0.0885192, 0.0885192, 0.0885192, 0.0885192, 0.0885192, 0.0885192, 0.0885192, 0.0885192, 0.0885192, 
0.0885194, 0.0885194, 0.0885194, 0.0885194, 0.0885194, 0.0885194, 0.0885194, 0.0885194, 0.0885194, 0.0885194, 0.0885194, 0.0885194, 0.0885194, 0.0885194, 0.0885194, 0.0885194, 0.0885194, 0.0885194, 0.0885194, 0.0885194, 0.0885194, 0.0885194, 0.0885193, 0.0885193, 0.0885193, 0.0885193, 0.0885193, 0.0885193, 0.0885192, 0.0885192, 0.0885192, 0.0885192, 0.0885192, 0.0885192, 0.0885192, 0.0885192, 0.0885192, 0.0885192, 0.0885192, 0.0885192, 
0.0885194, 0.0885194, 0.0885194, 0.0885194, 0.0885194, 0.0885194, 0.0885194, 0.0885194, 0.0885194, 0.0885194, 0.0885194, 0.0885194, 0.0885194, 0.0885194, 0.0885194, 0.0885194, 0.0885194, 0.0885194, 0.0885194, 0.0885194, 0.0885194, 0.0885194, 0.0885193, 0.0885193, 0.0885193, 0.0885193, 0.0885193, 0.0885193, 0.0885192, 0.0885192, 0.0885192, 0.0885192, 0.0885192, 0.0885192, 0.0885192, 0.0885192, 0.0885192, 0.0885192, 0.0885192, 0.0885192, 
0.0885194, 0.0885194, 0.0885194, 0.0885194, 0.0885194, 0.0885194, 0.0885194, 0.0885194, 0.0885194, 0.0885194, 0.0885194, 0.0885194, 0.0885194, 0.0885194, 0.0885194, 0.0885194, 0.0885194, 0.0885194, 0.0885194, 0.0885194, 0.0885194, 0.0885194, 0.0885193, 0.0885193, 0.0885193, 0.0885193, 0.0885193, 0.0885193, 0.0885192, 0.0885192, 0.0885192, 0.0885192, 0.0885192, 0.0885192, 0.0885192, 0.0885192, 0.0885192, 0.0885192, 0.0885192, 0.0885192, 
0.0885194, 0.0885194, 0.0885194, 0.0885194, 0.0885194, 0.0885194, 0.0885194, 0.0885194, 0.0885194, 0.0885194, 0.0885194, 0.0885194, 0.0885194, 0.0885194, 0.0885194, 0.0885194, 0.0885194, 0.0885194, 0.0885194, 0.0885194, 0.0885194, 0.0885194, 0.0885193, 0.0885193, 0.0885193, 0.0885193, 0.0885193, 0.0885193, 0.0885192, 0.0885192, 0.0885192, 0.0885192, 0.0885192, 0.0885192, 0.0885192, 0.0885192, 0.0885192, 0.0885192, 0.0885192, 0.0885192, 
0.0885194, 0.0885194, 0.0885194, 0.0885194, 0.0885194, 0.0885194, 0.0885194, 0.0885194, 0.0885194, 0.0885194, 0.0885194, 0.0885194, 0.0885194, 0.0885194, 0.0885194, 0.0885194, 0.0885194, 0.0885194, 0.0885194, 0.0885194, 0.0885194, 0.0885194, 0.0885193, 0.0885193, 0.0885193, 0.0885193, 0.0885193, 0.0885193, 0.0885192, 0.0885192, 0.0885192, 0.0885192, 0.0885192, 0.0885192, 0.0885192, 0.0885192, 0.0885192, 0.0885192, 0.0885192, 0.0885192, 
0.0885194, 0.0885194, 0.0885194, 0.0885194, 0.0885194, 0.0885194, 0.0885194, 0.0885194, 0.0885194, 0.0885194, 0.0885194, 0.0885194, 0.0885194, 0.0885194, 0.0885194, 0.0885194, 0.0885194, 0.0885194, 0.0885194, 0.0885194, 0.0885194, 0.0885194, 0.0885193, 0.0885193, 0.0885193, 0.0885193, 0.0885193, 0.0885193, 0.0885192, 0.0885192, 0.0885192, 0.0885192, 0.0885192, 0.0885192, 0.0885192, 0.0885192, 0.0885192, 0.0885192, 0.0885192, 0.0885192, 
0.0885194, 0.0885194, 0.0885194, 0.0885194, 0.0885194, 0.0885194, 0.0885194, 0.0885194, 0.0885194, 0.0885194, 0.0885194, 0.0885194, 0.0885194, 0.0885194, 0.0885194, 0.0885194, 0.0885194, 0.0885194, 0.0885194, 0.0885194, 0.0885194, 0.0885194, 0.0885193, 0.0885193, 0.0885193, 0.0885193, 0.0885193, 0.0885193, 0.0885192, 0.0885192, 0.0885192, 0.0885192, 0.0885192, 0.0885192, 0.0885192, 0.0885192, 0.0885192, 0.0885192, 0.0885192, 0.0885192, 
0.0885194, 0.0885194, 0.0885194, 0.0885194, 0.0885194, 0.0885194, 0.0885194, 0.0885194, 0.0885194, 0.0885194, 0.0885194, 0.0885194, 0.0885194, 0.0885194, 0.0885194, 0.0885194, 0.0885194, 0.0885194, 0.0885194, 0.0885194, 0.0885194, 0.0885194, 0.0885193, 0.0885193, 0.0885193, 0.0885193, 0.0885193, 0.0885193, 0.0885192, 0.0885192, 0.0885192, 0.0885192, 0.0885192, 0.0885192, 0.0885192, 0.0885192, 0.0885192, 0.0885192, 0.0885192, 0.0885192, 
0.0885194, 0.0885194, 0.0885194, 0.0885194, 0.0885194, 0.0885194, 0.0885194, 0.0885194, 0.0885194, 0.0885194, 0.0885194, 0.0885194, 0.0885194, 0.0885194, 0.0885194, 0.0885194, 0.0885194, 0.0885194, 0.0885194, 0.0885194, 0.0885194, 0.0885194, 0.0885193, 0.0885193, 0.0885193, 0.0885193, 0.0885193, 0.0885193, 0.0885192, 0.0885192, 0.0885192, 0.0885192, 0.0885192, 0.0885192, 0.0885192, 0.0885192, 0.0885192, 0.0885192, 0.0885192, 0.0885192, 
0.0885194, 0.0885194, 0.0885194, 0.0885194, 0.0885194, 0.0885194, 0.0885194, 0.0885194, 0.0885194, 0.0885194, 0.0885194, 0.0885194, 0.0885194, 0.0885194, 0.0885194, 0.0885194, 0.0885194, 0.0885194, 0.0885194, 0.0885194, 0.0885194, 0.0885194, 0.0885193, 0.0885193, 0.0885193, 0.0885193, 0.0885193, 0.0885193, 0.0885192, 0.0885192, 0.0885192, 0.0885192, 0.0885192, 0.0885192, 0.0885192, 0.0885192, 0.0885192, 0.0885192, 0.0885192, 0.0885192, 
0.0885194, 0.0885194, 0.0885194, 0.0885194, 0.0885194, 0.0885194, 0.0885194, 0.0885194, 0.0885194, 0.0885194, 0.0885194, 0.0885194, 0.0885194, 0.0885194, 0.0885194, 0.0885194, 0.0885194, 0.0885194, 0.0885194, 0.0885194, 0.0885194, 0.0885194, 0.0885193, 0.0885193, 0.0885193, 0.0885193, 0.0885193, 0.0885193, 0.0885192, 0.0885192, 0.0885192, 0.0885192, 0.0885192, 0.0885192, 0.0885192, 0.0885192, 0.0885192, 0.0885192, 0.0885192, 0.0885192, 
0.0885194, 0.0885194, 0.0885194, 0.0885194, 0.0885194, 0.0885194, 0.0885194, 0.0885194, 0.0885194, 0.0885194, 0.0885194, 0.0885194, 0.0885194, 0.0885194, 0.0885194, 0.0885194, 0.0885194, 0.0885194, 0.0885194, 0.0885194, 0.0885194, 0.0885194, 0.0885193, 0.0885193, 0.0885193, 0.0885193, 0.0885193, 0.0885193, 0.0885192, 0.0885192, 0.0885192, 0.0885192, 0.0885192, 0.0885192, 0.0885192, 0.0885192, 0.0885192, 0.0885192, 0.0885192, 0.0885192, 
0.0885194, 0.0885194, 0.0885194, 0.0885194, 0.0885194, 0.0885194, 0.0885194, 0.0885194, 0.0885194, 0.0885194, 0.0885194, 0.0885194, 0.0885194, 0.0885194, 0.0885194, 0.0885194, 0.0885194, 0.0885194, 0.0885194, 0.0885194, 0.0885194, 0.0885194, 0.0885193, 0.0885193, 0.0885193, 0.0885193, 0.0885193, 0.0885193, 0.0885192, 0.0885192, 0.0885192, 0.0885192, 0.0885192, 0.0885192, 0.0885192, 0.0885192, 0.0885192, 0.0885192, 0.0885192, 0.0885192, 
0.0885194, 0.0885194, 0.0885194, 0.0885194, 0.0885194, 0.0885194, 0.0885194, 0.0885194, 0.0885194, 0.0885194, 0.0885194, 0.0885194, 0.0885194, 0.0885194, 0.0885194, 0.0885194, 0.0885194, 0.0885194, 0.0885194, 0.0885194, 0.0885194, 0.0885194, 0.0885193, 0.0885193, 0.0885193, 0.0885193, 0.0885193, 0.0885193, 0.0885192, 0.0885192, 0.0885192, 0.0885192, 0.0885192, 0.0885192, 0.0885192, 0.0885192, 0.0885192, 0.0885192, 0.0885192, 0.0885192, 
0.0885194, 0.0885194, 0.0885194, 0.0885194, 0.0885194, 0.0885194, 0.0885194, 0.0885194, 0.0885194, 0.0885194, 0.0885194, 0.0885194, 0.0885194, 0.0885194, 0.0885194, 0.0885194, 0.0885194, 0.0885194, 0.0885194, 0.0885194, 0.0885194, 0.0885194, 0.0885193, 0.0885193, 0.0885193, 0.0885193, 0.0885193, 0.0885193, 0.0885192, 0.0885192, 0.0885192, 0.0885192, 0.0885192, 0.0885192, 0.0885192, 0.0885192, 0.0885192, 0.0885192, 0.0885192, 0.0885192, 
0.0885194, 0.0885194, 0.0885194, 0.0885194, 0.0885194, 0.0885194, 0.0885194, 0.0885194, 0.0885194, 0.0885194, 0.0885194, 0.0885194, 0.0885194, 0.0885194, 0.0885194, 0.0885194, 0.0885194, 0.0885194, 0.0885194, 0.0885194, 0.0885194, 0.0885194, 0.0885193, 0.0885193, 0.0885193, 0.0885193, 0.0885193, 0.0885193, 0.0885192, 0.0885192, 0.0885192, 0.0885192, 0.0885192, 0.0885192, 0.0885192, 0.0885192, 0.0885192, 0.0885192, 0.0885192, 0.0885192, 
0.0885194, 0.0885194, 0.0885194, 0.0885194, 0.0885194, 0.0885194, 0.0885194, 0.0885194, 0.0885194, 0.0885194, 0.0885194, 0.0885194, 0.0885194, 0.0885194, 0.0885194, 0.0885194, 0.0885194, 0.0885194, 0.0885194, 0.0885194, 0.0885194, 0.0885194, 0.0885193, 0.0885193, 0.0885193, 0.0885193, 0.0885193, 0.0885193, 0.0885192, 0.0885192, 0.0885192, 0.0885192, 0.0885192, 0.0885192, 0.0885192, 0.0885192, 0.0885192, 0.0885192, 0.0885192, 0.0885192, 
0.0885194, 0.0885194, 0.0885194, 0.0885194, 0.0885194, 0.0885194, 0.0885194, 0.0885194, 0.0885194, 0.0885194, 0.0885194, 0.0885194, 0.0885194, 0.0885194, 0.0885194, 0.0885194, 0.0885194, 0.0885194, 0.0885194, 0.0885194, 0.0885194, 0.0885194, 0.0885193, 0.0885193, 0.0885193, 0.0885193, 0.0885193, 0.0885193, 0.0885192, 0.0885192, 0.0885192, 0.0885192, 0.0885192, 0.0885192, 0.0885192, 0.0885192, 0.0885192, 0.0885192, 0.0885192, 0.0885192, 
0.0885194, 0.0885194, 0.0885194, 0.0885194, 0.0885194, 0.0885194, 0.0885194, 0.0885194, 0.0885194, 0.0885194, 0.0885194, 0.0885194, 0.0885194, 0.0885194, 0.0885194, 0.0885194, 0.0885194, 0.0885194, 0.0885194, 0.0885194, 0.0885194, 0.0885194, 0.0885193, 0.0885193, 0.0885193, 0.0885193, 0.0885193, 0.0885193, 0.0885192, 0.0885192, 0.0885192, 0.0885192, 0.0885192, 0.0885192, 0.0885192, 0.0885192, 0.0885192, 0.0885192, 0.0885192, 0.0885192, 
0.0885194, 0.0885194, 0.0885194, 0.0885194, 0.0885194, 0.0885194, 0.0885194, 0.0885194, 0.0885194, 0.0885194, 0.0885194, 0.0885194, 0.0885194, 0.0885194, 0.0885194, 0.0885194, 0.0885194, 0.0885194, 0.0885194, 0.0885194, 0.0885194, 0.0885194, 0.0885193, 0.0885193, 0.0885193, 0.0885193, 0.0885193, 0.0885193, 0.0885192, 0.0885192, 0.0885192, 0.0885192, 0.0885192, 0.0885192, 0.0885192, 0.0885192, 0.0885192, 0.0885192, 0.0885192, 0.0885192, 
0.0885194, 0.0885194, 0.0885194, 0.0885194, 0.0885194, 0.0885194, 0.0885194, 0.0885194, 0.0885194, 0.0885194, 0.0885194, 0.0885194, 0.0885194, 0.0885194, 0.0885194, 0.0885194, 0.0885194, 0.0885194, 0.0885194, 0.0885194, 0.0885194, 0.0885194, 0.0885193, 0.0885193, 0.0885193, 0.0885193, 0.0885193, 0.0885193, 0.0885192, 0.0885192, 0.0885192, 0.0885192, 0.0885192, 0.0885192, 0.0885192, 0.0885192, 0.0885192, 0.0885192, 0.0885192, 0.0885192, 
0.0885194, 0.0885194, 0.0885194, 0.0885194, 0.0885194, 0.0885194, 0.0885194, 0.0885194, 0.0885194, 0.0885194, 0.0885194, 0.0885194, 0.0885194, 0.0885194, 0.0885194, 0.0885194, 0.0885194, 0.0885194, 0.0885194, 0.0885194, 0.0885194, 0.0885194, 0.0885193, 0.0885193, 0.0885193, 0.0885193, 0.0885193, 0.0885193, 0.0885192, 0.0885192, 0.0885192, 0.0885192, 0.0885192, 0.0885192, 0.0885192, 0.0885192, 0.0885192, 0.0885192, 0.0885192, 0.0885192, 
0.0885194, 0.0885194, 0.0885194, 0.0885194, 0.0885194, 0.0885194, 0.0885194, 0.0885194, 0.0885194, 0.0885194, 0.0885194, 0.0885194, 0.0885194, 0.0885194, 0.0885194, 0.0885194, 0.0885194, 0.0885194, 0.0885194, 0.0885194, 0.0885194, 0.0885194, 0.0885193, 0.0885193, 0.0885193, 0.0885193, 0.0885193, 0.0885193, 0.0885192, 0.0885192, 0.0885192, 0.0885192, 0.0885192, 0.0885192, 0.0885192, 0.0885192, 0.0885192, 0.0885192, 0.0885192, 0.0885192, 
0.0885194, 0.0885194, 0.0885194, 0.0885194, 0.0885194, 0.0885194, 0.0885194, 0.0885194, 0.0885194, 0.0885194, 0.0885194, 0.0885194, 0.0885194, 0.0885194, 0.0885194, 0.0885194, 0.0885194, 0.0885194, 0.0885194, 0.0885194, 0.0885194, 0.0885194, 0.0885193, 0.0885193, 0.0885193, 0.0885193, 0.0885193, 0.0885193, 0.0885192, 0.0885192, 0.0885192, 0.0885192, 0.0885192, 0.0885192, 0.0885192, 0.0885192, 0.0885192, 0.0885192, 0.0885192, 0.0885192, 
0.0885194, 0.0885194, 0.0885194, 0.0885194, 0.0885194, 0.0885194, 0.0885194, 0.0885194, 0.0885194, 0.0885194, 0.0885194, 0.0885194, 0.0885194, 0.0885194, 0.0885194, 0.0885194, 0.0885194, 0.0885194, 0.0885194, 0.0885194, 0.0885194, 0.0885194, 0.0885193, 0.0885193, 0.0885193, 0.0885193, 0.0885193, 0.0885193, 0.0885192, 0.0885192, 0.0885192, 0.0885192, 0.0885192, 0.0885192, 0.0885192, 0.0885192, 0.0885192, 0.0885192, 0.0885192, 0.0885192, 
0.0885194, 0.0885194, 0.0885194, 0.0885194, 0.0885194, 0.0885194, 0.0885194, 0.0885194, 0.0885194, 0.0885194, 0.0885194, 0.0885194, 0.0885194, 0.0885194, 0.0885194, 0.0885194, 0.0885194, 0.0885194, 0.0885194, 0.0885194, 0.0885194, 0.0885194, 0.0885193, 0.0885193, 0.0885193, 0.0885193, 0.0885193, 0.0885193, 0.0885192, 0.0885192, 0.0885192, 0.0885192, 0.0885192, 0.0885192, 0.0885192, 0.0885192, 0.0885192, 0.0885192, 0.0885192, 0.0885192, 
0.0885194, 0.0885194, 0.0885194, 0.0885194, 0.0885194, 0.0885194, 0.0885194, 0.0885194, 0.0885194, 0.0885194, 0.0885194, 0.0885194, 0.0885194, 0.0885194, 0.0885194, 0.0885194, 0.0885194, 0.0885194, 0.0885194, 0.0885194, 0.0885194, 0.0885194, 0.0885193, 0.0885193, 0.0885193, 0.0885193, 0.0885193, 0.0885193, 0.0885192, 0.0885192, 0.0885192, 0.0885192, 0.0885192, 0.0885192, 0.0885192, 0.0885192, 0.0885192, 0.0885192, 0.0885192, 0.0885192, 
0.0885194, 0.0885194, 0.0885194, 0.0885194, 0.0885194, 0.0885194, 0.0885194, 0.0885194, 0.0885194, 0.0885194, 0.0885194, 0.0885194, 0.0885194, 0.0885194, 0.0885194, 0.0885194, 0.0885194, 0.0885194, 0.0885194, 0.0885194, 0.0885194, 0.0885194, 0.0885193, 0.0885193, 0.0885193, 0.0885193, 0.0885193, 0.0885193, 0.0885192, 0.0885192, 0.0885192, 0.0885192, 0.0885192, 0.0885192, 0.0885192, 0.0885192, 0.0885192, 0.0885192, 0.0885192, 0.0885192, 
0.0885194, 0.0885194, 0.0885194, 0.0885194, 0.0885194, 0.0885194, 0.0885194, 0.0885194, 0.0885194, 0.0885194, 0.0885194, 0.0885194, 0.0885194, 0.0885194, 0.0885194, 0.0885194, 0.0885194, 0.0885194, 0.0885194, 0.0885194, 0.0885194, 0.0885194, 0.0885193, 0.0885193, 0.0885193, 0.0885193, 0.0885193, 0.0885193, 0.0885192, 0.0885192, 0.0885192, 0.0885192, 0.0885192, 0.0885192, 0.0885192, 0.0885192, 0.0885192, 0.0885192, 0.0885192, 0.0885192, 
0.0885194, 0.0885194, 0.0885194, 0.0885194, 0.0885194, 0.0885194, 0.0885194, 0.0885194, 0.0885194, 0.0885194, 0.0885194, 0.0885194, 0.0885194, 0.0885194, 0.0885194, 0.0885194, 0.0885194, 0.0885194, 0.0885194, 0.0885194, 0.0885194, 0.0885194, 0.0885193, 0.0885193, 0.0885193, 0.0885193, 0.0885193, 0.0885193, 0.0885192, 0.0885192, 0.0885192, 0.0885192, 0.0885192, 0.0885192, 0.0885192, 0.0885192, 0.0885192, 0.0885192, 0.0885192, 0.0885192, 
0.0885194, 0.0885194, 0.0885194, 0.0885194, 0.0885194, 0.0885194, 0.0885194, 0.0885194, 0.0885194, 0.0885194, 0.0885194, 0.0885194, 0.0885194, 0.0885194, 0.0885194, 0.0885194, 0.0885194, 0.0885194, 0.0885194, 0.0885194, 0.0885194, 0.0885194, 0.0885193, 0.0885193, 0.0885193, 0.0885193, 0.0885193, 0.0885193, 0.0885192, 0.0885192, 0.0885192, 0.0885192, 0.0885192, 0.0885192, 0.0885192, 0.0885192, 0.0885192, 0.0885192, 0.0885192, 0.0885192, 
0.0885194, 0.0885194, 0.0885194, 0.0885194, 0.0885194, 0.0885194, 0.0885194, 0.0885194, 0.0885194, 0.0885194, 0.0885194, 0.0885194, 0.0885194, 0.0885194, 0.0885194, 0.0885194, 0.0885194, 0.0885194, 0.0885194, 0.0885194, 0.0885194, 0.0885194, 0.0885193, 0.0885193, 0.0885193, 0.0885193, 0.0885193, 0.0885193, 0.0885192, 0.0885192, 0.0885192, 0.0885192, 0.0885192, 0.0885192, 0.0885192, 0.0885192, 0.0885192, 0.0885192, 0.0885192, 0.0885192, 
0.0885194, 0.0885194, 0.0885194, 0.0885194, 0.0885194, 0.0885194, 0.0885194, 0.0885194, 0.0885194, 0.0885194, 0.0885194, 0.0885194, 0.0885194, 0.0885194, 0.0885194, 0.0885194, 0.0885194, 0.0885194, 0.0885194, 0.0885194, 0.0885194, 0.0885194, 0.0885193, 0.0885193, 0.0885193, 0.0885193, 0.0885193, 0.0885193, 0.0885192, 0.0885192, 0.0885192, 0.0885192, 0.0885192, 0.0885192, 0.0885192, 0.0885192, 0.0885192, 0.0885192, 0.0885192, 0.0885192, 
0.0885194, 0.0885194, 0.0885194, 0.0885194, 0.0885194, 0.0885194, 0.0885194, 0.0885194, 0.0885194, 0.0885194, 0.0885194, 0.0885194, 0.0885194, 0.0885194, 0.0885194, 0.0885194, 0.0885194, 0.0885194, 0.0885194, 0.0885194, 0.0885194, 0.0885194, 0.0885193, 0.0885193, 0.0885193, 0.0885193, 0.0885193, 0.0885193, 0.0885192, 0.0885192, 0.0885192, 0.0885192, 0.0885192, 0.0885192, 0.0885192, 0.0885192, 0.0885192, 0.0885192, 0.0885192, 0.0885192, 
0.0885194, 0.0885194, 0.0885194, 0.0885194, 0.0885194, 0.0885194, 0.0885194, 0.0885194, 0.0885194, 0.0885194, 0.0885194, 0.0885194, 0.0885194, 0.0885194, 0.0885194, 0.0885194, 0.0885194, 0.0885194, 0.0885194, 0.0885194, 0.0885194, 0.0885194, 0.0885193, 0.0885193, 0.0885193, 0.0885193, 0.0885193, 0.0885193, 0.0885192, 0.0885192, 0.0885192, 0.0885192, 0.0885192, 0.0885192, 0.0885192, 0.0885192, 0.0885192, 0.0885192, 0.0885192, 0.0885192, 
0.0885194, 0.0885194, 0.0885194, 0.0885194, 0.0885194, 0.0885194, 0.0885194, 0.0885194, 0.0885194, 0.0885194, 0.0885194, 0.0885194, 0.0885194, 0.0885194, 0.0885194, 0.0885194, 0.0885194, 0.0885194, 0.0885194, 0.0885194, 0.0885194, 0.0885194, 0.0885193, 0.0885193, 0.0885193, 0.0885193, 0.0885193, 0.0885193, 0.0885192, 0.0885192, 0.0885192, 0.0885192, 0.0885192, 0.0885192, 0.0885192, 0.0885192, 0.0885192, 0.0885192, 0.0885192, 0.0885192, 
0.0885194, 0.0885194, 0.0885194, 0.0885194, 0.0885194, 0.0885194, 0.0885194, 0.0885194, 0.0885194, 0.0885194, 0.0885194, 0.0885194, 0.0885194, 0.0885194, 0.0885194, 0.0885194, 0.0885194, 0.0885194, 0.0885194, 0.0885194, 0.0885194, 0.0885194, 0.0885193, 0.0885193, 0.0885193, 0.0885193, 0.0885193, 0.0885193, 0.0885192, 0.0885192, 0.0885192, 0.0885192, 0.0885192, 0.0885192, 0.0885192, 0.0885192, 0.0885192, 0.0885192, 0.0885192, 0.0885192, 
0.0885194, 0.0885194, 0.0885194, 0.0885194, 0.0885194, 0.0885194, 0.0885194, 0.0885194, 0.0885194, 0.0885194, 0.0885194, 0.0885194, 0.0885194, 0.0885194, 0.0885194, 0.0885194, 0.0885194, 0.0885194, 0.0885194, 0.0885194, 0.0885194, 0.0885194, 0.0885193, 0.0885193, 0.0885193, 0.0885193, 0.0885193, 0.0885193, 0.0885192, 0.0885192, 0.0885192, 0.0885192, 0.0885192, 0.0885192, 0.0885192, 0.0885192, 0.0885192, 0.0885192, 0.0885192, 0.0885192, 
0.0885194, 0.0885194, 0.0885194, 0.0885194, 0.0885194, 0.0885194, 0.0885194, 0.0885194, 0.0885194, 0.0885194, 0.0885194, 0.0885194, 0.0885194, 0.0885194, 0.0885194, 0.0885194, 0.0885194, 0.0885194, 0.0885194, 0.0885194, 0.0885194, 0.0885194, 0.0885193, 0.0885193, 0.0885193, 0.0885193, 0.0885193, 0.0885193, 0.0885192, 0.0885192, 0.0885192, 0.0885192, 0.0885192, 0.0885192, 0.0885192, 0.0885192, 0.0885192, 0.0885192, 0.0885192, 0.0885192, 
0.0885194, 0.0885194, 0.0885194, 0.0885194, 0.0885194, 0.0885194, 0.0885194, 0.0885194, 0.0885194, 0.0885194, 0.0885194, 0.0885194, 0.0885194, 0.0885194, 0.0885194, 0.0885194, 0.0885194, 0.0885194, 0.0885194, 0.0885194, 0.0885194, 0.0885194, 0.0885193, 0.0885193, 0.0885193, 0.0885193, 0.0885193, 0.0885193, 0.0885192, 0.0885192, 0.0885192, 0.0885192, 0.0885192, 0.0885192, 0.0885192, 0.0885192, 0.0885192, 0.0885192, 0.0885192, 0.0885192, 
0.0885194, 0.0885194, 0.0885194, 0.0885194, 0.0885194, 0.0885194, 0.0885194, 0.0885194, 0.0885194, 0.0885194, 0.0885194, 0.0885194, 0.0885194, 0.0885194, 0.0885194, 0.0885194, 0.0885194, 0.0885194, 0.0885194, 0.0885194, 0.0885194, 0.0885194, 0.0885193, 0.0885193, 0.0885193, 0.0885193, 0.0885193, 0.0885193, 0.0885192, 0.0885192, 0.0885192, 0.0885192, 0.0885192, 0.0885192, 0.0885192, 0.0885192, 0.0885192, 0.0885192, 0.0885192, 0.0885192, 
0.0885194, 0.0885194, 0.0885194, 0.0885194, 0.0885194, 0.0885194, 0.0885194, 0.0885194, 0.0885194, 0.0885194, 0.0885194, 0.0885194, 0.0885194, 0.0885194, 0.0885194, 0.0885194, 0.0885194, 0.0885194, 0.0885194, 0.0885194, 0.0885194, 0.0885194, 0.0885193, 0.0885193, 0.0885193, 0.0885193, 0.0885193, 0.0885193, 0.0885192, 0.0885192, 0.0885192, 0.0885192, 0.0885192, 0.0885192, 0.0885192, 0.0885192, 0.0885192, 0.0885192, 0.0885192, 0.0885192, 
0.0885194, 0.0885194, 0.0885194, 0.0885194, 0.0885194, 0.0885194, 0.0885194, 0.0885194, 0.0885194, 0.0885194, 0.0885194, 0.0885194, 0.0885194, 0.0885194, 0.0885194, 0.0885194, 0.0885194, 0.0885194, 0.0885194, 0.0885194, 0.0885194, 0.0885194, 0.0885193, 0.0885193, 0.0885193, 0.0885193, 0.0885193, 0.0885193, 0.0885192, 0.0885192, 0.0885192, 0.0885192, 0.0885192, 0.0885192, 0.0885192, 0.0885192, 0.0885192, 0.0885192, 0.0885192, 0.0885192, 
0.0885194, 0.0885194, 0.0885194, 0.0885194, 0.0885194, 0.0885194, 0.0885194, 0.0885194, 0.0885194, 0.0885194, 0.0885194, 0.0885194, 0.0885194, 0.0885194, 0.0885194, 0.0885194, 0.0885194, 0.0885194, 0.0885194, 0.0885194, 0.0885194, 0.0885194, 0.0885193, 0.0885193, 0.0885193, 0.0885193, 0.0885193, 0.0885193, 0.0885192, 0.0885192, 0.0885192, 0.0885192, 0.0885192, 0.0885192, 0.0885192, 0.0885192, 0.0885192, 0.0885192, 0.0885192, 0.0885192, 
0.0885194, 0.0885194, 0.0885194, 0.0885194, 0.0885194, 0.0885194, 0.0885194, 0.0885194, 0.0885194, 0.0885194, 0.0885194, 0.0885194, 0.0885194, 0.0885194, 0.0885194, 0.0885194, 0.0885194, 0.0885194, 0.0885194, 0.0885194, 0.0885194, 0.0885194, 0.0885193, 0.0885193, 0.0885193, 0.0885193, 0.0885193, 0.0885193, 0.0885192, 0.0885192, 0.0885192, 0.0885192, 0.0885192, 0.0885192, 0.0885192, 0.0885192, 0.0885192, 0.0885192, 0.0885192, 0.0885192, 
0.0885194, 0.0885194, 0.0885194, 0.0885194, 0.0885194, 0.0885194, 0.0885194, 0.0885194, 0.0885194, 0.0885194, 0.0885194, 0.0885194, 0.0885194, 0.0885194, 0.0885194, 0.0885194, 0.0885194, 0.0885194, 0.0885194, 0.0885194, 0.0885194, 0.0885194, 0.0885193, 0.0885193, 0.0885193, 0.0885193, 0.0885193, 0.0885193, 0.0885192, 0.0885192, 0.0885192, 0.0885192, 0.0885192, 0.0885192, 0.0885192, 0.0885192, 0.0885192, 0.0885192, 0.0885192, 0.0885192, 
0.0885194, 0.0885194, 0.0885194, 0.0885194, 0.0885194, 0.0885194, 0.0885194, 0.0885194, 0.0885194, 0.0885194, 0.0885194, 0.0885194, 0.0885194, 0.0885194, 0.0885194, 0.0885194, 0.0885194, 0.0885194, 0.0885194, 0.0885194, 0.0885194, 0.0885194, 0.0885193, 0.0885193, 0.0885193, 0.0885193, 0.0885193, 0.0885193, 0.0885192, 0.0885192, 0.0885192, 0.0885192, 0.0885192, 0.0885192, 0.0885192, 0.0885192, 0.0885192, 0.0885192, 0.0885192, 0.0885192, 
0.0885194, 0.0885194, 0.0885194, 0.0885194, 0.0885194, 0.0885194, 0.0885194, 0.0885194, 0.0885194, 0.0885194, 0.0885194, 0.0885194, 0.0885194, 0.0885194, 0.0885194, 0.0885194, 0.0885194, 0.0885194, 0.0885194, 0.0885194, 0.0885194, 0.0885194, 0.0885193, 0.0885193, 0.0885193, 0.0885193, 0.0885193, 0.0885193, 0.0885192, 0.0885192, 0.0885192, 0.0885192, 0.0885192, 0.0885192, 0.0885192, 0.0885192, 0.0885192, 0.0885192, 0.0885192, 0.0885192, 
0.0885194, 0.0885194, 0.0885194, 0.0885194, 0.0885194, 0.0885194, 0.0885194, 0.0885194, 0.0885194, 0.0885194, 0.0885194, 0.0885194, 0.0885194, 0.0885194, 0.0885194, 0.0885194, 0.0885194, 0.0885194, 0.0885194, 0.0885194, 0.0885194, 0.0885194, 0.0885193, 0.0885193, 0.0885193, 0.0885193, 0.0885193, 0.0885193, 0.0885192, 0.0885192, 0.0885192, 0.0885192, 0.0885192, 0.0885192, 0.0885192, 0.0885192, 0.0885192, 0.0885192, 0.0885192, 0.0885192, 
0.0885194, 0.0885194, 0.0885194, 0.0885194, 0.0885194, 0.0885194, 0.0885194, 0.0885194, 0.0885194, 0.0885194, 0.0885194, 0.0885194, 0.0885194, 0.0885194, 0.0885194, 0.0885194, 0.0885194, 0.0885194, 0.0885194, 0.0885194, 0.0885194, 0.0885194, 0.0885193, 0.0885193, 0.0885193, 0.0885193, 0.0885193, 0.0885193, 0.0885192, 0.0885192, 0.0885192, 0.0885192, 0.0885192, 0.0885192, 0.0885192, 0.0885192, 0.0885192, 0.0885192, 0.0885192, 0.0885192, 
0.0885194, 0.0885194, 0.0885194, 0.0885194, 0.0885194, 0.0885194, 0.0885194, 0.0885194, 0.0885194, 0.0885194, 0.0885194, 0.0885194, 0.0885194, 0.0885194, 0.0885194, 0.0885194, 0.0885194, 0.0885194, 0.0885194, 0.0885194, 0.0885194, 0.0885194, 0.0885193, 0.0885193, 0.0885193, 0.0885193, 0.0885193, 0.0885193, 0.0885192, 0.0885192, 0.0885192, 0.0885192, 0.0885192, 0.0885192, 0.0885192, 0.0885192, 0.0885192, 0.0885192, 0.0885192, 0.0885192, 
0.0885194, 0.0885194, 0.0885194, 0.0885194, 0.0885194, 0.0885194, 0.0885194, 0.0885194, 0.0885194, 0.0885194, 0.0885194, 0.0885194, 0.0885194, 0.0885194, 0.0885194, 0.0885194, 0.0885194, 0.0885194, 0.0885194, 0.0885194, 0.0885194, 0.0885194, 0.0885193, 0.0885193, 0.0885193, 0.0885193, 0.0885193, 0.0885193, 0.0885192, 0.0885192, 0.0885192, 0.0885192, 0.0885192, 0.0885192, 0.0885192, 0.0885192, 0.0885192, 0.0885192, 0.0885192, 0.0885192, 
0.0885194, 0.0885194, 0.0885194, 0.0885194, 0.0885194, 0.0885194, 0.0885194, 0.0885194, 0.0885194, 0.0885194, 0.0885194, 0.0885194, 0.0885194, 0.0885194, 0.0885194, 0.0885194, 0.0885194, 0.0885194, 0.0885194, 0.0885194, 0.0885194, 0.0885194, 0.0885193, 0.0885193, 0.0885193, 0.0885193, 0.0885193, 0.0885193, 0.0885192, 0.0885192, 0.0885192, 0.0885192, 0.0885192, 0.0885192, 0.0885192, 0.0885192, 0.0885192, 0.0885192, 0.0885192, 0.0885192, 
0.0885194, 0.0885194, 0.0885194, 0.0885194, 0.0885194, 0.0885194, 0.0885194, 0.0885194, 0.0885194, 0.0885194, 0.0885194, 0.0885194, 0.0885194, 0.0885194, 0.0885194, 0.0885194, 0.0885194, 0.0885194, 0.0885194, 0.0885194, 0.0885194, 0.0885194, 0.0885193, 0.0885193, 0.0885193, 0.0885193, 0.0885193, 0.0885193, 0.0885192, 0.0885192, 0.0885192, 0.0885192, 0.0885192, 0.0885192, 0.0885192, 0.0885192, 0.0885192, 0.0885192, 0.0885192, 0.0885192, 
0.0885194, 0.0885194, 0.0885194, 0.0885194, 0.0885194, 0.0885194, 0.0885194, 0.0885194, 0.0885194, 0.0885194, 0.0885194, 0.0885194, 0.0885194, 0.0885194, 0.0885194, 0.0885194, 0.0885194, 0.0885194, 0.0885194, 0.0885194, 0.0885194, 0.0885194, 0.0885193, 0.0885193, 0.0885193, 0.0885193, 0.0885193, 0.0885193, 0.0885192, 0.0885192, 0.0885192, 0.0885192, 0.0885192, 0.0885192, 0.0885192, 0.0885192, 0.0885192, 0.0885192, 0.0885192, 0.0885192, 
0.0885194, 0.0885194, 0.0885194, 0.0885194, 0.0885194, 0.0885194, 0.0885194, 0.0885194, 0.0885194, 0.0885194, 0.0885194, 0.0885194, 0.0885194, 0.0885194, 0.0885194, 0.0885194, 0.0885194, 0.0885194, 0.0885194, 0.0885194, 0.0885194, 0.0885194, 0.0885193, 0.0885193, 0.0885193, 0.0885193, 0.0885193, 0.0885193, 0.0885192, 0.0885192, 0.0885192, 0.0885192, 0.0885192, 0.0885192, 0.0885192, 0.0885192, 0.0885192, 0.0885192, 0.0885192, 0.0885192, 
0.0885194, 0.0885194, 0.0885194, 0.0885194, 0.0885194, 0.0885194, 0.0885194, 0.0885194, 0.0885194, 0.0885194, 0.0885194, 0.0885194, 0.0885194, 0.0885194, 0.0885194, 0.0885194, 0.0885194, 0.0885194, 0.0885194, 0.0885194, 0.0885194, 0.0885194, 0.0885193, 0.0885193, 0.0885193, 0.0885193, 0.0885193, 0.0885193, 0.0885192, 0.0885192, 0.0885192, 0.0885192, 0.0885192, 0.0885192, 0.0885192, 0.0885192, 0.0885192, 0.0885192, 0.0885192, 0.0885192, 
0.0885194, 0.0885194, 0.0885194, 0.0885194, 0.0885194, 0.0885194, 0.0885194, 0.0885194, 0.0885194, 0.0885194, 0.0885194, 0.0885194, 0.0885194, 0.0885194, 0.0885194, 0.0885194, 0.0885194, 0.0885194, 0.0885194, 0.0885194, 0.0885194, 0.0885194, 0.0885193, 0.0885193, 0.0885193, 0.0885193, 0.0885193, 0.0885193, 0.0885192, 0.0885192, 0.0885192, 0.0885192, 0.0885192, 0.0885192, 0.0885192, 0.0885192, 0.0885192, 0.0885192, 0.0885192, 0.0885192, 
0.0885194, 0.0885194, 0.0885194, 0.0885194, 0.0885194, 0.0885194, 0.0885194, 0.0885194, 0.0885194, 0.0885194, 0.0885194, 0.0885194, 0.0885194, 0.0885194, 0.0885194, 0.0885194, 0.0885194, 0.0885194, 0.0885194, 0.0885194, 0.0885194, 0.0885194, 0.0885193, 0.0885193, 0.0885193, 0.0885193, 0.0885193, 0.0885193, 0.0885192, 0.0885192, 0.0885192, 0.0885192, 0.0885192, 0.0885192, 0.0885192, 0.0885192, 0.0885192, 0.0885192, 0.0885192, 0.0885192, 
0.0885194, 0.0885194, 0.0885194, 0.0885194, 0.0885194, 0.0885194, 0.0885194, 0.0885194, 0.0885194, 0.0885194, 0.0885194, 0.0885194, 0.0885194, 0.0885194, 0.0885194, 0.0885194, 0.0885194, 0.0885194, 0.0885194, 0.0885194, 0.0885194, 0.0885194, 0.0885193, 0.0885193, 0.0885193, 0.0885193, 0.0885193, 0.0885193, 0.0885192, 0.0885192, 0.0885192, 0.0885192, 0.0885192, 0.0885192, 0.0885192, 0.0885192, 0.0885192, 0.0885192, 0.0885192, 0.0885192, 
0.0885194, 0.0885194, 0.0885194, 0.0885194, 0.0885194, 0.0885194, 0.0885194, 0.0885194, 0.0885194, 0.0885194, 0.0885194, 0.0885194, 0.0885194, 0.0885194, 0.0885194, 0.0885194, 0.0885194, 0.0885194, 0.0885194, 0.0885194, 0.0885194, 0.0885194, 0.0885193, 0.0885193, 0.0885193, 0.0885193, 0.0885193, 0.0885193, 0.0885192, 0.0885192, 0.0885192, 0.0885192, 0.0885192, 0.0885192, 0.0885192, 0.0885192, 0.0885192, 0.0885192, 0.0885192, 0.0885192, 
0.0885194, 0.0885194, 0.0885194, 0.0885194, 0.0885194, 0.0885194, 0.0885194, 0.0885194, 0.0885194, 0.0885194, 0.0885194, 0.0885194, 0.0885194, 0.0885194, 0.0885194, 0.0885194, 0.0885194, 0.0885194, 0.0885194, 0.0885194, 0.0885194, 0.0885194, 0.0885193, 0.0885193, 0.0885193, 0.0885193, 0.0885193, 0.0885193, 0.0885192, 0.0885192, 0.0885192, 0.0885192, 0.0885192, 0.0885192, 0.0885192, 0.0885192, 0.0885192, 0.0885192, 0.0885192, 0.0885192, 
0.0885194, 0.0885194, 0.0885194, 0.0885194, 0.0885194, 0.0885194, 0.0885194, 0.0885194, 0.0885194, 0.0885194, 0.0885194, 0.0885194, 0.0885194, 0.0885194, 0.0885194, 0.0885194, 0.0885194, 0.0885194, 0.0885194, 0.0885194, 0.0885194, 0.0885194, 0.0885193, 0.0885193, 0.0885193, 0.0885193, 0.0885193, 0.0885193, 0.0885192, 0.0885192, 0.0885192, 0.0885192, 0.0885192, 0.0885192, 0.0885192, 0.0885192, 0.0885192, 0.0885192, 0.0885192, 0.0885192, 
0.0885194, 0.0885194, 0.0885194, 0.0885194, 0.0885194, 0.0885194, 0.0885194, 0.0885194, 0.0885194, 0.0885194, 0.0885194, 0.0885194, 0.0885194, 0.0885194, 0.0885194, 0.0885194, 0.0885194, 0.0885194, 0.0885194, 0.0885194, 0.0885194, 0.0885194, 0.0885193, 0.0885193, 0.0885193, 0.0885193, 0.0885193, 0.0885193, 0.0885192, 0.0885192, 0.0885192, 0.0885192, 0.0885192, 0.0885192, 0.0885192, 0.0885192, 0.0885192, 0.0885192, 0.0885192, 0.0885192, 
0.0885194, 0.0885194, 0.0885194, 0.0885194, 0.0885194, 0.0885194, 0.0885194, 0.0885194, 0.0885194, 0.0885194, 0.0885194, 0.0885194, 0.0885194, 0.0885194, 0.0885194, 0.0885194, 0.0885194, 0.0885194, 0.0885194, 0.0885194, 0.0885194, 0.0885194, 0.0885193, 0.0885193, 0.0885193, 0.0885193, 0.0885193, 0.0885193, 0.0885192, 0.0885192, 0.0885192, 0.0885192, 0.0885192, 0.0885192, 0.0885192, 0.0885192, 0.0885192, 0.0885192, 0.0885192, 0.0885192, 
0.0885194, 0.0885194, 0.0885194, 0.0885194, 0.0885194, 0.0885194, 0.0885194, 0.0885194, 0.0885194, 0.0885194, 0.0885194, 0.0885194, 0.0885194, 0.0885194, 0.0885194, 0.0885194, 0.0885194, 0.0885194, 0.0885194, 0.0885194, 0.0885194, 0.0885194, 0.0885193, 0.0885193, 0.0885193, 0.0885193, 0.0885193, 0.0885193, 0.0885192, 0.0885192, 0.0885192, 0.0885192, 0.0885192, 0.0885192, 0.0885192, 0.0885192, 0.0885192, 0.0885192, 0.0885192, 0.0885192, 
0.0885194, 0.0885194, 0.0885194, 0.0885194, 0.0885194, 0.0885194, 0.0885194, 0.0885194, 0.0885194, 0.0885194, 0.0885194, 0.0885194, 0.0885194, 0.0885194, 0.0885194, 0.0885194, 0.0885194, 0.0885194, 0.0885194, 0.0885194, 0.0885194, 0.0885194, 0.0885193, 0.0885193, 0.0885193, 0.0885193, 0.0885193, 0.0885193, 0.0885192, 0.0885192, 0.0885192, 0.0885192, 0.0885192, 0.0885192, 0.0885192, 0.0885192, 0.0885192, 0.0885192, 0.0885192, 0.0885192, 
0.0885194, 0.0885194, 0.0885194, 0.0885194, 0.0885194, 0.0885194, 0.0885194, 0.0885194, 0.0885194, 0.0885194, 0.0885194, 0.0885194, 0.0885194, 0.0885194, 0.0885194, 0.0885194, 0.0885194, 0.0885194, 0.0885194, 0.0885194, 0.0885194, 0.0885194, 0.0885193, 0.0885193, 0.0885193, 0.0885193, 0.0885193, 0.0885193, 0.0885192, 0.0885192, 0.0885192, 0.0885192, 0.0885192, 0.0885192, 0.0885192, 0.0885192, 0.0885192, 0.0885192, 0.0885192, 0.0885192, 
0.0885194, 0.0885194, 0.0885194, 0.0885194, 0.0885194, 0.0885194, 0.0885194, 0.0885194, 0.0885194, 0.0885194, 0.0885194, 0.0885194, 0.0885194, 0.0885194, 0.0885194, 0.0885194, 0.0885194, 0.0885194, 0.0885194, 0.0885194, 0.0885194, 0.0885194, 0.0885193, 0.0885193, 0.0885193, 0.0885193, 0.0885193, 0.0885193, 0.0885192, 0.0885192, 0.0885192, 0.0885192, 0.0885192, 0.0885192, 0.0885192, 0.0885192, 0.0885192, 0.0885192, 0.0885192, 0.0885192, 
0.0885194, 0.0885194, 0.0885194, 0.0885194, 0.0885194, 0.0885194, 0.0885194, 0.0885194, 0.0885194, 0.0885194, 0.0885194, 0.0885194, 0.0885194, 0.0885194, 0.0885194, 0.0885194, 0.0885194, 0.0885194, 0.0885194, 0.0885194, 0.0885194, 0.0885194, 0.0885193, 0.0885193, 0.0885193, 0.0885193, 0.0885193, 0.0885193, 0.0885192, 0.0885192, 0.0885192, 0.0885192, 0.0885192, 0.0885192, 0.0885192, 0.0885192, 0.0885192, 0.0885192, 0.0885192, 0.0885192, 
0.0885194, 0.0885194, 0.0885194, 0.0885194, 0.0885194, 0.0885194, 0.0885194, 0.0885194, 0.0885194, 0.0885194, 0.0885194, 0.0885194, 0.0885194, 0.0885194, 0.0885194, 0.0885194, 0.0885194, 0.0885194, 0.0885194, 0.0885194, 0.0885194, 0.0885194, 0.0885193, 0.0885193, 0.0885193, 0.0885193, 0.0885193, 0.0885193, 0.0885192, 0.0885192, 0.0885192, 0.0885192, 0.0885192, 0.0885192, 0.0885192, 0.0885192, 0.0885192, 0.0885192, 0.0885192, 0.0885192, 
0.0885194, 0.0885194, 0.0885194, 0.0885194, 0.0885194, 0.0885194, 0.0885194, 0.0885194, 0.0885194, 0.0885194, 0.0885194, 0.0885194, 0.0885194, 0.0885194, 0.0885194, 0.0885194, 0.0885194, 0.0885194, 0.0885194, 0.0885194, 0.0885194, 0.0885194, 0.0885193, 0.0885193, 0.0885193, 0.0885193, 0.0885193, 0.0885193, 0.0885192, 0.0885192, 0.0885192, 0.0885192, 0.0885192, 0.0885192, 0.0885192, 0.0885192, 0.0885192, 0.0885192, 0.0885192, 0.0885192, 
0.0885194, 0.0885194, 0.0885194, 0.0885194, 0.0885194, 0.0885194, 0.0885194, 0.0885194, 0.0885194, 0.0885194, 0.0885194, 0.0885194, 0.0885194, 0.0885194, 0.0885194, 0.0885194, 0.0885194, 0.0885194, 0.0885194, 0.0885194, 0.0885194, 0.0885194, 0.0885193, 0.0885193, 0.0885193, 0.0885193, 0.0885193, 0.0885193, 0.0885192, 0.0885192, 0.0885192, 0.0885192, 0.0885192, 0.0885192, 0.0885192, 0.0885192, 0.0885192, 0.0885192, 0.0885192, 0.0885192, 
0.0885194, 0.0885194, 0.0885194, 0.0885194, 0.0885194, 0.0885194, 0.0885194, 0.0885194, 0.0885194, 0.0885194, 0.0885194, 0.0885194, 0.0885194, 0.0885194, 0.0885194, 0.0885194, 0.0885194, 0.0885194, 0.0885194, 0.0885194, 0.0885194, 0.0885194, 0.0885193, 0.0885193, 0.0885193, 0.0885193, 0.0885193, 0.0885193, 0.0885192, 0.0885192, 0.0885192, 0.0885192, 0.0885192, 0.0885192, 0.0885192, 0.0885192, 0.0885192, 0.0885192, 0.0885192, 0.0885192, 
0.0885194, 0.0885194, 0.0885194, 0.0885194, 0.0885194, 0.0885194, 0.0885194, 0.0885194, 0.0885194, 0.0885194, 0.0885194, 0.0885194, 0.0885194, 0.0885194, 0.0885194, 0.0885194, 0.0885194, 0.0885194, 0.0885194, 0.0885194, 0.0885194, 0.0885194, 0.0885193, 0.0885193, 0.0885193, 0.0885193, 0.0885193, 0.0885193, 0.0885192, 0.0885192, 0.0885192, 0.0885192, 0.0885192, 0.0885192, 0.0885192, 0.0885192, 0.0885192, 0.0885192, 0.0885192, 0.0885192, 
0.0885194, 0.0885194, 0.0885194, 0.0885194, 0.0885194, 0.0885194, 0.0885194, 0.0885194, 0.0885194, 0.0885194, 0.0885194, 0.0885194, 0.0885194, 0.0885194, 0.0885194, 0.0885194, 0.0885194, 0.0885194, 0.0885194, 0.0885194, 0.0885194, 0.0885194, 0.0885193, 0.0885193, 0.0885193, 0.0885193, 0.0885193, 0.0885193, 0.0885192, 0.0885192, 0.0885192, 0.0885192, 0.0885192, 0.0885192, 0.0885192, 0.0885192, 0.0885192, 0.0885192, 0.0885192, 0.0885192, 
0.0885194, 0.0885194, 0.0885194, 0.0885194, 0.0885194, 0.0885194, 0.0885194, 0.0885194, 0.0885194, 0.0885194, 0.0885194, 0.0885194, 0.0885194, 0.0885194, 0.0885194, 0.0885194, 0.0885194, 0.0885194, 0.0885194, 0.0885194, 0.0885194, 0.0885194, 0.0885193, 0.0885193, 0.0885193, 0.0885193, 0.0885193, 0.0885193, 0.0885192, 0.0885192, 0.0885192, 0.0885192, 0.0885192, 0.0885192, 0.0885192, 0.0885192, 0.0885192, 0.0885192, 0.0885192, 0.0885192, 
0.0885194, 0.0885194, 0.0885194, 0.0885194, 0.0885194, 0.0885194, 0.0885194, 0.0885194, 0.0885194, 0.0885194, 0.0885194, 0.0885194, 0.0885194, 0.0885194, 0.0885194, 0.0885194, 0.0885194, 0.0885194, 0.0885194, 0.0885194, 0.0885194, 0.0885194, 0.0885193, 0.0885193, 0.0885193, 0.0885193, 0.0885193, 0.0885193, 0.0885192, 0.0885192, 0.0885192, 0.0885192, 0.0885192, 0.0885192, 0.0885192, 0.0885192, 0.0885192, 0.0885192, 0.0885192, 0.0885192, 
0.0885194, 0.0885194, 0.0885194, 0.0885194, 0.0885194, 0.0885194, 0.0885194, 0.0885194, 0.0885194, 0.0885194, 0.0885194, 0.0885194, 0.0885194, 0.0885194, 0.0885194, 0.0885194, 0.0885194, 0.0885194, 0.0885194, 0.0885194, 0.0885194, 0.0885194, 0.0885193, 0.0885193, 0.0885193, 0.0885193, 0.0885193, 0.0885193, 0.0885192, 0.0885192, 0.0885192, 0.0885192, 0.0885192, 0.0885192, 0.0885192, 0.0885192, 0.0885192, 0.0885192, 0.0885192, 0.0885192, 
0.0885194, 0.0885194, 0.0885194, 0.0885194, 0.0885194, 0.0885194, 0.0885194, 0.0885194, 0.0885194, 0.0885194, 0.0885194, 0.0885194, 0.0885194, 0.0885194, 0.0885194, 0.0885194, 0.0885194, 0.0885194, 0.0885194, 0.0885194, 0.0885194, 0.0885194, 0.0885193, 0.0885193, 0.0885193, 0.0885193, 0.0885193, 0.0885193, 0.0885192, 0.0885192, 0.0885192, 0.0885192, 0.0885192, 0.0885192, 0.0885192, 0.0885192, 0.0885192, 0.0885192, 0.0885192, 0.0885192, 
0.0885194, 0.0885194, 0.0885194, 0.0885194, 0.0885194, 0.0885194, 0.0885194, 0.0885194, 0.0885194, 0.0885194, 0.0885194, 0.0885194, 0.0885194, 0.0885194, 0.0885194, 0.0885194, 0.0885194, 0.0885194, 0.0885194, 0.0885194, 0.0885194, 0.0885194, 0.0885193, 0.0885193, 0.0885193, 0.0885193, 0.0885193, 0.0885193, 0.0885192, 0.0885192, 0.0885192, 0.0885192, 0.0885192, 0.0885192, 0.0885192, 0.0885192, 0.0885192, 0.0885192, 0.0885192, 0.0885192, 
0.0885194, 0.0885194, 0.0885194, 0.0885194, 0.0885194, 0.0885194, 0.0885194, 0.0885194, 0.0885194, 0.0885194, 0.0885194, 0.0885194, 0.0885194, 0.0885194, 0.0885194, 0.0885194, 0.0885194, 0.0885194, 0.0885194, 0.0885194, 0.0885194, 0.0885194, 0.0885193, 0.0885193, 0.0885193, 0.0885193, 0.0885193, 0.0885193, 0.0885192, 0.0885192, 0.0885192, 0.0885192, 0.0885192, 0.0885192, 0.0885192, 0.0885192, 0.0885192, 0.0885192, 0.0885192, 0.0885192, 
0.0885194, 0.0885194, 0.0885194, 0.0885194, 0.0885194, 0.0885194, 0.0885194, 0.0885194, 0.0885194, 0.0885194, 0.0885194, 0.0885194, 0.0885194, 0.0885194, 0.0885194, 0.0885194, 0.0885194, 0.0885194, 0.0885194, 0.0885194, 0.0885194, 0.0885194, 0.0885193, 0.0885193, 0.0885193, 0.0885193, 0.0885193, 0.0885193, 0.0885192, 0.0885192, 0.0885192, 0.0885192, 0.0885192, 0.0885192, 0.0885192, 0.0885192, 0.0885192, 0.0885192, 0.0885192, 0.0885192, 
0.0885194, 0.0885194, 0.0885194, 0.0885194, 0.0885194, 0.0885194, 0.0885194, 0.0885194, 0.0885194, 0.0885194, 0.0885194, 0.0885194, 0.0885194, 0.0885194, 0.0885194, 0.0885194, 0.0885194, 0.0885194, 0.0885194, 0.0885194, 0.0885194, 0.0885194, 0.0885193, 0.0885193, 0.0885193, 0.0885193, 0.0885193, 0.0885193, 0.0885192, 0.0885192, 0.0885192, 0.0885192, 0.0885192, 0.0885192, 0.0885192, 0.0885192, 0.0885192, 0.0885192, 0.0885192, 0.0885192, 
0.0885194, 0.0885194, 0.0885194, 0.0885194, 0.0885194, 0.0885194, 0.0885194, 0.0885194, 0.0885194, 0.0885194, 0.0885194, 0.0885194, 0.0885194, 0.0885194, 0.0885194, 0.0885194, 0.0885194, 0.0885194, 0.0885194, 0.0885194, 0.0885194, 0.0885194, 0.0885193, 0.0885193, 0.0885193, 0.0885193, 0.0885193, 0.0885193, 0.0885192, 0.0885192, 0.0885192, 0.0885192, 0.0885192, 0.0885192, 0.0885192, 0.0885192, 0.0885192, 0.0885192, 0.0885192, 0.0885192, 
0.0885194, 0.0885194, 0.0885194, 0.0885194, 0.0885194, 0.0885194, 0.0885194, 0.0885194, 0.0885194, 0.0885194, 0.0885194, 0.0885194, 0.0885194, 0.0885194, 0.0885194, 0.0885194, 0.0885194, 0.0885194, 0.0885194, 0.0885194, 0.0885194, 0.0885194, 0.0885193, 0.0885193, 0.0885193, 0.0885193, 0.0885193, 0.0885193, 0.0885192, 0.0885192, 0.0885192, 0.0885192, 0.0885192, 0.0885192, 0.0885192, 0.0885192, 0.0885192, 0.0885192, 0.0885192, 0.0885192, 
0.0885194, 0.0885194, 0.0885194, 0.0885194, 0.0885194, 0.0885194, 0.0885194, 0.0885194, 0.0885194, 0.0885194, 0.0885194, 0.0885194, 0.0885194, 0.0885194, 0.0885194, 0.0885194, 0.0885194, 0.0885194, 0.0885194, 0.0885194, 0.0885194, 0.0885194, 0.0885193, 0.0885193, 0.0885193, 0.0885193, 0.0885193, 0.0885193, 0.0885192, 0.0885192, 0.0885192, 0.0885192, 0.0885192, 0.0885192, 0.0885192, 0.0885192, 0.0885192, 0.0885192, 0.0885192, 0.0885192, 
0.0885194, 0.0885194, 0.0885194, 0.0885194, 0.0885194, 0.0885194, 0.0885194, 0.0885194, 0.0885194, 0.0885194, 0.0885194, 0.0885194, 0.0885194, 0.0885194, 0.0885194, 0.0885194, 0.0885194, 0.0885194, 0.0885194, 0.0885194, 0.0885194, 0.0885194, 0.0885193, 0.0885193, 0.0885193, 0.0885193, 0.0885193, 0.0885193, 0.0885192, 0.0885192, 0.0885192, 0.0885192, 0.0885192, 0.0885192, 0.0885192, 0.0885192, 0.0885192, 0.0885192, 0.0885192, 0.0885192, 
0.0885194, 0.0885194, 0.0885194, 0.0885194, 0.0885194, 0.0885194, 0.0885194, 0.0885194, 0.0885194, 0.0885194, 0.0885194, 0.0885194, 0.0885194, 0.0885194, 0.0885194, 0.0885194, 0.0885194, 0.0885194, 0.0885194, 0.0885194, 0.0885194, 0.0885194, 0.0885193, 0.0885193, 0.0885193, 0.0885193, 0.0885193, 0.0885193, 0.0885192, 0.0885192, 0.0885192, 0.0885192, 0.0885192, 0.0885192, 0.0885192, 0.0885192, 0.0885192, 0.0885192, 0.0885192, 0.0885192, 
0.0885194, 0.0885194, 0.0885194, 0.0885194, 0.0885194, 0.0885194, 0.0885194, 0.0885194, 0.0885194, 0.0885194, 0.0885194, 0.0885194, 0.0885194, 0.0885194, 0.0885194, 0.0885194, 0.0885194, 0.0885194, 0.0885194, 0.0885194, 0.0885194, 0.0885194, 0.0885193, 0.0885193, 0.0885193, 0.0885193, 0.0885193, 0.0885193, 0.0885192, 0.0885192, 0.0885192, 0.0885192, 0.0885192, 0.0885192, 0.0885192, 0.0885192, 0.0885192, 0.0885192, 0.0885192, 0.0885192, 
0.0885194, 0.0885194, 0.0885194, 0.0885194, 0.0885194, 0.0885194, 0.0885194, 0.0885194, 0.0885194, 0.0885194, 0.0885194, 0.0885194, 0.0885194, 0.0885194, 0.0885194, 0.0885194, 0.0885194, 0.0885194, 0.0885194, 0.0885194, 0.0885194, 0.0885194, 0.0885193, 0.0885193, 0.0885193, 0.0885193, 0.0885193, 0.0885193, 0.0885192, 0.0885192, 0.0885192, 0.0885192, 0.0885192, 0.0885192, 0.0885192, 0.0885192, 0.0885192, 0.0885192, 0.0885192, 0.0885192, 
0.0885194, 0.0885194, 0.0885194, 0.0885194, 0.0885194, 0.0885194, 0.0885194, 0.0885194, 0.0885194, 0.0885194, 0.0885194, 0.0885194, 0.0885194, 0.0885194, 0.0885194, 0.0885194, 0.0885194, 0.0885194, 0.0885194, 0.0885194, 0.0885194, 0.0885194, 0.0885193, 0.0885193, 0.0885193, 0.0885193, 0.0885193, 0.0885193, 0.0885192, 0.0885192, 0.0885192, 0.0885192, 0.0885192, 0.0885192, 0.0885192, 0.0885192, 0.0885192, 0.0885192, 0.0885192, 0.0885192, 
0.0885194, 0.0885194, 0.0885194, 0.0885194, 0.0885194, 0.0885194, 0.0885194, 0.0885194, 0.0885194, 0.0885194, 0.0885194, 0.0885194, 0.0885194, 0.0885194, 0.0885194, 0.0885194, 0.0885194, 0.0885194, 0.0885194, 0.0885194, 0.0885194, 0.0885194, 0.0885193, 0.0885193, 0.0885193, 0.0885193, 0.0885193, 0.0885193, 0.0885192, 0.0885192, 0.0885192, 0.0885192, 0.0885192, 0.0885192, 0.0885192, 0.0885192, 0.0885192, 0.0885192, 0.0885192, 0.0885192, 
0.0885194, 0.0885194, 0.0885194, 0.0885194, 0.0885194, 0.0885194, 0.0885194, 0.0885194, 0.0885194, 0.0885194, 0.0885194, 0.0885194, 0.0885194, 0.0885194, 0.0885194, 0.0885194, 0.0885194, 0.0885194, 0.0885194, 0.0885194, 0.0885194, 0.0885194, 0.0885193, 0.0885193, 0.0885193, 0.0885193, 0.0885193, 0.0885193, 0.0885192, 0.0885192, 0.0885192, 0.0885192, 0.0885192, 0.0885192, 0.0885192, 0.0885192, 0.0885192, 0.0885192, 0.0885192, 0.0885192, 
0.0885194, 0.0885194, 0.0885194, 0.0885194, 0.0885194, 0.0885194, 0.0885194, 0.0885194, 0.0885194, 0.0885194, 0.0885194, 0.0885194, 0.0885194, 0.0885194, 0.0885194, 0.0885194, 0.0885194, 0.0885194, 0.0885194, 0.0885194, 0.0885194, 0.0885194, 0.0885193, 0.0885193, 0.0885193, 0.0885193, 0.0885193, 0.0885193, 0.0885192, 0.0885192, 0.0885192, 0.0885192, 0.0885192, 0.0885192, 0.0885192, 0.0885192, 0.0885192, 0.0885192, 0.0885192, 0.0885192, 
0.0885194, 0.0885194, 0.0885194, 0.0885194, 0.0885194, 0.0885194, 0.0885194, 0.0885194, 0.0885194, 0.0885194, 0.0885194, 0.0885194, 0.0885194, 0.0885194, 0.0885194, 0.0885194, 0.0885194, 0.0885194, 0.0885194, 0.0885194, 0.0885194, 0.0885194, 0.0885193, 0.0885193, 0.0885193, 0.0885193, 0.0885193, 0.0885193, 0.0885192, 0.0885192, 0.0885192, 0.0885192, 0.0885192, 0.0885192, 0.0885192, 0.0885192, 0.0885192, 0.0885192, 0.0885192, 0.0885192, 
0.0885194, 0.0885194, 0.0885194, 0.0885194, 0.0885194, 0.0885194, 0.0885194, 0.0885194, 0.0885194, 0.0885194, 0.0885194, 0.0885194, 0.0885194, 0.0885194, 0.0885194, 0.0885194, 0.0885194, 0.0885194, 0.0885194, 0.0885194, 0.0885194, 0.0885194, 0.0885193, 0.0885193, 0.0885193, 0.0885193, 0.0885193, 0.0885193, 0.0885192, 0.0885192, 0.0885192, 0.0885192, 0.0885192, 0.0885192, 0.0885192, 0.0885192, 0.0885192, 0.0885192, 0.0885192, 0.0885192, 
0.0885194, 0.0885194, 0.0885194, 0.0885194, 0.0885194, 0.0885194, 0.0885194, 0.0885194, 0.0885194, 0.0885194, 0.0885194, 0.0885194, 0.0885194, 0.0885194, 0.0885194, 0.0885194, 0.0885194, 0.0885194, 0.0885194, 0.0885194, 0.0885194, 0.0885194, 0.0885193, 0.0885193, 0.0885193, 0.0885193, 0.0885193, 0.0885193, 0.0885192, 0.0885192, 0.0885192, 0.0885192, 0.0885192, 0.0885192, 0.0885192, 0.0885192, 0.0885192, 0.0885192, 0.0885192, 0.0885192, 
0.0885194, 0.0885194, 0.0885194, 0.0885194, 0.0885194, 0.0885194, 0.0885194, 0.0885194, 0.0885194, 0.0885194, 0.0885194, 0.0885194, 0.0885194, 0.0885194, 0.0885194, 0.0885194, 0.0885194, 0.0885194, 0.0885194, 0.0885194, 0.0885194, 0.0885194, 0.0885193, 0.0885193, 0.0885193, 0.0885193, 0.0885193, 0.0885193, 0.0885192, 0.0885192, 0.0885192, 0.0885192, 0.0885192, 0.0885192, 0.0885192, 0.0885192, 0.0885192, 0.0885192, 0.0885192, 0.0885192, 
0.0885194, 0.0885194, 0.0885194, 0.0885194, 0.0885194, 0.0885194, 0.0885194, 0.0885194, 0.0885194, 0.0885194, 0.0885194, 0.0885194, 0.0885194, 0.0885194, 0.0885194, 0.0885194, 0.0885194, 0.0885194, 0.0885194, 0.0885194, 0.0885194, 0.0885194, 0.0885193, 0.0885193, 0.0885193, 0.0885193, 0.0885193, 0.0885193, 0.0885192, 0.0885192, 0.0885192, 0.0885192, 0.0885192, 0.0885192, 0.0885192, 0.0885192, 0.0885192, 0.0885192, 0.0885192, 0.0885192, 
0.0885194, 0.0885194, 0.0885194, 0.0885194, 0.0885194, 0.0885194, 0.0885194, 0.0885194, 0.0885194, 0.0885194, 0.0885194, 0.0885194, 0.0885194, 0.0885194, 0.0885194, 0.0885194, 0.0885194, 0.0885194, 0.0885194, 0.0885194, 0.0885194, 0.0885194, 0.0885193, 0.0885193, 0.0885193, 0.0885193, 0.0885193, 0.0885193, 0.0885192, 0.0885192, 0.0885192, 0.0885192, 0.0885192, 0.0885192, 0.0885192, 0.0885192, 0.0885192, 0.0885192, 0.0885192, 0.0885192, 
0.0885194, 0.0885194, 0.0885194, 0.0885194, 0.0885194, 0.0885194, 0.0885194, 0.0885194, 0.0885194, 0.0885194, 0.0885194, 0.0885194, 0.0885194, 0.0885194, 0.0885194, 0.0885194, 0.0885194, 0.0885194, 0.0885194, 0.0885194, 0.0885194, 0.0885194, 0.0885193, 0.0885193, 0.0885193, 0.0885193, 0.0885193, 0.0885193, 0.0885192, 0.0885192, 0.0885192, 0.0885192, 0.0885192, 0.0885192, 0.0885192, 0.0885192, 0.0885192, 0.0885192, 0.0885192, 0.0885192, 
0.0885194, 0.0885194, 0.0885194, 0.0885194, 0.0885194, 0.0885194, 0.0885194, 0.0885194, 0.0885194, 0.0885194, 0.0885194, 0.0885194, 0.0885194, 0.0885194, 0.0885194, 0.0885194, 0.0885194, 0.0885194, 0.0885194, 0.0885194, 0.0885194, 0.0885194, 0.0885193, 0.0885193, 0.0885193, 0.0885193, 0.0885193, 0.0885193, 0.0885192, 0.0885192, 0.0885192, 0.0885192, 0.0885192, 0.0885192, 0.0885192, 0.0885192, 0.0885192, 0.0885192, 0.0885192, 0.0885192, 
0.0885194, 0.0885194, 0.0885194, 0.0885194, 0.0885194, 0.0885194, 0.0885194, 0.0885194, 0.0885194, 0.0885194, 0.0885194, 0.0885194, 0.0885194, 0.0885194, 0.0885194, 0.0885194, 0.0885194, 0.0885194, 0.0885194, 0.0885194, 0.0885194, 0.0885194, 0.0885193, 0.0885193, 0.0885193, 0.0885193, 0.0885193, 0.0885193, 0.0885192, 0.0885192, 0.0885192, 0.0885192, 0.0885192, 0.0885192, 0.0885192, 0.0885192, 0.0885192, 0.0885192, 0.0885192, 0.0885192, 
0.0885194, 0.0885194, 0.0885194, 0.0885194, 0.0885194, 0.0885194, 0.0885194, 0.0885194, 0.0885194, 0.0885194, 0.0885194, 0.0885194, 0.0885194, 0.0885194, 0.0885194, 0.0885194, 0.0885194, 0.0885194, 0.0885194, 0.0885194, 0.0885194, 0.0885194, 0.0885193, 0.0885193, 0.0885193, 0.0885193, 0.0885193, 0.0885193, 0.0885192, 0.0885192, 0.0885192, 0.0885192, 0.0885192, 0.0885192, 0.0885192, 0.0885192, 0.0885192, 0.0885192, 0.0885192, 0.0885192, 
0.0885194, 0.0885194, 0.0885194, 0.0885194, 0.0885194, 0.0885194, 0.0885194, 0.0885194, 0.0885194, 0.0885194, 0.0885194, 0.0885194, 0.0885194, 0.0885194, 0.0885194, 0.0885194, 0.0885194, 0.0885194, 0.0885194, 0.0885194, 0.0885194, 0.0885194, 0.0885193, 0.0885193, 0.0885193, 0.0885193, 0.0885193, 0.0885193, 0.0885192, 0.0885192, 0.0885192, 0.0885192, 0.0885192, 0.0885192, 0.0885192, 0.0885192, 0.0885192, 0.0885192, 0.0885192, 0.0885192, 
0.0885194, 0.0885194, 0.0885194, 0.0885194, 0.0885194, 0.0885194, 0.0885194, 0.0885194, 0.0885194, 0.0885194, 0.0885194, 0.0885194, 0.0885194, 0.0885194, 0.0885194, 0.0885194, 0.0885194, 0.0885194, 0.0885194, 0.0885194, 0.0885194, 0.0885194, 0.0885193, 0.0885193, 0.0885193, 0.0885193, 0.0885193, 0.0885193, 0.0885192, 0.0885192, 0.0885192, 0.0885192, 0.0885192, 0.0885192, 0.0885192, 0.0885192, 0.0885192, 0.0885192, 0.0885192, 0.0885192, 
0.0885194, 0.0885194, 0.0885194, 0.0885194, 0.0885194, 0.0885194, 0.0885194, 0.0885194, 0.0885194, 0.0885194, 0.0885194, 0.0885194, 0.0885194, 0.0885194, 0.0885194, 0.0885194, 0.0885194, 0.0885194, 0.0885194, 0.0885194, 0.0885194, 0.0885194, 0.0885193, 0.0885193, 0.0885193, 0.0885193, 0.0885193, 0.0885193, 0.0885192, 0.0885192, 0.0885192, 0.0885192, 0.0885192, 0.0885192, 0.0885192, 0.0885192, 0.0885192, 0.0885192, 0.0885192, 0.0885192, 
0.0885194, 0.0885194, 0.0885194, 0.0885194, 0.0885194, 0.0885194, 0.0885194, 0.0885194, 0.0885194, 0.0885194, 0.0885194, 0.0885194, 0.0885194, 0.0885194, 0.0885194, 0.0885194, 0.0885194, 0.0885194, 0.0885194, 0.0885194, 0.0885194, 0.0885194, 0.0885193, 0.0885193, 0.0885193, 0.0885193, 0.0885193, 0.0885193, 0.0885192, 0.0885192, 0.0885192, 0.0885192, 0.0885192, 0.0885192, 0.0885192, 0.0885192, 0.0885192, 0.0885192, 0.0885192, 0.0885192, 
0.0885194, 0.0885194, 0.0885194, 0.0885194, 0.0885194, 0.0885194, 0.0885194, 0.0885194, 0.0885194, 0.0885194, 0.0885194, 0.0885194, 0.0885194, 0.0885194, 0.0885194, 0.0885194, 0.0885194, 0.0885194, 0.0885194, 0.0885194, 0.0885194, 0.0885194, 0.0885193, 0.0885193, 0.0885193, 0.0885193, 0.0885193, 0.0885193, 0.0885192, 0.0885192, 0.0885192, 0.0885192, 0.0885192, 0.0885192, 0.0885192, 0.0885192, 0.0885192, 0.0885192, 0.0885192, 0.0885192, 
0.0885194, 0.0885194, 0.0885194, 0.0885194, 0.0885194, 0.0885194, 0.0885194, 0.0885194, 0.0885194, 0.0885194, 0.0885194, 0.0885194, 0.0885194, 0.0885194, 0.0885194, 0.0885194, 0.0885194, 0.0885194, 0.0885194, 0.0885194, 0.0885194, 0.0885194, 0.0885193, 0.0885193, 0.0885193, 0.0885193, 0.0885193, 0.0885193, 0.0885192, 0.0885192, 0.0885192, 0.0885192, 0.0885192, 0.0885192, 0.0885192, 0.0885192, 0.0885192, 0.0885192, 0.0885192, 0.0885192, 
0.0885194, 0.0885194, 0.0885194, 0.0885194, 0.0885194, 0.0885194, 0.0885194, 0.0885194, 0.0885194, 0.0885194, 0.0885194, 0.0885194, 0.0885194, 0.0885194, 0.0885194, 0.0885194, 0.0885194, 0.0885194, 0.0885194, 0.0885194, 0.0885194, 0.0885194, 0.0885193, 0.0885193, 0.0885193, 0.0885193, 0.0885193, 0.0885193, 0.0885192, 0.0885192, 0.0885192, 0.0885192, 0.0885192, 0.0885192, 0.0885192, 0.0885192, 0.0885192, 0.0885192, 0.0885192, 0.0885192, 
0.0885194, 0.0885194, 0.0885194, 0.0885194, 0.0885194, 0.0885194, 0.0885194, 0.0885194, 0.0885194, 0.0885194, 0.0885194, 0.0885194, 0.0885194, 0.0885194, 0.0885194, 0.0885194, 0.0885194, 0.0885194, 0.0885194, 0.0885194, 0.0885194, 0.0885194, 0.0885193, 0.0885193, 0.0885193, 0.0885193, 0.0885193, 0.0885193, 0.0885192, 0.0885192, 0.0885192, 0.0885192, 0.0885192, 0.0885192, 0.0885192, 0.0885192, 0.0885192, 0.0885192, 0.0885192, 0.0885192, 
0.0885194, 0.0885194, 0.0885194, 0.0885194, 0.0885194, 0.0885194, 0.0885194, 0.0885194, 0.0885194, 0.0885194, 0.0885194, 0.0885194, 0.0885194, 0.0885194, 0.0885194, 0.0885194, 0.0885194, 0.0885194, 0.0885194, 0.0885194, 0.0885194, 0.0885194, 0.0885193, 0.0885193, 0.0885193, 0.0885193, 0.0885193, 0.0885193, 0.0885192, 0.0885192, 0.0885192, 0.0885192, 0.0885192, 0.0885192, 0.0885192, 0.0885192, 0.0885192, 0.0885192, 0.0885192, 0.0885192, 
0.0885194, 0.0885194, 0.0885194, 0.0885194, 0.0885194, 0.0885194, 0.0885194, 0.0885194, 0.0885194, 0.0885194, 0.0885194, 0.0885194, 0.0885194, 0.0885194, 0.0885194, 0.0885194, 0.0885194, 0.0885194, 0.0885194, 0.0885194, 0.0885194, 0.0885194, 0.0885193, 0.0885193, 0.0885193, 0.0885193, 0.0885193, 0.0885193, 0.0885192, 0.0885192, 0.0885192, 0.0885192, 0.0885192, 0.0885192, 0.0885192, 0.0885192, 0.0885192, 0.0885192, 0.0885192, 0.0885192, 
0.0885194, 0.0885194, 0.0885194, 0.0885194, 0.0885194, 0.0885194, 0.0885194, 0.0885194, 0.0885194, 0.0885194, 0.0885194, 0.0885194, 0.0885194, 0.0885194, 0.0885194, 0.0885194, 0.0885194, 0.0885194, 0.0885194, 0.0885194, 0.0885194, 0.0885194, 0.0885193, 0.0885193, 0.0885193, 0.0885193, 0.0885193, 0.0885193, 0.0885192, 0.0885192, 0.0885192, 0.0885192, 0.0885192, 0.0885192, 0.0885192, 0.0885192, 0.0885192, 0.0885192, 0.0885192, 0.0885192, 
0.0885194, 0.0885194, 0.0885194, 0.0885194, 0.0885194, 0.0885194, 0.0885194, 0.0885194, 0.0885194, 0.0885194, 0.0885194, 0.0885194, 0.0885194, 0.0885194, 0.0885194, 0.0885194, 0.0885194, 0.0885194, 0.0885194, 0.0885194, 0.0885194, 0.0885194, 0.0885193, 0.0885193, 0.0885193, 0.0885193, 0.0885193, 0.0885193, 0.0885192, 0.0885192, 0.0885192, 0.0885192, 0.0885192, 0.0885192, 0.0885192, 0.0885192, 0.0885192, 0.0885192, 0.0885192, 0.0885192, 
0.0885194, 0.0885194, 0.0885194, 0.0885194, 0.0885194, 0.0885194, 0.0885194, 0.0885194, 0.0885194, 0.0885194, 0.0885194, 0.0885194, 0.0885194, 0.0885194, 0.0885194, 0.0885194, 0.0885194, 0.0885194, 0.0885194, 0.0885194, 0.0885194, 0.0885194, 0.0885193, 0.0885193, 0.0885193, 0.0885193, 0.0885193, 0.0885193, 0.0885192, 0.0885192, 0.0885192, 0.0885192, 0.0885192, 0.0885192, 0.0885192, 0.0885192, 0.0885192, 0.0885192, 0.0885192, 0.0885192, 
0.0885194, 0.0885194, 0.0885194, 0.0885194, 0.0885194, 0.0885194, 0.0885194, 0.0885194, 0.0885194, 0.0885194, 0.0885194, 0.0885194, 0.0885194, 0.0885194, 0.0885194, 0.0885194, 0.0885194, 0.0885194, 0.0885194, 0.0885194, 0.0885194, 0.0885194, 0.0885193, 0.0885193, 0.0885193, 0.0885193, 0.0885193, 0.0885193, 0.0885192, 0.0885192, 0.0885192, 0.0885192, 0.0885192, 0.0885192, 0.0885192, 0.0885192, 0.0885192, 0.0885192, 0.0885192, 0.0885192, 
0.0885194, 0.0885194, 0.0885194, 0.0885194, 0.0885194, 0.0885194, 0.0885194, 0.0885194, 0.0885194, 0.0885194, 0.0885194, 0.0885194, 0.0885194, 0.0885194, 0.0885194, 0.0885194, 0.0885194, 0.0885194, 0.0885194, 0.0885194, 0.0885194, 0.0885194, 0.0885193, 0.0885193, 0.0885193, 0.0885193, 0.0885193, 0.0885193, 0.0885192, 0.0885192, 0.0885192, 0.0885192, 0.0885192, 0.0885192, 0.0885192, 0.0885192, 0.0885192, 0.0885192, 0.0885192, 0.0885192, 
0.0885194, 0.0885194, 0.0885194, 0.0885194, 0.0885194, 0.0885194, 0.0885194, 0.0885194, 0.0885194, 0.0885194, 0.0885194, 0.0885194, 0.0885194, 0.0885194, 0.0885194, 0.0885194, 0.0885194, 0.0885194, 0.0885194, 0.0885194, 0.0885194, 0.0885194, 0.0885193, 0.0885193, 0.0885193, 0.0885193, 0.0885193, 0.0885193, 0.0885192, 0.0885192, 0.0885192, 0.0885192, 0.0885192, 0.0885192, 0.0885192, 0.0885192, 0.0885192, 0.0885192, 0.0885192, 0.0885192, 
0.0885194, 0.0885194, 0.0885194, 0.0885194, 0.0885194, 0.0885194, 0.0885194, 0.0885194, 0.0885194, 0.0885194, 0.0885194, 0.0885194, 0.0885194, 0.0885194, 0.0885194, 0.0885194, 0.0885194, 0.0885194, 0.0885194, 0.0885194, 0.0885194, 0.0885194, 0.0885193, 0.0885193, 0.0885193, 0.0885193, 0.0885193, 0.0885193, 0.0885192, 0.0885192, 0.0885192, 0.0885192, 0.0885192, 0.0885192, 0.0885192, 0.0885192, 0.0885192, 0.0885192, 0.0885192, 0.0885192, 
0.0885194, 0.0885194, 0.0885194, 0.0885194, 0.0885194, 0.0885194, 0.0885194, 0.0885194, 0.0885194, 0.0885194, 0.0885194, 0.0885194, 0.0885194, 0.0885194, 0.0885194, 0.0885194, 0.0885194, 0.0885194, 0.0885194, 0.0885194, 0.0885194, 0.0885194, 0.0885193, 0.0885193, 0.0885193, 0.0885193, 0.0885193, 0.0885193, 0.0885192, 0.0885192, 0.0885192, 0.0885192, 0.0885192, 0.0885192, 0.0885192, 0.0885192, 0.0885192, 0.0885192, 0.0885192, 0.0885192, 
0.0885194, 0.0885194, 0.0885194, 0.0885194, 0.0885194, 0.0885194, 0.0885194, 0.0885194, 0.0885194, 0.0885194, 0.0885194, 0.0885194, 0.0885194, 0.0885194, 0.0885194, 0.0885194, 0.0885194, 0.0885194, 0.0885194, 0.0885194, 0.0885194, 0.0885194, 0.0885193, 0.0885193, 0.0885193, 0.0885193, 0.0885193, 0.0885193, 0.0885192, 0.0885192, 0.0885192, 0.0885192, 0.0885192, 0.0885192, 0.0885192, 0.0885192, 0.0885192, 0.0885192, 0.0885192, 0.0885192, 
0.0885194, 0.0885194, 0.0885194, 0.0885194, 0.0885194, 0.0885194, 0.0885194, 0.0885194, 0.0885194, 0.0885194, 0.0885194, 0.0885194, 0.0885194, 0.0885194, 0.0885194, 0.0885194, 0.0885194, 0.0885194, 0.0885194, 0.0885194, 0.0885194, 0.0885194, 0.0885193, 0.0885193, 0.0885193, 0.0885193, 0.0885193, 0.0885193, 0.0885192, 0.0885192, 0.0885192, 0.0885192, 0.0885192, 0.0885192, 0.0885192, 0.0885192, 0.0885192, 0.0885192, 0.0885192, 0.0885192, 
0.0885194, 0.0885194, 0.0885194, 0.0885194, 0.0885194, 0.0885194, 0.0885194, 0.0885194, 0.0885194, 0.0885194, 0.0885194, 0.0885194, 0.0885194, 0.0885194, 0.0885194, 0.0885194, 0.0885194, 0.0885194, 0.0885194, 0.0885194, 0.0885194, 0.0885194, 0.0885193, 0.0885193, 0.0885193, 0.0885193, 0.0885193, 0.0885193, 0.0885192, 0.0885192, 0.0885192, 0.0885192, 0.0885192, 0.0885192, 0.0885192, 0.0885192, 0.0885192, 0.0885192, 0.0885192, 0.0885192, 
0.0885194, 0.0885194, 0.0885194, 0.0885194, 0.0885194, 0.0885194, 0.0885194, 0.0885194, 0.0885194, 0.0885194, 0.0885194, 0.0885194, 0.0885194, 0.0885194, 0.0885194, 0.0885194, 0.0885194, 0.0885194, 0.0885194, 0.0885194, 0.0885194, 0.0885194, 0.0885193, 0.0885193, 0.0885193, 0.0885193, 0.0885193, 0.0885193, 0.0885192, 0.0885192, 0.0885192, 0.0885192, 0.0885192, 0.0885192, 0.0885192, 0.0885192, 0.0885192, 0.0885192, 0.0885192, 0.0885192, 
0.0885194, 0.0885194, 0.0885194, 0.0885194, 0.0885194, 0.0885194, 0.0885194, 0.0885194, 0.0885194, 0.0885194, 0.0885194, 0.0885194, 0.0885194, 0.0885194, 0.0885194, 0.0885194, 0.0885194, 0.0885194, 0.0885194, 0.0885194, 0.0885194, 0.0885194, 0.0885193, 0.0885193, 0.0885193, 0.0885193, 0.0885193, 0.0885193, 0.0885192, 0.0885192, 0.0885192, 0.0885192, 0.0885192, 0.0885192, 0.0885192, 0.0885192, 0.0885192, 0.0885192, 0.0885192, 0.0885192, 
0.0885194, 0.0885194, 0.0885194, 0.0885194, 0.0885194, 0.0885194, 0.0885194, 0.0885194, 0.0885194, 0.0885194, 0.0885194, 0.0885194, 0.0885194, 0.0885194, 0.0885194, 0.0885194, 0.0885194, 0.0885194, 0.0885194, 0.0885194, 0.0885194, 0.0885194, 0.0885193, 0.0885193, 0.0885193, 0.0885193, 0.0885193, 0.0885193, 0.0885192, 0.0885192, 0.0885192, 0.0885192, 0.0885192, 0.0885192, 0.0885192, 0.0885192, 0.0885192, 0.0885192, 0.0885192, 0.0885192, 
0.0885194, 0.0885194, 0.0885194, 0.0885194, 0.0885194, 0.0885194, 0.0885194, 0.0885194, 0.0885194, 0.0885194, 0.0885194, 0.0885194, 0.0885194, 0.0885194, 0.0885194, 0.0885194, 0.0885194, 0.0885194, 0.0885194, 0.0885194, 0.0885194, 0.0885194, 0.0885193, 0.0885193, 0.0885193, 0.0885193, 0.0885193, 0.0885193, 0.0885192, 0.0885192, 0.0885192, 0.0885192, 0.0885192, 0.0885192, 0.0885192, 0.0885192, 0.0885192, 0.0885192, 0.0885192, 0.0885192, 
0.0885194, 0.0885194, 0.0885194, 0.0885194, 0.0885194, 0.0885194, 0.0885194, 0.0885194, 0.0885194, 0.0885194, 0.0885194, 0.0885194, 0.0885194, 0.0885194, 0.0885194, 0.0885194, 0.0885194, 0.0885194, 0.0885194, 0.0885194, 0.0885194, 0.0885194, 0.0885193, 0.0885193, 0.0885193, 0.0885193, 0.0885193, 0.0885193, 0.0885192, 0.0885192, 0.0885192, 0.0885192, 0.0885192, 0.0885192, 0.0885192, 0.0885192, 0.0885192, 0.0885192, 0.0885192, 0.0885192, 
0.0885194, 0.0885194, 0.0885194, 0.0885194, 0.0885194, 0.0885194, 0.0885194, 0.0885194, 0.0885194, 0.0885194, 0.0885194, 0.0885194, 0.0885194, 0.0885194, 0.0885194, 0.0885194, 0.0885194, 0.0885194, 0.0885194, 0.0885194, 0.0885194, 0.0885194, 0.0885193, 0.0885193, 0.0885193, 0.0885193, 0.0885193, 0.0885193, 0.0885192, 0.0885192, 0.0885192, 0.0885192, 0.0885192, 0.0885192, 0.0885192, 0.0885192, 0.0885192, 0.0885192, 0.0885192, 0.0885192, 
0.0885194, 0.0885194, 0.0885194, 0.0885194, 0.0885194, 0.0885194, 0.0885194, 0.0885194, 0.0885194, 0.0885194, 0.0885194, 0.0885194, 0.0885194, 0.0885194, 0.0885194, 0.0885194, 0.0885194, 0.0885194, 0.0885194, 0.0885194, 0.0885194, 0.0885194, 0.0885193, 0.0885193, 0.0885193, 0.0885193, 0.0885193, 0.0885193, 0.0885192, 0.0885192, 0.0885192, 0.0885192, 0.0885192, 0.0885192, 0.0885192, 0.0885192, 0.0885192, 0.0885192, 0.0885192, 0.0885192, 
0.0885194, 0.0885194, 0.0885194, 0.0885194, 0.0885194, 0.0885194, 0.0885194, 0.0885194, 0.0885194, 0.0885194, 0.0885194, 0.0885194, 0.0885194, 0.0885194, 0.0885194, 0.0885194, 0.0885194, 0.0885194, 0.0885194, 0.0885194, 0.0885194, 0.0885194, 0.0885193, 0.0885193, 0.0885193, 0.0885193, 0.0885193, 0.0885193, 0.0885192, 0.0885192, 0.0885192, 0.0885192, 0.0885192, 0.0885192, 0.0885192, 0.0885192, 0.0885192, 0.0885192, 0.0885192, 0.0885192, 
0.0885194, 0.0885194, 0.0885194, 0.0885194, 0.0885194, 0.0885194, 0.0885194, 0.0885194, 0.0885194, 0.0885194, 0.0885194, 0.0885194, 0.0885194, 0.0885194, 0.0885194, 0.0885194, 0.0885194, 0.0885194, 0.0885194, 0.0885194, 0.0885194, 0.0885194, 0.0885193, 0.0885193, 0.0885193, 0.0885193, 0.0885193, 0.0885193, 0.0885192, 0.0885192, 0.0885192, 0.0885192, 0.0885192, 0.0885192, 0.0885192, 0.0885192, 0.0885192, 0.0885192, 0.0885192, 0.0885192, 
0.0885194, 0.0885194, 0.0885194, 0.0885194, 0.0885194, 0.0885194, 0.0885194, 0.0885194, 0.0885194, 0.0885194, 0.0885194, 0.0885194, 0.0885194, 0.0885194, 0.0885194, 0.0885194, 0.0885194, 0.0885194, 0.0885194, 0.0885194, 0.0885194, 0.0885194, 0.0885193, 0.0885193, 0.0885193, 0.0885193, 0.0885193, 0.0885193, 0.0885192, 0.0885192, 0.0885192, 0.0885192, 0.0885192, 0.0885192, 0.0885192, 0.0885192, 0.0885192, 0.0885192, 0.0885192, 0.0885192, 
0.0885194, 0.0885194, 0.0885194, 0.0885194, 0.0885194, 0.0885194, 0.0885194, 0.0885194, 0.0885194, 0.0885194, 0.0885194, 0.0885194, 0.0885194, 0.0885194, 0.0885194, 0.0885194, 0.0885194, 0.0885194, 0.0885194, 0.0885194, 0.0885194, 0.0885194, 0.0885193, 0.0885193, 0.0885193, 0.0885193, 0.0885193, 0.0885193, 0.0885192, 0.0885192, 0.0885192, 0.0885192, 0.0885192, 0.0885192, 0.0885192, 0.0885192, 0.0885192, 0.0885192, 0.0885192, 0.0885192, 
0.0885194, 0.0885194, 0.0885194, 0.0885194, 0.0885194, 0.0885194, 0.0885194, 0.0885194, 0.0885194, 0.0885194, 0.0885194, 0.0885194, 0.0885194, 0.0885194, 0.0885194, 0.0885194, 0.0885194, 0.0885194, 0.0885194, 0.0885194, 0.0885194, 0.0885194, 0.0885193, 0.0885193, 0.0885193, 0.0885193, 0.0885193, 0.0885193, 0.0885192, 0.0885192, 0.0885192, 0.0885192, 0.0885192, 0.0885192, 0.0885192, 0.0885192, 0.0885192, 0.0885192, 0.0885192, 0.0885192, 
0.0885194, 0.0885194, 0.0885194, 0.0885194, 0.0885194, 0.0885194, 0.0885194, 0.0885194, 0.0885194, 0.0885194, 0.0885194, 0.0885194, 0.0885194, 0.0885194, 0.0885194, 0.0885194, 0.0885194, 0.0885194, 0.0885194, 0.0885194, 0.0885194, 0.0885194, 0.0885193, 0.0885193, 0.0885193, 0.0885193, 0.0885193, 0.0885193, 0.0885192, 0.0885192, 0.0885192, 0.0885192, 0.0885192, 0.0885192, 0.0885192, 0.0885192, 0.0885192, 0.0885192, 0.0885192, 0.0885192, 
0.0885194, 0.0885194, 0.0885194, 0.0885194, 0.0885194, 0.0885194, 0.0885194, 0.0885194, 0.0885194, 0.0885194, 0.0885194, 0.0885194, 0.0885194, 0.0885194, 0.0885194, 0.0885194, 0.0885194, 0.0885194, 0.0885194, 0.0885194, 0.0885194, 0.0885194, 0.0885193, 0.0885193, 0.0885193, 0.0885193, 0.0885193, 0.0885193, 0.0885192, 0.0885192, 0.0885192, 0.0885192, 0.0885192, 0.0885192, 0.0885192, 0.0885192, 0.0885192, 0.0885192, 0.0885192, 0.0885192, 
0.0885194, 0.0885194, 0.0885194, 0.0885194, 0.0885194, 0.0885194, 0.0885194, 0.0885194, 0.0885194, 0.0885194, 0.0885194, 0.0885194, 0.0885194, 0.0885194, 0.0885194, 0.0885194, 0.0885194, 0.0885194, 0.0885194, 0.0885194, 0.0885194, 0.0885194, 0.0885193, 0.0885193, 0.0885193, 0.0885193, 0.0885193, 0.0885193, 0.0885192, 0.0885192, 0.0885192, 0.0885192, 0.0885192, 0.0885192, 0.0885192, 0.0885192, 0.0885192, 0.0885192, 0.0885192, 0.0885192, 
0.0885194, 0.0885194, 0.0885194, 0.0885194, 0.0885194, 0.0885194, 0.0885194, 0.0885194, 0.0885194, 0.0885194, 0.0885194, 0.0885194, 0.0885194, 0.0885194, 0.0885194, 0.0885194, 0.0885194, 0.0885194, 0.0885194, 0.0885194, 0.0885194, 0.0885194, 0.0885193, 0.0885193, 0.0885193, 0.0885193, 0.0885193, 0.0885193, 0.0885192, 0.0885192, 0.0885192, 0.0885192, 0.0885192, 0.0885192, 0.0885192, 0.0885192, 0.0885192, 0.0885192, 0.0885192, 0.0885192, 
