300.011, 300.011, 300.01, 300.01, 300.01, 300.01, 300.01, 300.01, 300.01, 300.01, 300.01, 300.01, 300.01, 300.01, 300.01, 300.01, 300.01, 300.01, 300.01, 300.01, 300.009, 300.009, 300.009, 300.009, 300.009, 300.009, 300.009, 300.009, 300.008, 300.006, 300.001, 299.999, 299.998, 299.998, 299.998, 299.997, 299.997, 299.997, 299.997, 299.997, 299.997, 299.997, 299.997, 299.997, 299.996, 299.996, 299.996, 299.996, 299.996, 299.996, 299.996, 299.995, 299.995, 299.995, 299.995, 299.995, 299.995, 299.994, 299.994, 299.994, 299.994, 299.994, 299.993, 299.993, 299.993, 299.993, 299.993, 299.993, 299.993, 299.995, 299.999, 299.999, 299.999, 299.999, 299.999, 299.999, 299.999, 299.999, 299.999, 299.999, 299.999, 299.999, 299.999, 299.999, 299.999, 299.999, 299.999, 299.999, 299.999, 299.999, 299.999, 299.999, 299.999, 299.999, 299.999, 299.999, 299.999, 299.999, 300.005, 300.005, 
301.093, 301.093, 301.093, 301.093, 301.092, 301.092, 301.091, 301.09, 301.088, 301.087, 301.084, 301.082, 301.079, 301.075, 301.07, 301.065, 301.058, 301.051, 301.041, 301.031, 301.018, 301.003, 300.986, 300.966, 300.943, 300.916, 300.885, 300.85, 300.809, 300.762, 300.708, 300.657, 300.608, 300.561, 300.517, 300.476, 300.437, 300.4, 300.365, 300.332, 300.302, 300.274, 300.248, 300.223, 300.201, 300.18, 300.161, 300.144, 300.128, 300.114, 300.101, 300.089, 300.078, 300.069, 300.06, 300.053, 300.046, 300.04, 300.034, 300.029, 300.025, 300.022, 300.018, 300.015, 300.013, 300.01, 300.008, 300.006, 300.004, 300.002, 300, 300, 300, 300, 300, 300, 300, 300, 300, 300, 300, 300, 300, 300, 300, 300, 300, 300, 300, 300, 300, 300, 300, 300, 300, 300, 300, 300, 300, 300, 
302.155, 302.155, 302.154, 302.154, 302.152, 302.151, 302.148, 302.145, 302.142, 302.137, 302.132, 302.126, 302.119, 302.11, 302.101, 302.089, 302.077, 302.062, 302.045, 302.026, 302.004, 301.979, 301.952, 301.92, 301.884, 301.844, 301.8, 301.749, 301.692, 301.629, 301.558, 301.489, 301.421, 301.356, 301.291, 301.229, 301.169, 301.11, 301.053, 300.998, 300.945, 300.893, 300.844, 300.796, 300.75, 300.706, 300.663, 300.623, 300.584, 300.546, 300.511, 300.477, 300.444, 300.413, 300.383, 300.355, 300.328, 300.302, 300.277, 300.253, 300.23, 300.208, 300.186, 300.164, 300.143, 300.122, 300.1, 300.077, 300.054, 300.029, 300.003, 300, 300, 300, 300, 300, 300, 300, 300, 300, 300, 300, 300, 300, 300, 300, 300, 300, 300, 300, 300, 300, 300, 300, 300, 300, 300, 300, 300, 300, 
303.199, 303.199, 303.198, 303.197, 303.195, 303.193, 303.19, 303.186, 303.181, 303.175, 303.168, 303.159, 303.149, 303.138, 303.125, 303.111, 303.094, 303.075, 303.053, 303.029, 303.002, 302.971, 302.937, 302.898, 302.856, 302.808, 302.754, 302.695, 302.629, 302.556, 302.475, 302.395, 302.316, 302.238, 302.162, 302.086, 302.013, 301.94, 301.869, 301.799, 301.73, 301.663, 301.597, 301.533, 301.47, 301.408, 301.347, 301.288, 301.23, 301.174, 301.118, 301.064, 301.011, 300.958, 300.907, 300.856, 300.806, 300.756, 300.706, 300.657, 300.607, 300.557, 300.506, 300.454, 300.4, 300.343, 300.285, 300.222, 300.156, 300.085, 300.008, 300.001, 300, 300, 300, 300, 300, 300, 300, 300, 300, 300, 300, 300, 300, 300, 300, 300, 300, 300, 300, 300, 300, 300, 300, 300, 300, 300, 300, 300, 
304.233, 304.233, 304.232, 304.231, 304.229, 304.226, 304.222, 304.217, 304.211, 304.204, 304.196, 304.186, 304.175, 304.162, 304.147, 304.13, 304.111, 304.089, 304.065, 304.037, 304.006, 303.972, 303.934, 303.891, 303.843, 303.79, 303.732, 303.667, 303.595, 303.515, 303.427, 303.34, 303.253, 303.167, 303.083, 302.999, 302.915, 302.833, 302.752, 302.671, 302.591, 302.512, 302.434, 302.357, 302.28, 302.205, 302.129, 302.055, 301.981, 301.908, 301.834, 301.762, 301.689, 301.616, 301.543, 301.469, 301.395, 301.32, 301.243, 301.165, 301.084, 301.001, 300.915, 300.825, 300.73, 300.63, 300.524, 300.411, 300.289, 300.157, 300.014, 300.001, 300, 300, 300, 300, 300, 300, 300, 300, 300, 300, 300, 300, 300, 300, 300, 300, 300, 300, 300, 300, 300, 300, 300, 300, 300, 300, 300, 300, 
305.261, 305.261, 305.261, 305.259, 305.257, 305.254, 305.25, 305.244, 305.238, 305.23, 305.221, 305.21, 305.198, 305.184, 305.168, 305.149, 305.128, 305.105, 305.078, 305.049, 305.016, 304.979, 304.937, 304.891, 304.841, 304.784, 304.722, 304.653, 304.576, 304.492, 304.399, 304.306, 304.214, 304.123, 304.031, 303.941, 303.85, 303.76, 303.671, 303.582, 303.493, 303.405, 303.316, 303.228, 303.141, 303.053, 302.965, 302.877, 302.788, 302.699, 302.61, 302.519, 302.428, 302.335, 302.241, 302.144, 302.045, 301.944, 301.839, 301.73, 301.616, 301.498, 301.373, 301.241, 301.102, 300.953, 300.794, 300.623, 300.438, 300.239, 300.022, 300.002, 300, 300, 300, 300, 300, 300, 300, 300, 300, 300, 300, 300, 300, 300, 300, 300, 300, 300, 300, 300, 300, 300, 300, 300, 300, 300, 300, 300, 
306.287, 306.287, 306.287, 306.285, 306.283, 306.279, 306.275, 306.269, 306.262, 306.254, 306.245, 306.233, 306.22, 306.205, 306.188, 306.168, 306.146, 306.121, 306.093, 306.062, 306.027, 305.988, 305.945, 305.897, 305.843, 305.784, 305.719, 305.646, 305.567, 305.479, 305.382, 305.285, 305.188, 305.092, 304.995, 304.899, 304.803, 304.707, 304.61, 304.514, 304.417, 304.321, 304.223, 304.126, 304.028, 303.929, 303.829, 303.728, 303.626, 303.522, 303.417, 303.31, 303.2, 303.087, 302.971, 302.852, 302.728, 302.599, 302.465, 302.325, 302.177, 302.021, 301.857, 301.681, 301.494, 301.294, 301.079, 300.847, 300.597, 300.325, 300.03, 300.003, 300, 300, 300, 300, 300, 300, 300, 300, 300, 300, 300, 300, 300, 300, 300, 300, 300, 300, 300, 300, 300, 300, 300, 300, 300, 300, 300, 300, 
307.312, 307.312, 307.312, 307.31, 307.307, 307.304, 307.299, 307.293, 307.286, 307.278, 307.267, 307.256, 307.242, 307.226, 307.208, 307.188, 307.164, 307.138, 307.109, 307.077, 307.04, 307, 306.955, 306.904, 306.849, 306.788, 306.72, 306.645, 306.562, 306.471, 306.371, 306.27, 306.17, 306.069, 305.968, 305.867, 305.765, 305.663, 305.561, 305.458, 305.354, 305.249, 305.144, 305.037, 304.929, 304.82, 304.709, 304.595, 304.48, 304.362, 304.241, 304.117, 303.989, 303.856, 303.719, 303.577, 303.428, 303.272, 303.108, 302.936, 302.753, 302.56, 302.354, 302.134, 301.898, 301.645, 301.373, 301.078, 300.76, 300.414, 300.038, 300.003, 300, 300, 300, 300, 300, 300, 300, 300, 300, 300, 300, 300, 300, 300, 300, 300, 300, 300, 300, 300, 300, 300, 300, 300, 300, 300, 300, 300, 
308.337, 308.337, 308.336, 308.334, 308.332, 308.328, 308.323, 308.317, 308.31, 308.301, 308.29, 308.278, 308.263, 308.247, 308.228, 308.207, 308.183, 308.156, 308.126, 308.092, 308.054, 308.012, 307.966, 307.914, 307.856, 307.793, 307.723, 307.645, 307.56, 307.466, 307.363, 307.259, 307.155, 307.05, 306.945, 306.839, 306.732, 306.625, 306.517, 306.407, 306.296, 306.184, 306.071, 305.955, 305.838, 305.718, 305.596, 305.471, 305.342, 305.21, 305.074, 304.933, 304.787, 304.635, 304.476, 304.31, 304.136, 303.953, 303.759, 303.554, 303.337, 303.105, 302.857, 302.592, 302.307, 302.001, 301.67, 301.312, 300.924, 300.504, 300.046, 300.004, 300, 300, 300, 300, 300, 300, 300, 300, 300, 300, 300, 300, 300, 300, 300, 300, 300, 300, 300, 300, 300, 300, 300, 300, 300, 300, 300, 300, 
309.361, 309.361, 309.36, 309.359, 309.356, 309.352, 309.347, 309.341, 309.333, 309.324, 309.313, 309.3, 309.285, 309.268, 309.249, 309.227, 309.202, 309.174, 309.143, 309.108, 309.069, 309.026, 308.977, 308.924, 308.865, 308.799, 308.727, 308.647, 308.56, 308.463, 308.356, 308.249, 308.142, 308.033, 307.924, 307.814, 307.702, 307.589, 307.475, 307.36, 307.242, 307.123, 307.002, 306.878, 306.751, 306.621, 306.488, 306.35, 306.209, 306.062, 305.911, 305.753, 305.589, 305.417, 305.237, 305.048, 304.848, 304.637, 304.414, 304.176, 303.923, 303.653, 303.363, 303.053, 302.718, 302.358, 301.969, 301.547, 301.09, 300.594, 300.054, 300.005, 300, 300, 300, 300, 300, 300, 300, 300, 300, 300, 300, 300, 300, 300, 300, 300, 300, 300, 300, 300, 300, 300, 300, 300, 300, 300, 300, 300, 
310.386, 310.386, 310.385, 310.383, 310.38, 310.376, 310.371, 310.364, 310.356, 310.347, 310.335, 310.322, 310.307, 310.29, 310.27, 310.247, 310.221, 310.193, 310.16, 310.124, 310.084, 310.039, 309.99, 309.935, 309.874, 309.807, 309.732, 309.65, 309.56, 309.461, 309.351, 309.241, 309.13, 309.018, 308.904, 308.789, 308.673, 308.555, 308.436, 308.314, 308.19, 308.063, 307.934, 307.801, 307.665, 307.525, 307.381, 307.231, 307.077, 306.916, 306.749, 306.575, 306.392, 306.201, 305.999, 305.786, 305.562, 305.323, 305.07, 304.799, 304.511, 304.202, 303.87, 303.514, 303.13, 302.716, 302.267, 301.782, 301.256, 300.684, 300.062, 300.006, 300.001, 300, 300, 300, 300, 300, 300, 300, 300, 300, 300, 300, 300, 300, 300, 300, 300, 300, 300, 300, 300, 300, 300, 300, 300, 300, 300, 300, 
311.41, 311.41, 311.409, 311.407, 311.404, 311.4, 311.395, 311.388, 311.38, 311.37, 311.358, 311.345, 311.329, 311.311, 311.29, 311.267, 311.241, 311.211, 311.178, 311.141, 311.1, 311.054, 311.002, 310.946, 310.883, 310.814, 310.738, 310.653, 310.561, 310.459, 310.346, 310.233, 310.118, 310.002, 309.885, 309.766, 309.645, 309.522, 309.396, 309.268, 309.138, 309.004, 308.866, 308.725, 308.58, 308.429, 308.274, 308.113, 307.945, 307.77, 307.588, 307.397, 307.196, 306.984, 306.761, 306.525, 306.275, 306.009, 305.725, 305.422, 305.098, 304.75, 304.377, 303.975, 303.541, 303.073, 302.566, 302.017, 301.421, 300.774, 300.07, 300.006, 300.001, 300, 300, 300, 300, 300, 300, 300, 300, 300, 300, 300, 300, 300, 300, 300, 300, 300, 300, 300, 300, 300, 300, 300, 300, 300, 300, 300, 
312.435, 312.435, 312.434, 312.432, 312.429, 312.425, 312.419, 312.412, 312.404, 312.394, 312.382, 312.368, 312.351, 312.333, 312.311, 312.287, 312.26, 312.23, 312.196, 312.158, 312.115, 312.068, 312.015, 311.957, 311.893, 311.822, 311.743, 311.657, 311.561, 311.457, 311.341, 311.225, 311.107, 310.987, 310.866, 310.742, 310.616, 310.488, 310.357, 310.223, 310.085, 309.944, 309.799, 309.649, 309.494, 309.334, 309.167, 308.994, 308.813, 308.624, 308.426, 308.218, 307.999, 307.767, 307.523, 307.263, 306.987, 306.693, 306.379, 306.044, 305.684, 305.298, 304.882, 304.434, 303.951, 303.429, 302.863, 302.251, 301.586, 300.864, 300.078, 300.007, 300.001, 300, 300, 300, 300, 300, 300, 300, 300, 300, 300, 300, 300, 300, 300, 300, 300, 300, 300, 300, 300, 300, 300, 300, 300, 300, 300, 300, 
313.46, 313.46, 313.459, 313.457, 313.454, 313.449, 313.444, 313.436, 313.428, 313.417, 313.405, 313.39, 313.374, 313.354, 313.333, 313.308, 313.28, 313.249, 313.213, 313.174, 313.13, 313.082, 313.028, 312.968, 312.902, 312.829, 312.749, 312.66, 312.562, 312.455, 312.336, 312.217, 312.095, 311.972, 311.846, 311.718, 311.587, 311.454, 311.317, 311.177, 311.032, 310.884, 310.731, 310.572, 310.408, 310.237, 310.059, 309.874, 309.68, 309.477, 309.263, 309.038, 308.801, 308.549, 308.283, 308, 307.698, 307.376, 307.032, 306.664, 306.268, 305.843, 305.386, 304.892, 304.359, 303.783, 303.159, 302.483, 301.75, 300.953, 300.086, 300.008, 300.001, 300, 300, 300, 300, 300, 300, 300, 300, 300, 300, 300, 300, 300, 300, 300, 300, 300, 300, 300, 300, 300, 300, 300, 300, 300, 300, 300, 
314.484, 314.484, 314.484, 314.481, 314.478, 314.474, 314.468, 314.46, 314.451, 314.441, 314.428, 314.413, 314.396, 314.376, 314.354, 314.328, 314.3, 314.267, 314.231, 314.191, 314.146, 314.096, 314.041, 313.979, 313.911, 313.836, 313.754, 313.663, 313.563, 313.452, 313.331, 313.208, 313.083, 312.956, 312.826, 312.694, 312.558, 312.419, 312.277, 312.13, 311.979, 311.823, 311.662, 311.494, 311.32, 311.139, 310.95, 310.753, 310.546, 310.328, 310.099, 309.857, 309.601, 309.329, 309.041, 308.734, 308.407, 308.058, 307.683, 307.282, 306.851, 306.387, 305.888, 305.349, 304.766, 304.137, 303.454, 302.715, 301.913, 301.042, 300.094, 300.009, 300.001, 300, 300, 300, 300, 300, 300, 300, 300, 300, 300, 300, 300, 300, 300, 300, 300, 300, 300, 300, 300, 300, 300, 300, 300, 300, 300, 300, 
315.509, 315.509, 315.508, 315.506, 315.503, 315.498, 315.492, 315.485, 315.475, 315.464, 315.451, 315.436, 315.418, 315.398, 315.375, 315.348, 315.319, 315.286, 315.249, 315.207, 315.161, 315.11, 315.053, 314.99, 314.92, 314.843, 314.759, 314.665, 314.563, 314.45, 314.326, 314.199, 314.071, 313.94, 313.806, 313.669, 313.528, 313.384, 313.235, 313.082, 312.924, 312.761, 312.592, 312.415, 312.232, 312.041, 311.84, 311.63, 311.41, 311.178, 310.933, 310.674, 310.399, 310.108, 309.798, 309.468, 309.115, 308.737, 308.333, 307.898, 307.432, 306.929, 306.388, 305.803, 305.172, 304.488, 303.748, 302.946, 302.075, 301.13, 300.102, 300.009, 300.001, 300, 300, 300, 300, 300, 300, 300, 300, 300, 300, 300, 300, 300, 300, 300, 300, 300, 300, 300, 300, 300, 300, 300, 300, 300, 300, 300, 
316.534, 316.534, 316.533, 316.531, 316.527, 316.523, 316.516, 316.508, 316.499, 316.487, 316.474, 316.458, 316.44, 316.419, 316.395, 316.369, 316.338, 316.304, 316.266, 316.223, 316.176, 316.123, 316.065, 316, 315.929, 315.85, 315.763, 315.668, 315.562, 315.446, 315.319, 315.19, 315.058, 314.923, 314.784, 314.643, 314.497, 314.348, 314.193, 314.034, 313.869, 313.698, 313.52, 313.335, 313.142, 312.94, 312.729, 312.507, 312.273, 312.026, 311.765, 311.489, 311.196, 310.885, 310.553, 310.199, 309.82, 309.415, 308.98, 308.513, 308.01, 307.469, 306.886, 306.256, 305.575, 304.838, 304.04, 303.175, 302.237, 301.218, 300.11, 300.01, 300.001, 300, 300, 300, 300, 300, 300, 300, 300, 300, 300, 300, 300, 300, 300, 300, 300, 300, 300, 300, 300, 300, 300, 300, 300, 300, 300, 300, 
317.558, 317.558, 317.557, 317.555, 317.552, 317.547, 317.54, 317.532, 317.522, 317.511, 317.497, 317.48, 317.462, 317.44, 317.416, 317.388, 317.357, 317.322, 317.283, 317.239, 317.191, 317.137, 317.077, 317.01, 316.937, 316.856, 316.767, 316.669, 316.561, 316.443, 316.313, 316.18, 316.044, 315.905, 315.762, 315.616, 315.466, 315.31, 315.15, 314.984, 314.813, 314.634, 314.448, 314.254, 314.051, 313.839, 313.616, 313.381, 313.134, 312.873, 312.596, 312.303, 311.991, 311.659, 311.306, 310.928, 310.523, 310.09, 309.625, 309.125, 308.587, 308.008, 307.382, 306.707, 305.977, 305.187, 304.331, 303.404, 302.398, 301.305, 300.118, 300.011, 300.001, 300, 300, 300, 300, 300, 300, 300, 300, 300, 300, 300, 300, 300, 300, 300, 300, 300, 300, 300, 300, 300, 300, 300, 300, 300, 300, 300, 
318.583, 318.583, 318.581, 318.579, 318.575, 318.57, 318.564, 318.556, 318.545, 318.533, 318.519, 318.502, 318.483, 318.461, 318.436, 318.408, 318.376, 318.34, 318.3, 318.255, 318.205, 318.149, 318.088, 318.02, 317.945, 317.862, 317.771, 317.67, 317.56, 317.438, 317.305, 317.169, 317.029, 316.886, 316.74, 316.589, 316.433, 316.272, 316.106, 315.934, 315.755, 315.569, 315.374, 315.171, 314.959, 314.736, 314.501, 314.254, 313.993, 313.718, 313.425, 313.114, 312.784, 312.432, 312.056, 311.655, 311.224, 310.763, 310.268, 309.735, 309.162, 308.543, 307.876, 307.156, 306.377, 305.534, 304.621, 303.631, 302.557, 301.392, 300.126, 300.011, 300.001, 300, 300, 300, 300, 300, 300, 300, 300, 300, 300, 300, 300, 300, 300, 300, 300, 300, 300, 300, 300, 300, 300, 300, 300, 300, 300, 300, 
319.606, 319.606, 319.605, 319.603, 319.599, 319.594, 319.587, 319.579, 319.568, 319.556, 319.541, 319.524, 319.504, 319.482, 319.456, 319.427, 319.394, 319.357, 319.316, 319.27, 319.219, 319.162, 319.099, 319.029, 318.952, 318.867, 318.774, 318.671, 318.557, 318.433, 318.297, 318.157, 318.014, 317.867, 317.716, 317.56, 317.399, 317.233, 317.061, 316.882, 316.696, 316.502, 316.299, 316.087, 315.865, 315.631, 315.385, 315.126, 314.851, 314.56, 314.252, 313.924, 313.575, 313.203, 312.805, 312.379, 311.923, 311.434, 310.908, 310.343, 309.734, 309.077, 308.369, 307.603, 306.775, 305.879, 304.909, 303.857, 302.716, 301.478, 300.134, 300.012, 300.001, 300, 300, 300, 300, 300, 300, 300, 300, 300, 300, 300, 300, 300, 300, 300, 300, 300, 300, 300, 300, 300, 300, 300, 300, 300, 300, 300, 
320.63, 320.63, 320.628, 320.626, 320.622, 320.617, 320.61, 320.601, 320.59, 320.578, 320.562, 320.545, 320.525, 320.501, 320.475, 320.445, 320.411, 320.374, 320.331, 320.284, 320.232, 320.173, 320.109, 320.037, 319.958, 319.871, 319.776, 319.67, 319.554, 319.427, 319.287, 319.144, 318.997, 318.846, 318.691, 318.53, 318.364, 318.193, 318.014, 317.829, 317.636, 317.434, 317.223, 317.002, 316.769, 316.525, 316.267, 315.995, 315.707, 315.402, 315.077, 314.732, 314.364, 313.971, 313.551, 313.102, 312.62, 312.103, 311.547, 310.948, 310.304, 309.609, 308.859, 308.048, 307.171, 306.223, 305.195, 304.082, 302.874, 301.564, 300.142, 300.013, 300.001, 300, 300, 300, 300, 300, 300, 300, 300, 300, 300, 300, 300, 300, 300, 300, 300, 300, 300, 300, 300, 300, 300, 300, 300, 300, 300, 300, 
321.652, 321.652, 321.651, 321.649, 321.645, 321.639, 321.632, 321.623, 321.612, 321.599, 321.583, 321.565, 321.545, 321.521, 321.494, 321.463, 321.428, 321.389, 321.346, 321.298, 321.244, 321.184, 321.118, 321.045, 320.964, 320.875, 320.777, 320.669, 320.55, 320.42, 320.277, 320.131, 319.98, 319.825, 319.665, 319.5, 319.328, 319.151, 318.966, 318.774, 318.574, 318.364, 318.145, 317.914, 317.672, 317.417, 317.148, 316.863, 316.561, 316.241, 315.9, 315.537, 315.151, 314.738, 314.296, 313.822, 313.314, 312.769, 312.183, 311.552, 310.872, 310.138, 309.346, 308.491, 307.566, 306.565, 305.48, 304.305, 303.031, 301.649, 300.149, 300.014, 300.001, 300, 300, 300, 300, 300, 300, 300, 300, 300, 300, 300, 300, 300, 300, 300, 300, 300, 300, 300, 300, 300, 300, 300, 300, 300, 300, 300, 
322.674, 322.674, 322.673, 322.671, 322.667, 322.661, 322.654, 322.644, 322.633, 322.62, 322.604, 322.585, 322.564, 322.539, 322.511, 322.48, 322.444, 322.405, 322.36, 322.311, 322.255, 322.194, 322.126, 322.051, 321.969, 321.877, 321.777, 321.666, 321.545, 321.412, 321.266, 321.116, 320.961, 320.802, 320.638, 320.467, 320.291, 320.108, 319.917, 319.718, 319.51, 319.293, 319.065, 318.825, 318.573, 318.307, 318.026, 317.728, 317.413, 317.078, 316.721, 316.341, 315.935, 315.502, 315.038, 314.54, 314.007, 313.433, 312.817, 312.153, 311.437, 310.665, 309.832, 308.932, 307.958, 306.905, 305.764, 304.528, 303.188, 301.734, 300.157, 300.014, 300.001, 300, 300, 300, 300, 300, 300, 300, 300, 300, 300, 300, 300, 300, 300, 300, 300, 300, 300, 300, 300, 300, 300, 300, 300, 300, 300, 300, 
323.696, 323.696, 323.694, 323.692, 323.688, 323.682, 323.674, 323.665, 323.653, 323.639, 323.623, 323.604, 323.582, 323.557, 323.528, 323.496, 323.46, 323.419, 323.373, 323.322, 323.266, 323.203, 323.134, 323.057, 322.972, 322.879, 322.776, 322.663, 322.539, 322.403, 322.253, 322.1, 321.941, 321.778, 321.609, 321.434, 321.252, 321.063, 320.866, 320.661, 320.446, 320.22, 319.984, 319.735, 319.472, 319.195, 318.902, 318.592, 318.263, 317.912, 317.54, 317.142, 316.717, 316.263, 315.777, 315.256, 314.696, 314.095, 313.448, 312.751, 312, 311.19, 310.316, 309.371, 308.349, 307.243, 306.046, 304.749, 303.343, 301.819, 300.165, 300.015, 300.001, 300, 300, 300, 300, 300, 300, 300, 300, 300, 300, 300, 300, 300, 300, 300, 300, 300, 300, 300, 300, 300, 300, 300, 300, 300, 300, 300, 
324.716, 324.716, 324.715, 324.712, 324.708, 324.702, 324.694, 324.684, 324.673, 324.658, 324.642, 324.622, 324.6, 324.574, 324.545, 324.511, 324.474, 324.432, 324.386, 324.333, 324.276, 324.211, 324.14, 324.062, 323.975, 323.879, 323.774, 323.659, 323.532, 323.392, 323.24, 323.083, 322.92, 322.753, 322.579, 322.399, 322.212, 322.017, 321.814, 321.601, 321.379, 321.146, 320.9, 320.642, 320.37, 320.082, 319.777, 319.454, 319.11, 318.745, 318.356, 317.941, 317.497, 317.023, 316.514, 315.969, 315.383, 314.754, 314.077, 313.347, 312.561, 311.713, 310.797, 309.807, 308.737, 307.58, 306.326, 304.969, 303.498, 301.902, 300.172, 300.016, 300.001, 300, 300, 300, 300, 300, 300, 300, 300, 300, 300, 300, 300, 300, 300, 300, 300, 300, 300, 300, 300, 300, 300, 300, 300, 300, 300, 300, 
325.736, 325.736, 325.734, 325.732, 325.727, 325.721, 325.713, 325.703, 325.691, 325.676, 325.659, 325.639, 325.616, 325.59, 325.56, 325.526, 325.488, 325.445, 325.397, 325.343, 325.284, 325.218, 325.146, 325.065, 324.976, 324.879, 324.771, 324.653, 324.523, 324.381, 324.225, 324.064, 323.898, 323.726, 323.548, 323.363, 323.17, 322.969, 322.76, 322.54, 322.311, 322.069, 321.815, 321.547, 321.265, 320.966, 320.649, 320.313, 319.956, 319.575, 319.17, 318.737, 318.275, 317.779, 317.249, 316.68, 316.068, 315.411, 314.703, 313.941, 313.12, 312.233, 311.276, 310.242, 309.124, 307.915, 306.605, 305.187, 303.651, 301.986, 300.18, 300.016, 300.001, 300, 300, 300, 300, 300, 300, 300, 300, 300, 300, 300, 300, 300, 300, 300, 300, 300, 300, 300, 300, 300, 300, 300, 300, 300, 300, 300, 
326.754, 326.754, 326.753, 326.75, 326.746, 326.739, 326.731, 326.721, 326.708, 326.693, 326.676, 326.655, 326.632, 326.605, 326.574, 326.539, 326.5, 326.456, 326.407, 326.352, 326.291, 326.224, 326.15, 326.067, 325.977, 325.877, 325.767, 325.646, 325.513, 325.368, 325.208, 325.044, 324.874, 324.697, 324.515, 324.324, 324.126, 323.92, 323.704, 323.478, 323.24, 322.991, 322.728, 322.451, 322.158, 321.848, 321.519, 321.17, 320.799, 320.403, 319.982, 319.531, 319.05, 318.534, 317.981, 317.388, 316.75, 316.065, 315.327, 314.532, 313.676, 312.751, 311.753, 310.675, 309.509, 308.248, 306.883, 305.405, 303.804, 302.069, 300.187, 300.017, 300.002, 300, 300, 300, 300, 300, 300, 300, 300, 300, 300, 300, 300, 300, 300, 300, 300, 300, 300, 300, 300, 300, 300, 300, 300, 300, 300, 300, 
327.772, 327.772, 327.77, 327.767, 327.763, 327.756, 327.748, 327.737, 327.725, 327.709, 327.691, 327.67, 327.646, 327.618, 327.587, 327.551, 327.511, 327.466, 327.416, 327.36, 327.298, 327.229, 327.152, 327.068, 326.975, 326.873, 326.761, 326.637, 326.502, 326.353, 326.19, 326.022, 325.848, 325.667, 325.48, 325.285, 325.081, 324.869, 324.646, 324.413, 324.168, 323.91, 323.639, 323.352, 323.049, 322.728, 322.387, 322.025, 321.64, 321.229, 320.791, 320.323, 319.822, 319.286, 318.711, 318.093, 317.43, 316.716, 315.948, 315.121, 314.229, 313.267, 312.228, 311.105, 309.892, 308.579, 307.159, 305.621, 303.955, 302.151, 300.194, 300.018, 300.002, 300, 300, 300, 300, 300, 300, 300, 300, 300, 300, 300, 300, 300, 300, 300, 300, 300, 300, 300, 300, 300, 300, 300, 300, 300, 300, 300, 
328.788, 328.788, 328.787, 328.784, 328.779, 328.772, 328.764, 328.753, 328.74, 328.724, 328.705, 328.684, 328.659, 328.63, 328.598, 328.562, 328.521, 328.475, 328.423, 328.366, 328.302, 328.232, 328.154, 328.068, 327.973, 327.868, 327.753, 327.627, 327.489, 327.337, 327.171, 326.999, 326.821, 326.636, 326.443, 326.243, 326.034, 325.815, 325.586, 325.346, 325.094, 324.828, 324.548, 324.251, 323.938, 323.605, 323.253, 322.877, 322.478, 322.052, 321.598, 321.112, 320.592, 320.035, 319.438, 318.796, 318.107, 317.365, 316.567, 315.707, 314.78, 313.78, 312.7, 311.533, 310.272, 308.909, 307.433, 305.836, 304.106, 302.232, 300.202, 300.018, 300.002, 300, 300, 300, 300, 300, 300, 300, 300, 300, 300, 300, 300, 300, 300, 300, 300, 300, 300, 300, 300, 300, 300, 300, 300, 300, 300, 300, 
329.803, 329.803, 329.801, 329.798, 329.793, 329.787, 329.778, 329.767, 329.753, 329.737, 329.718, 329.696, 329.671, 329.641, 329.608, 329.571, 329.529, 329.482, 329.429, 329.371, 329.306, 329.233, 329.154, 329.066, 328.969, 328.862, 328.744, 328.616, 328.474, 328.319, 328.149, 327.974, 327.791, 327.602, 327.405, 327.2, 326.985, 326.76, 326.525, 326.278, 326.017, 325.743, 325.454, 325.148, 324.824, 324.481, 324.116, 323.728, 323.314, 322.873, 322.402, 321.898, 321.359, 320.782, 320.162, 319.496, 318.781, 318.012, 317.183, 316.291, 315.329, 314.291, 313.17, 311.959, 310.651, 309.236, 307.706, 306.049, 304.256, 302.314, 300.209, 300.019, 300.002, 300, 300, 300, 300, 300, 300, 300, 300, 300, 300, 300, 300, 300, 300, 300, 300, 300, 300, 300, 300, 300, 300, 300, 300, 300, 300, 300, 
330.816, 330.816, 330.815, 330.812, 330.807, 330.8, 330.791, 330.779, 330.765, 330.749, 330.729, 330.707, 330.681, 330.651, 330.617, 330.579, 330.536, 330.488, 330.434, 330.374, 330.307, 330.234, 330.152, 330.062, 329.963, 329.854, 329.734, 329.602, 329.458, 329.3, 329.126, 328.947, 328.76, 328.567, 328.365, 328.154, 327.934, 327.703, 327.461, 327.207, 326.939, 326.657, 326.358, 326.043, 325.708, 325.353, 324.976, 324.575, 324.147, 323.691, 323.204, 322.682, 322.124, 321.525, 320.883, 320.194, 319.453, 318.655, 317.797, 316.872, 315.875, 314.799, 313.637, 312.383, 311.028, 309.562, 307.977, 306.262, 304.405, 302.394, 300.216, 300.02, 300.002, 300, 300, 300, 300, 300, 300, 300, 300, 300, 300, 300, 300, 300, 300, 300, 300, 300, 300, 300, 300, 300, 300, 300, 300, 300, 300, 300, 
331.828, 331.828, 331.827, 331.823, 331.818, 331.811, 331.802, 331.79, 331.776, 331.759, 331.739, 331.716, 331.689, 331.659, 331.624, 331.585, 331.541, 331.492, 331.437, 331.375, 331.307, 331.232, 331.149, 331.057, 330.955, 330.844, 330.721, 330.587, 330.44, 330.278, 330.101, 329.918, 329.727, 329.529, 329.322, 329.106, 328.881, 328.644, 328.395, 328.134, 327.858, 327.567, 327.26, 326.935, 326.59, 326.224, 325.834, 325.42, 324.978, 324.506, 324.002, 323.463, 322.886, 322.266, 321.602, 320.888, 320.121, 319.296, 318.407, 317.45, 316.418, 315.304, 314.103, 312.805, 311.402, 309.886, 308.247, 306.473, 304.553, 302.475, 300.224, 300.02, 300.002, 300, 300, 300, 300, 300, 300, 300, 300, 300, 300, 300, 300, 300, 300, 300, 300, 300, 300, 300, 300, 300, 300, 300, 300, 300, 300, 300, 
332.839, 332.839, 332.837, 332.834, 332.828, 332.821, 332.812, 332.8, 332.785, 332.768, 332.747, 332.724, 332.696, 332.665, 332.63, 332.59, 332.545, 332.494, 332.438, 332.375, 332.306, 332.229, 332.143, 332.05, 331.946, 331.832, 331.707, 331.57, 331.419, 331.255, 331.074, 330.887, 330.692, 330.49, 330.278, 330.057, 329.825, 329.582, 329.327, 329.058, 328.775, 328.476, 328.159, 327.824, 327.469, 327.091, 326.69, 326.262, 325.806, 325.319, 324.798, 324.241, 323.645, 323.005, 322.318, 321.58, 320.787, 319.934, 319.015, 318.026, 316.958, 315.807, 314.565, 313.224, 311.775, 310.208, 308.515, 306.682, 304.7, 302.554, 300.231, 300.021, 300.002, 300, 300, 300, 300, 300, 300, 300, 300, 300, 300, 300, 300, 300, 300, 300, 300, 300, 300, 300, 300, 300, 300, 300, 300, 300, 300, 300, 
333.847, 333.847, 333.846, 333.842, 333.837, 333.829, 333.82, 333.807, 333.793, 333.775, 333.754, 333.73, 333.702, 333.67, 333.633, 333.592, 333.546, 333.495, 333.437, 333.373, 333.302, 333.223, 333.136, 333.04, 332.935, 332.819, 332.691, 332.551, 332.397, 332.229, 332.045, 331.854, 331.655, 331.448, 331.231, 331.005, 330.767, 330.518, 330.256, 329.98, 329.689, 329.382, 329.056, 328.711, 328.345, 327.957, 327.543, 327.102, 326.631, 326.129, 325.592, 325.017, 324.401, 323.74, 323.031, 322.269, 321.45, 320.569, 319.62, 318.598, 317.496, 316.308, 315.026, 313.641, 312.145, 310.528, 308.781, 306.891, 304.846, 302.633, 300.238, 300.021, 300.002, 300, 300, 300, 300, 300, 300, 300, 300, 300, 300, 300, 300, 300, 300, 300, 300, 300, 300, 300, 300, 300, 300, 300, 300, 300, 300, 300, 
334.854, 334.854, 334.852, 334.849, 334.843, 334.836, 334.826, 334.813, 334.798, 334.78, 334.759, 334.734, 334.705, 334.672, 334.635, 334.593, 334.546, 334.494, 334.435, 334.369, 334.297, 334.216, 334.127, 334.029, 333.922, 333.803, 333.673, 333.53, 333.373, 333.202, 333.014, 332.819, 332.616, 332.404, 332.182, 331.951, 331.707, 331.452, 331.183, 330.9, 330.601, 330.285, 329.951, 329.596, 329.219, 328.819, 328.393, 327.938, 327.454, 326.936, 326.382, 325.789, 325.154, 324.472, 323.741, 322.955, 322.11, 321.201, 320.223, 319.168, 318.032, 316.806, 315.483, 314.055, 312.513, 310.847, 309.046, 307.098, 304.991, 302.712, 300.245, 300.022, 300.002, 300, 300, 300, 300, 300, 300, 300, 300, 300, 300, 300, 300, 300, 300, 300, 300, 300, 300, 300, 300, 300, 300, 300, 300, 300, 300, 300, 
335.859, 335.859, 335.857, 335.854, 335.848, 335.84, 335.83, 335.817, 335.802, 335.783, 335.761, 335.736, 335.707, 335.673, 335.635, 335.592, 335.544, 335.49, 335.43, 335.363, 335.289, 335.207, 335.116, 335.016, 334.906, 334.785, 334.652, 334.506, 334.347, 334.172, 333.981, 333.782, 333.574, 333.358, 333.131, 332.894, 332.645, 332.383, 332.108, 331.817, 331.51, 331.186, 330.842, 330.478, 330.09, 329.678, 329.24, 328.772, 328.273, 327.74, 327.169, 326.559, 325.904, 325.202, 324.448, 323.638, 322.767, 321.831, 320.822, 319.735, 318.564, 317.301, 315.939, 314.468, 312.879, 311.163, 309.309, 307.304, 305.135, 302.79, 300.252, 300.023, 300.002, 300, 300, 300, 300, 300, 300, 300, 300, 300, 300, 300, 300, 300, 300, 300, 300, 300, 300, 300, 300, 300, 300, 300, 300, 300, 300, 300, 
336.862, 336.862, 336.86, 336.857, 336.851, 336.843, 336.832, 336.819, 336.803, 336.784, 336.762, 336.736, 336.706, 336.672, 336.633, 336.589, 336.54, 336.485, 336.424, 336.355, 336.279, 336.196, 336.103, 336.001, 335.889, 335.765, 335.629, 335.481, 335.318, 335.14, 334.945, 334.742, 334.53, 334.309, 334.077, 333.835, 333.58, 333.312, 333.029, 332.732, 332.417, 332.084, 331.731, 331.356, 330.958, 330.535, 330.084, 329.603, 329.09, 328.541, 327.954, 327.325, 326.651, 325.928, 325.152, 324.318, 323.422, 322.457, 321.418, 320.3, 319.094, 317.794, 316.392, 314.878, 313.243, 311.478, 309.57, 307.508, 305.279, 302.867, 300.259, 300.023, 300.002, 300, 300, 300, 300, 300, 300, 300, 300, 300, 300, 300, 300, 300, 300, 300, 300, 300, 300, 300, 300, 300, 300, 300, 300, 300, 300, 300, 
337.863, 337.863, 337.861, 337.857, 337.851, 337.843, 337.832, 337.819, 337.803, 337.783, 337.76, 337.734, 337.703, 337.668, 337.629, 337.584, 337.534, 337.477, 337.415, 337.345, 337.268, 337.182, 337.087, 336.983, 336.869, 336.743, 336.604, 336.453, 336.287, 336.105, 335.906, 335.699, 335.483, 335.257, 335.021, 334.773, 334.512, 334.238, 333.949, 333.643, 333.321, 332.979, 332.617, 332.232, 331.824, 331.389, 330.925, 330.431, 329.903, 329.339, 328.735, 328.088, 327.395, 326.651, 325.853, 324.995, 324.073, 323.08, 322.012, 320.861, 319.621, 318.284, 316.842, 315.285, 313.605, 311.79, 309.83, 307.711, 305.421, 302.944, 300.266, 300.024, 300.002, 300, 300, 300, 300, 300, 300, 300, 300, 300, 300, 300, 300, 300, 300, 300, 300, 300, 300, 300, 300, 300, 300, 300, 300, 300, 300, 300, 
338.861, 338.861, 338.86, 338.856, 338.85, 338.841, 338.83, 338.817, 338.8, 338.78, 338.757, 338.73, 338.698, 338.663, 338.622, 338.576, 338.525, 338.468, 338.404, 338.332, 338.253, 338.166, 338.07, 337.963, 337.846, 337.718, 337.577, 337.422, 337.253, 337.068, 336.866, 336.655, 336.434, 336.204, 335.962, 335.708, 335.442, 335.161, 334.865, 334.552, 334.221, 333.871, 333.5, 333.105, 332.686, 332.239, 331.764, 331.256, 330.713, 330.134, 329.513, 328.848, 328.136, 327.371, 326.551, 325.669, 324.721, 323.701, 322.602, 321.42, 320.145, 318.771, 317.29, 315.691, 313.965, 312.101, 310.088, 307.913, 305.562, 303.021, 300.272, 300.025, 300.002, 300, 300, 300, 300, 300, 300, 300, 300, 300, 300, 300, 300, 300, 300, 300, 300, 300, 300, 300, 300, 300, 300, 300, 300, 300, 300, 300, 
339.858, 339.858, 339.856, 339.852, 339.846, 339.837, 339.826, 339.812, 339.795, 339.775, 339.751, 339.723, 339.691, 339.654, 339.613, 339.566, 339.514, 339.455, 339.39, 339.317, 339.237, 339.148, 339.049, 338.941, 338.822, 338.691, 338.547, 338.389, 338.217, 338.028, 337.822, 337.607, 337.382, 337.147, 336.9, 336.641, 336.368, 336.081, 335.778, 335.458, 335.119, 334.761, 334.38, 333.975, 333.545, 333.087, 332.599, 332.077, 331.521, 330.925, 330.288, 329.605, 328.874, 328.088, 327.245, 326.339, 325.365, 324.318, 323.19, 321.975, 320.667, 319.256, 317.735, 316.094, 314.322, 312.41, 310.345, 308.113, 305.702, 303.097, 300.279, 300.025, 300.002, 300, 300, 300, 300, 300, 300, 300, 300, 300, 300, 300, 300, 300, 300, 300, 300, 300, 300, 300, 300, 300, 300, 300, 300, 300, 300, 300, 
340.852, 340.852, 340.85, 340.846, 340.839, 340.831, 340.819, 340.805, 340.787, 340.767, 340.742, 340.714, 340.681, 340.644, 340.602, 340.554, 340.5, 340.441, 340.374, 340.3, 340.218, 340.127, 340.026, 339.916, 339.794, 339.661, 339.514, 339.354, 339.178, 338.986, 338.776, 338.557, 338.327, 338.087, 337.835, 337.571, 337.292, 336.999, 336.689, 336.361, 336.014, 335.647, 335.257, 334.842, 334.401, 333.931, 333.43, 332.896, 332.325, 331.714, 331.06, 330.359, 329.608, 328.802, 327.936, 327.007, 326.007, 324.932, 323.774, 322.528, 321.185, 319.738, 318.177, 316.494, 314.677, 312.717, 310.599, 308.312, 305.842, 303.172, 300.286, 300.026, 300.002, 300, 300, 300, 300, 300, 300, 300, 300, 300, 300, 300, 300, 300, 300, 300, 300, 300, 300, 300, 300, 300, 300, 300, 300, 300, 300, 300, 
341.843, 341.843, 341.841, 341.837, 341.831, 341.822, 341.81, 341.795, 341.777, 341.756, 341.731, 341.702, 341.669, 341.631, 341.588, 341.539, 341.484, 341.423, 341.355, 341.28, 341.196, 341.103, 341.001, 340.888, 340.764, 340.628, 340.479, 340.315, 340.136, 339.941, 339.727, 339.504, 339.27, 339.025, 338.768, 338.498, 338.213, 337.913, 337.596, 337.261, 336.906, 336.53, 336.13, 335.706, 335.254, 334.772, 334.259, 333.711, 333.125, 332.499, 331.828, 331.109, 330.339, 329.512, 328.624, 327.671, 326.645, 325.543, 324.356, 323.078, 321.701, 320.217, 318.617, 316.892, 315.03, 313.021, 310.852, 308.51, 305.98, 303.247, 300.293, 300.026, 300.002, 300, 300, 300, 300, 300, 300, 300, 300, 300, 300, 300, 300, 300, 300, 300, 300, 300, 300, 300, 300, 300, 300, 300, 300, 300, 300, 300, 
342.832, 342.832, 342.83, 342.826, 342.819, 342.81, 342.798, 342.783, 342.765, 342.743, 342.718, 342.688, 342.654, 342.615, 342.571, 342.521, 342.466, 342.403, 342.334, 342.257, 342.171, 342.077, 341.972, 341.857, 341.731, 341.592, 341.44, 341.274, 341.092, 340.892, 340.675, 340.447, 340.209, 339.96, 339.697, 339.421, 339.131, 338.824, 338.5, 338.158, 337.795, 337.41, 337.001, 336.566, 336.103, 335.61, 335.084, 334.523, 333.922, 333.28, 332.593, 331.856, 331.066, 330.219, 329.309, 328.331, 327.281, 326.15, 324.934, 323.624, 322.213, 320.693, 319.055, 317.287, 315.381, 313.324, 311.104, 308.706, 306.118, 303.321, 300.299, 300.027, 300.002, 300, 300, 300, 300, 300, 300, 300, 300, 300, 300, 300, 300, 300, 300, 300, 300, 300, 300, 300, 300, 300, 300, 300, 300, 300, 300, 300, 
343.818, 343.818, 343.816, 343.812, 343.805, 343.795, 343.783, 343.768, 343.749, 343.727, 343.701, 343.671, 343.636, 343.597, 343.552, 343.501, 343.444, 343.381, 343.31, 343.231, 343.144, 343.047, 342.941, 342.824, 342.695, 342.554, 342.399, 342.23, 342.044, 341.841, 341.62, 341.388, 341.146, 340.891, 340.624, 340.342, 340.045, 339.732, 339.401, 339.051, 338.68, 338.286, 337.868, 337.423, 336.949, 336.445, 335.906, 335.331, 334.716, 334.058, 333.354, 332.6, 331.791, 330.922, 329.99, 328.989, 327.912, 326.755, 325.509, 324.167, 322.723, 321.167, 319.489, 317.68, 315.73, 313.625, 311.353, 308.901, 306.254, 303.395, 300.306, 300.028, 300.002, 300, 300, 300, 300, 300, 300, 300, 300, 300, 300, 300, 300, 300, 300, 300, 300, 300, 300, 300, 300, 300, 300, 300, 300, 300, 300, 300, 
344.801, 344.801, 344.799, 344.795, 344.788, 344.778, 344.766, 344.75, 344.731, 344.709, 344.682, 344.651, 344.616, 344.575, 344.529, 344.478, 344.42, 344.355, 344.283, 344.202, 344.113, 344.015, 343.907, 343.788, 343.657, 343.513, 343.355, 343.182, 342.993, 342.787, 342.562, 342.326, 342.079, 341.819, 341.547, 341.26, 340.957, 340.637, 340.299, 339.941, 339.562, 339.159, 338.732, 338.277, 337.792, 337.276, 336.724, 336.136, 335.506, 334.833, 334.112, 333.34, 332.511, 331.622, 330.668, 329.643, 328.541, 327.356, 326.08, 324.708, 323.23, 321.637, 319.921, 318.071, 316.076, 313.924, 311.601, 309.095, 306.389, 303.468, 300.312, 300.028, 300.003, 300, 300, 300, 300, 300, 300, 300, 300, 300, 300, 300, 300, 300, 300, 300, 300, 300, 300, 300, 300, 300, 300, 300, 300, 300, 300, 300, 
345.782, 345.782, 345.78, 345.775, 345.768, 345.758, 345.745, 345.73, 345.71, 345.687, 345.66, 345.628, 345.592, 345.551, 345.504, 345.451, 345.392, 345.326, 345.253, 345.171, 345.08, 344.98, 344.87, 344.748, 344.615, 344.468, 344.308, 344.132, 343.94, 343.73, 343.501, 343.261, 343.009, 342.745, 342.467, 342.174, 341.865, 341.539, 341.193, 340.828, 340.441, 340.029, 339.592, 339.127, 338.631, 338.103, 337.539, 336.937, 336.293, 335.604, 334.866, 334.076, 333.228, 332.319, 331.342, 330.293, 329.166, 327.953, 326.649, 325.245, 323.733, 322.105, 320.35, 318.459, 316.42, 314.22, 311.848, 309.287, 306.524, 303.54, 300.319, 300.029, 300.003, 300, 300, 300, 300, 300, 300, 300, 300, 300, 300, 300, 300, 300, 300, 300, 300, 300, 300, 300, 300, 300, 300, 300, 300, 300, 300, 300, 
346.759, 346.759, 346.757, 346.752, 346.745, 346.735, 346.722, 346.706, 346.686, 346.662, 346.635, 346.603, 346.566, 346.524, 346.476, 346.422, 346.362, 346.294, 346.219, 346.136, 346.044, 345.942, 345.829, 345.706, 345.57, 345.421, 345.257, 345.078, 344.883, 344.669, 344.436, 344.192, 343.936, 343.666, 343.383, 343.084, 342.769, 342.437, 342.084, 341.711, 341.316, 340.895, 340.449, 339.973, 339.467, 338.927, 338.35, 337.734, 337.076, 336.372, 335.617, 334.809, 333.942, 333.012, 332.013, 330.94, 329.787, 328.548, 327.214, 325.779, 324.234, 322.57, 320.777, 318.844, 316.761, 314.515, 312.092, 309.478, 306.657, 303.612, 300.325, 300.029, 300.003, 300, 300, 300, 300, 300, 300, 300, 300, 300, 300, 300, 300, 300, 300, 300, 300, 300, 300, 300, 300, 300, 300, 300, 300, 300, 300, 300, 
347.733, 347.733, 347.731, 347.726, 347.719, 347.709, 347.696, 347.679, 347.659, 347.635, 347.607, 347.574, 347.536, 347.493, 347.445, 347.39, 347.328, 347.26, 347.183, 347.098, 347.004, 346.9, 346.786, 346.66, 346.521, 346.37, 346.203, 346.021, 345.822, 345.605, 345.368, 345.12, 344.859, 344.585, 344.296, 343.992, 343.671, 343.331, 342.972, 342.591, 342.187, 341.758, 341.302, 340.816, 340.299, 339.747, 339.158, 338.528, 337.855, 337.135, 336.364, 335.538, 334.652, 333.701, 332.68, 331.584, 330.405, 329.139, 327.776, 326.31, 324.731, 323.032, 321.2, 319.227, 317.101, 314.808, 312.335, 309.667, 306.789, 303.684, 300.332, 300.03, 300.003, 300, 300, 300, 300, 300, 300, 300, 300, 300, 300, 300, 300, 300, 300, 300, 300, 300, 300, 300, 300, 300, 300, 300, 300, 300, 300, 300, 
348.704, 348.704, 348.702, 348.697, 348.69, 348.679, 348.666, 348.649, 348.628, 348.604, 348.575, 348.542, 348.503, 348.459, 348.41, 348.354, 348.291, 348.221, 348.143, 348.057, 347.961, 347.855, 347.739, 347.611, 347.47, 347.315, 347.146, 346.961, 346.759, 346.538, 346.297, 346.044, 345.779, 345.499, 345.205, 344.895, 344.568, 344.222, 343.855, 343.467, 343.055, 342.617, 342.151, 341.655, 341.127, 340.563, 339.961, 339.318, 338.631, 337.895, 337.107, 336.263, 335.358, 334.386, 333.344, 332.224, 331.02, 329.726, 328.335, 326.837, 325.226, 323.49, 321.621, 319.608, 317.438, 315.098, 312.576, 309.855, 306.921, 303.755, 300.338, 300.03, 300.003, 300, 300, 300, 300, 300, 300, 300, 300, 300, 300, 300, 300, 300, 300, 300, 300, 300, 300, 300, 300, 300, 300, 300, 300, 300, 300, 300, 
349.672, 349.672, 349.67, 349.665, 349.657, 349.647, 349.633, 349.616, 349.595, 349.57, 349.54, 349.506, 349.467, 349.422, 349.372, 349.315, 349.251, 349.18, 349.1, 349.012, 348.915, 348.807, 348.689, 348.558, 348.415, 348.258, 348.085, 347.897, 347.691, 347.467, 347.222, 346.965, 346.695, 346.411, 346.111, 345.795, 345.462, 345.109, 344.735, 344.339, 343.919, 343.472, 342.997, 342.491, 341.951, 341.376, 340.761, 340.105, 339.403, 338.651, 337.847, 336.985, 336.06, 335.068, 334.003, 332.86, 331.631, 330.31, 328.89, 327.362, 325.717, 323.946, 322.04, 319.986, 317.772, 315.387, 312.815, 310.042, 307.051, 303.825, 300.344, 300.031, 300.003, 300, 300, 300, 300, 300, 300, 300, 300, 300, 300, 300, 300, 300, 300, 300, 300, 300, 300, 300, 300, 300, 300, 300, 300, 300, 300, 300, 
350.637, 350.637, 350.634, 350.629, 350.621, 350.611, 350.597, 350.579, 350.558, 350.532, 350.502, 350.467, 350.427, 350.382, 350.33, 350.272, 350.207, 350.135, 350.054, 349.964, 349.865, 349.755, 349.635, 349.502, 349.356, 349.196, 349.021, 348.83, 348.621, 348.392, 348.143, 347.882, 347.607, 347.318, 347.013, 346.692, 346.352, 345.992, 345.612, 345.208, 344.779, 344.323, 343.838, 343.322, 342.772, 342.184, 341.557, 340.887, 340.171, 339.404, 338.582, 337.702, 336.759, 335.746, 334.659, 333.492, 332.239, 330.891, 329.442, 327.883, 326.205, 324.399, 322.455, 320.361, 318.104, 315.673, 313.052, 310.227, 307.181, 303.895, 300.35, 300.032, 300.003, 300, 300, 300, 300, 300, 300, 300, 300, 300, 300, 300, 300, 300, 300, 300, 300, 300, 300, 300, 300, 300, 300, 300, 300, 300, 300, 300, 
351.598, 351.598, 351.595, 351.59, 351.582, 351.571, 351.557, 351.539, 351.517, 351.491, 351.46, 351.425, 351.384, 351.338, 351.285, 351.226, 351.16, 351.086, 351.004, 350.913, 350.812, 350.7, 350.577, 350.442, 350.294, 350.131, 349.953, 349.759, 349.546, 349.314, 349.061, 348.795, 348.516, 348.222, 347.912, 347.584, 347.238, 346.872, 346.484, 346.072, 345.635, 345.171, 344.676, 344.149, 343.588, 342.989, 342.349, 341.666, 340.934, 340.152, 339.314, 338.416, 337.453, 336.42, 335.312, 334.121, 332.842, 331.468, 329.99, 328.4, 326.69, 324.849, 322.867, 320.733, 318.434, 315.957, 313.288, 310.411, 307.309, 303.964, 300.357, 300.032, 300.003, 300, 300, 300, 300, 300, 300, 300, 300, 300, 300, 300, 300, 300, 300, 300, 300, 300, 300, 300, 300, 300, 300, 300, 300, 300, 300, 300, 
352.555, 352.555, 352.552, 352.547, 352.539, 352.528, 352.513, 352.495, 352.473, 352.446, 352.415, 352.379, 352.338, 352.29, 352.237, 352.177, 352.109, 352.034, 351.95, 351.857, 351.755, 351.641, 351.516, 351.379, 351.228, 351.063, 350.882, 350.684, 350.468, 350.232, 349.975, 349.705, 349.421, 349.122, 348.806, 348.473, 348.121, 347.748, 347.352, 346.933, 346.488, 346.014, 345.51, 344.973, 344.401, 343.79, 343.137, 342.44, 341.694, 340.896, 340.042, 339.126, 338.144, 337.091, 335.96, 334.746, 333.442, 332.041, 330.535, 328.915, 327.172, 325.296, 323.277, 321.103, 318.762, 316.24, 313.522, 310.593, 307.436, 304.033, 300.363, 300.033, 300.003, 300, 300, 300, 300, 300, 300, 300, 300, 300, 300, 300, 300, 300, 300, 300, 300, 300, 300, 300, 300, 300, 300, 300, 300, 300, 300, 300, 
353.509, 353.509, 353.506, 353.501, 353.492, 353.481, 353.466, 353.447, 353.425, 353.398, 353.366, 353.329, 353.287, 353.239, 353.185, 353.123, 353.055, 352.978, 352.893, 352.798, 352.694, 352.578, 352.451, 352.311, 352.158, 351.99, 351.806, 351.605, 351.385, 351.146, 350.885, 350.61, 350.322, 350.017, 349.697, 349.357, 348.999, 348.619, 348.217, 347.79, 347.336, 346.853, 346.34, 345.792, 345.209, 344.586, 343.921, 343.21, 342.45, 341.637, 340.765, 339.832, 338.831, 337.757, 336.605, 335.368, 334.039, 332.611, 331.076, 329.426, 327.65, 325.74, 323.684, 321.471, 319.087, 316.52, 313.754, 310.774, 307.563, 304.101, 300.369, 300.033, 300.003, 300, 300, 300, 300, 300, 300, 300, 300, 300, 300, 300, 300, 300, 300, 300, 300, 300, 300, 300, 300, 300, 300, 300, 300, 300, 300, 300, 
354.458, 354.458, 354.456, 354.45, 354.442, 354.43, 354.415, 354.396, 354.373, 354.345, 354.313, 354.276, 354.233, 354.184, 354.128, 354.066, 353.996, 353.918, 353.831, 353.735, 353.629, 353.512, 353.382, 353.24, 353.084, 352.914, 352.727, 352.522, 352.299, 352.056, 351.791, 351.512, 351.219, 350.909, 350.583, 350.238, 349.873, 349.487, 349.077, 348.642, 348.18, 347.688, 347.165, 346.608, 346.013, 345.379, 344.701, 343.977, 343.202, 342.373, 341.485, 340.533, 339.514, 338.42, 337.246, 335.985, 334.632, 333.177, 331.614, 329.933, 328.125, 326.181, 324.088, 321.835, 319.41, 316.798, 313.985, 310.954, 307.688, 304.168, 300.375, 300.034, 300.003, 300, 300, 300, 300, 300, 300, 300, 300, 300, 300, 300, 300, 300, 300, 300, 300, 300, 300, 300, 300, 300, 300, 300, 300, 300, 300, 300, 
355.404, 355.404, 355.402, 355.396, 355.388, 355.376, 355.36, 355.341, 355.317, 355.289, 355.256, 355.218, 355.175, 355.125, 355.068, 355.005, 354.934, 354.854, 354.766, 354.668, 354.56, 354.441, 354.309, 354.165, 354.007, 353.833, 353.643, 353.436, 353.209, 352.962, 352.693, 352.41, 352.111, 351.797, 351.465, 351.114, 350.743, 350.35, 349.933, 349.49, 349.02, 348.519, 347.987, 347.419, 346.813, 346.167, 345.477, 344.739, 343.949, 343.105, 342.2, 341.231, 340.192, 339.078, 337.882, 336.599, 335.22, 333.74, 332.148, 330.437, 328.597, 326.618, 324.489, 322.197, 319.73, 317.074, 314.213, 311.132, 307.812, 304.235, 300.381, 300.034, 300.003, 300, 300, 300, 300, 300, 300, 300, 300, 300, 300, 300, 300, 300, 300, 300, 300, 300, 300, 300, 300, 300, 300, 300, 300, 300, 300, 300, 
356.346, 356.346, 356.344, 356.338, 356.329, 356.317, 356.301, 356.282, 356.258, 356.229, 356.196, 356.157, 356.112, 356.062, 356.004, 355.94, 355.867, 355.787, 355.697, 355.597, 355.487, 355.366, 355.233, 355.086, 354.925, 354.748, 354.556, 354.345, 354.115, 353.864, 353.59, 353.303, 353, 352.681, 352.343, 351.987, 351.609, 351.209, 350.785, 350.334, 349.855, 349.346, 348.804, 348.226, 347.609, 346.951, 346.248, 345.496, 344.693, 343.833, 342.912, 341.925, 340.867, 339.732, 338.515, 337.209, 335.805, 334.298, 332.679, 330.938, 329.066, 327.053, 324.887, 322.556, 320.048, 317.348, 314.44, 311.308, 307.936, 304.302, 300.387, 300.035, 300.003, 300, 300, 300, 300, 300, 300, 300, 300, 300, 300, 300, 300, 300, 300, 300, 300, 300, 300, 300, 300, 300, 300, 300, 300, 300, 300, 300, 
357.284, 357.284, 357.282, 357.276, 357.267, 357.255, 357.239, 357.218, 357.194, 357.165, 357.131, 357.091, 357.046, 356.995, 356.936, 356.871, 356.797, 356.715, 356.624, 356.522, 356.411, 356.287, 356.152, 356.002, 355.839, 355.66, 355.464, 355.25, 355.016, 354.761, 354.484, 354.192, 353.884, 353.56, 353.217, 352.855, 352.471, 352.064, 351.632, 351.174, 350.687, 350.168, 349.616, 349.028, 348.4, 347.73, 347.015, 346.25, 345.432, 344.556, 343.619, 342.614, 341.537, 340.383, 339.144, 337.814, 336.387, 334.853, 333.206, 331.435, 329.531, 327.484, 325.282, 322.913, 320.363, 317.619, 314.665, 311.484, 308.058, 304.368, 300.393, 300.035, 300.003, 300, 300, 300, 300, 300, 300, 300, 300, 300, 300, 300, 300, 300, 300, 300, 300, 300, 300, 300, 300, 300, 300, 300, 300, 300, 300, 300, 
358.218, 358.218, 358.215, 358.21, 358.201, 358.188, 358.172, 358.151, 358.126, 358.097, 358.062, 358.022, 357.976, 357.923, 357.864, 357.797, 357.722, 357.639, 357.546, 357.443, 357.33, 357.204, 357.066, 356.915, 356.749, 356.567, 356.368, 356.15, 355.913, 355.655, 355.373, 355.077, 354.764, 354.435, 354.086, 353.718, 353.328, 352.914, 352.475, 352.009, 351.514, 350.986, 350.425, 349.826, 349.187, 348.506, 347.777, 346.999, 346.166, 345.275, 344.321, 343.299, 342.204, 341.029, 339.769, 338.416, 336.964, 335.405, 333.729, 331.929, 329.993, 327.913, 325.675, 323.267, 320.677, 317.889, 314.888, 311.657, 308.179, 304.433, 300.398, 300.036, 300.003, 300, 300, 300, 300, 300, 300, 300, 300, 300, 300, 300, 300, 300, 300, 300, 300, 300, 300, 300, 300, 300, 300, 300, 300, 300, 300, 300, 
359.148, 359.148, 359.145, 359.139, 359.13, 359.117, 359.1, 359.08, 359.054, 359.024, 358.989, 358.948, 358.901, 358.848, 358.787, 358.719, 358.643, 358.558, 358.464, 358.36, 358.244, 358.117, 357.977, 357.823, 357.654, 357.469, 357.267, 357.047, 356.806, 356.544, 356.258, 355.957, 355.64, 355.305, 354.951, 354.577, 354.181, 353.76, 353.314, 352.84, 352.336, 351.8, 351.229, 350.62, 349.97, 349.276, 348.536, 347.744, 346.897, 345.99, 345.02, 343.98, 342.866, 341.671, 340.389, 339.014, 337.538, 335.952, 334.249, 332.419, 330.452, 328.338, 326.064, 323.618, 320.987, 318.156, 315.109, 311.83, 308.299, 304.498, 300.404, 300.036, 300.003, 300, 300, 300, 300, 300, 300, 300, 300, 300, 300, 300, 300, 300, 300, 300, 300, 300, 300, 300, 300, 300, 300, 300, 300, 300, 300, 300, 
360.073, 360.073, 360.07, 360.064, 360.055, 360.042, 360.025, 360.004, 359.978, 359.947, 359.911, 359.87, 359.822, 359.768, 359.706, 359.637, 359.56, 359.474, 359.378, 359.272, 359.154, 359.025, 358.883, 358.726, 358.555, 358.367, 358.162, 357.938, 357.694, 357.428, 357.138, 356.833, 356.511, 356.171, 355.812, 355.432, 355.029, 354.602, 354.148, 353.666, 353.154, 352.609, 352.028, 351.409, 350.748, 350.043, 349.289, 348.484, 347.623, 346.701, 345.714, 344.657, 343.524, 342.309, 341.006, 339.608, 338.107, 336.496, 334.765, 332.906, 330.907, 328.76, 326.45, 323.967, 321.295, 318.421, 315.329, 312.001, 308.418, 304.562, 300.41, 300.037, 300.003, 300, 300, 300, 300, 300, 300, 300, 300, 300, 300, 300, 300, 300, 300, 300, 300, 300, 300, 300, 300, 300, 300, 300, 300, 300, 300, 300, 
360.994, 360.994, 360.991, 360.985, 360.975, 360.962, 360.945, 360.923, 360.897, 360.866, 360.829, 360.787, 360.739, 360.683, 360.621, 360.551, 360.472, 360.385, 360.287, 360.179, 360.06, 359.929, 359.784, 359.625, 359.452, 359.261, 359.053, 358.826, 358.578, 358.308, 358.014, 357.704, 357.378, 357.033, 356.668, 356.282, 355.872, 355.438, 354.978, 354.488, 353.967, 353.413, 352.823, 352.193, 351.521, 350.804, 350.038, 349.22, 348.344, 347.407, 346.403, 345.329, 344.177, 342.942, 341.618, 340.197, 338.673, 337.036, 335.277, 333.389, 331.359, 329.178, 326.834, 324.312, 321.601, 318.684, 315.547, 312.17, 308.537, 304.626, 300.415, 300.037, 300.003, 300, 300, 300, 300, 300, 300, 300, 300, 300, 300, 300, 300, 300, 300, 300, 300, 300, 300, 300, 300, 300, 300, 300, 300, 300, 300, 300, 
361.91, 361.91, 361.907, 361.901, 361.891, 361.878, 361.86, 361.838, 361.812, 361.78, 361.743, 361.7, 361.651, 361.595, 361.531, 361.46, 361.38, 361.291, 361.192, 361.082, 360.961, 360.828, 360.681, 360.52, 360.343, 360.15, 359.939, 359.708, 359.457, 359.183, 358.885, 358.571, 358.24, 357.889, 357.519, 357.127, 356.711, 356.271, 355.803, 355.305, 354.776, 354.213, 353.613, 352.973, 352.29, 351.561, 350.783, 349.951, 349.061, 348.108, 347.089, 345.997, 344.826, 343.572, 342.226, 340.783, 339.234, 337.571, 335.786, 333.868, 331.808, 329.594, 327.214, 324.655, 321.904, 318.945, 315.762, 312.338, 308.654, 304.689, 300.421, 300.038, 300.003, 300, 300, 300, 300, 300, 300, 300, 300, 300, 300, 300, 300, 300, 300, 300, 300, 300, 300, 300, 300, 300, 300, 300, 300, 300, 300, 300, 
362.822, 362.822, 362.819, 362.813, 362.803, 362.789, 362.771, 362.749, 362.722, 362.69, 362.652, 362.608, 362.558, 362.501, 362.437, 362.364, 362.283, 362.192, 362.092, 361.981, 361.858, 361.722, 361.573, 361.41, 361.231, 361.035, 360.82, 360.586, 360.332, 360.054, 359.752, 359.433, 359.097, 358.741, 358.365, 357.967, 357.546, 357.098, 356.623, 356.117, 355.58, 355.008, 354.398, 353.748, 353.054, 352.314, 351.523, 350.677, 349.773, 348.805, 347.769, 346.66, 345.471, 344.197, 342.83, 341.365, 339.792, 338.103, 336.291, 334.344, 332.253, 330.006, 327.591, 324.996, 322.205, 319.204, 315.976, 312.505, 308.77, 304.751, 300.427, 300.038, 300.003, 300, 300, 300, 300, 300, 300, 300, 300, 300, 300, 300, 300, 300, 300, 300, 300, 300, 300, 300, 300, 300, 300, 300, 300, 300, 300, 300, 
363.729, 363.729, 363.726, 363.72, 363.71, 363.696, 363.677, 363.655, 363.627, 363.595, 363.556, 363.512, 363.461, 363.403, 363.337, 363.264, 363.181, 363.089, 362.987, 362.874, 362.75, 362.612, 362.461, 362.295, 362.113, 361.914, 361.697, 361.46, 361.201, 360.92, 360.613, 360.29, 359.949, 359.589, 359.207, 358.803, 358.375, 357.921, 357.438, 356.925, 356.379, 355.798, 355.179, 354.518, 353.814, 353.062, 352.258, 351.399, 350.48, 349.498, 348.446, 347.319, 346.111, 344.817, 343.43, 341.942, 340.345, 338.632, 336.792, 334.817, 332.695, 330.415, 327.966, 325.333, 322.503, 319.461, 316.189, 312.67, 308.885, 304.813, 300.432, 300.039, 300.003, 300, 300, 300, 300, 300, 300, 300, 300, 300, 300, 300, 300, 300, 300, 300, 300, 300, 300, 300, 300, 300, 300, 300, 300, 300, 300, 300, 
364.632, 364.632, 364.628, 364.622, 364.612, 364.597, 364.579, 364.556, 364.528, 364.495, 364.456, 364.411, 364.359, 364.3, 364.233, 364.159, 364.075, 363.982, 363.878, 363.763, 363.637, 363.497, 363.344, 363.175, 362.991, 362.789, 362.569, 362.328, 362.066, 361.781, 361.47, 361.142, 360.797, 360.431, 360.044, 359.634, 359.199, 358.738, 358.248, 357.727, 357.173, 356.583, 355.954, 355.284, 354.568, 353.804, 352.988, 352.116, 351.183, 350.185, 349.117, 347.973, 346.747, 345.434, 344.025, 342.515, 340.895, 339.156, 337.289, 335.285, 333.133, 330.821, 328.337, 325.668, 322.799, 319.715, 316.399, 312.834, 308.999, 304.874, 300.438, 300.039, 300.004, 300, 300, 300, 300, 300, 300, 300, 300, 300, 300, 300, 300, 300, 300, 300, 300, 300, 300, 300, 300, 300, 300, 300, 300, 300, 300, 300, 
365.529, 365.529, 365.526, 365.519, 365.509, 365.494, 365.476, 365.452, 365.424, 365.39, 365.35, 365.305, 365.252, 365.192, 365.125, 365.049, 364.964, 364.869, 364.764, 364.647, 364.519, 364.377, 364.221, 364.051, 363.864, 363.659, 363.435, 363.192, 362.926, 362.637, 362.322, 361.99, 361.639, 361.268, 360.876, 360.46, 360.019, 359.551, 359.054, 358.525, 357.962, 357.363, 356.725, 356.044, 355.318, 354.542, 353.714, 352.829, 351.882, 350.868, 349.784, 348.623, 347.379, 346.046, 344.616, 343.084, 341.44, 339.676, 337.783, 335.75, 333.568, 331.224, 328.705, 326, 323.092, 319.967, 316.608, 312.996, 309.112, 304.935, 300.443, 300.04, 300.004, 300, 300, 300, 300, 300, 300, 300, 300, 300, 300, 300, 300, 300, 300, 300, 300, 300, 300, 300, 300, 300, 300, 300, 300, 300, 300, 300, 
366.422, 366.422, 366.419, 366.412, 366.401, 366.386, 366.367, 366.344, 366.315, 366.28, 366.24, 366.194, 366.14, 366.079, 366.011, 365.934, 365.847, 365.751, 365.644, 365.526, 365.396, 365.252, 365.094, 364.921, 364.731, 364.524, 364.297, 364.05, 363.781, 363.488, 363.169, 362.832, 362.477, 362.101, 361.703, 361.281, 360.834, 360.359, 359.854, 359.318, 358.747, 358.139, 357.491, 356.8, 356.063, 355.276, 354.435, 353.536, 352.575, 351.547, 350.446, 349.268, 348.006, 346.653, 345.203, 343.649, 341.981, 340.192, 338.272, 336.212, 333.999, 331.623, 329.071, 326.329, 323.383, 320.217, 316.814, 313.156, 309.224, 304.995, 300.448, 300.04, 300.004, 300, 300, 300, 300, 300, 300, 300, 300, 300, 300, 300, 300, 300, 300, 300, 300, 300, 300, 300, 300, 300, 300, 300, 300, 300, 300, 300, 
367.31, 367.31, 367.306, 367.299, 367.288, 367.274, 367.254, 367.23, 367.201, 367.166, 367.125, 367.078, 367.023, 366.962, 366.892, 366.814, 366.726, 366.629, 366.52, 366.4, 366.268, 366.122, 365.962, 365.787, 365.594, 365.384, 365.154, 364.904, 364.631, 364.334, 364.011, 363.67, 363.309, 362.928, 362.525, 362.097, 361.643, 361.162, 360.65, 360.105, 359.526, 358.909, 358.252, 357.551, 356.803, 356.004, 355.151, 354.239, 353.264, 352.22, 351.104, 349.908, 348.628, 347.256, 345.786, 344.209, 342.518, 340.704, 338.758, 336.669, 334.427, 332.019, 329.433, 326.655, 323.671, 320.465, 317.019, 313.316, 309.335, 305.055, 300.454, 300.041, 300.004, 300, 300, 300, 300, 300, 300, 300, 300, 300, 300, 300, 300, 300, 300, 300, 300, 300, 300, 300, 300, 300, 300, 300, 300, 300, 300, 300, 
368.192, 368.192, 368.189, 368.182, 368.171, 368.156, 368.136, 368.111, 368.082, 368.046, 368.005, 367.957, 367.902, 367.839, 367.768, 367.689, 367.6, 367.501, 367.391, 367.269, 367.135, 366.987, 366.825, 366.647, 366.452, 366.239, 366.006, 365.752, 365.475, 365.174, 364.847, 364.502, 364.137, 363.75, 363.341, 362.908, 362.448, 361.959, 361.44, 360.888, 360.3, 359.675, 359.008, 358.296, 357.537, 356.727, 355.862, 354.936, 353.947, 352.889, 351.757, 350.544, 349.246, 347.855, 346.364, 344.765, 343.051, 341.213, 339.24, 337.123, 334.851, 332.412, 329.792, 326.979, 323.957, 320.71, 317.222, 313.474, 309.445, 305.114, 300.459, 300.041, 300.004, 300, 300, 300, 300, 300, 300, 300, 300, 300, 300, 300, 300, 300, 300, 300, 300, 300, 300, 300, 300, 300, 300, 300, 300, 300, 300, 300, 
369.07, 369.07, 369.066, 369.059, 369.048, 369.032, 369.012, 368.988, 368.957, 368.921, 368.879, 368.83, 368.774, 368.711, 368.639, 368.559, 368.468, 368.368, 368.256, 368.133, 367.997, 367.847, 367.682, 367.502, 367.304, 367.088, 366.852, 366.595, 366.315, 366.01, 365.679, 365.329, 364.959, 364.567, 364.153, 363.713, 363.247, 362.752, 362.225, 361.665, 361.069, 360.435, 359.758, 359.037, 358.267, 357.445, 356.568, 355.629, 354.626, 353.553, 352.405, 351.175, 349.859, 348.448, 346.937, 345.317, 343.58, 341.717, 339.718, 337.573, 335.272, 332.801, 330.148, 327.3, 324.24, 320.954, 317.423, 313.63, 309.554, 305.173, 300.464, 300.042, 300.004, 300, 300, 300, 300, 300, 300, 300, 300, 300, 300, 300, 300, 300, 300, 300, 300, 300, 300, 300, 300, 300, 300, 300, 300, 300, 300, 300, 
369.942, 369.942, 369.938, 369.931, 369.92, 369.904, 369.884, 369.858, 369.828, 369.791, 369.748, 369.699, 369.642, 369.578, 369.505, 369.423, 369.332, 369.23, 369.117, 368.992, 368.854, 368.702, 368.535, 368.352, 368.151, 367.932, 367.693, 367.433, 367.149, 366.84, 366.505, 366.15, 365.776, 365.379, 364.959, 364.514, 364.041, 363.539, 363.005, 362.438, 361.833, 361.19, 360.504, 359.772, 358.992, 358.159, 357.268, 356.317, 355.3, 354.212, 353.048, 351.802, 350.467, 349.038, 347.506, 345.864, 344.104, 342.217, 340.192, 338.02, 335.689, 333.187, 330.501, 327.618, 324.521, 321.195, 317.623, 313.785, 309.661, 305.231, 300.469, 300.042, 300.004, 300, 300, 300, 300, 300, 300, 300, 300, 300, 300, 300, 300, 300, 300, 300, 300, 300, 300, 300, 300, 300, 300, 300, 300, 300, 300, 300, 
370.809, 370.809, 370.805, 370.798, 370.786, 370.771, 370.75, 370.724, 370.693, 370.656, 370.612, 370.562, 370.505, 370.439, 370.365, 370.282, 370.19, 370.086, 369.972, 369.845, 369.705, 369.551, 369.382, 369.196, 368.993, 368.771, 368.529, 368.265, 367.978, 367.665, 367.326, 366.967, 366.587, 366.186, 365.76, 365.309, 364.829, 364.321, 363.78, 363.204, 362.592, 361.94, 361.244, 360.503, 359.712, 358.867, 357.964, 357, 355.969, 354.866, 353.686, 352.423, 351.071, 349.623, 348.071, 346.408, 344.625, 342.713, 340.662, 338.463, 336.103, 333.57, 330.851, 327.933, 324.799, 321.434, 317.82, 313.938, 309.768, 305.288, 300.474, 300.043, 300.004, 300, 300, 300, 300, 300, 300, 300, 300, 300, 300, 300, 300, 300, 300, 300, 300, 300, 300, 300, 300, 300, 300, 300, 300, 300, 300, 300, 
371.67, 371.67, 371.667, 371.659, 371.648, 371.632, 371.611, 371.585, 371.553, 371.515, 371.471, 371.42, 371.362, 371.295, 371.22, 371.136, 371.042, 370.937, 370.821, 370.693, 370.551, 370.395, 370.223, 370.035, 369.83, 369.605, 369.36, 369.093, 368.802, 368.485, 368.141, 367.778, 367.394, 366.987, 366.555, 366.098, 365.613, 365.097, 364.549, 363.966, 363.345, 362.684, 361.979, 361.228, 360.426, 359.57, 358.655, 357.678, 356.633, 355.516, 354.32, 353.04, 351.67, 350.203, 348.631, 346.946, 345.141, 343.205, 341.129, 338.902, 336.513, 333.949, 331.198, 328.245, 325.075, 321.671, 318.016, 314.09, 309.874, 305.345, 300.479, 300.043, 300.004, 300, 300, 300, 300, 300, 300, 300, 300, 300, 300, 300, 300, 300, 300, 300, 300, 300, 300, 300, 300, 300, 300, 300, 300, 300, 300, 300, 
372.527, 372.527, 372.523, 372.515, 372.504, 372.487, 372.466, 372.439, 372.407, 372.369, 372.324, 372.273, 372.213, 372.146, 372.07, 371.985, 371.889, 371.783, 371.665, 371.535, 371.391, 371.233, 371.06, 370.869, 370.661, 370.433, 370.185, 369.914, 369.62, 369.299, 368.951, 368.583, 368.194, 367.782, 367.346, 366.882, 366.391, 365.868, 365.313, 364.722, 364.093, 363.423, 362.709, 361.948, 361.135, 360.267, 359.341, 358.351, 357.292, 356.16, 354.949, 353.652, 352.265, 350.778, 349.186, 347.481, 345.652, 343.692, 341.591, 339.337, 336.919, 334.325, 331.542, 328.555, 325.348, 321.906, 318.21, 314.241, 309.979, 305.401, 300.484, 300.043, 300.004, 300, 300, 300, 300, 300, 300, 300, 300, 300, 300, 300, 300, 300, 300, 300, 300, 300, 300, 300, 300, 300, 300, 300, 300, 300, 300, 300, 
373.377, 373.377, 373.374, 373.366, 373.354, 373.337, 373.316, 373.289, 373.256, 373.218, 373.172, 373.12, 373.06, 372.991, 372.914, 372.828, 372.731, 372.623, 372.504, 372.372, 372.226, 372.066, 371.89, 371.697, 371.486, 371.256, 371.005, 370.731, 370.432, 370.108, 369.756, 369.384, 368.99, 368.572, 368.13, 367.661, 367.163, 366.634, 366.072, 365.473, 364.836, 364.157, 363.434, 362.662, 361.839, 360.96, 360.021, 359.018, 357.946, 356.799, 355.572, 354.26, 352.854, 351.349, 349.738, 348.011, 346.16, 344.176, 342.049, 339.768, 337.322, 334.698, 331.883, 328.861, 325.619, 322.138, 318.402, 314.39, 310.083, 305.457, 300.489, 300.044, 300.004, 300, 300, 300, 300, 300, 300, 300, 300, 300, 300, 300, 300, 300, 300, 300, 300, 300, 300, 300, 300, 300, 300, 300, 300, 300, 300, 300, 
374.222, 374.222, 374.219, 374.211, 374.199, 374.182, 374.16, 374.133, 374.1, 374.06, 374.014, 373.961, 373.9, 373.831, 373.753, 373.665, 373.567, 373.458, 373.337, 373.203, 373.056, 372.893, 372.715, 372.52, 372.306, 372.073, 371.819, 371.541, 371.239, 370.911, 370.555, 370.178, 369.779, 369.357, 368.909, 368.435, 367.93, 367.394, 366.825, 366.219, 365.573, 364.886, 364.153, 363.372, 362.538, 361.647, 360.697, 359.681, 358.595, 357.433, 356.191, 354.862, 353.439, 351.916, 350.284, 348.536, 346.663, 344.656, 342.504, 340.196, 337.722, 335.067, 332.22, 329.165, 325.887, 322.368, 318.592, 314.538, 310.185, 305.512, 300.494, 300.044, 300.004, 300, 300, 300, 300, 300, 300, 300, 300, 300, 300, 300, 300, 300, 300, 300, 300, 300, 300, 300, 300, 300, 300, 300, 300, 300, 300, 300, 
375.062, 375.062, 375.058, 375.05, 375.038, 375.021, 374.999, 374.971, 374.937, 374.898, 374.851, 374.797, 374.735, 374.665, 374.586, 374.497, 374.398, 374.287, 374.165, 374.029, 373.88, 373.715, 373.535, 373.337, 373.121, 372.885, 372.627, 372.346, 372.041, 371.709, 371.348, 370.967, 370.564, 370.136, 369.683, 369.202, 368.692, 368.149, 367.572, 366.959, 366.305, 365.609, 364.867, 364.075, 363.231, 362.329, 361.367, 360.338, 359.238, 358.063, 356.805, 355.459, 354.019, 352.477, 350.826, 349.057, 347.162, 345.131, 342.954, 340.62, 338.118, 335.434, 332.555, 329.466, 326.152, 322.596, 318.78, 314.684, 310.287, 305.567, 300.499, 300.045, 300.004, 300, 300, 300, 300, 300, 300, 300, 300, 300, 300, 300, 300, 300, 300, 300, 300, 300, 300, 300, 300, 300, 300, 300, 300, 300, 300, 300, 
375.896, 375.896, 375.892, 375.884, 375.871, 375.854, 375.832, 375.804, 375.77, 375.729, 375.682, 375.627, 375.565, 375.493, 375.413, 375.323, 375.222, 375.111, 374.986, 374.849, 374.698, 374.531, 374.348, 374.148, 373.929, 373.69, 373.43, 373.146, 372.837, 372.501, 372.136, 371.75, 371.342, 370.91, 370.451, 369.964, 369.448, 368.898, 368.314, 367.693, 367.031, 366.326, 365.575, 364.774, 363.919, 363.006, 362.031, 360.99, 359.877, 358.687, 357.414, 356.052, 354.594, 353.034, 351.363, 349.574, 347.657, 345.602, 343.401, 341.04, 338.51, 335.796, 332.886, 329.764, 326.415, 322.822, 318.967, 314.829, 310.388, 305.621, 300.504, 300.045, 300.004, 300, 300, 300, 300, 300, 300, 300, 300, 300, 300, 300, 300, 300, 300, 300, 300, 300, 300, 300, 300, 300, 300, 300, 300, 300, 300, 300, 
376.724, 376.724, 376.72, 376.712, 376.699, 376.682, 376.659, 376.63, 376.596, 376.555, 376.507, 376.452, 376.388, 376.316, 376.235, 376.144, 376.042, 375.928, 375.802, 375.663, 375.51, 375.342, 375.157, 374.954, 374.732, 374.49, 374.227, 373.939, 373.627, 373.287, 372.918, 372.528, 372.115, 371.677, 371.213, 370.721, 370.198, 369.642, 369.051, 368.422, 367.752, 367.038, 366.278, 365.467, 364.601, 363.677, 362.691, 361.637, 360.51, 359.306, 358.018, 356.64, 355.165, 353.586, 351.896, 350.086, 348.147, 346.069, 343.843, 341.457, 338.899, 336.156, 333.214, 330.06, 326.676, 323.046, 319.151, 314.972, 310.487, 305.674, 300.508, 300.046, 300.004, 300, 300, 300, 300, 300, 300, 300, 300, 300, 300, 300, 300, 300, 300, 300, 300, 300, 300, 300, 300, 300, 300, 300, 300, 300, 300, 300, 
377.546, 377.546, 377.542, 377.534, 377.521, 377.503, 377.48, 377.451, 377.416, 377.375, 377.326, 377.27, 377.206, 377.133, 377.051, 376.958, 376.855, 376.74, 376.613, 376.472, 376.317, 376.146, 375.959, 375.754, 375.529, 375.285, 375.018, 374.727, 374.411, 374.067, 373.694, 373.3, 372.882, 372.439, 371.97, 371.472, 370.942, 370.38, 369.782, 369.145, 368.467, 367.745, 366.975, 366.154, 365.278, 364.343, 363.345, 362.278, 361.138, 359.92, 358.616, 357.222, 355.73, 354.134, 352.424, 350.594, 348.633, 346.532, 344.281, 341.869, 339.284, 336.512, 333.54, 330.352, 326.934, 323.267, 319.334, 315.114, 310.586, 305.727, 300.513, 300.046, 300.004, 300, 300, 300, 300, 300, 300, 300, 300, 300, 300, 300, 300, 300, 300, 300, 300, 300, 300, 300, 300, 300, 300, 300, 300, 300, 300, 300, 
378.363, 378.363, 378.359, 378.35, 378.337, 378.319, 378.296, 378.267, 378.231, 378.189, 378.14, 378.083, 378.018, 377.944, 377.86, 377.767, 377.662, 377.546, 377.417, 377.274, 377.117, 376.945, 376.755, 376.548, 376.321, 376.073, 375.803, 375.509, 375.189, 374.842, 374.465, 374.066, 373.643, 373.196, 372.721, 372.217, 371.681, 371.112, 370.507, 369.863, 369.177, 368.446, 367.667, 366.836, 365.95, 365.004, 363.994, 362.914, 361.761, 360.528, 359.21, 357.8, 356.291, 354.676, 352.948, 351.097, 349.114, 346.991, 344.716, 342.278, 339.665, 336.864, 333.862, 330.642, 327.19, 323.487, 319.515, 315.255, 310.684, 305.78, 300.518, 300.046, 300.004, 300, 300, 300, 300, 300, 300, 300, 300, 300, 300, 300, 300, 300, 300, 300, 300, 300, 300, 300, 300, 300, 300, 300, 300, 300, 300, 300, 
379.173, 379.173, 379.169, 379.161, 379.148, 379.129, 379.105, 379.076, 379.04, 378.997, 378.948, 378.89, 378.824, 378.749, 378.665, 378.57, 378.464, 378.346, 378.215, 378.071, 377.912, 377.737, 377.546, 377.336, 377.106, 376.856, 376.583, 376.285, 375.962, 375.611, 375.23, 374.826, 374.399, 373.946, 373.466, 372.956, 372.414, 371.839, 371.226, 370.574, 369.881, 369.141, 368.353, 367.513, 366.616, 365.659, 364.637, 363.545, 362.379, 361.132, 359.799, 358.373, 356.847, 355.214, 353.466, 351.595, 349.592, 347.445, 345.146, 342.683, 340.043, 337.214, 334.181, 330.929, 327.443, 323.704, 319.694, 315.394, 310.78, 305.832, 300.522, 300.047, 300.004, 300, 300, 300, 300, 300, 300, 300, 300, 300, 300, 300, 300, 300, 300, 300, 300, 300, 300, 300, 300, 300, 300, 300, 300, 300, 300, 300, 
379.978, 379.978, 379.974, 379.965, 379.952, 379.933, 379.909, 379.879, 379.843, 379.8, 379.749, 379.691, 379.624, 379.548, 379.463, 379.367, 379.259, 379.14, 379.008, 378.862, 378.701, 378.524, 378.33, 378.118, 377.886, 377.632, 377.356, 377.056, 376.729, 376.374, 375.988, 375.581, 375.149, 374.691, 374.205, 373.689, 373.142, 372.559, 371.94, 371.281, 370.579, 369.831, 369.034, 368.184, 367.277, 366.309, 365.275, 364.171, 362.991, 361.73, 360.382, 358.94, 357.398, 355.747, 353.981, 352.089, 350.064, 347.896, 345.573, 343.084, 340.417, 337.56, 334.497, 331.213, 327.693, 323.919, 319.872, 315.531, 310.876, 305.883, 300.527, 300.047, 300.004, 300, 300, 300, 300, 300, 300, 300, 300, 300, 300, 300, 300, 300, 300, 300, 300, 300, 300, 300, 300, 300, 300, 300, 300, 300, 300, 300, 
380.777, 380.777, 380.773, 380.764, 380.75, 380.731, 380.707, 380.677, 380.64, 380.596, 380.545, 380.486, 380.418, 380.341, 380.255, 380.157, 380.049, 379.928, 379.795, 379.647, 379.484, 379.305, 379.109, 378.894, 378.659, 378.403, 378.124, 377.82, 377.489, 377.131, 376.741, 376.329, 375.892, 375.429, 374.938, 374.417, 373.863, 373.274, 372.648, 371.981, 371.271, 370.515, 369.709, 368.849, 367.932, 366.953, 365.908, 364.791, 363.598, 362.323, 360.96, 359.503, 357.944, 356.276, 354.49, 352.579, 350.533, 348.342, 345.995, 343.481, 340.788, 337.902, 334.809, 331.494, 327.941, 324.131, 320.047, 315.667, 310.971, 305.934, 300.531, 300.048, 300.004, 300, 300, 300, 300, 300, 300, 300, 300, 300, 300, 300, 300, 300, 300, 300, 300, 300, 300, 300, 300, 300, 300, 300, 300, 300, 300, 300, 
381.569, 381.569, 381.565, 381.556, 381.542, 381.523, 381.499, 381.468, 381.431, 381.386, 381.334, 381.275, 381.206, 381.128, 381.041, 380.942, 380.832, 380.71, 380.575, 380.426, 380.261, 380.08, 379.881, 379.664, 379.427, 379.168, 378.885, 378.578, 378.244, 377.882, 377.488, 377.072, 376.63, 376.162, 375.666, 375.139, 374.579, 373.983, 373.35, 372.676, 371.958, 371.193, 370.378, 369.509, 368.581, 367.591, 366.535, 365.406, 364.2, 362.911, 361.534, 360.061, 358.485, 356.799, 354.995, 353.064, 350.997, 348.784, 346.414, 343.875, 341.155, 338.241, 335.119, 331.773, 328.186, 324.342, 320.221, 315.802, 311.064, 305.984, 300.536, 300.048, 300.004, 300, 300, 300, 300, 300, 300, 300, 300, 300, 300, 300, 300, 300, 300, 300, 300, 300, 300, 300, 300, 300, 300, 300, 300, 300, 300, 300, 
382.356, 382.356, 382.351, 382.343, 382.329, 382.309, 382.284, 382.253, 382.215, 382.17, 382.118, 382.057, 381.988, 381.909, 381.821, 381.721, 381.61, 381.486, 381.349, 381.198, 381.032, 380.849, 380.648, 380.428, 380.188, 379.926, 379.641, 379.33, 378.993, 378.627, 378.229, 377.808, 377.362, 376.889, 376.387, 375.854, 375.288, 374.686, 374.046, 373.365, 372.639, 371.866, 371.042, 370.163, 369.225, 368.225, 367.156, 366.015, 364.797, 363.494, 362.102, 360.613, 359.021, 357.318, 355.495, 353.545, 351.457, 349.222, 346.828, 344.265, 341.519, 338.577, 335.426, 332.048, 328.429, 324.55, 320.393, 315.935, 311.157, 306.034, 300.54, 300.048, 300.004, 300, 300, 300, 300, 300, 300, 300, 300, 300, 300, 300, 300, 300, 300, 300, 300, 300, 300, 300, 300, 300, 300, 300, 300, 300, 300, 300, 
383.136, 383.136, 383.132, 383.123, 383.109, 383.089, 383.064, 383.032, 382.994, 382.948, 382.895, 382.834, 382.764, 382.684, 382.594, 382.494, 382.381, 382.256, 382.118, 381.965, 381.796, 381.611, 381.408, 381.186, 380.944, 380.679, 380.39, 380.077, 379.736, 379.365, 378.964, 378.539, 378.088, 377.61, 377.103, 376.564, 375.992, 375.384, 374.736, 374.048, 373.314, 372.532, 371.699, 370.811, 369.863, 368.852, 367.772, 366.62, 365.388, 364.072, 362.665, 361.161, 359.552, 357.832, 355.991, 354.021, 351.912, 349.655, 347.238, 344.65, 341.879, 338.91, 335.729, 332.321, 328.67, 324.757, 320.563, 316.067, 311.249, 306.083, 300.544, 300.049, 300.004, 300, 300, 300, 300, 300, 300, 300, 300, 300, 300, 300, 300, 300, 300, 300, 300, 300, 300, 300, 300, 300, 300, 300, 300, 300, 300, 300, 
383.91, 383.91, 383.906, 383.897, 383.882, 383.863, 383.837, 383.805, 383.766, 383.72, 383.667, 383.604, 383.533, 383.453, 383.362, 383.26, 383.146, 383.02, 382.88, 382.725, 382.555, 382.368, 382.163, 381.938, 381.693, 381.425, 381.134, 380.817, 380.472, 380.098, 379.693, 379.263, 378.808, 378.325, 377.812, 377.268, 376.69, 376.075, 375.421, 374.725, 373.983, 373.193, 372.352, 371.454, 370.496, 369.474, 368.383, 367.218, 365.974, 364.644, 363.223, 361.703, 360.078, 358.341, 356.482, 354.492, 352.363, 350.084, 347.645, 345.032, 342.235, 339.239, 336.03, 332.591, 328.908, 324.961, 320.731, 316.198, 311.339, 306.131, 300.549, 300.049, 300.004, 300, 300, 300, 300, 300, 300, 300, 300, 300, 300, 300, 300, 300, 300, 300, 300, 300, 300, 300, 300, 300, 300, 300, 300, 300, 300, 300, 
384.678, 384.678, 384.674, 384.664, 384.65, 384.63, 384.604, 384.572, 384.532, 384.486, 384.432, 384.369, 384.297, 384.215, 384.123, 384.02, 383.905, 383.777, 383.636, 383.479, 383.307, 383.118, 382.911, 382.684, 382.436, 382.166, 381.871, 381.551, 381.203, 380.825, 380.415, 379.981, 379.521, 379.034, 378.516, 377.966, 377.382, 376.76, 376.099, 375.396, 374.647, 373.849, 372.998, 372.091, 371.123, 370.091, 368.988, 367.811, 366.554, 365.211, 363.775, 362.241, 360.6, 358.845, 356.968, 354.959, 352.81, 350.51, 348.047, 345.411, 342.588, 339.565, 336.327, 332.859, 329.143, 325.163, 320.897, 316.327, 311.429, 306.179, 300.553, 300.049, 300.004, 300, 300, 300, 300, 300, 300, 300, 300, 300, 300, 300, 300, 300, 300, 300, 300, 300, 300, 300, 300, 300, 300, 300, 300, 300, 300, 300, 
385.44, 385.44, 385.435, 385.426, 385.411, 385.391, 385.365, 385.332, 385.292, 385.245, 385.19, 385.127, 385.054, 384.972, 384.879, 384.774, 384.658, 384.529, 384.386, 384.227, 384.053, 383.862, 383.653, 383.423, 383.173, 382.9, 382.602, 382.279, 381.927, 381.546, 381.132, 380.694, 380.229, 379.736, 379.213, 378.658, 378.068, 377.44, 376.772, 376.061, 375.304, 374.498, 373.639, 372.722, 371.745, 370.701, 369.588, 368.399, 367.129, 365.773, 364.323, 362.773, 361.116, 359.344, 357.449, 355.422, 353.252, 350.93, 348.445, 345.785, 342.937, 339.887, 336.621, 333.123, 329.376, 325.362, 321.062, 316.455, 311.517, 306.227, 300.557, 300.05, 300.004, 300, 300, 300, 300, 300, 300, 300, 300, 300, 300, 300, 300, 300, 300, 300, 300, 300, 300, 300, 300, 300, 300, 300, 300, 300, 300, 300, 
386.195, 386.195, 386.191, 386.181, 386.166, 386.146, 386.119, 386.086, 386.046, 385.998, 385.943, 385.878, 385.805, 385.722, 385.627, 385.522, 385.404, 385.274, 385.129, 384.969, 384.793, 384.6, 384.388, 384.156, 383.903, 383.627, 383.327, 383, 382.645, 382.26, 381.842, 381.4, 380.931, 380.433, 379.905, 379.344, 378.747, 378.113, 377.439, 376.721, 375.956, 375.142, 374.273, 373.348, 372.36, 371.307, 370.182, 368.981, 367.699, 366.329, 364.865, 363.3, 361.628, 359.839, 357.926, 355.879, 353.69, 351.347, 348.84, 346.156, 343.283, 340.206, 336.912, 333.385, 329.607, 325.56, 321.225, 316.581, 311.605, 306.274, 300.561, 300.05, 300.004, 300, 300, 300, 300, 300, 300, 300, 300, 300, 300, 300, 300, 300, 300, 300, 300, 300, 300, 300, 300, 300, 300, 300, 300, 300, 300, 300, 
386.944, 386.944, 386.94, 386.93, 386.915, 386.894, 386.867, 386.834, 386.793, 386.745, 386.689, 386.624, 386.549, 386.465, 386.37, 386.263, 386.145, 386.012, 385.866, 385.705, 385.527, 385.331, 385.117, 384.883, 384.628, 384.349, 384.046, 383.716, 383.357, 382.968, 382.546, 382.1, 381.626, 381.123, 380.59, 380.023, 379.421, 378.781, 378.099, 377.374, 376.602, 375.779, 374.902, 373.967, 372.97, 371.906, 370.771, 369.558, 368.263, 366.88, 365.402, 363.822, 362.134, 360.329, 358.398, 356.333, 354.123, 351.76, 349.23, 346.523, 343.625, 340.522, 337.2, 333.644, 329.835, 325.755, 321.386, 316.706, 311.692, 306.32, 300.565, 300.051, 300.005, 300, 300, 300, 300, 300, 300, 300, 300, 300, 300, 300, 300, 300, 300, 300, 300, 300, 300, 300, 300, 300, 300, 300, 300, 300, 300, 300, 
387.687, 387.687, 387.683, 387.673, 387.658, 387.636, 387.609, 387.575, 387.534, 387.486, 387.429, 387.363, 387.288, 387.202, 387.106, 386.999, 386.878, 386.745, 386.597, 386.434, 386.254, 386.057, 385.84, 385.604, 385.346, 385.064, 384.758, 384.425, 384.063, 383.67, 383.244, 382.793, 382.315, 381.808, 381.269, 380.697, 380.089, 379.442, 378.754, 378.022, 377.242, 376.411, 375.526, 374.582, 373.575, 372.5, 371.354, 370.129, 368.822, 367.426, 365.934, 364.34, 362.635, 360.813, 358.865, 356.781, 354.553, 352.168, 349.616, 346.886, 343.963, 340.835, 337.486, 333.9, 330.06, 325.949, 321.545, 316.829, 311.778, 306.366, 300.569, 300.051, 300.005, 300, 300, 300, 300, 300, 300, 300, 300, 300, 300, 300, 300, 300, 300, 300, 300, 300, 300, 300, 300, 300, 300, 300, 300, 300, 300, 300, 
388.424, 388.424, 388.419, 388.409, 388.394, 388.372, 388.345, 388.31, 388.269, 388.22, 388.162, 388.096, 388.02, 387.933, 387.836, 387.727, 387.606, 387.471, 387.321, 387.156, 386.975, 386.776, 386.557, 386.318, 386.058, 385.773, 385.464, 385.127, 384.762, 384.366, 383.936, 383.481, 382.998, 382.486, 381.942, 381.365, 380.751, 380.098, 379.403, 378.663, 377.876, 377.037, 376.143, 375.19, 374.173, 373.089, 371.931, 370.695, 369.376, 367.966, 366.461, 364.852, 363.132, 361.294, 359.328, 357.226, 354.977, 352.572, 349.999, 347.245, 344.298, 341.144, 337.768, 334.153, 330.283, 326.14, 321.703, 316.951, 311.862, 306.412, 300.573, 300.051, 300.005, 300, 300, 300, 300, 300, 300, 300, 300, 300, 300, 300, 300, 300, 300, 300, 300, 300, 300, 300, 300, 300, 300, 300, 300, 300, 300, 300, 
389.153, 389.153, 389.149, 389.139, 389.123, 389.102, 389.074, 389.039, 388.997, 388.947, 388.889, 388.822, 388.745, 388.658, 388.56, 388.45, 388.327, 388.19, 388.039, 387.873, 387.689, 387.488, 387.268, 387.026, 386.763, 386.476, 386.164, 385.824, 385.455, 385.055, 384.622, 384.162, 383.675, 383.158, 382.609, 382.026, 381.406, 380.747, 380.046, 379.299, 378.504, 377.657, 376.755, 375.792, 374.766, 373.671, 372.503, 371.256, 369.924, 368.502, 366.982, 365.359, 363.623, 361.769, 359.786, 357.665, 355.398, 352.972, 350.377, 347.6, 344.629, 341.45, 338.047, 334.404, 330.504, 326.329, 321.859, 317.072, 311.946, 306.457, 300.577, 300.052, 300.005, 300, 300, 300, 300, 300, 300, 300, 300, 300, 300, 300, 300, 300, 300, 300, 300, 300, 300, 300, 300, 300, 300, 300, 300, 300, 300, 300, 
389.877, 389.877, 389.872, 389.862, 389.846, 389.824, 389.796, 389.761, 389.719, 389.668, 389.61, 389.542, 389.464, 389.376, 389.277, 389.165, 389.041, 388.904, 388.751, 388.583, 388.398, 388.194, 387.972, 387.728, 387.462, 387.172, 386.857, 386.514, 386.142, 385.738, 385.301, 384.837, 384.346, 383.824, 383.27, 382.681, 382.056, 381.39, 380.682, 379.929, 379.126, 378.271, 377.36, 376.389, 375.353, 374.248, 373.069, 371.81, 370.467, 369.031, 367.498, 365.86, 364.11, 362.239, 360.239, 358.101, 355.814, 353.368, 350.751, 347.952, 344.957, 341.752, 338.323, 334.652, 330.722, 326.516, 322.013, 317.191, 312.029, 306.501, 300.581, 300.052, 300.005, 300, 300, 300, 300, 300, 300, 300, 300, 300, 300, 300, 300, 300, 300, 300, 300, 300, 300, 300, 300, 300, 300, 300, 300, 300, 300, 300, 
390.594, 390.594, 390.589, 390.579, 390.563, 390.541, 390.512, 390.477, 390.434, 390.383, 390.324, 390.255, 390.177, 390.088, 389.987, 389.875, 389.75, 389.61, 389.456, 389.286, 389.099, 388.894, 388.669, 388.423, 388.155, 387.862, 387.544, 387.198, 386.823, 386.415, 385.974, 385.506, 385.01, 384.483, 383.924, 383.33, 382.699, 382.027, 381.313, 380.552, 379.742, 378.88, 377.96, 376.98, 375.935, 374.82, 373.63, 372.36, 371.004, 369.556, 368.009, 366.357, 364.592, 362.705, 360.688, 358.531, 356.225, 353.759, 351.122, 348.3, 345.281, 342.052, 338.595, 334.897, 330.938, 326.701, 322.165, 317.309, 312.111, 306.545, 300.585, 300.052, 300.005, 300, 300, 300, 300, 300, 300, 300, 300, 300, 300, 300, 300, 300, 300, 300, 300, 300, 300, 300, 300, 300, 300, 300, 300, 300, 300, 300, 
391.305, 391.305, 391.3, 391.289, 391.273, 391.251, 391.222, 391.186, 391.143, 391.091, 391.031, 390.962, 390.883, 390.793, 390.691, 390.578, 390.451, 390.311, 390.155, 389.983, 389.795, 389.587, 389.36, 389.112, 388.841, 388.546, 388.225, 387.876, 387.497, 387.086, 386.641, 386.169, 385.668, 385.137, 384.573, 383.973, 383.336, 382.658, 381.937, 381.17, 380.353, 379.482, 378.554, 377.565, 376.51, 375.385, 374.185, 372.904, 371.536, 370.075, 368.515, 366.849, 365.068, 363.165, 361.132, 358.957, 356.633, 354.147, 351.488, 348.644, 345.602, 342.348, 338.865, 335.139, 331.151, 326.884, 322.316, 317.426, 312.192, 306.588, 300.589, 300.053, 300.005, 300, 300, 300, 300, 300, 300, 300, 300, 300, 300, 300, 300, 300, 300, 300, 300, 300, 300, 300, 300, 300, 300, 300, 300, 300, 300, 300, 
392.009, 392.009, 392.004, 391.993, 391.977, 391.954, 391.925, 391.889, 391.845, 391.793, 391.732, 391.662, 391.582, 391.491, 391.389, 391.274, 391.147, 391.005, 390.847, 390.674, 390.483, 390.274, 390.045, 389.795, 389.521, 389.223, 388.899, 388.547, 388.165, 387.75, 387.301, 386.825, 386.32, 385.784, 385.215, 384.61, 383.967, 383.283, 382.556, 381.782, 380.957, 380.079, 379.142, 378.145, 377.08, 375.945, 374.734, 373.442, 372.062, 370.589, 369.016, 367.335, 365.54, 363.621, 361.571, 359.379, 357.036, 354.53, 351.85, 348.985, 345.919, 342.64, 339.132, 335.379, 331.362, 327.064, 322.464, 317.541, 312.272, 306.631, 300.592, 300.053, 300.005, 300, 300, 300, 300, 300, 300, 300, 300, 300, 300, 300, 300, 300, 300, 300, 300, 300, 300, 300, 300, 300, 300, 300, 300, 300, 300, 300, 
392.706, 392.706, 392.701, 392.69, 392.674, 392.651, 392.622, 392.585, 392.541, 392.488, 392.427, 392.356, 392.275, 392.184, 392.08, 391.964, 391.835, 391.692, 391.533, 391.358, 391.166, 390.955, 390.723, 390.471, 390.195, 389.894, 389.567, 389.212, 388.826, 388.408, 387.955, 387.475, 386.966, 386.425, 385.851, 385.241, 384.592, 383.902, 383.168, 382.387, 381.555, 380.669, 379.725, 378.718, 377.645, 376.5, 375.278, 373.975, 372.584, 371.098, 369.512, 367.817, 366.007, 364.073, 362.005, 359.796, 357.434, 354.909, 352.209, 349.321, 346.233, 342.93, 339.396, 335.616, 331.571, 327.243, 322.612, 317.655, 312.351, 306.673, 300.596, 300.053, 300.005, 300, 300, 300, 300, 300, 300, 300, 300, 300, 300, 300, 300, 300, 300, 300, 300, 300, 300, 300, 300, 300, 300, 300, 300, 300, 300, 300, 
393.397, 393.397, 393.392, 393.381, 393.365, 393.342, 393.312, 393.275, 393.23, 393.177, 393.115, 393.044, 392.962, 392.869, 392.765, 392.648, 392.518, 392.373, 392.213, 392.036, 391.842, 391.629, 391.395, 391.14, 390.862, 390.558, 390.229, 389.87, 389.481, 389.06, 388.603, 388.119, 387.605, 387.06, 386.48, 385.865, 385.211, 384.515, 383.775, 382.987, 382.148, 381.254, 380.301, 379.286, 378.203, 377.049, 375.817, 374.502, 373.099, 371.601, 370.002, 368.294, 366.469, 364.519, 362.435, 360.209, 357.828, 355.284, 352.563, 349.654, 346.543, 343.216, 339.657, 335.85, 331.777, 327.419, 322.757, 317.768, 312.429, 306.715, 300.6, 300.054, 300.005, 300, 300, 300, 300, 300, 300, 300, 300, 300, 300, 300, 300, 300, 300, 300, 300, 300, 300, 300, 300, 300, 300, 300, 300, 300, 300, 300, 
394.082, 394.082, 394.076, 394.066, 394.049, 394.026, 393.996, 393.958, 393.913, 393.859, 393.797, 393.725, 393.642, 393.548, 393.443, 393.325, 393.193, 393.047, 392.886, 392.707, 392.511, 392.296, 392.061, 391.803, 391.522, 391.216, 390.884, 390.522, 390.13, 389.705, 389.244, 388.756, 388.238, 387.688, 387.104, 386.483, 385.823, 385.122, 384.375, 383.58, 382.734, 381.832, 380.872, 379.848, 378.756, 377.592, 376.35, 375.024, 373.61, 372.1, 370.487, 368.765, 366.926, 364.96, 362.861, 360.617, 358.218, 355.655, 352.914, 349.984, 346.85, 343.499, 339.915, 336.082, 331.981, 327.594, 322.901, 317.879, 312.506, 306.756, 300.604, 300.054, 300.005, 300, 300, 300, 300, 300, 300, 300, 300, 300, 300, 300, 300, 300, 300, 300, 300, 300, 300, 300, 300, 300, 300, 300, 300, 300, 300, 300, 
394.759, 394.759, 394.754, 394.743, 394.726, 394.703, 394.673, 394.635, 394.589, 394.535, 394.472, 394.399, 394.315, 394.221, 394.115, 393.995, 393.863, 393.715, 393.552, 393.372, 393.174, 392.957, 392.72, 392.46, 392.177, 391.868, 391.532, 391.168, 390.772, 390.344, 389.879, 389.387, 388.865, 388.31, 387.721, 387.095, 386.43, 385.722, 384.969, 384.168, 383.314, 382.405, 381.437, 380.404, 379.303, 378.129, 376.877, 375.541, 374.115, 372.592, 370.967, 369.231, 367.378, 365.397, 363.281, 361.02, 358.604, 356.022, 353.261, 350.309, 347.153, 343.779, 340.17, 336.31, 332.182, 327.766, 323.043, 317.989, 312.582, 306.797, 300.607, 300.054, 300.005, 300, 300, 300, 300, 300, 300, 300, 300, 300, 300, 300, 300, 300, 300, 300, 300, 300, 300, 300, 300, 300, 300, 300, 300, 300, 300, 300, 
395.431, 395.431, 395.425, 395.414, 395.397, 395.374, 395.343, 395.305, 395.259, 395.204, 395.14, 395.067, 394.982, 394.887, 394.78, 394.659, 394.525, 394.376, 394.212, 394.03, 393.831, 393.612, 393.372, 393.11, 392.824, 392.513, 392.175, 391.807, 391.408, 390.976, 390.508, 390.012, 389.485, 388.926, 388.332, 387.701, 387.03, 386.317, 385.557, 384.749, 383.889, 382.972, 381.995, 380.955, 379.845, 378.661, 377.399, 376.052, 374.614, 373.08, 371.442, 369.693, 367.825, 365.829, 363.697, 361.42, 358.986, 356.384, 353.604, 350.631, 347.453, 344.055, 340.422, 336.537, 332.381, 327.937, 323.183, 318.098, 312.657, 306.837, 300.611, 300.055, 300.005, 300, 300, 300, 300, 300, 300, 300, 300, 300, 300, 300, 300, 300, 300, 300, 300, 300, 300, 300, 300, 300, 300, 300, 300, 300, 300, 300, 
396.095, 396.095, 396.09, 396.079, 396.062, 396.038, 396.007, 395.968, 395.922, 395.867, 395.802, 395.728, 395.643, 395.547, 395.438, 395.317, 395.182, 395.031, 394.865, 394.682, 394.481, 394.26, 394.018, 393.754, 393.466, 393.152, 392.811, 392.44, 392.038, 391.602, 391.131, 390.63, 390.099, 389.536, 388.937, 388.301, 387.624, 386.905, 386.14, 385.325, 384.457, 383.533, 382.549, 381.499, 380.38, 379.187, 377.915, 376.557, 375.109, 373.562, 371.912, 370.149, 368.267, 366.256, 364.109, 361.814, 359.363, 356.743, 353.943, 350.949, 347.75, 344.329, 340.671, 336.76, 332.578, 328.105, 323.322, 318.205, 312.732, 306.877, 300.614, 300.055, 300.005, 300, 300, 300, 300, 300, 300, 300, 300, 300, 300, 300, 300, 300, 300, 300, 300, 300, 300, 300, 300, 300, 300, 300, 300, 300, 300, 300, 
396.754, 396.754, 396.748, 396.737, 396.719, 396.695, 396.664, 396.625, 396.578, 396.523, 396.457, 396.382, 396.297, 396.2, 396.09, 395.968, 395.831, 395.68, 395.512, 395.327, 395.124, 394.901, 394.657, 394.391, 394.1, 393.784, 393.44, 393.066, 392.661, 392.222, 391.747, 391.242, 390.707, 390.139, 389.536, 388.894, 388.212, 387.487, 386.716, 385.894, 385.02, 384.088, 383.096, 382.038, 380.91, 379.708, 378.426, 377.057, 375.598, 374.039, 372.376, 370.6, 368.704, 366.679, 364.516, 362.205, 359.736, 357.097, 354.278, 351.264, 348.043, 344.599, 340.917, 336.981, 332.772, 328.272, 323.458, 318.311, 312.805, 306.917, 300.618, 300.055, 300.005, 300, 300, 300, 300, 300, 300, 300, 300, 300, 300, 300, 300, 300, 300, 300, 300, 300, 300, 300, 300, 300, 300, 300, 300, 300, 300, 300, 
397.405, 397.405, 397.4, 397.388, 397.371, 397.346, 397.315, 397.276, 397.228, 397.172, 397.106, 397.031, 396.944, 396.846, 396.736, 396.612, 396.474, 396.321, 396.152, 395.966, 395.761, 395.536, 395.29, 395.022, 394.729, 394.41, 394.063, 393.686, 393.278, 392.835, 392.356, 391.848, 391.309, 390.736, 390.128, 389.482, 388.794, 388.063, 387.286, 386.458, 385.576, 384.637, 383.637, 382.571, 381.435, 380.223, 378.931, 377.552, 376.081, 374.511, 372.836, 371.047, 369.137, 367.097, 364.918, 362.591, 360.104, 357.448, 354.609, 351.575, 348.332, 344.866, 341.161, 337.2, 332.964, 328.436, 323.594, 318.416, 312.878, 306.955, 300.621, 300.055, 300.005, 300, 300, 300, 300, 300, 300, 300, 300, 300, 300, 300, 300, 300, 300, 300, 300, 300, 300, 300, 300, 300, 300, 300, 300, 300, 300, 300, 
398.05, 398.05, 398.045, 398.033, 398.015, 397.991, 397.959, 397.919, 397.871, 397.815, 397.748, 397.672, 397.585, 397.486, 397.374, 397.25, 397.111, 396.957, 396.786, 396.598, 396.392, 396.165, 395.917, 395.646, 395.351, 395.029, 394.68, 394.3, 393.888, 393.442, 392.96, 392.448, 391.904, 391.327, 390.714, 390.063, 389.37, 388.633, 387.85, 387.015, 386.127, 385.181, 384.173, 383.099, 381.953, 380.732, 379.43, 378.041, 376.559, 374.978, 373.29, 371.488, 369.564, 367.51, 365.316, 362.972, 360.469, 357.794, 354.936, 351.882, 348.618, 345.13, 341.401, 337.415, 333.154, 328.598, 323.727, 318.519, 312.95, 306.994, 300.624, 300.056, 300.005, 300, 300, 300, 300, 300, 300, 300, 300, 300, 300, 300, 300, 300, 300, 300, 300, 300, 300, 300, 300, 300, 300, 300, 300, 300, 300, 300, 
398.689, 398.689, 398.683, 398.671, 398.653, 398.629, 398.597, 398.557, 398.508, 398.451, 398.384, 398.307, 398.219, 398.119, 398.007, 397.881, 397.741, 397.585, 397.413, 397.224, 397.016, 396.787, 396.537, 396.264, 395.966, 395.642, 395.29, 394.907, 394.493, 394.043, 393.557, 393.041, 392.493, 391.912, 391.294, 390.638, 389.94, 389.197, 388.408, 387.567, 386.672, 385.718, 384.703, 383.62, 382.466, 381.236, 379.924, 378.525, 377.032, 375.439, 373.739, 371.924, 369.987, 367.918, 365.709, 363.349, 360.829, 358.136, 355.26, 352.186, 348.901, 345.391, 341.639, 337.628, 333.342, 328.759, 323.859, 318.621, 313.02, 307.032, 300.628, 300.056, 300.005, 300, 300, 300, 300, 300, 300, 300, 300, 300, 300, 300, 300, 300, 300, 300, 300, 300, 300, 300, 300, 300, 300, 300, 300, 300, 300, 300, 
399.32, 399.32, 399.315, 399.303, 399.285, 399.26, 399.227, 399.187, 399.138, 399.081, 399.013, 398.935, 398.846, 398.746, 398.632, 398.506, 398.364, 398.207, 398.034, 397.843, 397.633, 397.403, 397.151, 396.875, 396.575, 396.249, 395.894, 395.508, 395.09, 394.638, 394.148, 393.628, 393.076, 392.49, 391.868, 391.207, 390.503, 389.755, 388.959, 388.112, 387.21, 386.25, 385.227, 384.136, 382.974, 381.735, 380.413, 379.004, 377.5, 375.896, 374.183, 372.356, 370.405, 368.322, 366.098, 363.722, 361.185, 358.475, 355.579, 352.486, 349.181, 345.648, 341.873, 337.839, 333.527, 328.917, 323.99, 318.722, 313.09, 307.069, 300.631, 300.056, 300.005, 300, 300, 300, 300, 300, 300, 300, 300, 300, 300, 300, 300, 300, 300, 300, 300, 300, 300, 300, 300, 300, 300, 300, 300, 300, 300, 300, 
399.946, 399.946, 399.94, 399.928, 399.91, 399.885, 399.852, 399.811, 399.762, 399.704, 399.636, 399.557, 399.468, 399.366, 399.252, 399.124, 398.981, 398.823, 398.648, 398.456, 398.244, 398.012, 397.758, 397.48, 397.178, 396.849, 396.491, 396.103, 395.682, 395.226, 394.732, 394.208, 393.653, 393.063, 392.436, 391.769, 391.061, 390.307, 389.505, 388.652, 387.743, 386.776, 385.745, 384.646, 383.475, 382.227, 380.896, 379.477, 377.962, 376.347, 374.623, 372.782, 370.818, 368.721, 366.482, 364.091, 361.537, 358.809, 355.895, 352.783, 349.457, 345.903, 342.105, 338.047, 333.71, 329.074, 324.119, 318.822, 313.159, 307.106, 300.634, 300.057, 300.005, 300, 300, 300, 300, 300, 300, 300, 300, 300, 300, 300, 300, 300, 300, 300, 300, 300, 300, 300, 300, 300, 300, 300, 300, 300, 300, 300, 
400.564, 400.564, 400.559, 400.547, 400.528, 400.503, 400.47, 400.429, 400.379, 400.32, 400.252, 400.172, 400.082, 399.98, 399.864, 399.735, 399.592, 399.432, 399.256, 399.062, 398.848, 398.614, 398.358, 398.079, 397.774, 397.442, 397.082, 396.691, 396.267, 395.807, 395.31, 394.783, 394.223, 393.629, 392.997, 392.326, 391.612, 390.853, 390.045, 389.186, 388.27, 387.296, 386.257, 385.151, 383.972, 382.714, 381.374, 379.944, 378.42, 376.793, 375.057, 373.204, 371.227, 369.115, 366.862, 364.455, 361.885, 359.14, 356.208, 353.076, 349.729, 346.154, 342.334, 338.252, 333.89, 329.228, 324.246, 318.92, 313.227, 307.142, 300.637, 300.057, 300.005, 300, 300, 300, 300, 300, 300, 300, 300, 300, 300, 300, 300, 300, 300, 300, 300, 300, 300, 300, 300, 300, 300, 300, 300, 300, 300, 300, 
401.176, 401.176, 401.171, 401.159, 401.14, 401.114, 401.081, 401.04, 400.99, 400.93, 400.861, 400.781, 400.69, 400.587, 400.471, 400.34, 400.196, 400.035, 399.857, 399.661, 399.446, 399.211, 398.953, 398.671, 398.364, 398.03, 397.667, 397.273, 396.845, 396.383, 395.882, 395.351, 394.787, 394.188, 393.552, 392.876, 392.157, 391.393, 390.579, 389.713, 388.791, 387.81, 386.764, 385.65, 384.462, 383.196, 381.846, 380.407, 378.871, 377.233, 375.486, 373.621, 371.63, 369.505, 367.237, 364.815, 362.228, 359.466, 356.516, 353.365, 349.999, 346.403, 342.561, 338.455, 334.069, 329.381, 324.371, 319.017, 313.295, 307.178, 300.641, 300.057, 300.005, 300, 300, 300, 300, 300, 300, 300, 300, 300, 300, 300, 300, 300, 300, 300, 300, 300, 300, 300, 300, 300, 300, 300, 300, 300, 300, 300, 
401.782, 401.782, 401.776, 401.764, 401.745, 401.719, 401.686, 401.644, 401.593, 401.534, 401.464, 401.383, 401.291, 401.187, 401.07, 400.939, 400.793, 400.631, 400.452, 400.255, 400.038, 399.8, 399.54, 399.256, 398.947, 398.611, 398.245, 397.848, 397.418, 396.952, 396.448, 395.913, 395.345, 394.742, 394.101, 393.42, 392.696, 391.926, 391.107, 390.235, 389.307, 388.318, 387.265, 386.143, 384.947, 383.672, 382.313, 380.864, 379.318, 377.669, 375.91, 374.033, 372.029, 369.891, 367.608, 365.17, 362.568, 359.789, 356.821, 353.651, 350.265, 346.648, 342.784, 338.656, 334.245, 329.532, 324.495, 319.113, 313.361, 307.214, 300.644, 300.057, 300.005, 300, 300, 300, 300, 300, 300, 300, 300, 300, 300, 300, 300, 300, 300, 300, 300, 300, 300, 300, 300, 300, 300, 300, 300, 300, 300, 300, 
402.381, 402.381, 402.375, 402.363, 402.344, 402.318, 402.284, 402.242, 402.191, 402.13, 402.06, 401.979, 401.886, 401.781, 401.663, 401.531, 401.384, 401.221, 401.04, 400.841, 400.623, 400.383, 400.122, 399.836, 399.524, 399.185, 398.817, 398.417, 397.984, 397.515, 397.007, 396.468, 395.897, 395.29, 394.644, 393.959, 393.23, 392.454, 391.629, 390.751, 389.816, 388.821, 387.76, 386.63, 385.426, 384.143, 382.775, 381.316, 379.76, 378.1, 376.329, 374.44, 372.423, 370.271, 367.974, 365.522, 362.903, 360.107, 357.122, 353.933, 350.528, 346.89, 343.005, 338.854, 334.419, 329.68, 324.618, 319.208, 313.427, 307.249, 300.647, 300.058, 300.005, 300, 300, 300, 300, 300, 300, 300, 300, 300, 300, 300, 300, 300, 300, 300, 300, 300, 300, 300, 300, 300, 300, 300, 300, 300, 300, 300, 
402.973, 402.973, 402.967, 402.955, 402.936, 402.91, 402.875, 402.833, 402.782, 402.721, 402.65, 402.568, 402.475, 402.369, 402.25, 402.117, 401.968, 401.804, 401.622, 401.422, 401.202, 400.96, 400.697, 400.409, 400.095, 399.753, 399.382, 398.98, 398.543, 398.071, 397.56, 397.018, 396.442, 395.831, 395.181, 394.491, 393.757, 392.976, 392.145, 391.261, 390.32, 389.317, 388.25, 387.112, 385.9, 384.608, 383.231, 381.762, 380.196, 378.525, 376.743, 374.842, 372.813, 370.647, 368.336, 365.869, 363.235, 360.422, 357.419, 354.212, 350.788, 347.13, 343.223, 339.049, 334.59, 329.827, 324.738, 319.301, 313.491, 307.284, 300.65, 300.058, 300.005, 300, 300, 300, 300, 300, 300, 300, 300, 300, 300, 300, 300, 300, 300, 300, 300, 300, 300, 300, 300, 300, 300, 300, 300, 300, 300, 300, 
403.559, 403.559, 403.553, 403.541, 403.522, 403.495, 403.461, 403.418, 403.366, 403.305, 403.233, 403.151, 403.057, 402.95, 402.83, 402.696, 402.546, 402.38, 402.197, 401.995, 401.774, 401.531, 401.265, 400.975, 400.659, 400.315, 399.941, 399.536, 399.097, 398.621, 398.107, 397.561, 396.982, 396.366, 395.712, 395.017, 394.278, 393.492, 392.655, 391.765, 390.817, 389.808, 388.734, 387.589, 386.368, 385.068, 383.682, 382.203, 380.627, 378.946, 377.153, 375.239, 373.198, 371.019, 368.694, 366.212, 363.562, 360.733, 357.713, 354.488, 351.044, 347.366, 343.438, 339.242, 334.76, 329.972, 324.858, 319.393, 313.555, 307.318, 300.653, 300.058, 300.005, 300, 300, 300, 300, 300, 300, 300, 300, 300, 300, 300, 300, 300, 300, 300, 300, 300, 300, 300, 300, 300, 300, 300, 300, 300, 300, 300, 
404.139, 404.139, 404.133, 404.12, 404.101, 404.074, 404.039, 403.996, 403.944, 403.882, 403.81, 403.727, 403.632, 403.525, 403.404, 403.268, 403.118, 402.951, 402.766, 402.563, 402.34, 402.095, 401.827, 401.535, 401.217, 400.87, 400.494, 400.086, 399.644, 399.165, 398.648, 398.098, 397.515, 396.895, 396.237, 395.537, 394.793, 394.002, 393.16, 392.263, 391.31, 390.294, 389.212, 388.059, 386.831, 385.522, 384.127, 382.639, 381.053, 379.361, 377.557, 375.632, 373.578, 371.386, 369.047, 366.55, 363.885, 361.04, 358.003, 354.76, 351.297, 347.599, 343.65, 339.432, 334.927, 330.115, 324.975, 319.484, 313.618, 307.351, 300.656, 300.058, 300.005, 300, 300, 300, 300, 300, 300, 300, 300, 300, 300, 300, 300, 300, 300, 300, 300, 300, 300, 300, 300, 300, 300, 300, 300, 300, 300, 300, 
404.712, 404.712, 404.706, 404.693, 404.673, 404.646, 404.611, 404.568, 404.515, 404.453, 404.38, 404.297, 404.201, 404.093, 403.971, 403.835, 403.683, 403.515, 403.329, 403.124, 402.899, 402.652, 402.383, 402.089, 401.768, 401.42, 401.041, 400.63, 400.185, 399.703, 399.182, 398.629, 398.042, 397.418, 396.755, 396.051, 395.302, 394.506, 393.658, 392.756, 391.796, 390.773, 389.684, 388.524, 387.288, 385.971, 384.567, 383.07, 381.474, 379.772, 377.956, 376.02, 373.953, 371.748, 369.396, 366.885, 364.205, 361.344, 358.289, 355.029, 351.547, 347.83, 343.86, 339.62, 335.093, 330.257, 325.092, 319.574, 313.681, 307.385, 300.659, 300.059, 300.005, 300, 300, 300, 300, 300, 300, 300, 300, 300, 300, 300, 300, 300, 300, 300, 300, 300, 300, 300, 300, 300, 300, 300, 300, 300, 300, 300, 
405.278, 405.278, 405.272, 405.259, 405.24, 405.212, 405.177, 405.133, 405.08, 405.017, 404.944, 404.86, 404.763, 404.654, 404.532, 404.394, 404.242, 404.072, 403.885, 403.679, 403.452, 403.204, 402.932, 402.636, 402.313, 401.963, 401.581, 401.168, 400.72, 400.235, 399.71, 399.154, 398.563, 397.935, 397.268, 396.559, 395.805, 395.004, 394.151, 393.243, 392.276, 391.247, 390.152, 388.984, 387.74, 386.415, 385.002, 383.496, 381.89, 380.177, 378.351, 376.403, 374.324, 372.107, 369.74, 367.215, 364.52, 361.643, 358.572, 355.294, 351.794, 348.057, 344.067, 339.806, 335.256, 330.396, 325.206, 319.663, 313.742, 307.417, 300.661, 300.059, 300.005, 300, 300, 300, 300, 300, 300, 300, 300, 300, 300, 300, 300, 300, 300, 300, 300, 300, 300, 300, 300, 300, 300, 300, 300, 300, 300, 300, 
405.838, 405.838, 405.832, 405.819, 405.799, 405.772, 405.736, 405.692, 405.639, 405.575, 405.502, 405.417, 405.32, 405.21, 405.086, 404.948, 404.794, 404.623, 404.435, 404.227, 403.999, 403.749, 403.475, 403.177, 402.852, 402.499, 402.115, 401.699, 401.248, 400.76, 400.232, 399.672, 399.078, 398.446, 397.775, 397.061, 396.303, 395.496, 394.637, 393.724, 392.751, 391.716, 390.613, 389.438, 388.187, 386.853, 385.432, 383.916, 382.301, 380.578, 378.741, 376.781, 374.691, 372.46, 370.081, 367.541, 364.831, 361.939, 358.852, 355.556, 352.038, 348.282, 344.271, 339.989, 335.417, 330.534, 325.319, 319.75, 313.802, 307.45, 300.664, 300.059, 300.005, 300, 300, 300, 300, 300, 300, 300, 300, 300, 300, 300, 300, 300, 300, 300, 300, 300, 300, 300, 300, 300, 300, 300, 300, 300, 300, 300, 
406.392, 406.392, 406.386, 406.373, 406.353, 406.325, 406.289, 406.245, 406.191, 406.127, 406.053, 405.967, 405.869, 405.759, 405.634, 405.495, 405.34, 405.168, 404.978, 404.769, 404.539, 404.287, 404.012, 403.712, 403.385, 403.029, 402.643, 402.224, 401.771, 401.28, 400.749, 400.185, 399.587, 398.951, 398.275, 397.557, 396.794, 395.982, 395.118, 394.199, 393.22, 392.178, 391.069, 389.887, 388.628, 387.286, 385.856, 384.332, 382.707, 380.974, 379.126, 377.155, 375.052, 372.81, 370.417, 367.863, 365.139, 362.231, 359.127, 355.815, 352.278, 348.503, 344.473, 340.17, 335.576, 330.67, 325.431, 319.837, 313.862, 307.482, 300.667, 300.059, 300.005, 300, 300, 300, 300, 300, 300, 300, 300, 300, 300, 300, 300, 300, 300, 300, 300, 300, 300, 300, 300, 300, 300, 300, 300, 300, 300, 300, 
406.939, 406.939, 406.933, 406.92, 406.899, 406.872, 406.835, 406.791, 406.736, 406.672, 406.597, 406.511, 406.413, 406.301, 406.176, 406.035, 405.879, 405.706, 405.515, 405.304, 405.073, 404.82, 404.543, 404.241, 403.912, 403.554, 403.165, 402.743, 402.287, 401.793, 401.258, 400.691, 400.089, 399.45, 398.77, 398.048, 397.28, 396.463, 395.593, 394.668, 393.684, 392.636, 391.519, 390.33, 389.064, 387.714, 386.275, 384.742, 383.107, 381.364, 379.506, 377.524, 375.41, 373.155, 370.749, 368.181, 365.442, 362.519, 359.399, 356.07, 352.516, 348.722, 344.672, 340.348, 335.732, 330.804, 325.541, 319.922, 313.921, 307.513, 300.67, 300.06, 300.005, 300, 300, 300, 300, 300, 300, 300, 300, 300, 300, 300, 300, 300, 300, 300, 300, 300, 300, 300, 300, 300, 300, 300, 300, 300, 300, 300, 
407.48, 407.48, 407.474, 407.46, 407.44, 407.412, 407.376, 407.33, 407.276, 407.211, 407.136, 407.049, 406.949, 406.837, 406.711, 406.57, 406.412, 406.238, 406.046, 405.834, 405.601, 405.346, 405.067, 404.763, 404.432, 404.072, 403.68, 403.256, 402.797, 402.3, 401.762, 401.192, 400.586, 399.943, 399.259, 398.532, 397.759, 396.937, 396.063, 395.132, 394.142, 393.087, 391.964, 390.768, 389.494, 388.136, 386.689, 385.147, 383.503, 381.75, 379.881, 377.888, 375.763, 373.495, 371.076, 368.496, 365.742, 362.804, 359.668, 356.322, 352.75, 348.938, 344.869, 340.525, 335.887, 330.936, 325.65, 320.006, 313.979, 307.544, 300.673, 300.06, 300.005, 300, 300, 300, 300, 300, 300, 300, 300, 300, 300, 300, 300, 300, 300, 300, 300, 300, 300, 300, 300, 300, 300, 300, 300, 300, 300, 300, 
408.014, 408.014, 408.008, 407.995, 407.974, 407.946, 407.909, 407.864, 407.809, 407.744, 407.668, 407.58, 407.48, 407.367, 407.24, 407.098, 406.939, 406.764, 406.57, 406.357, 406.122, 405.866, 405.585, 405.279, 404.946, 404.583, 404.19, 403.763, 403.301, 402.801, 402.26, 401.686, 401.077, 400.43, 399.742, 399.011, 398.233, 397.406, 396.527, 395.591, 394.594, 393.533, 392.404, 391.201, 389.919, 388.553, 387.098, 385.547, 383.894, 382.132, 380.252, 378.248, 376.111, 373.831, 371.4, 368.806, 366.038, 363.085, 359.933, 356.571, 352.982, 349.151, 345.063, 340.698, 336.04, 331.066, 325.757, 320.089, 314.037, 307.575, 300.675, 300.06, 300.005, 300, 300, 300, 300, 300, 300, 300, 300, 300, 300, 300, 300, 300, 300, 300, 300, 300, 300, 300, 300, 300, 300, 300, 300, 300, 300, 300, 
408.542, 408.542, 408.536, 408.523, 408.502, 408.473, 408.437, 408.391, 408.335, 408.27, 408.193, 408.105, 408.004, 407.891, 407.763, 407.619, 407.46, 407.283, 407.088, 406.874, 406.638, 406.379, 406.097, 405.789, 405.454, 405.089, 404.693, 404.264, 403.799, 403.296, 402.752, 402.175, 401.562, 400.911, 400.219, 399.483, 398.701, 397.87, 396.985, 396.043, 395.041, 393.974, 392.838, 391.628, 390.339, 388.965, 387.502, 385.942, 384.28, 382.508, 380.618, 378.604, 376.455, 374.163, 371.719, 369.112, 366.33, 363.362, 360.195, 356.816, 353.21, 349.361, 345.254, 340.87, 336.19, 331.195, 325.863, 320.171, 314.093, 307.605, 300.678, 300.06, 300.005, 300, 300, 300, 300, 300, 300, 300, 300, 300, 300, 300, 300, 300, 300, 300, 300, 300, 300, 300, 300, 300, 300, 300, 300, 300, 300, 300, 
409.064, 409.064, 409.058, 409.044, 409.024, 408.995, 408.958, 408.911, 408.856, 408.79, 408.713, 408.624, 408.523, 408.408, 408.279, 408.135, 407.974, 407.797, 407.6, 407.384, 407.147, 406.887, 406.603, 406.293, 405.955, 405.589, 405.19, 404.758, 404.291, 403.785, 403.238, 402.657, 402.041, 401.386, 400.69, 399.95, 399.164, 398.327, 397.437, 396.49, 395.482, 394.409, 393.266, 392.049, 390.753, 389.372, 387.901, 386.333, 384.661, 382.879, 380.98, 378.954, 376.795, 374.491, 372.034, 369.414, 366.618, 363.636, 360.454, 357.058, 353.435, 349.569, 345.443, 341.039, 336.339, 331.322, 325.967, 320.251, 314.149, 307.635, 300.68, 300.061, 300.005, 300, 300, 300, 300, 300, 300, 300, 300, 300, 300, 300, 300, 300, 300, 300, 300, 300, 300, 300, 300, 300, 300, 300, 300, 300, 300, 300, 
409.58, 409.58, 409.573, 409.56, 409.539, 409.51, 409.472, 409.426, 409.37, 409.303, 409.226, 409.136, 409.034, 408.919, 408.789, 408.644, 408.483, 408.304, 408.106, 407.889, 407.65, 407.388, 407.102, 406.791, 406.451, 406.082, 405.681, 405.247, 404.777, 404.268, 403.718, 403.134, 402.514, 401.855, 401.155, 400.411, 399.62, 398.779, 397.884, 396.932, 395.918, 394.839, 393.69, 392.466, 391.163, 389.774, 388.294, 386.718, 385.037, 383.246, 381.337, 379.301, 377.13, 374.815, 372.345, 369.712, 366.903, 363.906, 360.708, 357.297, 353.657, 349.774, 345.629, 341.206, 336.486, 331.448, 326.07, 320.331, 314.204, 307.664, 300.683, 300.061, 300.005, 300, 300, 300, 300, 300, 300, 300, 300, 300, 300, 300, 300, 300, 300, 300, 300, 300, 300, 300, 300, 300, 300, 300, 300, 300, 300, 300, 
410.089, 410.089, 410.083, 410.069, 410.048, 410.019, 409.981, 409.934, 409.878, 409.811, 409.733, 409.643, 409.54, 409.424, 409.293, 409.147, 408.985, 408.805, 408.606, 408.387, 408.147, 407.883, 407.596, 407.282, 406.941, 406.569, 406.167, 405.73, 405.257, 404.745, 404.192, 403.605, 402.981, 402.319, 401.615, 400.867, 400.071, 399.225, 398.325, 397.367, 396.348, 395.263, 394.108, 392.877, 391.567, 390.171, 388.683, 387.098, 385.409, 383.608, 381.689, 379.642, 377.461, 375.134, 372.653, 370.006, 367.183, 364.172, 360.96, 357.533, 353.877, 349.976, 345.813, 341.371, 336.63, 331.571, 326.172, 320.409, 314.258, 307.693, 300.686, 300.061, 300.005, 300, 300, 300, 300, 300, 300, 300, 300, 300, 300, 300, 300, 300, 300, 300, 300, 300, 300, 300, 300, 300, 300, 300, 300, 300, 300, 300, 
410.592, 410.592, 410.586, 410.572, 410.551, 410.521, 410.483, 410.436, 410.379, 410.312, 410.233, 410.143, 410.039, 409.923, 409.791, 409.644, 409.481, 409.299, 409.099, 408.879, 408.637, 408.373, 408.083, 407.768, 407.424, 407.051, 406.646, 406.206, 405.731, 405.216, 404.66, 404.07, 403.443, 402.777, 402.069, 401.317, 400.517, 399.666, 398.761, 397.798, 396.773, 395.682, 394.52, 393.283, 391.966, 390.562, 389.067, 387.474, 385.776, 383.966, 382.037, 379.98, 377.787, 375.449, 372.956, 370.296, 367.46, 364.435, 361.208, 357.766, 354.093, 350.175, 345.994, 341.533, 336.773, 331.693, 326.272, 320.487, 314.312, 307.722, 300.688, 300.061, 300.005, 300, 300, 300, 300, 300, 300, 300, 300, 300, 300, 300, 300, 300, 300, 300, 300, 300, 300, 300, 300, 300, 300, 300, 300, 300, 300, 300, 
411.089, 411.089, 411.082, 411.069, 411.047, 411.018, 410.98, 410.932, 410.875, 410.807, 410.728, 410.637, 410.533, 410.415, 410.283, 410.135, 409.97, 409.788, 409.587, 409.365, 409.122, 408.856, 408.565, 408.247, 407.902, 407.526, 407.119, 406.677, 406.199, 405.681, 405.122, 404.529, 403.898, 403.229, 402.517, 401.761, 400.956, 400.101, 399.191, 398.223, 397.192, 396.095, 394.928, 393.684, 392.36, 390.949, 389.446, 387.844, 386.137, 384.318, 382.38, 380.313, 378.109, 375.76, 373.255, 370.583, 367.734, 364.695, 361.453, 357.995, 354.307, 350.371, 346.173, 341.693, 336.914, 331.813, 326.371, 320.563, 314.365, 307.75, 300.691, 300.062, 300.005, 300, 300, 300, 300, 300, 300, 300, 300, 300, 300, 300, 300, 300, 300, 300, 300, 300, 300, 300, 300, 300, 300, 300, 300, 300, 300, 300, 
411.58, 411.58, 411.573, 411.559, 411.538, 411.508, 411.47, 411.422, 411.364, 411.296, 411.216, 411.124, 411.02, 410.901, 410.768, 410.62, 410.454, 410.271, 410.068, 409.845, 409.601, 409.333, 409.04, 408.721, 408.373, 407.996, 407.586, 407.142, 406.661, 406.141, 405.579, 404.982, 404.348, 403.675, 402.96, 402.199, 401.391, 400.531, 399.616, 398.642, 397.606, 396.504, 395.33, 394.08, 392.748, 391.33, 389.82, 388.21, 386.495, 384.667, 382.718, 380.641, 378.427, 376.067, 373.55, 370.866, 368.003, 364.951, 361.695, 358.222, 354.517, 350.565, 346.349, 341.851, 337.052, 331.932, 326.468, 320.638, 314.417, 307.778, 300.693, 300.062, 300.005, 300, 300, 300, 300, 300, 300, 300, 300, 300, 300, 300, 300, 300, 300, 300, 300, 300, 300, 300, 300, 300, 300, 300, 300, 300, 300, 300, 
412.065, 412.065, 412.058, 412.044, 412.022, 411.992, 411.954, 411.905, 411.847, 411.779, 411.699, 411.606, 411.501, 411.382, 411.248, 411.098, 410.932, 410.747, 410.544, 410.319, 410.073, 409.804, 409.509, 409.188, 408.839, 408.459, 408.047, 407.601, 407.117, 406.594, 406.029, 405.43, 404.793, 404.116, 403.397, 402.632, 401.819, 400.955, 400.035, 399.057, 398.015, 396.907, 395.727, 394.47, 393.132, 391.707, 390.189, 388.571, 386.847, 385.01, 383.053, 380.966, 378.741, 376.37, 373.841, 371.145, 368.27, 365.203, 361.933, 358.445, 354.725, 350.757, 346.523, 342.007, 337.189, 332.049, 326.564, 320.712, 314.468, 307.805, 300.695, 300.062, 300.006, 300, 300, 300, 300, 300, 300, 300, 300, 300, 300, 300, 300, 300, 300, 300, 300, 300, 300, 300, 300, 300, 300, 300, 300, 300, 300, 300, 
412.543, 412.543, 412.536, 412.522, 412.5, 412.47, 412.431, 412.383, 412.325, 412.255, 412.175, 412.082, 411.976, 411.856, 411.721, 411.571, 411.403, 411.218, 411.013, 410.787, 410.54, 410.269, 409.973, 409.65, 409.299, 408.917, 408.503, 408.054, 407.568, 407.042, 406.474, 405.871, 405.231, 404.551, 403.828, 403.059, 402.242, 401.373, 400.449, 399.465, 398.419, 397.305, 396.119, 394.856, 393.511, 392.079, 390.553, 388.927, 387.195, 385.349, 383.382, 381.286, 379.051, 376.668, 374.128, 371.42, 368.532, 365.453, 362.168, 358.666, 354.93, 350.945, 346.695, 342.161, 337.324, 332.164, 326.659, 320.785, 314.519, 307.832, 300.698, 300.062, 300.006, 300, 300, 300, 300, 300, 300, 300, 300, 300, 300, 300, 300, 300, 300, 300, 300, 300, 300, 300, 300, 300, 300, 300, 300, 300, 300, 300, 
413.016, 413.016, 413.009, 412.995, 412.973, 412.942, 412.903, 412.855, 412.796, 412.726, 412.645, 412.552, 412.445, 412.325, 412.189, 412.038, 411.869, 411.682, 411.476, 411.25, 411.001, 410.728, 410.431, 410.106, 409.753, 409.369, 408.953, 408.501, 408.013, 407.484, 406.914, 406.308, 405.664, 404.98, 404.254, 403.481, 402.66, 401.787, 400.857, 399.869, 398.817, 397.697, 396.505, 395.236, 393.885, 392.445, 390.912, 389.279, 387.538, 385.684, 383.708, 381.601, 379.356, 376.963, 374.412, 371.691, 368.791, 365.698, 362.4, 358.883, 355.132, 351.131, 346.864, 342.313, 337.457, 332.278, 326.752, 320.858, 314.569, 307.859, 300.7, 300.062, 300.006, 300, 300, 300, 300, 300, 300, 300, 300, 300, 300, 300, 300, 300, 300, 300, 300, 300, 300, 300, 300, 300, 300, 300, 300, 300, 300, 300, 
413.482, 413.482, 413.475, 413.461, 413.439, 413.409, 413.369, 413.32, 413.261, 413.191, 413.109, 413.015, 412.908, 412.787, 412.651, 412.498, 412.329, 412.141, 411.934, 411.706, 411.456, 411.182, 410.882, 410.556, 410.201, 409.815, 409.396, 408.943, 408.452, 407.921, 407.347, 406.738, 406.091, 405.404, 404.674, 403.898, 403.072, 402.194, 401.261, 400.267, 399.21, 398.085, 396.887, 395.612, 394.254, 392.807, 391.267, 389.626, 387.877, 386.014, 384.029, 381.913, 379.658, 377.254, 374.691, 371.959, 369.047, 365.941, 362.629, 359.098, 355.331, 351.315, 347.031, 342.462, 337.588, 332.39, 326.844, 320.929, 314.618, 307.885, 300.702, 300.063, 300.006, 300, 300, 300, 300, 300, 300, 300, 300, 300, 300, 300, 300, 300, 300, 300, 300, 300, 300, 300, 300, 300, 300, 300, 300, 300, 300, 300, 
413.943, 413.943, 413.936, 413.922, 413.899, 413.869, 413.829, 413.78, 413.72, 413.65, 413.568, 413.473, 413.365, 413.243, 413.106, 412.953, 412.783, 412.594, 412.385, 412.156, 411.905, 411.629, 411.328, 411, 410.643, 410.255, 409.835, 409.379, 408.885, 408.352, 407.775, 407.163, 406.513, 405.823, 405.089, 404.309, 403.479, 402.597, 401.659, 400.66, 399.598, 398.467, 397.264, 395.982, 394.618, 393.164, 391.617, 389.968, 388.211, 386.34, 384.345, 382.22, 379.955, 377.541, 374.967, 372.223, 369.299, 366.18, 362.855, 359.309, 355.528, 351.496, 347.196, 342.609, 337.718, 332.5, 326.935, 320.999, 314.666, 307.911, 300.705, 300.063, 300.006, 300, 300, 300, 300, 300, 300, 300, 300, 300, 300, 300, 300, 300, 300, 300, 300, 300, 300, 300, 300, 300, 300, 300, 300, 300, 300, 300, 
414.398, 414.398, 414.391, 414.376, 414.354, 414.323, 414.283, 414.233, 414.174, 414.103, 414.02, 413.925, 413.817, 413.694, 413.556, 413.402, 413.231, 413.041, 412.831, 412.601, 412.348, 412.071, 411.768, 411.439, 411.08, 410.69, 410.267, 409.809, 409.313, 408.777, 408.198, 407.583, 406.929, 406.236, 405.498, 404.714, 403.881, 402.994, 402.051, 401.048, 399.981, 398.844, 397.635, 396.348, 394.977, 393.517, 391.962, 390.306, 388.541, 386.661, 384.658, 382.523, 380.248, 377.824, 375.239, 372.484, 369.547, 366.416, 363.077, 359.518, 355.722, 351.674, 347.358, 342.755, 337.845, 332.609, 327.025, 321.068, 314.714, 307.937, 300.707, 300.063, 300.006, 300.001, 300, 300, 300, 300, 300, 300, 300, 300, 300, 300, 300, 300, 300, 300, 300, 300, 300, 300, 300, 300, 300, 300, 300, 300, 300, 300, 
414.846, 414.846, 414.839, 414.825, 414.802, 414.771, 414.731, 414.681, 414.621, 414.55, 414.467, 414.371, 414.262, 414.139, 414, 413.845, 413.673, 413.482, 413.271, 413.04, 412.785, 412.507, 412.203, 411.871, 411.511, 411.119, 410.694, 410.234, 409.735, 409.196, 408.614, 407.997, 407.34, 406.643, 405.902, 405.114, 404.277, 403.386, 402.439, 401.431, 400.358, 399.217, 398.002, 396.708, 395.331, 393.864, 392.302, 390.639, 388.866, 386.978, 384.966, 382.822, 380.538, 378.103, 375.507, 372.741, 369.792, 366.648, 363.297, 359.723, 355.913, 351.85, 347.518, 342.898, 337.971, 332.717, 327.113, 321.136, 314.761, 307.962, 300.709, 300.063, 300.006, 300.001, 300, 300, 300, 300, 300, 300, 300, 300, 300, 300, 300, 300, 300, 300, 300, 300, 300, 300, 300, 300, 300, 300, 300, 300, 300, 300, 
415.289, 415.289, 415.282, 415.268, 415.245, 415.214, 415.173, 415.123, 415.063, 414.991, 414.908, 414.811, 414.702, 414.578, 414.438, 414.283, 414.109, 413.917, 413.706, 413.473, 413.217, 412.937, 412.632, 412.299, 411.936, 411.542, 411.115, 410.653, 410.152, 409.61, 409.026, 408.405, 407.746, 407.045, 406.301, 405.509, 404.668, 403.773, 402.821, 401.808, 400.731, 399.584, 398.363, 397.064, 395.681, 394.207, 392.638, 390.967, 389.187, 387.291, 385.27, 383.117, 380.823, 378.378, 375.772, 372.994, 370.034, 366.878, 363.513, 359.926, 356.101, 352.024, 347.676, 343.039, 338.095, 332.822, 327.2, 321.203, 314.808, 307.986, 300.711, 300.063, 300.006, 300.001, 300, 300, 300, 300, 300, 300, 300, 300, 300, 300, 300, 300, 300, 300, 300, 300, 300, 300, 300, 300, 300, 300, 300, 300, 300, 300, 
415.726, 415.726, 415.719, 415.705, 415.682, 415.65, 415.61, 415.559, 415.499, 415.426, 415.343, 415.246, 415.136, 415.011, 414.871, 414.714, 414.54, 414.347, 414.134, 413.9, 413.643, 413.362, 413.055, 412.72, 412.356, 411.96, 411.531, 411.066, 410.563, 410.019, 409.432, 408.808, 408.146, 407.442, 406.694, 405.899, 405.053, 404.154, 403.198, 402.181, 401.098, 399.946, 398.72, 397.415, 396.025, 394.546, 392.97, 391.291, 389.504, 387.599, 385.57, 383.408, 381.104, 378.649, 376.033, 373.244, 370.272, 367.104, 363.726, 360.126, 356.287, 352.195, 347.831, 343.178, 338.217, 332.927, 327.285, 321.269, 314.853, 308.011, 300.713, 300.064, 300.006, 300.001, 300, 300, 300, 300, 300, 300, 300, 300, 300, 300, 300, 300, 300, 300, 300, 300, 300, 300, 300, 300, 300, 300, 300, 300, 300, 300, 
416.158, 416.158, 416.151, 416.136, 416.113, 416.081, 416.041, 415.99, 415.929, 415.856, 415.772, 415.675, 415.564, 415.438, 415.297, 415.14, 414.965, 414.771, 414.557, 414.322, 414.063, 413.781, 413.472, 413.136, 412.77, 412.372, 411.941, 411.474, 410.968, 410.422, 409.832, 409.206, 408.54, 407.833, 407.082, 406.283, 405.434, 404.531, 403.57, 402.548, 401.461, 400.304, 399.072, 397.761, 396.365, 394.879, 393.297, 391.611, 389.816, 387.903, 385.866, 383.695, 381.382, 378.917, 376.29, 373.491, 370.507, 367.327, 363.937, 360.323, 356.47, 352.363, 347.984, 343.316, 338.338, 333.03, 327.37, 321.334, 314.898, 308.035, 300.715, 300.064, 300.006, 300.001, 300, 300, 300, 300, 300, 300, 300, 300, 300, 300, 300, 300, 300, 300, 300, 300, 300, 300, 300, 300, 300, 300, 300, 300, 300, 300, 
416.584, 416.584, 416.576, 416.562, 416.539, 416.507, 416.466, 416.415, 416.353, 416.28, 416.195, 416.098, 415.986, 415.86, 415.719, 415.56, 415.384, 415.189, 414.974, 414.738, 414.478, 414.194, 413.884, 413.546, 413.178, 412.779, 412.346, 411.876, 411.369, 410.82, 410.227, 409.598, 408.93, 408.219, 407.465, 406.662, 405.809, 404.902, 403.937, 402.911, 401.819, 400.656, 399.419, 398.103, 396.701, 395.208, 393.619, 391.926, 390.123, 388.203, 386.157, 383.978, 381.655, 379.181, 376.544, 373.734, 370.739, 367.547, 364.144, 360.517, 356.651, 352.529, 348.135, 343.451, 338.456, 333.131, 327.453, 321.399, 314.943, 308.059, 300.717, 300.064, 300.006, 300.001, 300, 300, 300, 300, 300, 300, 300, 300, 300, 300, 300, 300, 300, 300, 300, 300, 300, 300, 300, 300, 300, 300, 300, 300, 300, 300, 
417.004, 417.004, 416.996, 416.981, 416.958, 416.926, 416.885, 416.834, 416.772, 416.699, 416.613, 416.515, 416.403, 416.276, 416.134, 415.975, 415.798, 415.602, 415.386, 415.148, 414.888, 414.602, 414.29, 413.951, 413.581, 413.18, 412.745, 412.274, 411.764, 411.212, 410.617, 409.985, 409.314, 408.6, 407.842, 407.036, 406.179, 405.268, 404.299, 403.268, 402.171, 401.004, 399.762, 398.439, 397.032, 395.533, 393.937, 392.237, 390.427, 388.499, 386.445, 384.257, 381.925, 379.441, 376.794, 373.973, 370.967, 367.763, 364.348, 360.709, 356.829, 352.693, 348.284, 343.584, 338.573, 333.231, 327.535, 321.462, 314.987, 308.082, 300.72, 300.064, 300.006, 300.001, 300, 300, 300, 300, 300, 300, 300, 300, 300, 300, 300, 300, 300, 300, 300, 300, 300, 300, 300, 300, 300, 300, 300, 300, 300, 300, 
417.418, 417.418, 417.411, 417.396, 417.372, 417.34, 417.299, 417.247, 417.185, 417.111, 417.026, 416.927, 416.814, 416.687, 416.544, 416.384, 416.206, 416.009, 415.792, 415.553, 415.291, 415.005, 414.691, 414.35, 413.979, 413.576, 413.139, 412.665, 412.153, 411.599, 411.002, 410.367, 409.692, 408.976, 408.215, 407.405, 406.545, 405.63, 404.656, 403.621, 402.519, 401.347, 400.099, 398.772, 397.358, 395.853, 394.25, 392.544, 390.726, 388.79, 386.728, 384.531, 382.191, 379.698, 377.041, 374.209, 371.192, 367.977, 364.55, 360.897, 357.004, 352.855, 348.431, 343.715, 338.688, 333.329, 327.616, 321.524, 315.03, 308.105, 300.722, 300.064, 300.006, 300.001, 300, 300, 300, 300, 300, 300, 300, 300, 300, 300, 300, 300, 300, 300, 300, 300, 300, 300, 300, 300, 300, 300, 300, 300, 300, 300, 
417.827, 417.827, 417.82, 417.804, 417.781, 417.749, 417.707, 417.655, 417.593, 417.519, 417.432, 417.333, 417.22, 417.092, 416.948, 416.788, 416.609, 416.411, 416.193, 415.953, 415.69, 415.401, 415.087, 414.744, 414.371, 413.966, 413.527, 413.052, 412.537, 411.981, 411.381, 410.743, 410.066, 409.347, 408.582, 407.769, 406.905, 405.986, 405.008, 403.969, 402.862, 401.685, 400.433, 399.099, 397.68, 396.169, 394.56, 392.846, 391.021, 389.078, 387.008, 384.803, 382.453, 379.95, 377.284, 374.442, 371.414, 368.187, 364.748, 361.083, 357.177, 353.014, 348.576, 343.845, 338.802, 333.426, 327.695, 321.586, 315.072, 308.128, 300.724, 300.064, 300.006, 300.001, 300, 300, 300, 300, 300, 300, 300, 300, 300, 300, 300, 300, 300, 300, 300, 300, 300, 300, 300, 300, 300, 300, 300, 300, 300, 300, 
418.23, 418.23, 418.223, 418.208, 418.184, 418.152, 418.11, 418.058, 417.995, 417.92, 417.834, 417.734, 417.62, 417.492, 417.347, 417.186, 417.006, 416.807, 416.588, 416.347, 416.082, 415.793, 415.477, 415.133, 414.758, 414.352, 413.911, 413.433, 412.916, 412.358, 411.755, 411.115, 410.435, 409.712, 408.944, 408.128, 407.26, 406.337, 405.356, 404.312, 403.201, 402.019, 400.761, 399.422, 397.997, 396.48, 394.864, 393.144, 391.312, 389.361, 387.283, 385.07, 382.712, 380.2, 377.523, 374.672, 371.633, 368.395, 364.944, 361.267, 357.348, 353.17, 348.718, 343.972, 338.914, 333.522, 327.774, 321.646, 315.114, 308.15, 300.725, 300.065, 300.006, 300.001, 300, 300, 300, 300, 300, 300, 300, 300, 300, 300, 300, 300, 300, 300, 300, 300, 300, 300, 300, 300, 300, 300, 300, 300, 300, 300, 
418.628, 418.628, 418.621, 418.605, 418.582, 418.549, 418.507, 418.455, 418.391, 418.317, 418.229, 418.129, 418.015, 417.886, 417.74, 417.578, 417.398, 417.198, 416.978, 416.736, 416.47, 416.179, 415.862, 415.516, 415.14, 414.731, 414.288, 413.809, 413.29, 412.729, 412.124, 411.481, 410.798, 410.073, 409.301, 408.482, 407.61, 406.684, 405.698, 404.65, 403.534, 402.348, 401.085, 399.741, 398.31, 396.787, 395.165, 393.438, 391.599, 389.641, 387.555, 385.333, 382.967, 380.446, 377.76, 374.898, 371.849, 368.599, 365.137, 361.448, 357.515, 353.325, 348.859, 344.098, 339.024, 333.616, 327.851, 321.706, 315.155, 308.172, 300.727, 300.065, 300.006, 300.001, 300, 300, 300, 300, 300, 300, 300, 300, 300, 300, 300, 300, 300, 300, 300, 300, 300, 300, 300, 300, 300, 300, 300, 300, 300, 300, 
419.02, 419.02, 419.013, 418.998, 418.974, 418.941, 418.899, 418.846, 418.783, 418.707, 418.62, 418.519, 418.404, 418.274, 418.129, 417.966, 417.784, 417.584, 417.362, 417.119, 416.852, 416.56, 416.241, 415.894, 415.516, 415.106, 414.661, 414.179, 413.658, 413.095, 412.488, 411.842, 411.156, 410.428, 409.654, 408.831, 407.956, 407.025, 406.036, 404.983, 403.863, 402.672, 401.404, 400.055, 398.618, 397.089, 395.461, 393.728, 391.882, 389.916, 387.823, 385.593, 383.218, 380.688, 377.992, 375.121, 372.061, 368.801, 365.327, 361.626, 357.681, 353.477, 348.997, 344.222, 339.133, 333.709, 327.927, 321.765, 315.196, 308.194, 300.729, 300.065, 300.006, 300.001, 300, 300, 300, 300, 300, 300, 300, 300, 300, 300, 300, 300, 300, 300, 300, 300, 300, 300, 300, 300, 300, 300, 300, 300, 300, 300, 
419.407, 419.407, 419.4, 419.384, 419.361, 419.328, 419.285, 419.232, 419.168, 419.093, 419.005, 418.904, 418.788, 418.658, 418.511, 418.348, 418.166, 417.964, 417.742, 417.497, 417.229, 416.936, 416.616, 416.267, 415.887, 415.475, 415.029, 414.545, 414.022, 413.457, 412.846, 412.198, 411.51, 410.778, 410.001, 409.175, 408.296, 407.362, 406.369, 405.312, 404.188, 402.992, 401.719, 400.364, 398.922, 397.387, 395.753, 394.013, 392.161, 390.188, 388.087, 385.849, 383.466, 380.927, 378.222, 375.34, 372.271, 369, 365.515, 361.801, 357.844, 353.627, 349.133, 344.344, 339.24, 333.8, 328.002, 321.823, 315.236, 308.215, 300.731, 300.065, 300.006, 300.001, 300, 300, 300, 300, 300, 300, 300, 300, 300, 300, 300, 300, 300, 300, 300, 300, 300, 300, 300, 300, 300, 300, 300, 300, 300, 300, 
419.789, 419.789, 419.782, 419.766, 419.742, 419.709, 419.666, 419.613, 419.549, 419.473, 419.385, 419.283, 419.167, 419.036, 418.889, 418.724, 418.541, 418.339, 418.116, 417.87, 417.601, 417.306, 416.985, 416.634, 416.253, 415.84, 415.391, 414.905, 414.38, 413.813, 413.2, 412.55, 411.858, 411.124, 410.344, 409.514, 408.632, 407.694, 406.697, 405.636, 404.508, 403.307, 402.029, 400.669, 399.222, 397.681, 396.041, 394.295, 392.436, 390.456, 388.347, 386.101, 383.71, 381.162, 378.448, 375.557, 372.477, 369.195, 365.699, 361.974, 358.005, 353.775, 349.268, 344.464, 339.345, 333.89, 328.076, 321.88, 315.275, 308.236, 300.733, 300.065, 300.006, 300.001, 300, 300, 300, 300, 300, 300, 300, 300, 300, 300, 300, 300, 300, 300, 300, 300, 300, 300, 300, 300, 300, 300, 300, 300, 300, 300, 
420.165, 420.165, 420.158, 420.142, 420.118, 420.085, 420.042, 419.988, 419.924, 419.848, 419.759, 419.657, 419.54, 419.409, 419.261, 419.096, 418.912, 418.709, 418.484, 418.238, 417.967, 417.671, 417.349, 416.997, 416.614, 416.199, 415.749, 415.261, 414.734, 414.164, 413.549, 412.896, 412.202, 411.465, 410.681, 409.849, 408.963, 408.022, 407.021, 405.956, 404.823, 403.618, 402.335, 400.97, 399.517, 397.971, 396.325, 394.572, 392.706, 390.719, 388.603, 386.35, 383.95, 381.394, 378.671, 375.77, 372.68, 369.388, 365.881, 362.144, 358.163, 353.921, 349.4, 344.583, 339.449, 333.979, 328.149, 321.936, 315.314, 308.257, 300.735, 300.065, 300.006, 300.001, 300, 300, 300, 300, 300, 300, 300, 300, 300, 300, 300, 300, 300, 300, 300, 300, 300, 300, 300, 300, 300, 300, 300, 300, 300, 300, 
420.536, 420.536, 420.529, 420.513, 420.489, 420.456, 420.412, 420.359, 420.294, 420.217, 420.128, 420.026, 419.909, 419.776, 419.628, 419.462, 419.277, 419.073, 418.848, 418.6, 418.329, 418.032, 417.707, 417.354, 416.97, 416.553, 416.101, 415.611, 415.082, 414.51, 413.893, 413.237, 412.541, 411.801, 411.014, 410.178, 409.29, 408.345, 407.34, 406.271, 405.134, 403.924, 402.637, 401.267, 399.809, 398.257, 396.605, 394.846, 392.973, 390.979, 388.856, 386.595, 384.187, 381.622, 378.89, 375.981, 372.881, 369.578, 366.06, 362.312, 358.319, 354.064, 349.53, 344.699, 339.552, 334.066, 328.221, 321.991, 315.352, 308.277, 300.737, 300.066, 300.006, 300.001, 300, 300, 300, 300, 300, 300, 300, 300, 300, 300, 300, 300, 300, 300, 300, 300, 300, 300, 300, 300, 300, 300, 300, 300, 300, 300, 
420.902, 420.902, 420.895, 420.879, 420.855, 420.821, 420.778, 420.724, 420.659, 420.582, 420.492, 420.389, 420.272, 420.139, 419.99, 419.823, 419.638, 419.433, 419.206, 418.958, 418.685, 418.387, 418.061, 417.706, 417.321, 416.902, 416.448, 415.957, 415.425, 414.851, 414.232, 413.574, 412.875, 412.132, 411.342, 410.503, 409.611, 408.663, 407.654, 406.581, 405.44, 404.226, 402.934, 401.559, 400.096, 398.538, 396.88, 395.115, 393.236, 391.236, 389.105, 386.837, 384.421, 381.848, 379.107, 376.188, 373.078, 369.766, 366.237, 362.478, 358.473, 354.205, 349.659, 344.814, 339.653, 334.152, 328.291, 322.046, 315.39, 308.297, 300.738, 300.066, 300.006, 300.001, 300, 300, 300, 300, 300, 300, 300, 300, 300, 300, 300, 300, 300, 300, 300, 300, 300, 300, 300, 300, 300, 300, 300, 300, 300, 300, 
421.263, 421.263, 421.256, 421.24, 421.215, 421.181, 421.138, 421.084, 421.018, 420.941, 420.851, 420.748, 420.63, 420.496, 420.346, 420.179, 419.993, 419.787, 419.56, 419.31, 419.036, 418.737, 418.41, 418.054, 417.667, 417.246, 416.791, 416.297, 415.764, 415.188, 414.566, 413.905, 413.204, 412.458, 411.666, 410.824, 409.928, 408.976, 407.964, 406.887, 405.742, 404.523, 403.227, 401.847, 400.378, 398.816, 397.152, 395.381, 393.496, 391.488, 389.351, 387.075, 384.651, 382.069, 379.32, 376.392, 373.273, 369.95, 366.411, 362.641, 358.624, 354.345, 349.785, 344.928, 339.752, 334.237, 328.361, 322.099, 315.427, 308.317, 300.74, 300.066, 300.006, 300.001, 300, 300, 300, 300, 300, 300, 300, 300, 300, 300, 300, 300, 300, 300, 300, 300, 300, 300, 300, 300, 300, 300, 300, 300, 300, 300, 
421.619, 421.619, 421.611, 421.595, 421.571, 421.537, 421.493, 421.439, 421.373, 421.295, 421.205, 421.101, 420.982, 420.848, 420.698, 420.53, 420.343, 420.136, 419.908, 419.657, 419.383, 419.082, 418.754, 418.396, 418.008, 417.586, 417.128, 416.633, 416.098, 415.519, 414.895, 414.232, 413.528, 412.78, 411.985, 411.14, 410.241, 409.286, 408.27, 407.189, 406.039, 404.816, 403.515, 402.131, 400.657, 399.089, 397.42, 395.643, 393.751, 391.737, 389.593, 387.309, 384.878, 382.288, 379.53, 376.593, 373.464, 370.132, 366.582, 362.801, 358.773, 354.482, 349.91, 345.039, 339.85, 334.32, 328.429, 322.152, 315.463, 308.336, 300.742, 300.066, 300.006, 300.001, 300, 300, 300, 300, 300, 300, 300, 300, 300, 300, 300, 300, 300, 300, 300, 300, 300, 300, 300, 300, 300, 300, 300, 300, 300, 300, 
421.969, 421.969, 421.962, 421.946, 421.921, 421.887, 421.843, 421.788, 421.723, 421.645, 421.554, 421.449, 421.33, 421.196, 421.045, 420.876, 420.688, 420.481, 420.252, 420, 419.724, 419.422, 419.093, 418.734, 418.344, 417.92, 417.461, 416.964, 416.427, 415.846, 415.22, 414.555, 413.848, 413.097, 412.299, 411.451, 410.549, 409.59, 408.571, 407.486, 406.333, 405.105, 403.8, 402.41, 400.932, 399.358, 397.684, 395.901, 394.003, 391.982, 389.831, 387.54, 385.101, 382.503, 379.737, 376.791, 373.653, 370.311, 366.751, 362.959, 358.92, 354.617, 350.033, 345.149, 339.946, 334.403, 328.497, 322.204, 315.499, 308.355, 300.743, 300.066, 300.006, 300.001, 300, 300, 300, 300, 300, 300, 300, 300, 300, 300, 300, 300, 300, 300, 300, 300, 300, 300, 300, 300, 300, 300, 300, 300, 300, 300, 
422.315, 422.315, 422.307, 422.291, 422.266, 422.232, 422.188, 422.133, 422.067, 421.989, 421.898, 421.793, 421.673, 421.538, 421.386, 421.217, 421.029, 420.82, 420.59, 420.337, 420.06, 419.757, 419.427, 419.066, 418.675, 418.25, 417.789, 417.29, 416.751, 416.169, 415.54, 414.872, 414.163, 413.41, 412.609, 411.758, 410.853, 409.891, 408.867, 407.779, 406.622, 405.39, 404.08, 402.686, 401.203, 399.624, 397.943, 396.155, 394.251, 392.224, 390.066, 387.768, 385.321, 382.716, 379.941, 376.986, 373.839, 370.487, 366.918, 363.115, 359.064, 354.75, 350.153, 345.257, 340.041, 334.484, 328.563, 322.255, 315.535, 308.374, 300.745, 300.066, 300.006, 300.001, 300, 300, 300, 300, 300, 300, 300, 300, 300, 300, 300, 300, 300, 300, 300, 300, 300, 300, 300, 300, 300, 300, 300, 300, 300, 300, 
422.656, 422.656, 422.648, 422.632, 422.607, 422.573, 422.528, 422.473, 422.407, 422.328, 422.237, 422.131, 422.011, 421.875, 421.723, 421.553, 421.364, 421.155, 420.924, 420.67, 420.392, 420.088, 419.756, 419.394, 419.001, 418.575, 418.112, 417.612, 417.071, 416.486, 415.855, 415.186, 414.474, 413.718, 412.914, 412.06, 411.152, 410.186, 409.16, 408.068, 406.906, 405.671, 404.356, 402.958, 401.469, 399.885, 398.2, 396.405, 394.495, 392.462, 390.297, 387.992, 385.538, 382.925, 380.142, 377.178, 374.022, 370.661, 367.081, 363.268, 359.207, 354.881, 350.273, 345.364, 340.134, 334.563, 328.628, 322.306, 315.57, 308.393, 300.747, 300.066, 300.006, 300.001, 300, 300, 300, 300, 300, 300, 300, 300, 300, 300, 300, 300, 300, 300, 300, 300, 300, 300, 300, 300, 300, 300, 300, 300, 300, 300, 
422.991, 422.991, 422.984, 422.967, 422.942, 422.908, 422.863, 422.808, 422.741, 422.662, 422.571, 422.465, 422.344, 422.208, 422.055, 421.884, 421.694, 421.484, 421.253, 420.998, 420.719, 420.413, 420.08, 419.717, 419.323, 418.895, 418.431, 417.929, 417.385, 416.799, 416.166, 415.494, 414.78, 414.021, 413.215, 412.358, 411.447, 410.478, 409.448, 408.352, 407.187, 405.947, 404.629, 403.225, 401.732, 400.143, 398.452, 396.652, 394.736, 392.696, 390.525, 388.213, 385.751, 383.131, 380.34, 377.368, 374.203, 370.832, 367.243, 363.419, 359.347, 355.01, 350.39, 345.468, 340.226, 334.642, 328.693, 322.355, 315.604, 308.411, 300.748, 300.067, 300.006, 300.001, 300, 300, 300, 300, 300, 300, 300, 300, 300, 300, 300, 300, 300, 300, 300, 300, 300, 300, 300, 300, 300, 300, 300, 300, 300, 300, 
423.322, 423.322, 423.315, 423.298, 423.273, 423.239, 423.194, 423.138, 423.071, 422.992, 422.9, 422.794, 422.673, 422.536, 422.382, 422.211, 422.02, 421.809, 421.577, 421.321, 421.041, 420.734, 420.4, 420.036, 419.64, 419.21, 418.745, 418.241, 417.696, 417.107, 416.472, 415.798, 415.082, 414.32, 413.511, 412.651, 411.737, 410.765, 409.732, 408.633, 407.463, 406.22, 404.897, 403.489, 401.991, 400.397, 398.701, 396.895, 394.973, 392.927, 390.749, 388.431, 385.962, 383.333, 380.535, 377.554, 374.381, 371.001, 367.402, 363.568, 359.485, 355.137, 350.505, 345.572, 340.317, 334.719, 328.756, 322.404, 315.638, 308.429, 300.75, 300.067, 300.006, 300.001, 300, 300, 300, 300, 300, 300, 300, 300, 300, 300, 300, 300, 300, 300, 300, 300, 300, 300, 300, 300, 300, 300, 300, 300, 300, 300, 
423.648, 423.648, 423.641, 423.624, 423.599, 423.564, 423.519, 423.464, 423.396, 423.317, 423.224, 423.118, 422.996, 422.859, 422.705, 422.532, 422.341, 422.13, 421.896, 421.64, 421.358, 421.051, 420.715, 420.35, 419.952, 419.521, 419.054, 418.548, 418.002, 417.411, 416.774, 416.098, 415.379, 414.615, 413.803, 412.941, 412.024, 411.048, 410.011, 408.909, 407.736, 406.488, 405.161, 403.749, 402.246, 400.647, 398.945, 397.134, 395.207, 393.155, 390.97, 388.645, 386.169, 383.533, 380.727, 377.738, 374.556, 371.167, 367.558, 363.715, 359.621, 355.262, 350.619, 345.673, 340.406, 334.795, 328.819, 322.452, 315.671, 308.447, 300.751, 300.067, 300.006, 300.001, 300, 300, 300, 300, 300, 300, 300, 300, 300, 300, 300, 300, 300, 300, 300, 300, 300, 300, 300, 300, 300, 300, 300, 300, 300, 300, 
423.97, 423.97, 423.962, 423.946, 423.92, 423.885, 423.84, 423.784, 423.717, 423.637, 423.544, 423.437, 423.315, 423.177, 423.022, 422.85, 422.658, 422.445, 422.211, 421.953, 421.671, 421.362, 421.026, 420.659, 420.26, 419.828, 419.359, 418.851, 418.303, 417.711, 417.072, 416.393, 415.672, 414.905, 414.091, 413.226, 412.306, 411.327, 410.287, 409.181, 408.004, 406.753, 405.421, 404.005, 402.497, 400.894, 399.187, 397.37, 395.437, 393.379, 391.188, 388.856, 386.373, 383.73, 380.916, 377.919, 374.728, 371.33, 367.712, 363.859, 359.755, 355.385, 350.731, 345.774, 340.494, 334.87, 328.88, 322.5, 315.704, 308.464, 300.753, 300.067, 300.006, 300.001, 300, 300, 300, 300, 300, 300, 300, 300, 300, 300, 300, 300, 300, 300, 300, 300, 300, 300, 300, 300, 300, 300, 300, 300, 300, 300, 
424.287, 424.287, 424.279, 424.262, 424.237, 424.202, 424.156, 424.1, 424.032, 423.952, 423.859, 423.751, 423.629, 423.491, 423.335, 423.162, 422.969, 422.756, 422.521, 422.262, 421.979, 421.669, 421.332, 420.964, 420.564, 420.13, 419.659, 419.15, 418.6, 418.006, 417.365, 416.684, 415.96, 415.192, 414.375, 413.506, 412.583, 411.602, 410.559, 409.449, 408.269, 407.013, 405.678, 404.257, 402.745, 401.136, 399.424, 397.602, 395.663, 393.6, 391.403, 389.064, 386.574, 383.924, 381.102, 378.097, 374.898, 371.491, 367.864, 364.001, 359.887, 355.507, 350.841, 345.872, 340.58, 334.944, 328.941, 322.547, 315.736, 308.482, 300.754, 300.067, 300.006, 300.001, 300, 300, 300, 300, 300, 300, 300, 300, 300, 300, 300, 300, 300, 300, 300, 300, 300, 300, 300, 300, 300, 300, 300, 300, 300, 300, 
424.599, 424.599, 424.591, 424.574, 424.549, 424.513, 424.468, 424.411, 424.343, 424.263, 424.169, 424.061, 423.938, 423.8, 423.644, 423.47, 423.276, 423.062, 422.826, 422.567, 422.283, 421.972, 421.633, 421.264, 420.862, 420.427, 419.955, 419.444, 418.892, 418.296, 417.653, 416.97, 416.244, 415.473, 414.654, 413.783, 412.857, 411.873, 410.826, 409.713, 408.529, 407.27, 405.93, 404.505, 402.989, 401.375, 399.658, 397.831, 395.887, 393.817, 391.614, 389.269, 386.772, 384.115, 381.285, 378.273, 375.065, 371.65, 368.013, 364.141, 360.017, 355.626, 350.95, 345.969, 340.665, 335.016, 329, 322.592, 315.768, 308.498, 300.756, 300.067, 300.006, 300.001, 300, 300, 300, 300, 300, 300, 300, 300, 300, 300, 300, 300, 300, 300, 300, 300, 300, 300, 300, 300, 300, 300, 300, 300, 300, 300, 
424.906, 424.906, 424.898, 424.881, 424.856, 424.82, 424.775, 424.718, 424.65, 424.569, 424.475, 424.367, 424.243, 424.104, 423.948, 423.773, 423.579, 423.364, 423.127, 422.867, 422.582, 422.27, 421.93, 421.56, 421.157, 420.72, 420.247, 419.734, 419.18, 418.582, 417.937, 417.252, 416.524, 415.751, 414.929, 414.055, 413.127, 412.139, 411.089, 409.973, 408.785, 407.522, 406.179, 404.75, 403.229, 401.611, 399.889, 398.057, 396.107, 394.031, 391.822, 389.47, 386.967, 384.303, 381.466, 378.445, 375.23, 371.806, 368.16, 364.279, 360.145, 355.744, 351.056, 346.065, 340.749, 335.088, 329.059, 322.638, 315.799, 308.515, 300.757, 300.067, 300.006, 300.001, 300, 300, 300, 300, 300, 300, 300, 300, 300, 300, 300, 300, 300, 300, 300, 300, 300, 300, 300, 300, 300, 300, 300, 300, 300, 300, 
425.209, 425.209, 425.201, 425.184, 425.158, 425.123, 425.077, 425.02, 424.952, 424.871, 424.776, 424.668, 424.544, 424.404, 424.247, 424.072, 423.877, 423.662, 423.424, 423.163, 422.877, 422.564, 422.222, 421.851, 421.447, 421.009, 420.534, 420.02, 419.464, 418.865, 418.218, 417.53, 416.8, 416.024, 415.2, 414.324, 413.392, 412.402, 411.349, 410.229, 409.038, 407.771, 406.424, 404.99, 403.465, 401.843, 400.116, 398.279, 396.323, 394.242, 392.027, 389.669, 387.159, 384.488, 381.643, 378.616, 375.392, 371.96, 368.305, 364.414, 360.271, 355.859, 351.162, 346.159, 340.832, 335.158, 329.117, 322.682, 315.83, 308.531, 300.759, 300.067, 300.006, 300.001, 300, 300, 300, 300, 300, 300, 300, 300, 300, 300, 300, 300, 300, 300, 300, 300, 300, 300, 300, 300, 300, 300, 300, 300, 300, 300, 
425.507, 425.507, 425.499, 425.482, 425.457, 425.421, 425.375, 425.318, 425.249, 425.168, 425.073, 424.964, 424.84, 424.7, 424.542, 424.366, 424.171, 423.954, 423.716, 423.454, 423.167, 422.853, 422.511, 422.138, 421.733, 421.293, 420.817, 420.301, 419.744, 419.142, 418.493, 417.804, 417.072, 416.294, 415.467, 414.588, 413.654, 412.661, 411.604, 410.481, 409.287, 408.017, 406.665, 405.228, 403.698, 402.071, 400.34, 398.497, 396.536, 394.45, 392.229, 389.865, 387.348, 384.67, 381.818, 378.783, 375.551, 372.111, 368.448, 364.548, 360.395, 355.973, 351.265, 346.252, 340.913, 335.228, 329.173, 322.726, 315.86, 308.548, 300.76, 300.068, 300.006, 300.001, 300, 300, 300, 300, 300, 300, 300, 300, 300, 300, 300, 300, 300, 300, 300, 300, 300, 300, 300, 300, 300, 300, 300, 300, 300, 300, 
425.801, 425.801, 425.793, 425.776, 425.75, 425.715, 425.668, 425.611, 425.542, 425.46, 425.365, 425.256, 425.131, 424.991, 424.832, 424.656, 424.46, 424.243, 424.004, 423.741, 423.453, 423.138, 422.795, 422.421, 422.014, 421.573, 421.095, 420.578, 420.019, 419.416, 418.765, 418.074, 417.34, 416.559, 415.73, 414.848, 413.911, 412.915, 411.856, 410.73, 409.532, 408.258, 406.903, 405.461, 403.928, 402.296, 400.56, 398.712, 396.746, 394.654, 392.427, 390.057, 387.535, 384.849, 381.991, 378.948, 375.709, 372.26, 368.588, 364.679, 360.517, 356.086, 351.367, 346.343, 340.993, 335.296, 329.229, 322.769, 315.89, 308.563, 300.762, 300.068, 300.006, 300.001, 300, 300, 300, 300, 300, 300, 300, 300, 300, 300, 300, 300, 300, 300, 300, 300, 300, 300, 300, 300, 300, 300, 300, 300, 300, 300, 
426.091, 426.091, 426.083, 426.066, 426.04, 426.004, 425.958, 425.9, 425.831, 425.749, 425.653, 425.544, 425.419, 425.277, 425.119, 424.942, 424.745, 424.527, 424.287, 424.024, 423.735, 423.419, 423.074, 422.699, 422.291, 421.849, 421.37, 420.851, 420.291, 419.685, 419.033, 418.34, 417.603, 416.82, 415.989, 415.105, 414.165, 413.166, 412.104, 410.975, 409.773, 408.496, 407.137, 405.691, 404.154, 402.517, 400.777, 398.924, 396.953, 394.855, 392.623, 390.247, 387.718, 385.026, 382.161, 379.11, 375.863, 372.407, 368.727, 364.809, 360.637, 356.196, 351.467, 346.432, 341.071, 335.363, 329.284, 322.812, 315.919, 308.579, 300.763, 300.068, 300.006, 300.001, 300, 300, 300, 300, 300, 300, 300, 300, 300, 300, 300, 300, 300, 300, 300, 300, 300, 300, 300, 300, 300, 300, 300, 300, 300, 300, 
426.376, 426.376, 426.368, 426.351, 426.325, 426.289, 426.242, 426.185, 426.115, 426.033, 425.937, 425.827, 425.701, 425.56, 425.401, 425.223, 425.026, 424.807, 424.567, 424.302, 424.012, 423.695, 423.35, 422.973, 422.564, 422.121, 421.64, 421.12, 420.558, 419.951, 419.296, 418.601, 417.863, 417.078, 416.244, 415.357, 414.415, 413.413, 412.348, 411.216, 410.011, 408.73, 407.367, 405.918, 404.376, 402.736, 400.99, 399.133, 397.157, 395.054, 392.815, 390.433, 387.898, 385.2, 382.328, 379.27, 376.016, 372.551, 368.863, 364.936, 360.756, 356.305, 351.566, 346.521, 341.149, 335.429, 329.338, 322.853, 315.948, 308.594, 300.764, 300.068, 300.006, 300.001, 300, 300, 300, 300, 300, 300, 300, 300, 300, 300, 300, 300, 300, 300, 300, 300, 300, 300, 300, 300, 300, 300, 300, 300, 300, 300, 
426.657, 426.657, 426.649, 426.632, 426.605, 426.569, 426.523, 426.465, 426.395, 426.313, 426.216, 426.106, 425.98, 425.838, 425.678, 425.5, 425.302, 425.083, 424.841, 424.576, 424.285, 423.968, 423.621, 423.243, 422.833, 422.388, 421.906, 421.385, 420.821, 420.212, 419.556, 418.859, 418.118, 417.331, 416.495, 415.606, 414.661, 413.657, 412.589, 411.453, 410.245, 408.961, 407.594, 406.141, 404.595, 402.95, 401.2, 399.338, 397.357, 395.249, 393.005, 390.617, 388.076, 385.371, 382.492, 379.428, 376.166, 372.693, 368.997, 365.061, 360.872, 356.412, 351.663, 346.608, 341.225, 335.494, 329.392, 322.894, 315.976, 308.61, 300.766, 300.068, 300.006, 300.001, 300, 300, 300, 300, 300, 300, 300, 300, 300, 300, 300, 300, 300, 300, 300, 300, 300, 300, 300, 300, 300, 300, 300, 300, 300, 300, 
426.933, 426.933, 426.925, 426.908, 426.882, 426.846, 426.799, 426.741, 426.671, 426.588, 426.492, 426.381, 426.254, 426.112, 425.952, 425.773, 425.574, 425.355, 425.112, 424.846, 424.555, 424.236, 423.888, 423.509, 423.098, 422.652, 422.168, 421.645, 421.08, 420.47, 419.812, 419.113, 418.37, 417.581, 416.742, 415.851, 414.903, 413.896, 412.825, 411.686, 410.475, 409.188, 407.818, 406.361, 404.811, 403.162, 401.407, 399.541, 397.554, 395.441, 393.192, 390.798, 388.251, 385.54, 382.654, 379.583, 376.313, 372.833, 369.128, 365.185, 360.987, 356.517, 351.759, 346.693, 341.3, 335.558, 329.444, 322.935, 316.004, 308.624, 300.767, 300.068, 300.006, 300.001, 300, 300, 300, 300, 300, 300, 300, 300, 300, 300, 300, 300, 300, 300, 300, 300, 300, 300, 300, 300, 300, 300, 300, 300, 300, 300, 
427.206, 427.206, 427.198, 427.181, 427.154, 427.118, 427.071, 427.013, 426.942, 426.859, 426.763, 426.651, 426.525, 426.382, 426.221, 426.042, 425.842, 425.622, 425.379, 425.112, 424.82, 424.5, 424.151, 423.771, 423.359, 422.911, 422.427, 421.902, 421.335, 420.723, 420.064, 419.363, 418.618, 417.827, 416.986, 416.092, 415.142, 414.132, 413.058, 411.917, 410.702, 409.411, 408.038, 406.577, 405.023, 403.37, 401.611, 399.74, 397.749, 395.63, 393.376, 390.976, 388.423, 385.706, 382.813, 379.735, 376.458, 372.971, 369.258, 365.306, 361.099, 356.621, 351.853, 346.777, 341.374, 335.621, 329.496, 322.975, 316.032, 308.639, 300.768, 300.068, 300.006, 300.001, 300, 300, 300, 300, 300, 300, 300, 300, 300, 300, 300, 300, 300, 300, 300, 300, 300, 300, 300, 300, 300, 300, 300, 300, 300, 300, 
427.474, 427.474, 427.466, 427.449, 427.422, 427.386, 427.339, 427.28, 427.21, 427.126, 427.029, 426.918, 426.791, 426.647, 426.486, 426.306, 426.106, 425.885, 425.642, 425.374, 425.081, 424.76, 424.41, 424.029, 423.616, 423.167, 422.681, 422.155, 421.586, 420.973, 420.311, 419.609, 418.862, 418.069, 417.226, 416.329, 415.377, 414.364, 413.288, 412.143, 410.926, 409.631, 408.254, 406.79, 405.232, 403.575, 401.812, 399.936, 397.94, 395.816, 393.557, 391.152, 388.593, 385.869, 382.97, 379.885, 376.601, 373.106, 369.386, 365.426, 361.21, 356.723, 351.946, 346.86, 341.446, 335.683, 329.547, 323.014, 316.059, 308.653, 300.769, 300.068, 300.006, 300.001, 300, 300, 300, 300, 300, 300, 300, 300, 300, 300, 300, 300, 300, 300, 300, 300, 300, 300, 300, 300, 300, 300, 300, 300, 300, 300, 
427.738, 427.738, 427.73, 427.713, 427.686, 427.65, 427.603, 427.544, 427.473, 427.39, 427.292, 427.18, 427.053, 426.909, 426.747, 426.567, 426.366, 426.145, 425.9, 425.632, 425.338, 425.016, 424.665, 424.283, 423.869, 423.419, 422.931, 422.404, 421.834, 421.219, 420.556, 419.851, 419.102, 418.307, 417.462, 416.563, 415.608, 414.593, 413.514, 412.366, 411.146, 409.848, 408.468, 406.999, 405.438, 403.777, 402.009, 400.129, 398.128, 396, 393.735, 391.324, 388.759, 386.03, 383.125, 380.033, 376.742, 373.24, 369.512, 365.543, 361.32, 356.823, 352.037, 346.942, 341.518, 335.744, 329.597, 323.052, 316.085, 308.668, 300.771, 300.069, 300.006, 300.001, 300, 300, 300, 300, 300, 300, 300, 300, 300, 300, 300, 300, 300, 300, 300, 300, 300, 300, 300, 300, 300, 300, 300, 300, 300, 300, 
427.999, 427.999, 427.99, 427.973, 427.946, 427.91, 427.862, 427.803, 427.733, 427.649, 427.551, 427.439, 427.311, 427.166, 427.004, 426.823, 426.622, 426.4, 426.155, 425.886, 425.591, 425.268, 424.916, 424.534, 424.118, 423.666, 423.178, 422.649, 422.078, 421.461, 420.796, 420.089, 419.339, 418.542, 417.694, 416.793, 415.836, 414.818, 413.736, 412.586, 411.362, 410.061, 408.678, 407.206, 405.64, 403.975, 402.204, 400.319, 398.314, 396.18, 393.91, 391.494, 388.924, 386.188, 383.277, 380.178, 376.881, 373.371, 369.635, 365.659, 361.427, 356.922, 352.127, 347.022, 341.588, 335.804, 329.646, 323.09, 316.111, 308.682, 300.772, 300.069, 300.006, 300.001, 300, 300, 300, 300, 300, 300, 300, 300, 300, 300, 300, 300, 300, 300, 300, 300, 300, 300, 300, 300, 300, 300, 300, 300, 300, 300, 
428.255, 428.255, 428.246, 428.229, 428.202, 428.166, 428.118, 428.059, 427.988, 427.904, 427.806, 427.693, 427.565, 427.42, 427.258, 427.076, 426.874, 426.651, 426.406, 426.136, 425.84, 425.516, 425.164, 424.78, 424.363, 423.91, 423.42, 422.89, 422.317, 421.699, 421.032, 420.324, 419.572, 418.772, 417.923, 417.02, 416.06, 415.04, 413.955, 412.802, 411.575, 410.271, 408.884, 407.409, 405.84, 404.171, 402.395, 400.506, 398.496, 396.358, 394.083, 391.661, 389.085, 386.344, 383.426, 380.321, 377.017, 373.5, 369.757, 365.773, 361.533, 357.019, 352.215, 347.101, 341.657, 335.863, 329.694, 323.128, 316.137, 308.695, 300.773, 300.069, 300.006, 300.001, 300, 300, 300, 300, 300, 300, 300, 300, 300, 300, 300, 300, 300, 300, 300, 300, 300, 300, 300, 300, 300, 300, 300, 300, 300, 300, 
428.507, 428.507, 428.499, 428.481, 428.454, 428.418, 428.37, 428.311, 428.239, 428.155, 428.057, 427.944, 427.815, 427.67, 427.507, 427.325, 427.123, 426.899, 426.653, 426.382, 426.085, 425.761, 425.407, 425.022, 424.604, 424.151, 423.659, 423.128, 422.553, 421.934, 421.265, 420.556, 419.801, 419, 418.148, 417.243, 416.281, 415.258, 414.171, 413.015, 411.785, 410.478, 409.088, 407.609, 406.036, 404.363, 402.583, 400.69, 398.676, 396.533, 394.252, 391.826, 389.244, 386.497, 383.574, 380.462, 377.151, 373.627, 369.877, 365.885, 361.637, 357.115, 352.302, 347.179, 341.725, 335.921, 329.742, 323.164, 316.162, 308.709, 300.774, 300.069, 300.006, 300.001, 300, 300, 300, 300, 300, 300, 300, 300, 300, 300, 300, 300, 300, 300, 300, 300, 300, 300, 300, 300, 300, 300, 300, 300, 300, 300, 
428.755, 428.755, 428.747, 428.73, 428.703, 428.666, 428.618, 428.558, 428.487, 428.402, 428.304, 428.19, 428.062, 427.916, 427.752, 427.57, 427.367, 427.143, 426.896, 426.624, 426.327, 426.001, 425.647, 425.261, 424.842, 424.387, 423.894, 423.362, 422.786, 422.165, 421.495, 420.783, 420.027, 419.224, 418.37, 417.463, 416.498, 415.473, 414.383, 413.224, 411.992, 410.681, 409.288, 407.806, 406.229, 404.553, 402.769, 400.871, 398.852, 396.705, 394.42, 391.988, 389.401, 386.648, 383.718, 380.601, 377.283, 373.753, 369.995, 365.996, 361.739, 357.209, 352.387, 347.255, 341.792, 335.978, 329.789, 323.2, 316.187, 308.722, 300.775, 300.069, 300.006, 300.001, 300, 300, 300, 300, 300, 300, 300, 300, 300, 300, 300, 300, 300, 300, 300, 300, 300, 300, 300, 300, 300, 300, 300, 300, 300, 300, 
429, 429, 428.991, 428.974, 428.947, 428.91, 428.862, 428.802, 428.731, 428.646, 428.547, 428.433, 428.304, 428.158, 427.994, 427.811, 427.608, 427.383, 427.135, 426.863, 426.564, 426.238, 425.883, 425.496, 425.076, 424.62, 424.126, 423.592, 423.015, 422.392, 421.72, 421.007, 420.249, 419.444, 418.588, 417.679, 416.712, 415.684, 414.592, 413.43, 412.195, 410.882, 409.485, 408, 406.42, 404.739, 402.951, 401.05, 399.026, 396.874, 394.584, 392.148, 389.555, 386.796, 383.861, 380.737, 377.413, 373.876, 370.111, 366.104, 361.84, 357.302, 352.472, 347.33, 341.858, 336.034, 329.835, 323.236, 316.212, 308.735, 300.776, 300.069, 300.006, 300.001, 300, 300, 300, 300, 300, 300, 300, 300, 300, 300, 300, 300, 300, 300, 300, 300, 300, 300, 300, 300, 300, 300, 300, 300, 300, 300, 
429.241, 429.241, 429.232, 429.215, 429.188, 429.15, 429.102, 429.042, 428.97, 428.885, 428.786, 428.672, 428.543, 428.396, 428.232, 428.048, 427.844, 427.619, 427.37, 427.097, 426.798, 426.472, 426.115, 425.727, 425.306, 424.849, 424.354, 423.819, 423.24, 422.616, 421.943, 421.228, 420.468, 419.661, 418.803, 417.892, 416.923, 415.893, 414.798, 413.633, 412.395, 411.079, 409.679, 408.19, 406.607, 404.922, 403.131, 401.225, 399.198, 397.041, 394.746, 392.304, 389.707, 386.943, 384.001, 380.872, 377.541, 373.997, 370.225, 366.211, 361.939, 357.393, 352.554, 347.404, 341.923, 336.089, 329.88, 323.271, 316.236, 308.748, 300.778, 300.069, 300.006, 300.001, 300, 300, 300, 300, 300, 300, 300, 300, 300, 300, 300, 300, 300, 300, 300, 300, 300, 300, 300, 300, 300, 300, 300, 300, 300, 300, 
429.477, 429.477, 429.469, 429.451, 429.424, 429.387, 429.339, 429.279, 429.207, 429.121, 429.022, 428.908, 428.778, 428.631, 428.466, 428.282, 428.077, 427.851, 427.602, 427.329, 427.029, 426.701, 426.344, 425.955, 425.533, 425.074, 424.578, 424.042, 423.462, 422.836, 422.161, 421.445, 420.683, 419.874, 419.015, 418.101, 417.13, 416.097, 415, 413.833, 412.592, 411.273, 409.87, 408.378, 406.791, 405.103, 403.308, 401.398, 399.366, 397.205, 394.905, 392.459, 389.856, 387.086, 384.139, 381.004, 377.667, 374.116, 370.337, 366.316, 362.037, 357.483, 352.636, 347.477, 341.987, 336.144, 329.925, 323.305, 316.26, 308.761, 300.779, 300.069, 300.006, 300.001, 300, 300, 300, 300, 300, 300, 300, 300, 300, 300, 300, 300, 300, 300, 300, 300, 300, 300, 300, 300, 300, 300, 300, 300, 300, 300, 
429.711, 429.711, 429.702, 429.685, 429.657, 429.62, 429.572, 429.512, 429.439, 429.354, 429.254, 429.139, 429.009, 428.862, 428.696, 428.512, 428.307, 428.08, 427.831, 427.556, 427.256, 426.927, 426.569, 426.179, 425.756, 425.297, 424.799, 424.261, 423.68, 423.053, 422.377, 421.659, 420.895, 420.085, 419.223, 418.307, 417.334, 416.299, 415.199, 414.03, 412.786, 411.464, 410.058, 408.563, 406.972, 405.281, 403.482, 401.568, 399.532, 397.366, 395.062, 392.611, 390.003, 387.228, 384.275, 381.134, 377.791, 374.233, 370.448, 366.42, 362.133, 357.571, 352.716, 347.549, 342.05, 336.197, 329.968, 323.339, 316.283, 308.773, 300.78, 300.069, 300.006, 300.001, 300, 300, 300, 300, 300, 300, 300, 300, 300, 300, 300, 300, 300, 300, 300, 300, 300, 300, 300, 300, 300, 300, 300, 300, 300, 300, 
429.94, 429.94, 429.932, 429.914, 429.887, 429.849, 429.801, 429.741, 429.668, 429.582, 429.482, 429.367, 429.237, 429.089, 428.923, 428.738, 428.533, 428.306, 428.055, 427.78, 427.479, 427.15, 426.79, 426.4, 425.975, 425.515, 425.017, 424.477, 423.895, 423.266, 422.589, 421.869, 421.104, 420.291, 419.428, 418.51, 417.534, 416.497, 415.395, 414.223, 412.977, 411.652, 410.243, 408.744, 407.151, 405.456, 403.653, 401.735, 399.695, 397.525, 395.216, 392.76, 390.147, 387.367, 384.409, 381.261, 377.912, 374.349, 370.557, 366.521, 362.227, 357.658, 352.795, 347.619, 342.112, 336.25, 330.012, 323.372, 316.306, 308.785, 300.781, 300.069, 300.006, 300.001, 300, 300, 300, 300, 300, 300, 300, 300, 300, 300, 300, 300, 300, 300, 300, 300, 300, 300, 300, 300, 300, 300, 300, 300, 300, 300, 
430.166, 430.166, 430.158, 430.14, 430.113, 430.075, 430.026, 429.966, 429.893, 429.807, 429.707, 429.592, 429.461, 429.313, 429.146, 428.961, 428.755, 428.527, 428.276, 428.001, 427.699, 427.368, 427.009, 426.617, 426.192, 425.73, 425.23, 424.69, 424.106, 423.476, 422.797, 422.076, 421.309, 420.495, 419.629, 418.71, 417.732, 416.693, 415.588, 414.413, 413.165, 411.837, 410.425, 408.923, 407.326, 405.628, 403.821, 401.9, 399.856, 397.681, 395.368, 392.907, 390.289, 387.504, 384.54, 381.387, 378.032, 374.462, 370.664, 366.622, 362.32, 357.743, 352.872, 347.689, 342.172, 336.302, 330.054, 323.405, 316.329, 308.797, 300.782, 300.069, 300.006, 300.001, 300, 300, 300, 300, 300, 300, 300, 300, 300, 300, 300, 300, 300, 300, 300, 300, 300, 300, 300, 300, 300, 300, 300, 300, 300, 300, 
430.389, 430.389, 430.38, 430.362, 430.335, 430.297, 430.248, 430.188, 430.115, 430.029, 429.928, 429.813, 429.681, 429.533, 429.366, 429.18, 428.974, 428.746, 428.494, 428.218, 427.915, 427.584, 427.223, 426.831, 426.404, 425.942, 425.441, 424.899, 424.314, 423.683, 423.002, 422.28, 421.511, 420.695, 419.828, 418.906, 417.926, 416.885, 415.778, 414.601, 413.349, 412.019, 410.604, 409.099, 407.499, 405.797, 403.987, 402.062, 400.014, 397.835, 395.518, 393.052, 390.429, 387.639, 384.67, 381.511, 378.15, 374.574, 370.769, 366.72, 362.412, 357.827, 352.948, 347.757, 342.232, 336.353, 330.096, 323.437, 316.351, 308.809, 300.783, 300.07, 300.006, 300.001, 300, 300, 300, 300, 300, 300, 300, 300, 300, 300, 300, 300, 300, 300, 300, 300, 300, 300, 300, 300, 300, 300, 300, 300, 300, 300, 
430.608, 430.608, 430.599, 430.581, 430.554, 430.516, 430.467, 430.406, 430.333, 430.247, 430.146, 430.03, 429.898, 429.75, 429.583, 429.396, 429.189, 428.96, 428.708, 428.431, 428.128, 427.796, 427.434, 427.041, 426.614, 426.15, 425.648, 425.105, 424.519, 423.886, 423.204, 422.48, 421.71, 420.892, 420.023, 419.099, 418.118, 417.074, 415.965, 414.785, 413.531, 412.198, 410.78, 409.272, 407.669, 405.964, 404.15, 402.221, 400.169, 397.986, 395.665, 393.195, 390.567, 387.771, 384.797, 381.633, 378.266, 374.684, 370.873, 366.817, 362.502, 357.91, 353.023, 347.824, 342.291, 336.403, 330.137, 323.469, 316.373, 308.821, 300.784, 300.07, 300.006, 300.001, 300, 300, 300, 300, 300, 300, 300, 300, 300, 300, 300, 300, 300, 300, 300, 300, 300, 300, 300, 300, 300, 300, 300, 300, 300, 300, 
430.823, 430.823, 430.814, 430.797, 430.769, 430.731, 430.682, 430.621, 430.548, 430.461, 430.36, 430.244, 430.112, 429.963, 429.795, 429.609, 429.401, 429.172, 428.919, 428.641, 428.337, 428.005, 427.642, 427.248, 426.82, 426.355, 425.852, 425.308, 424.721, 424.087, 423.403, 422.677, 421.906, 421.086, 420.215, 419.29, 418.306, 417.26, 416.148, 414.967, 413.71, 412.374, 410.953, 409.443, 407.836, 406.128, 404.311, 402.378, 400.322, 398.135, 395.809, 393.335, 390.702, 387.902, 384.922, 381.753, 378.38, 374.792, 370.974, 366.912, 362.59, 357.991, 353.097, 347.89, 342.349, 336.452, 330.177, 323.5, 316.394, 308.832, 300.785, 300.07, 300.006, 300.001, 300, 300, 300, 300, 300, 300, 300, 300, 300, 300, 300, 300, 300, 300, 300, 300, 300, 300, 300, 300, 300, 300, 300, 300, 300, 300, 
431.035, 431.035, 431.026, 431.009, 430.981, 430.943, 430.894, 430.833, 430.759, 430.672, 430.571, 430.455, 430.322, 430.173, 430.005, 429.818, 429.61, 429.38, 429.126, 428.848, 428.543, 428.21, 427.847, 427.452, 427.022, 426.557, 426.053, 425.508, 424.919, 424.284, 423.599, 422.871, 422.098, 421.277, 420.404, 419.477, 418.491, 417.443, 416.329, 415.145, 413.886, 412.548, 411.124, 409.61, 408.001, 406.289, 404.468, 402.532, 400.472, 398.282, 395.951, 393.472, 390.835, 388.03, 385.046, 381.871, 378.493, 374.899, 371.075, 367.006, 362.677, 358.071, 353.17, 347.955, 342.406, 336.501, 330.217, 323.531, 316.415, 308.843, 300.786, 300.07, 300.006, 300.001, 300, 300, 300, 300, 300, 300, 300, 300, 300, 300, 300, 300, 300, 300, 300, 300, 300, 300, 300, 300, 300, 300, 300, 300, 300, 300, 
431.244, 431.244, 431.235, 431.217, 431.189, 431.151, 431.102, 431.041, 430.967, 430.88, 430.779, 430.662, 430.529, 430.379, 430.211, 430.023, 429.815, 429.584, 429.33, 429.052, 428.746, 428.412, 428.048, 427.652, 427.222, 426.755, 426.25, 425.704, 425.114, 424.478, 423.791, 423.062, 422.288, 421.465, 420.591, 419.661, 418.673, 417.623, 416.507, 415.321, 414.059, 412.718, 411.292, 409.775, 408.163, 406.448, 404.624, 402.684, 400.62, 398.426, 396.091, 393.608, 390.966, 388.156, 385.167, 381.987, 378.603, 375.003, 371.173, 367.098, 362.763, 358.15, 353.241, 348.019, 342.461, 336.548, 330.256, 323.561, 316.436, 308.855, 300.787, 300.07, 300.006, 300.001, 300, 300, 300, 300, 300, 300, 300, 300, 300, 300, 300, 300, 300, 300, 300, 300, 300, 300, 300, 300, 300, 300, 300, 300, 300, 300, 
431.449, 431.449, 431.44, 431.422, 431.395, 431.356, 431.307, 431.246, 431.172, 431.084, 430.983, 430.866, 430.733, 430.583, 430.414, 430.226, 430.017, 429.786, 429.531, 429.252, 428.946, 428.611, 428.246, 427.849, 427.418, 426.951, 426.445, 425.897, 425.306, 424.668, 423.981, 423.25, 422.474, 421.65, 420.774, 419.842, 418.853, 417.801, 416.682, 415.494, 414.23, 412.886, 411.457, 409.938, 408.322, 406.604, 404.777, 402.833, 400.766, 398.568, 396.229, 393.741, 391.095, 388.281, 385.286, 382.101, 378.712, 375.106, 371.27, 367.189, 362.847, 358.227, 353.312, 348.081, 342.516, 336.595, 330.295, 323.59, 316.456, 308.865, 300.788, 300.07, 300.006, 300.001, 300, 300, 300, 300, 300, 300, 300, 300, 300, 300, 300, 300, 300, 300, 300, 300, 300, 300, 300, 300, 300, 300, 300, 300, 300, 300, 
431.651, 431.651, 431.642, 431.624, 431.597, 431.558, 431.509, 431.447, 431.373, 431.286, 431.184, 431.067, 430.933, 430.783, 430.614, 430.425, 430.216, 429.984, 429.729, 429.449, 429.142, 428.807, 428.441, 428.043, 427.611, 427.143, 426.636, 426.087, 425.495, 424.856, 424.167, 423.435, 422.658, 421.832, 420.954, 420.021, 419.029, 417.975, 416.855, 415.664, 414.397, 413.051, 411.62, 410.097, 408.479, 406.758, 404.927, 402.98, 400.909, 398.707, 396.364, 393.873, 391.222, 388.403, 385.403, 382.213, 378.818, 375.207, 371.366, 367.278, 362.93, 358.303, 353.381, 348.143, 342.571, 336.641, 330.332, 323.619, 316.477, 308.876, 300.789, 300.07, 300.006, 300.001, 300, 300, 300, 300, 300, 300, 300, 300, 300, 300, 300, 300, 300, 300, 300, 300, 300, 300, 300, 300, 300, 300, 300, 300, 300, 300, 
431.85, 431.85, 431.841, 431.823, 431.795, 431.757, 431.707, 431.646, 431.571, 431.484, 431.381, 431.264, 431.13, 430.979, 430.81, 430.621, 430.411, 430.179, 429.924, 429.643, 429.335, 428.999, 428.633, 428.234, 427.802, 427.332, 426.824, 426.275, 425.681, 425.041, 424.35, 423.617, 422.838, 422.011, 421.131, 420.196, 419.203, 418.147, 417.024, 415.831, 414.562, 413.214, 411.779, 410.255, 408.633, 406.909, 405.075, 403.125, 401.05, 398.844, 396.498, 394.002, 391.347, 388.523, 385.519, 382.323, 378.924, 375.307, 371.459, 367.366, 363.011, 358.378, 353.449, 348.204, 342.624, 336.687, 330.369, 323.648, 316.496, 308.887, 300.79, 300.07, 300.006, 300.001, 300, 300, 300, 300, 300, 300, 300, 300, 300, 300, 300, 300, 300, 300, 300, 300, 300, 300, 300, 300, 300, 300, 300, 300, 300, 300, 
432.046, 432.046, 432.037, 432.019, 431.991, 431.952, 431.902, 431.841, 431.766, 431.678, 431.576, 431.458, 431.324, 431.173, 431.003, 430.814, 430.604, 430.371, 430.115, 429.834, 429.525, 429.189, 428.822, 428.422, 427.989, 427.518, 427.009, 426.459, 425.864, 425.222, 424.531, 423.796, 423.016, 422.187, 421.305, 420.369, 419.374, 418.316, 417.191, 415.996, 414.725, 413.373, 411.937, 410.409, 408.785, 407.057, 405.22, 403.267, 401.189, 398.979, 396.629, 394.129, 391.47, 388.641, 385.632, 382.432, 379.027, 375.405, 371.552, 367.452, 363.091, 358.452, 353.515, 348.264, 342.676, 336.731, 330.406, 323.676, 316.516, 308.897, 300.791, 300.07, 300.006, 300.001, 300, 300, 300, 300, 300, 300, 300, 300, 300, 300, 300, 300, 300, 300, 300, 300, 300, 300, 300, 300, 300, 300, 300, 300, 300, 300, 
432.238, 432.238, 432.229, 432.211, 432.183, 432.144, 432.095, 432.033, 431.958, 431.87, 431.767, 431.649, 431.515, 431.364, 431.193, 431.004, 430.793, 430.56, 430.303, 430.021, 429.712, 429.375, 429.007, 428.607, 428.173, 427.701, 427.191, 426.64, 426.044, 425.401, 424.708, 423.972, 423.191, 422.36, 421.477, 420.539, 419.542, 418.482, 417.355, 416.157, 414.884, 413.531, 412.091, 410.561, 408.934, 407.204, 405.363, 403.407, 401.325, 399.112, 396.758, 394.254, 391.59, 388.757, 385.744, 382.538, 379.129, 375.501, 371.642, 367.537, 363.17, 358.524, 353.581, 348.322, 342.728, 336.775, 330.442, 323.704, 316.535, 308.907, 300.791, 300.07, 300.006, 300.001, 300, 300, 300, 300, 300, 300, 300, 300, 300, 300, 300, 300, 300, 300, 300, 300, 300, 300, 300, 300, 300, 300, 300, 300, 300, 300, 
432.427, 432.427, 432.419, 432.4, 432.372, 432.334, 432.284, 432.222, 432.147, 432.058, 431.956, 431.837, 431.703, 431.551, 431.381, 431.19, 430.979, 430.746, 430.488, 430.206, 429.896, 429.558, 429.19, 428.789, 428.354, 427.882, 427.37, 426.818, 426.221, 425.577, 424.883, 424.146, 423.362, 422.53, 421.646, 420.706, 419.707, 418.645, 417.516, 416.317, 415.041, 413.685, 412.244, 410.711, 409.081, 407.347, 405.504, 403.544, 401.459, 399.242, 396.885, 394.377, 391.709, 388.872, 385.854, 382.643, 379.229, 375.596, 371.732, 367.621, 363.248, 358.595, 353.646, 348.38, 342.778, 336.818, 330.477, 323.731, 316.554, 308.917, 300.792, 300.07, 300.006, 300.001, 300, 300, 300, 300, 300, 300, 300, 300, 300, 300, 300, 300, 300, 300, 300, 300, 300, 300, 300, 300, 300, 300, 300, 300, 300, 300, 
432.614, 432.614, 432.605, 432.587, 432.558, 432.52, 432.47, 432.407, 432.332, 432.244, 432.141, 432.023, 431.888, 431.735, 431.565, 431.374, 431.162, 430.928, 430.671, 430.388, 430.077, 429.739, 429.37, 428.968, 428.532, 428.059, 427.547, 426.993, 426.395, 425.75, 425.055, 424.316, 423.531, 422.698, 421.812, 420.87, 419.869, 418.806, 417.675, 416.473, 415.196, 413.837, 412.393, 410.858, 409.225, 407.489, 405.643, 403.679, 401.591, 399.371, 397.009, 394.497, 391.826, 388.984, 385.962, 382.747, 379.327, 375.689, 371.819, 367.703, 363.324, 358.665, 353.709, 348.437, 342.828, 336.861, 330.512, 323.758, 316.572, 308.927, 300.793, 300.07, 300.006, 300.001, 300, 300, 300, 300, 300, 300, 300, 300, 300, 300, 300, 300, 300, 300, 300, 300, 300, 300, 300, 300, 300, 300, 300, 300, 300, 300, 
432.797, 432.797, 432.788, 432.77, 432.742, 432.703, 432.653, 432.59, 432.515, 432.426, 432.323, 432.205, 432.069, 431.917, 431.746, 431.555, 431.343, 431.108, 430.85, 430.566, 430.256, 429.916, 429.546, 429.144, 428.707, 428.233, 427.72, 427.165, 426.566, 425.92, 425.224, 424.484, 423.698, 422.863, 421.975, 421.032, 420.029, 418.964, 417.831, 416.628, 415.348, 413.987, 412.541, 411.002, 409.367, 407.628, 405.779, 403.812, 401.721, 399.497, 397.132, 394.616, 391.941, 389.095, 386.068, 382.848, 379.424, 375.781, 371.906, 367.784, 363.399, 358.734, 353.772, 348.493, 342.877, 336.902, 330.546, 323.784, 316.59, 308.937, 300.794, 300.071, 300.006, 300.001, 300, 300, 300, 300, 300, 300, 300, 300, 300, 300, 300, 300, 300, 300, 300, 300, 300, 300, 300, 300, 300, 300, 300, 300, 300, 300, 
432.977, 432.977, 432.968, 432.95, 432.922, 432.883, 432.832, 432.77, 432.695, 432.606, 432.502, 432.384, 432.248, 432.095, 431.924, 431.732, 431.52, 431.285, 431.026, 430.742, 430.431, 430.091, 429.72, 429.317, 428.879, 428.405, 427.891, 427.335, 426.735, 426.087, 425.39, 424.649, 423.861, 423.025, 422.136, 421.191, 420.187, 419.119, 417.985, 416.779, 415.497, 414.134, 412.685, 411.145, 409.507, 407.765, 405.913, 403.943, 401.849, 399.621, 397.253, 394.733, 392.054, 389.204, 386.172, 382.948, 379.519, 375.871, 371.991, 367.863, 363.472, 358.802, 353.833, 348.548, 342.925, 336.943, 330.58, 323.81, 316.608, 308.946, 300.795, 300.071, 300.006, 300.001, 300, 300, 300, 300, 300, 300, 300, 300, 300, 300, 300, 300, 300, 300, 300, 300, 300, 300, 300, 300, 300, 300, 300, 300, 300, 300, 
433.155, 433.155, 433.146, 433.127, 433.099, 433.06, 433.01, 432.947, 432.872, 432.783, 432.679, 432.56, 432.424, 432.271, 432.099, 431.907, 431.694, 431.459, 431.2, 430.915, 430.603, 430.263, 429.891, 429.487, 429.049, 428.573, 428.058, 427.502, 426.901, 426.252, 425.553, 424.811, 424.022, 423.184, 422.294, 421.347, 420.341, 419.272, 418.136, 416.928, 415.644, 414.279, 412.828, 411.285, 409.644, 407.9, 406.045, 404.072, 401.974, 399.744, 397.371, 394.848, 392.165, 389.311, 386.275, 383.046, 379.612, 375.959, 372.074, 367.941, 363.545, 358.868, 353.894, 348.602, 342.972, 336.984, 330.613, 323.836, 316.626, 308.956, 300.796, 300.071, 300.006, 300.001, 300, 300, 300, 300, 300, 300, 300, 300, 300, 300, 300, 300, 300, 300, 300, 300, 300, 300, 300, 300, 300, 300, 300, 300, 300, 300, 
433.329, 433.329, 433.32, 433.302, 433.273, 433.234, 433.184, 433.121, 433.046, 432.956, 432.852, 432.733, 432.597, 432.444, 432.271, 432.079, 431.866, 431.63, 431.37, 431.085, 430.773, 430.431, 430.06, 429.655, 429.215, 428.739, 428.223, 427.666, 427.064, 426.414, 425.714, 424.971, 424.181, 423.341, 422.449, 421.501, 420.494, 419.423, 418.285, 417.075, 415.789, 414.422, 412.968, 411.422, 409.779, 408.032, 406.174, 404.199, 402.098, 399.864, 397.488, 394.961, 392.274, 389.416, 386.376, 383.143, 379.704, 376.047, 372.156, 368.018, 363.616, 358.934, 353.953, 348.655, 343.019, 337.023, 330.645, 323.861, 316.643, 308.965, 300.796, 300.071, 300.006, 300.001, 300, 300, 300, 300, 300, 300, 300, 300, 300, 300, 300, 300, 300, 300, 300, 300, 300, 300, 300, 300, 300, 300, 300, 300, 300, 300, 
433.501, 433.501, 433.492, 433.473, 433.445, 433.406, 433.355, 433.292, 433.217, 433.127, 433.023, 432.903, 432.767, 432.613, 432.441, 432.248, 432.035, 431.799, 431.538, 431.252, 430.94, 430.598, 430.225, 429.82, 429.38, 428.902, 428.386, 427.827, 427.224, 426.573, 425.872, 425.128, 424.336, 423.495, 422.602, 421.652, 420.643, 419.571, 418.431, 417.219, 415.931, 414.562, 413.106, 411.558, 409.912, 408.162, 406.302, 404.323, 402.219, 399.982, 397.603, 395.072, 392.381, 389.519, 386.475, 383.238, 379.795, 376.132, 372.237, 368.093, 363.686, 358.998, 354.011, 348.707, 343.064, 337.062, 330.677, 323.885, 316.66, 308.974, 300.797, 300.071, 300.006, 300.001, 300, 300, 300, 300, 300, 300, 300, 300, 300, 300, 300, 300, 300, 300, 300, 300, 300, 300, 300, 300, 300, 300, 300, 300, 300, 300, 
433.67, 433.67, 433.661, 433.642, 433.614, 433.574, 433.524, 433.461, 433.385, 433.295, 433.191, 433.071, 432.935, 432.781, 432.608, 432.415, 432.201, 431.964, 431.703, 431.417, 431.104, 430.761, 430.388, 429.982, 429.541, 429.063, 428.545, 427.986, 427.382, 426.73, 426.028, 425.282, 424.489, 423.647, 422.752, 421.801, 420.791, 419.716, 418.575, 417.361, 416.071, 414.699, 413.241, 411.691, 410.043, 408.29, 406.427, 404.446, 402.339, 400.098, 397.716, 395.182, 392.487, 389.621, 386.573, 383.331, 379.884, 376.217, 372.316, 368.168, 363.755, 359.061, 354.069, 348.758, 343.109, 337.101, 330.709, 323.909, 316.677, 308.983, 300.798, 300.071, 300.006, 300.001, 300, 300, 300, 300, 300, 300, 300, 300, 300, 300, 300, 300, 300, 300, 300, 300, 300, 300, 300, 300, 300, 300, 300, 300, 300, 300, 
433.836, 433.836, 433.827, 433.808, 433.78, 433.74, 433.689, 433.626, 433.55, 433.461, 433.356, 433.236, 433.099, 432.945, 432.772, 432.579, 432.364, 432.127, 431.866, 431.579, 431.265, 430.922, 430.548, 430.141, 429.7, 429.221, 428.702, 428.142, 427.537, 426.884, 426.181, 425.434, 424.64, 423.796, 422.9, 421.948, 420.935, 419.86, 418.716, 417.5, 416.208, 414.835, 413.375, 411.822, 410.171, 408.416, 406.55, 404.566, 402.456, 400.212, 397.827, 395.289, 392.591, 389.721, 386.669, 383.423, 379.971, 376.299, 372.394, 368.241, 363.823, 359.124, 354.125, 348.809, 343.154, 337.138, 330.74, 323.933, 316.693, 308.991, 300.799, 300.071, 300.006, 300.001, 300, 300, 300, 300, 300, 300, 300, 300, 300, 300, 300, 300, 300, 300, 300, 300, 300, 300, 300, 300, 300, 300, 300, 300, 300, 300, 
433.999, 433.999, 433.99, 433.971, 433.943, 433.903, 433.852, 433.789, 433.713, 433.623, 433.518, 433.398, 433.261, 433.107, 432.933, 432.739, 432.525, 432.287, 432.025, 431.738, 431.424, 431.08, 430.705, 430.298, 429.856, 429.376, 428.857, 428.296, 427.69, 427.036, 426.331, 425.583, 424.788, 423.943, 423.046, 422.092, 421.078, 420, 418.855, 417.638, 416.344, 414.968, 413.506, 411.951, 410.298, 408.54, 406.671, 404.684, 402.572, 400.325, 397.936, 395.395, 392.693, 389.82, 386.764, 383.514, 380.057, 376.381, 372.471, 368.312, 363.889, 359.185, 354.181, 348.858, 343.197, 337.175, 330.77, 323.957, 316.709, 309, 300.799, 300.071, 300.006, 300.001, 300, 300, 300, 300, 300, 300, 300, 300, 300, 300, 300, 300, 300, 300, 300, 300, 300, 300, 300, 300, 300, 300, 300, 300, 300, 300, 
434.16, 434.16, 434.151, 434.132, 434.103, 434.064, 434.013, 433.949, 433.873, 433.783, 433.678, 433.558, 433.42, 433.266, 433.092, 432.898, 432.683, 432.445, 432.183, 431.895, 431.58, 431.235, 430.86, 430.452, 430.009, 429.529, 429.009, 428.447, 427.84, 427.185, 426.479, 425.73, 424.934, 424.088, 423.189, 422.233, 421.218, 420.139, 418.992, 417.773, 416.477, 415.099, 413.634, 412.077, 410.422, 408.662, 406.791, 404.801, 402.685, 400.435, 398.043, 395.499, 392.793, 389.916, 386.857, 383.602, 380.142, 376.461, 372.546, 368.383, 363.955, 359.245, 354.235, 348.907, 343.24, 337.212, 330.8, 323.98, 316.725, 309.008, 300.8, 300.071, 300.006, 300.001, 300, 300, 300, 300, 300, 300, 300, 300, 300, 300, 300, 300, 300, 300, 300, 300, 300, 300, 300, 300, 300, 300, 300, 300, 300, 300, 
434.317, 434.317, 434.308, 434.29, 434.261, 434.222, 434.17, 434.107, 434.031, 433.94, 433.835, 433.715, 433.577, 433.422, 433.248, 433.054, 432.838, 432.6, 432.337, 432.049, 431.733, 431.388, 431.013, 430.604, 430.16, 429.679, 429.158, 428.595, 427.987, 427.332, 426.625, 425.874, 425.077, 424.23, 423.329, 422.372, 421.356, 420.275, 419.126, 417.905, 416.607, 415.228, 413.761, 412.202, 410.544, 408.782, 406.908, 404.915, 402.797, 400.544, 398.148, 395.601, 392.892, 390.011, 386.948, 383.69, 380.225, 376.54, 372.621, 368.452, 364.019, 359.304, 354.289, 348.955, 343.282, 337.247, 330.829, 324.002, 316.741, 309.017, 300.801, 300.071, 300.006, 300.001, 300, 300, 300, 300, 300, 300, 300, 300, 300, 300, 300, 300, 300, 300, 300, 300, 300, 300, 300, 300, 300, 300, 300, 300, 300, 300, 
434.473, 434.473, 434.464, 434.445, 434.416, 434.377, 434.326, 434.262, 434.185, 434.095, 433.99, 433.869, 433.731, 433.576, 433.401, 433.207, 432.991, 432.752, 432.489, 432.2, 431.884, 431.539, 431.162, 430.753, 430.308, 429.827, 429.305, 428.741, 428.132, 427.476, 426.768, 426.016, 425.218, 424.369, 423.468, 422.509, 421.491, 420.409, 419.258, 418.036, 416.736, 415.355, 413.886, 412.324, 410.664, 408.9, 407.023, 405.028, 402.907, 400.651, 398.252, 395.702, 392.989, 390.105, 387.038, 383.776, 380.307, 376.617, 372.694, 368.521, 364.082, 359.362, 354.342, 349.002, 343.323, 337.283, 330.858, 324.024, 316.756, 309.025, 300.802, 300.071, 300.006, 300.001, 300, 300, 300, 300, 300, 300, 300, 300, 300, 300, 300, 300, 300, 300, 300, 300, 300, 300, 300, 300, 300, 300, 300, 300, 300, 300, 
434.626, 434.626, 434.617, 434.598, 434.569, 434.529, 434.478, 434.414, 434.338, 434.247, 434.142, 434.021, 433.883, 433.727, 433.552, 433.357, 433.141, 432.902, 432.638, 432.349, 432.033, 431.687, 431.31, 430.9, 430.454, 429.972, 429.45, 428.885, 428.275, 427.617, 426.909, 426.156, 425.356, 424.507, 423.604, 422.644, 421.624, 420.54, 419.388, 418.164, 416.863, 415.479, 414.008, 412.445, 410.783, 409.015, 407.136, 405.139, 403.015, 400.756, 398.354, 395.8, 393.085, 390.197, 387.126, 383.86, 380.387, 376.693, 372.765, 368.588, 364.145, 359.419, 354.394, 349.049, 343.364, 337.317, 330.886, 324.046, 316.771, 309.033, 300.802, 300.071, 300.006, 300.001, 300, 300, 300, 300, 300, 300, 300, 300, 300, 300, 300, 300, 300, 300, 300, 300, 300, 300, 300, 300, 300, 300, 300, 300, 300, 300, 
434.776, 434.776, 434.767, 434.748, 434.719, 434.679, 434.628, 434.564, 434.488, 434.397, 434.291, 434.17, 434.032, 433.876, 433.701, 433.505, 433.289, 433.049, 432.785, 432.496, 432.179, 431.832, 431.455, 431.044, 430.598, 430.115, 429.592, 429.026, 428.415, 427.757, 427.047, 426.293, 425.493, 424.642, 423.737, 422.776, 421.755, 420.67, 419.516, 418.29, 416.987, 415.602, 414.129, 412.563, 410.899, 409.129, 407.248, 405.248, 403.121, 400.859, 398.455, 395.898, 393.179, 390.287, 387.213, 383.943, 380.466, 376.768, 372.836, 368.654, 364.206, 359.476, 354.445, 349.094, 343.404, 337.351, 330.914, 324.068, 316.786, 309.041, 300.803, 300.071, 300.006, 300.001, 300, 300, 300, 300, 300, 300, 300, 300, 300, 300, 300, 300, 300, 300, 300, 300, 300, 300, 300, 300, 300, 300, 300, 300, 300, 300, 
434.924, 434.924, 434.915, 434.896, 434.867, 434.827, 434.776, 434.712, 434.635, 434.544, 434.438, 434.316, 434.178, 434.022, 433.847, 433.651, 433.434, 433.194, 432.93, 432.64, 432.322, 431.975, 431.597, 431.186, 430.739, 430.255, 429.731, 429.165, 428.553, 427.894, 427.183, 426.429, 425.627, 424.774, 423.869, 422.907, 421.884, 420.797, 419.642, 418.414, 417.109, 415.722, 414.247, 412.68, 411.013, 409.241, 407.357, 405.355, 403.225, 400.961, 398.553, 395.993, 393.271, 390.376, 387.298, 384.025, 380.544, 376.842, 372.905, 368.718, 364.266, 359.531, 354.495, 349.139, 343.443, 337.385, 330.942, 324.089, 316.8, 309.049, 300.804, 300.071, 300.006, 300.001, 300, 300, 300, 300, 300, 300, 300, 300, 300, 300, 300, 300, 300, 300, 300, 300, 300, 300, 300, 300, 300, 300, 300, 300, 300, 300, 
435.069, 435.069, 435.06, 435.041, 435.012, 434.972, 434.921, 434.857, 434.78, 434.689, 434.583, 434.461, 434.322, 434.166, 433.99, 433.794, 433.577, 433.337, 433.072, 432.781, 432.463, 432.116, 431.737, 431.325, 430.878, 430.393, 429.869, 429.302, 428.689, 428.029, 427.317, 426.561, 425.758, 424.905, 423.998, 423.035, 422.011, 420.922, 419.766, 418.536, 417.23, 415.84, 414.364, 412.794, 411.125, 409.351, 407.465, 405.46, 403.328, 401.061, 398.65, 396.087, 393.362, 390.464, 387.382, 384.105, 380.62, 376.914, 372.973, 368.782, 364.325, 359.585, 354.544, 349.183, 343.481, 337.418, 330.968, 324.11, 316.815, 309.056, 300.804, 300.071, 300.006, 300.001, 300, 300, 300, 300, 300, 300, 300, 300, 300, 300, 300, 300, 300, 300, 300, 300, 300, 300, 300, 300, 300, 300, 300, 300, 300, 300, 
435.212, 435.212, 435.203, 435.184, 435.155, 435.115, 435.063, 434.999, 434.922, 434.831, 434.725, 434.603, 434.464, 434.307, 434.131, 433.935, 433.717, 433.477, 433.212, 432.921, 432.602, 432.254, 431.875, 431.462, 431.015, 430.529, 430.004, 429.436, 428.823, 428.161, 427.449, 426.692, 425.888, 425.033, 424.125, 423.16, 422.135, 421.045, 419.887, 418.656, 417.348, 415.957, 414.478, 412.907, 411.236, 409.46, 407.571, 405.563, 403.429, 401.159, 398.745, 396.179, 393.451, 390.549, 387.464, 384.184, 380.695, 376.985, 373.04, 368.845, 364.383, 359.638, 354.593, 349.226, 343.519, 337.45, 330.995, 324.13, 316.829, 309.064, 300.805, 300.071, 300.006, 300.001, 300, 300, 300, 300, 300, 300, 300, 300, 300, 300, 300, 300, 300, 300, 300, 300, 300, 300, 300, 300, 300, 300, 300, 300, 300, 300, 
435.352, 435.352, 435.343, 435.324, 435.295, 435.255, 435.204, 435.139, 435.062, 434.971, 434.864, 434.742, 434.603, 434.446, 434.27, 434.074, 433.856, 433.615, 433.349, 433.058, 432.739, 432.39, 432.01, 431.597, 431.149, 430.663, 430.137, 429.568, 428.954, 428.292, 427.578, 426.82, 426.015, 425.159, 424.25, 423.284, 422.258, 421.166, 420.007, 418.774, 417.464, 416.071, 414.591, 413.017, 411.344, 409.566, 407.675, 405.665, 403.528, 401.255, 398.839, 396.27, 393.539, 390.634, 387.545, 384.261, 380.769, 377.055, 373.106, 368.906, 364.44, 359.691, 354.64, 349.269, 343.557, 337.482, 331.021, 324.15, 316.843, 309.071, 300.806, 300.072, 300.006, 300.001, 300, 300, 300, 300, 300, 300, 300, 300, 300, 300, 300, 300, 300, 300, 300, 300, 300, 300, 300, 300, 300, 300, 300, 300, 300, 300, 
435.491, 435.491, 435.481, 435.463, 435.433, 435.393, 435.341, 435.277, 435.2, 435.108, 435.002, 434.879, 434.74, 434.583, 434.406, 434.21, 433.991, 433.75, 433.484, 433.192, 432.873, 432.524, 432.143, 431.73, 431.281, 430.794, 430.267, 429.698, 429.083, 428.42, 427.705, 426.947, 426.14, 425.284, 424.373, 423.406, 422.378, 421.285, 420.124, 418.89, 417.578, 416.184, 414.702, 413.126, 411.451, 409.671, 407.778, 405.765, 403.625, 401.35, 398.931, 396.359, 393.625, 390.717, 387.625, 384.337, 380.841, 377.124, 373.171, 368.967, 364.496, 359.742, 354.687, 349.311, 343.593, 337.513, 331.047, 324.17, 316.856, 309.078, 300.806, 300.072, 300.006, 300.001, 300, 300, 300, 300, 300, 300, 300, 300, 300, 300, 300, 300, 300, 300, 300, 300, 300, 300, 300, 300, 300, 300, 300, 300, 300, 300, 
435.626, 435.626, 435.617, 435.598, 435.569, 435.529, 435.477, 435.413, 435.335, 435.243, 435.137, 435.014, 434.875, 434.717, 434.541, 434.344, 434.125, 433.883, 433.617, 433.325, 433.005, 432.655, 432.274, 431.86, 431.411, 430.923, 430.396, 429.825, 429.21, 428.546, 427.831, 427.071, 426.263, 425.406, 424.494, 423.526, 422.496, 421.402, 420.24, 419.004, 417.691, 416.295, 414.811, 413.233, 411.556, 409.773, 407.878, 405.863, 403.721, 401.443, 399.022, 396.447, 393.709, 390.799, 387.703, 384.412, 380.913, 377.191, 373.234, 369.026, 364.552, 359.793, 354.733, 349.352, 343.629, 337.544, 331.072, 324.189, 316.87, 309.085, 300.807, 300.072, 300.006, 300.001, 300, 300, 300, 300, 300, 300, 300, 300, 300, 300, 300, 300, 300, 300, 300, 300, 300, 300, 300, 300, 300, 300, 300, 300, 300, 300, 
435.76, 435.76, 435.751, 435.732, 435.703, 435.662, 435.61, 435.546, 435.468, 435.376, 435.27, 435.147, 435.007, 434.849, 434.673, 434.475, 434.256, 434.014, 433.748, 433.455, 433.134, 432.785, 432.403, 431.988, 431.538, 431.05, 430.522, 429.951, 429.334, 428.67, 427.954, 427.193, 426.384, 425.526, 424.613, 423.643, 422.613, 421.517, 420.353, 419.116, 417.801, 416.403, 414.918, 413.338, 411.659, 409.875, 407.977, 405.96, 403.815, 401.535, 399.111, 396.533, 393.793, 390.879, 387.78, 384.486, 380.983, 377.258, 373.297, 369.085, 364.606, 359.843, 354.778, 349.392, 343.665, 337.574, 331.096, 324.208, 316.883, 309.092, 300.807, 300.072, 300.006, 300.001, 300, 300, 300, 300, 300, 300, 300, 300, 300, 300, 300, 300, 300, 300, 300, 300, 300, 300, 300, 300, 300, 300, 300, 300, 300, 300, 
435.891, 435.891, 435.882, 435.863, 435.834, 435.794, 435.741, 435.677, 435.599, 435.507, 435.4, 435.277, 435.137, 434.979, 434.802, 434.605, 434.385, 434.143, 433.876, 433.583, 433.262, 432.912, 432.53, 432.114, 431.664, 431.175, 430.646, 430.074, 429.457, 428.791, 428.074, 427.313, 426.503, 425.643, 424.73, 423.759, 422.727, 421.63, 420.465, 419.226, 417.91, 416.51, 415.023, 413.442, 411.761, 409.974, 408.074, 406.055, 403.908, 401.625, 399.198, 396.618, 393.875, 390.958, 387.856, 384.558, 381.052, 377.323, 373.358, 369.142, 364.659, 359.892, 354.823, 349.432, 343.699, 337.603, 331.121, 324.227, 316.896, 309.099, 300.808, 300.072, 300.006, 300.001, 300, 300, 300, 300, 300, 300, 300, 300, 300, 300, 300, 300, 300, 300, 300, 300, 300, 300, 300, 300, 300, 300, 300, 300, 300, 300, 
436.02, 436.02, 436.011, 435.992, 435.963, 435.923, 435.87, 435.806, 435.728, 435.636, 435.529, 435.405, 435.265, 435.107, 434.93, 434.732, 434.512, 434.27, 434.002, 433.709, 433.387, 433.037, 432.654, 432.238, 431.787, 431.298, 430.768, 430.196, 429.578, 428.911, 428.193, 427.431, 426.62, 425.759, 424.845, 423.872, 422.839, 421.742, 420.575, 419.335, 418.017, 416.615, 415.126, 413.543, 411.861, 410.072, 408.17, 406.148, 403.999, 401.714, 399.284, 396.701, 393.955, 391.035, 387.931, 384.629, 381.119, 377.387, 373.419, 369.199, 364.712, 359.94, 354.866, 349.471, 343.734, 337.632, 331.145, 324.245, 316.908, 309.106, 300.809, 300.072, 300.006, 300.001, 300, 300, 300, 300, 300, 300, 300, 300, 300, 300, 300, 300, 300, 300, 300, 300, 300, 300, 300, 300, 300, 300, 300, 300, 300, 300, 
436.147, 436.147, 436.138, 436.119, 436.09, 436.049, 435.997, 435.932, 435.854, 435.762, 435.655, 435.532, 435.391, 435.233, 435.055, 434.857, 434.637, 434.394, 434.126, 433.833, 433.511, 433.159, 432.777, 432.36, 431.908, 431.418, 430.888, 430.315, 429.696, 429.029, 428.31, 427.547, 426.735, 425.873, 424.958, 423.984, 422.95, 421.851, 420.683, 419.441, 418.121, 416.719, 415.228, 413.643, 411.959, 410.168, 408.264, 406.24, 404.088, 401.801, 399.369, 396.783, 394.034, 391.111, 388.004, 384.699, 381.186, 377.45, 373.478, 369.254, 364.763, 359.987, 354.909, 349.509, 343.767, 337.661, 331.168, 324.263, 316.921, 309.113, 300.809, 300.072, 300.006, 300.001, 300, 300, 300, 300, 300, 300, 300, 300, 300, 300, 300, 300, 300, 300, 300, 300, 300, 300, 300, 300, 300, 300, 300, 300, 300, 300, 
436.272, 436.272, 436.263, 436.244, 436.214, 436.174, 436.122, 436.057, 435.979, 435.886, 435.779, 435.655, 435.515, 435.356, 435.178, 434.98, 434.76, 434.516, 434.248, 433.954, 433.632, 433.28, 432.897, 432.48, 432.027, 431.537, 431.006, 430.432, 429.813, 429.145, 428.425, 427.661, 426.848, 425.985, 425.068, 424.094, 423.059, 421.958, 420.789, 419.546, 418.225, 416.82, 415.328, 413.741, 412.055, 410.262, 408.356, 406.33, 404.176, 401.887, 399.452, 396.864, 394.112, 391.186, 388.076, 384.768, 381.251, 377.512, 373.536, 369.309, 364.814, 360.034, 354.951, 349.547, 343.8, 337.689, 331.191, 324.281, 316.933, 309.119, 300.81, 300.072, 300.006, 300.001, 300, 300, 300, 300, 300, 300, 300, 300, 300, 300, 300, 300, 300, 300, 300, 300, 300, 300, 300, 300, 300, 300, 300, 300, 300, 300, 
436.395, 436.395, 436.386, 436.367, 436.337, 436.297, 436.244, 436.179, 436.101, 436.008, 435.901, 435.777, 435.637, 435.478, 435.3, 435.101, 434.88, 434.637, 434.368, 434.074, 433.751, 433.399, 433.015, 432.598, 432.144, 431.653, 431.122, 430.547, 429.927, 429.258, 428.538, 427.773, 426.96, 426.096, 425.178, 424.202, 423.165, 422.064, 420.893, 419.649, 418.326, 416.92, 415.426, 413.838, 412.15, 410.355, 408.447, 406.419, 404.263, 401.971, 399.534, 396.943, 394.189, 391.26, 388.146, 384.836, 381.316, 377.573, 373.594, 369.363, 364.864, 360.08, 354.993, 349.584, 343.833, 337.717, 331.214, 324.298, 316.945, 309.125, 300.81, 300.072, 300.006, 300.001, 300, 300, 300, 300, 300, 300, 300, 300, 300, 300, 300, 300, 300, 300, 300, 300, 300, 300, 300, 300, 300, 300, 300, 300, 300, 300, 
436.515, 436.515, 436.506, 436.487, 436.458, 436.417, 436.365, 436.3, 436.221, 436.129, 436.021, 435.897, 435.756, 435.597, 435.419, 435.22, 434.999, 434.755, 434.486, 434.191, 433.868, 433.516, 433.131, 432.713, 432.26, 431.768, 431.236, 430.661, 430.04, 429.37, 428.649, 427.883, 427.069, 426.204, 425.285, 424.308, 423.27, 422.168, 420.995, 419.75, 418.426, 417.019, 415.523, 413.933, 412.243, 410.446, 408.536, 406.506, 404.348, 402.053, 399.614, 397.021, 394.264, 391.332, 388.216, 384.902, 381.379, 377.633, 373.65, 369.415, 364.912, 360.125, 355.034, 349.62, 343.865, 337.744, 331.236, 324.316, 316.957, 309.132, 300.811, 300.072, 300.006, 300.001, 300, 300, 300, 300, 300, 300, 300, 300, 300, 300, 300, 300, 300, 300, 300, 300, 300, 300, 300, 300, 300, 300, 300, 300, 300, 300, 
436.634, 436.634, 436.625, 436.606, 436.576, 436.535, 436.483, 436.418, 436.339, 436.247, 436.139, 436.015, 435.874, 435.714, 435.536, 435.337, 435.116, 434.871, 434.602, 434.307, 433.983, 433.63, 433.246, 432.827, 432.373, 431.881, 431.348, 430.772, 430.15, 429.48, 428.758, 427.991, 427.176, 426.31, 425.39, 424.413, 423.374, 422.27, 421.096, 419.849, 418.524, 417.115, 415.618, 414.026, 412.334, 410.536, 408.624, 406.592, 404.432, 402.135, 399.693, 397.097, 394.338, 391.403, 388.284, 384.967, 381.441, 377.692, 373.706, 369.467, 364.961, 360.169, 355.074, 349.656, 343.896, 337.771, 331.258, 324.332, 316.968, 309.138, 300.811, 300.072, 300.006, 300.001, 300, 300, 300, 300, 300, 300, 300, 300, 300, 300, 300, 300, 300, 300, 300, 300, 300, 300, 300, 300, 300, 300, 300, 300, 300, 300, 
436.751, 436.751, 436.741, 436.722, 436.693, 436.652, 436.599, 436.534, 436.455, 436.363, 436.255, 436.131, 435.989, 435.83, 435.651, 435.452, 435.23, 434.986, 434.716, 434.42, 434.097, 433.743, 433.358, 432.939, 432.484, 431.991, 431.458, 430.882, 430.259, 429.588, 428.866, 428.098, 427.282, 426.415, 425.494, 424.515, 423.475, 422.37, 421.195, 419.947, 418.62, 417.21, 415.711, 414.118, 412.424, 410.624, 408.71, 406.676, 404.514, 402.215, 399.771, 397.172, 394.41, 391.473, 388.351, 385.032, 381.502, 377.75, 373.76, 369.518, 365.008, 360.212, 355.113, 349.691, 343.927, 337.797, 331.279, 324.349, 316.98, 309.144, 300.812, 300.072, 300.006, 300.001, 300, 300, 300, 300, 300, 300, 300, 300, 300, 300, 300, 300, 300, 300, 300, 300, 300, 300, 300, 300, 300, 300, 300, 300, 300, 300, 
436.865, 436.865, 436.856, 436.837, 436.807, 436.766, 436.714, 436.648, 436.57, 436.477, 436.369, 436.244, 436.103, 435.943, 435.764, 435.564, 435.343, 435.098, 434.828, 434.532, 434.208, 433.854, 433.468, 433.049, 432.594, 432.1, 431.566, 430.989, 430.366, 429.695, 428.971, 428.202, 427.386, 426.518, 425.596, 424.616, 423.575, 422.468, 421.293, 420.043, 418.715, 417.303, 415.803, 414.208, 412.513, 410.711, 408.795, 406.759, 404.594, 402.293, 399.847, 397.246, 394.482, 391.542, 388.417, 385.095, 381.562, 377.807, 373.814, 369.568, 365.054, 360.255, 355.152, 349.726, 343.957, 337.823, 331.3, 324.365, 316.991, 309.15, 300.813, 300.072, 300.006, 300.001, 300, 300, 300, 300, 300, 300, 300, 300, 300, 300, 300, 300, 300, 300, 300, 300, 300, 300, 300, 300, 300, 300, 300, 300, 300, 300, 
436.978, 436.978, 436.968, 436.949, 436.92, 436.879, 436.826, 436.761, 436.682, 436.589, 436.481, 436.356, 436.215, 436.055, 435.875, 435.675, 435.454, 435.208, 434.938, 434.642, 434.317, 433.963, 433.577, 433.157, 432.701, 432.207, 431.673, 431.095, 430.471, 429.799, 429.075, 428.305, 427.488, 426.619, 425.696, 424.715, 423.673, 422.565, 421.388, 420.137, 418.808, 417.395, 415.893, 414.296, 412.6, 410.796, 408.879, 406.84, 404.674, 402.37, 399.922, 397.319, 394.552, 391.61, 388.482, 385.157, 381.621, 377.862, 373.866, 369.617, 365.1, 360.297, 355.19, 349.76, 343.987, 337.848, 331.321, 324.381, 317.002, 309.156, 300.813, 300.072, 300.006, 300.001, 300, 300, 300, 300, 300, 300, 300, 300, 300, 300, 300, 300, 300, 300, 300, 300, 300, 300, 300, 300, 300, 300, 300, 300, 300, 300, 
437.089, 437.089, 437.079, 437.06, 437.03, 436.989, 436.937, 436.871, 436.792, 436.699, 436.591, 436.466, 436.324, 436.164, 435.985, 435.785, 435.562, 435.317, 435.047, 434.75, 434.425, 434.07, 433.684, 433.263, 432.807, 432.312, 431.777, 431.199, 430.575, 429.902, 429.177, 428.406, 427.588, 426.718, 425.794, 424.813, 423.769, 422.661, 421.482, 420.23, 418.899, 417.485, 415.981, 414.384, 412.685, 410.88, 408.96, 406.92, 404.752, 402.446, 399.996, 397.39, 394.621, 391.676, 388.546, 385.218, 381.679, 377.917, 373.918, 369.666, 365.145, 360.338, 355.227, 349.793, 344.016, 337.873, 331.342, 324.397, 317.013, 309.162, 300.814, 300.072, 300.006, 300.001, 300, 300, 300, 300, 300, 300, 300, 300, 300, 300, 300, 300, 300, 300, 300, 300, 300, 300, 300, 300, 300, 300, 300, 300, 300, 300, 
437.197, 437.197, 437.188, 437.169, 437.139, 437.098, 437.045, 436.98, 436.901, 436.807, 436.699, 436.574, 436.432, 436.272, 436.092, 435.892, 435.669, 435.424, 435.153, 434.856, 434.531, 434.175, 433.788, 433.368, 432.911, 432.416, 431.88, 431.301, 430.676, 430.002, 429.277, 428.506, 427.686, 426.816, 425.891, 424.908, 423.864, 422.754, 421.575, 420.321, 418.989, 417.573, 416.069, 414.469, 412.769, 410.962, 409.041, 406.999, 404.828, 402.521, 400.068, 397.46, 394.688, 391.741, 388.608, 385.277, 381.736, 377.971, 373.969, 369.713, 365.189, 360.378, 355.264, 349.826, 344.045, 337.898, 331.362, 324.412, 317.024, 309.167, 300.814, 300.072, 300.006, 300.001, 300, 300, 300, 300, 300, 300, 300, 300, 300, 300, 300, 300, 300, 300, 300, 300, 300, 300, 300, 300, 300, 300, 300, 300, 300, 300, 
437.304, 437.304, 437.295, 437.276, 437.246, 437.205, 437.152, 437.086, 437.007, 436.914, 436.805, 436.68, 436.538, 436.378, 436.198, 435.997, 435.775, 435.529, 435.258, 434.96, 434.634, 434.279, 433.891, 433.47, 433.013, 432.517, 431.981, 431.402, 430.776, 430.102, 429.375, 428.603, 427.783, 426.912, 425.986, 425.002, 423.957, 422.846, 421.666, 420.411, 419.078, 417.66, 416.154, 414.553, 412.851, 411.043, 409.12, 407.076, 404.904, 402.594, 400.139, 397.529, 394.755, 391.805, 388.67, 385.336, 381.792, 378.024, 374.019, 369.76, 365.232, 360.418, 355.3, 349.858, 344.073, 337.922, 331.381, 324.428, 317.034, 309.173, 300.814, 300.072, 300.006, 300.001, 300, 300, 300, 300, 300, 300, 300, 300, 300, 300, 300, 300, 300, 300, 300, 300, 300, 300, 300, 300, 300, 300, 300, 300, 300, 300, 
437.409, 437.409, 437.4, 437.381, 437.351, 437.31, 437.257, 437.191, 437.112, 437.019, 436.91, 436.785, 436.642, 436.482, 436.302, 436.101, 435.878, 435.632, 435.36, 435.063, 434.737, 434.381, 433.993, 433.571, 433.113, 432.617, 432.08, 431.5, 430.874, 430.199, 429.472, 428.699, 427.878, 427.006, 426.08, 425.095, 424.049, 422.937, 421.755, 420.499, 419.164, 417.746, 416.238, 414.636, 412.933, 411.122, 409.198, 407.152, 404.978, 402.666, 400.209, 397.597, 394.82, 391.868, 388.73, 385.394, 381.847, 378.077, 374.068, 369.806, 365.275, 360.457, 355.336, 349.89, 344.101, 337.945, 331.401, 324.442, 317.044, 309.178, 300.815, 300.072, 300.006, 300.001, 300, 300, 300, 300, 300, 300, 300, 300, 300, 300, 300, 300, 300, 300, 300, 300, 300, 300, 300, 300, 300, 300, 300, 300, 300, 300, 
437.513, 437.513, 437.503, 437.484, 437.454, 437.413, 437.36, 437.294, 437.215, 437.121, 437.012, 436.887, 436.745, 436.584, 436.404, 436.203, 435.98, 435.733, 435.461, 435.163, 434.837, 434.481, 434.092, 433.67, 433.212, 432.715, 432.178, 431.597, 430.971, 430.295, 429.567, 428.794, 427.972, 427.099, 426.171, 425.186, 424.139, 423.026, 421.843, 420.586, 419.25, 417.83, 416.321, 414.717, 413.012, 411.2, 409.274, 407.227, 405.05, 402.737, 400.278, 397.664, 394.885, 391.93, 388.79, 385.451, 381.901, 378.128, 374.116, 369.851, 365.316, 360.496, 355.37, 349.921, 344.128, 337.968, 331.42, 324.457, 317.054, 309.184, 300.815, 300.072, 300.006, 300.001, 300, 300, 300, 300, 300, 300, 300, 300, 300, 300, 300, 300, 300, 300, 300, 300, 300, 300, 300, 300, 300, 300, 300, 300, 300, 300, 
437.614, 437.614, 437.605, 437.586, 437.556, 437.515, 437.462, 437.396, 437.316, 437.223, 437.113, 436.988, 436.846, 436.685, 436.504, 436.303, 436.079, 435.833, 435.561, 435.262, 434.936, 434.579, 434.19, 433.768, 433.309, 432.812, 432.274, 431.693, 431.065, 430.389, 429.66, 428.886, 428.064, 427.19, 426.262, 425.275, 424.227, 423.113, 421.929, 420.671, 419.334, 417.913, 416.402, 414.797, 413.091, 411.277, 409.349, 407.3, 405.122, 402.807, 400.345, 397.729, 394.948, 391.991, 388.848, 385.507, 381.954, 378.178, 374.163, 369.895, 365.358, 360.533, 355.405, 349.952, 344.155, 337.991, 331.438, 324.471, 317.064, 309.189, 300.816, 300.072, 300.006, 300.001, 300, 300, 300, 300, 300, 300, 300, 300, 300, 300, 300, 300, 300, 300, 300, 300, 300, 300, 300, 300, 300, 300, 300, 300, 300, 300, 
437.714, 437.714, 437.705, 437.685, 437.656, 437.614, 437.561, 437.495, 437.416, 437.322, 437.213, 437.087, 436.945, 436.783, 436.603, 436.401, 436.178, 435.93, 435.658, 435.359, 435.032, 434.675, 434.286, 433.863, 433.404, 432.907, 432.368, 431.787, 431.159, 430.482, 429.752, 428.978, 428.154, 427.28, 426.35, 425.363, 424.314, 423.199, 422.014, 420.754, 419.416, 417.994, 416.482, 414.875, 413.168, 411.352, 409.423, 407.372, 405.192, 402.875, 400.412, 397.793, 395.01, 392.051, 388.905, 385.561, 382.007, 378.227, 374.21, 369.939, 365.398, 360.57, 355.438, 349.982, 344.181, 338.014, 331.457, 324.486, 317.074, 309.194, 300.816, 300.072, 300.006, 300.001, 300, 300, 300, 300, 300, 300, 300, 300, 300, 300, 300, 300, 300, 300, 300, 300, 300, 300, 300, 300, 300, 300, 300, 300, 300, 300, 
437.812, 437.812, 437.803, 437.784, 437.754, 437.712, 437.659, 437.593, 437.514, 437.42, 437.31, 437.185, 437.042, 436.881, 436.7, 436.498, 436.274, 436.027, 435.754, 435.455, 435.128, 434.77, 434.381, 433.958, 433.498, 433, 432.461, 431.879, 431.25, 430.572, 429.843, 429.067, 428.243, 427.368, 426.438, 425.449, 424.399, 423.283, 422.097, 420.837, 419.497, 418.074, 416.561, 414.952, 413.243, 411.426, 409.496, 407.443, 405.261, 402.942, 400.477, 397.857, 395.071, 392.11, 388.962, 385.615, 382.058, 378.276, 374.256, 369.981, 365.438, 360.607, 355.471, 350.011, 344.207, 338.036, 331.475, 324.5, 317.084, 309.199, 300.817, 300.073, 300.006, 300.001, 300, 300, 300, 300, 300, 300, 300, 300, 300, 300, 300, 300, 300, 300, 300, 300, 300, 300, 300, 300, 300, 300, 300, 300, 300, 300, 
437.909, 437.909, 437.899, 437.88, 437.85, 437.809, 437.755, 437.689, 437.61, 437.516, 437.406, 437.28, 437.137, 436.976, 436.795, 436.593, 436.369, 436.121, 435.848, 435.549, 435.221, 434.864, 434.474, 434.05, 433.59, 433.092, 432.552, 431.969, 431.34, 430.662, 429.931, 429.155, 428.33, 427.454, 426.523, 425.534, 424.483, 423.366, 422.179, 420.917, 419.577, 418.152, 416.638, 415.028, 413.318, 411.499, 409.567, 407.513, 405.329, 403.008, 400.541, 397.919, 395.131, 392.167, 389.017, 385.668, 382.108, 378.324, 374.301, 370.024, 365.477, 360.643, 355.504, 350.04, 344.232, 338.057, 331.493, 324.513, 317.093, 309.204, 300.817, 300.073, 300.006, 300.001, 300, 300, 300, 300, 300, 300, 300, 300, 300, 300, 300, 300, 300, 300, 300, 300, 300, 300, 300, 300, 300, 300, 300, 300, 300, 300, 
438.004, 438.004, 437.994, 437.975, 437.945, 437.903, 437.85, 437.784, 437.704, 437.61, 437.5, 437.375, 437.231, 437.07, 436.888, 436.686, 436.462, 436.214, 435.941, 435.641, 435.313, 434.955, 434.565, 434.141, 433.681, 433.182, 432.642, 432.058, 431.429, 430.75, 430.018, 429.242, 428.416, 427.539, 426.608, 425.617, 424.565, 423.447, 422.259, 420.997, 419.655, 418.229, 416.713, 415.103, 413.391, 411.571, 409.637, 407.581, 405.396, 403.073, 400.604, 397.98, 395.19, 392.224, 389.072, 385.72, 382.158, 378.371, 374.345, 370.065, 365.515, 360.678, 355.536, 350.069, 344.257, 338.079, 331.51, 324.527, 317.102, 309.209, 300.818, 300.073, 300.006, 300.001, 300, 300, 300, 300, 300, 300, 300, 300, 300, 300, 300, 300, 300, 300, 300, 300, 300, 300, 300, 300, 300, 300, 300, 300, 300, 300, 
438.097, 438.097, 438.087, 438.068, 438.038, 437.996, 437.943, 437.877, 437.797, 437.703, 437.593, 437.467, 437.324, 437.162, 436.98, 436.778, 436.554, 436.305, 436.032, 435.732, 435.404, 435.045, 434.655, 434.23, 433.769, 433.27, 432.73, 432.146, 431.515, 430.836, 430.104, 429.327, 428.501, 427.623, 426.69, 425.699, 424.646, 423.528, 422.338, 421.075, 419.732, 418.305, 416.788, 415.176, 413.462, 411.641, 409.706, 407.648, 405.461, 403.137, 400.666, 398.04, 395.248, 392.28, 389.125, 385.772, 382.207, 378.417, 374.388, 370.105, 365.553, 360.712, 355.567, 350.097, 344.282, 338.1, 331.527, 324.54, 317.111, 309.214, 300.818, 300.073, 300.006, 300.001, 300, 300, 300, 300, 300, 300, 300, 300, 300, 300, 300, 300, 300, 300, 300, 300, 300, 300, 300, 300, 300, 300, 300, 300, 300, 300, 
438.188, 438.188, 438.179, 438.159, 438.129, 438.088, 438.034, 437.968, 437.888, 437.794, 437.684, 437.558, 437.414, 437.252, 437.071, 436.868, 436.643, 436.395, 436.122, 435.821, 435.493, 435.134, 434.743, 434.318, 433.857, 433.357, 432.816, 432.232, 431.601, 430.921, 430.188, 429.41, 428.583, 427.705, 426.772, 425.78, 424.726, 423.606, 422.416, 421.151, 419.807, 418.379, 416.861, 415.248, 413.533, 411.71, 409.773, 407.714, 405.526, 403.199, 400.727, 398.098, 395.305, 392.335, 389.178, 385.822, 382.254, 378.462, 374.431, 370.145, 365.59, 360.746, 355.598, 350.125, 344.306, 338.12, 331.544, 324.553, 317.12, 309.219, 300.818, 300.073, 300.006, 300.001, 300, 300, 300, 300, 300, 300, 300, 300, 300, 300, 300, 300, 300, 300, 300, 300, 300, 300, 300, 300, 300, 300, 300, 300, 300, 300, 
438.278, 438.278, 438.269, 438.249, 438.219, 438.178, 438.124, 438.058, 437.978, 437.883, 437.774, 437.647, 437.504, 437.341, 437.16, 436.957, 436.732, 436.483, 436.21, 435.909, 435.58, 435.221, 434.83, 434.404, 433.943, 433.442, 432.901, 432.316, 431.685, 431.004, 430.271, 429.492, 428.665, 427.786, 426.852, 425.859, 424.804, 423.684, 422.493, 421.227, 419.882, 418.452, 416.933, 415.318, 413.602, 411.778, 409.84, 407.779, 405.589, 403.261, 400.787, 398.156, 395.36, 392.389, 389.229, 385.871, 382.301, 378.507, 374.473, 370.184, 365.626, 360.78, 355.628, 350.152, 344.33, 338.14, 331.56, 324.565, 317.129, 309.223, 300.819, 300.073, 300.006, 300.001, 300, 300, 300, 300, 300, 300, 300, 300, 300, 300, 300, 300, 300, 300, 300, 300, 300, 300, 300, 300, 300, 300, 300, 300, 300, 300, 
438.367, 438.367, 438.357, 438.338, 438.307, 438.266, 438.212, 438.146, 438.066, 437.971, 437.861, 437.735, 437.591, 437.429, 437.247, 437.044, 436.819, 436.57, 436.296, 435.995, 435.666, 435.307, 434.915, 434.489, 434.027, 433.526, 432.985, 432.399, 431.767, 431.086, 430.352, 429.573, 428.745, 427.865, 426.93, 425.937, 424.881, 423.76, 422.568, 421.301, 419.955, 418.524, 417.004, 415.388, 413.67, 411.845, 409.905, 407.843, 405.651, 403.322, 400.845, 398.213, 395.415, 392.441, 389.28, 385.92, 382.348, 378.55, 374.514, 370.223, 365.662, 360.813, 355.658, 350.178, 344.353, 338.16, 331.577, 324.578, 317.138, 309.228, 300.819, 300.073, 300.006, 300.001, 300, 300, 300, 300, 300, 300, 300, 300, 300, 300, 300, 300, 300, 300, 300, 300, 300, 300, 300, 300, 300, 300, 300, 300, 300, 300, 
438.453, 438.453, 438.444, 438.425, 438.394, 438.353, 438.299, 438.233, 438.153, 438.058, 437.948, 437.821, 437.677, 437.515, 437.333, 437.13, 436.904, 436.655, 436.381, 436.08, 435.75, 435.391, 434.999, 434.573, 434.11, 433.609, 433.067, 432.481, 431.848, 431.167, 430.432, 429.652, 428.823, 427.943, 427.007, 426.013, 424.957, 423.834, 422.641, 421.374, 420.026, 418.595, 417.073, 415.456, 413.737, 411.911, 409.969, 407.906, 405.712, 403.381, 400.903, 398.269, 395.469, 392.493, 389.33, 385.967, 382.393, 378.593, 374.554, 370.261, 365.697, 360.845, 355.687, 350.204, 344.376, 338.18, 331.593, 324.59, 317.146, 309.233, 300.82, 300.073, 300.006, 300.001, 300, 300, 300, 300, 300, 300, 300, 300, 300, 300, 300, 300, 300, 300, 300, 300, 300, 300, 300, 300, 300, 300, 300, 300, 300, 300, 
438.539, 438.539, 438.529, 438.51, 438.48, 438.438, 438.384, 438.318, 438.238, 438.143, 438.033, 437.906, 437.762, 437.599, 437.417, 437.214, 436.988, 436.739, 436.464, 436.163, 435.833, 435.473, 435.081, 434.654, 434.192, 433.69, 433.147, 432.561, 431.928, 431.246, 430.511, 429.73, 428.901, 428.019, 427.083, 426.088, 425.031, 423.908, 422.714, 421.445, 420.097, 418.664, 417.141, 415.523, 413.803, 411.975, 410.032, 407.967, 405.772, 403.439, 400.96, 398.324, 395.522, 392.544, 389.379, 386.014, 382.438, 378.636, 374.594, 370.298, 365.731, 360.877, 355.716, 350.23, 344.398, 338.199, 331.608, 324.602, 317.154, 309.237, 300.82, 300.073, 300.006, 300.001, 300, 300, 300, 300, 300, 300, 300, 300, 300, 300, 300, 300, 300, 300, 300, 300, 300, 300, 300, 300, 300, 300, 300, 300, 300, 300, 
438.623, 438.623, 438.613, 438.594, 438.563, 438.522, 438.468, 438.401, 438.321, 438.226, 438.116, 437.989, 437.845, 437.682, 437.5, 437.296, 437.071, 436.821, 436.546, 436.245, 435.915, 435.554, 435.162, 434.735, 434.272, 433.77, 433.227, 432.64, 432.006, 431.323, 430.588, 429.807, 428.977, 428.095, 427.158, 426.162, 425.104, 423.98, 422.785, 421.515, 420.166, 418.732, 417.208, 415.589, 413.868, 412.038, 410.094, 408.028, 405.831, 403.497, 401.015, 398.378, 395.574, 392.595, 389.427, 386.06, 382.481, 378.677, 374.633, 370.335, 365.765, 360.908, 355.744, 350.255, 344.42, 338.217, 331.624, 324.614, 317.163, 309.241, 300.82, 300.073, 300.006, 300.001, 300, 300, 300, 300, 300, 300, 300, 300, 300, 300, 300, 300, 300, 300, 300, 300, 300, 300, 300, 300, 300, 300, 300, 300, 300, 300, 
438.705, 438.705, 438.696, 438.676, 438.646, 438.604, 438.55, 438.484, 438.403, 438.308, 438.198, 438.071, 437.927, 437.764, 437.581, 437.378, 437.152, 436.902, 436.627, 436.325, 435.995, 435.634, 435.241, 434.814, 434.35, 433.848, 433.304, 432.717, 432.083, 431.4, 430.664, 429.882, 429.051, 428.169, 427.231, 426.234, 425.176, 424.05, 422.855, 421.584, 420.234, 418.799, 417.274, 415.654, 413.931, 412.101, 410.155, 408.087, 405.889, 403.553, 401.07, 398.431, 395.626, 392.644, 389.474, 386.105, 382.524, 378.718, 374.672, 370.37, 365.798, 360.938, 355.772, 350.28, 344.442, 338.236, 331.639, 324.626, 317.171, 309.246, 300.821, 300.073, 300.006, 300.001, 300, 300, 300, 300, 300, 300, 300, 300, 300, 300, 300, 300, 300, 300, 300, 300, 300, 300, 300, 300, 300, 300, 300, 300, 300, 300, 
438.786, 438.786, 438.777, 438.757, 438.727, 438.685, 438.631, 438.565, 438.484, 438.389, 438.279, 438.152, 438.007, 437.844, 437.661, 437.457, 437.231, 436.981, 436.706, 436.404, 436.073, 435.712, 435.319, 434.892, 434.428, 433.925, 433.381, 432.793, 432.159, 431.475, 430.738, 429.956, 429.125, 428.241, 427.303, 426.306, 425.246, 424.12, 422.924, 421.652, 420.301, 418.865, 417.339, 415.717, 413.994, 412.162, 410.215, 408.146, 405.946, 403.609, 401.124, 398.483, 395.676, 392.692, 389.521, 386.15, 382.567, 378.758, 374.709, 370.406, 365.831, 360.968, 355.799, 350.304, 344.463, 338.254, 331.654, 324.637, 317.179, 309.25, 300.821, 300.073, 300.006, 300.001, 300, 300, 300, 300, 300, 300, 300, 300, 300, 300, 300, 300, 300, 300, 300, 300, 300, 300, 300, 300, 300, 300, 300, 300, 300, 300, 
438.866, 438.866, 438.856, 438.837, 438.806, 438.765, 438.711, 438.644, 438.563, 438.468, 438.358, 438.231, 438.086, 437.923, 437.74, 437.536, 437.31, 437.059, 436.784, 436.482, 436.151, 435.789, 435.396, 434.968, 434.504, 434, 433.456, 432.868, 432.233, 431.549, 430.812, 430.029, 429.197, 428.313, 427.374, 426.376, 425.315, 424.188, 422.991, 421.719, 420.367, 418.93, 417.403, 415.78, 414.055, 412.222, 410.274, 408.203, 406.002, 403.663, 401.177, 398.534, 395.725, 392.74, 389.567, 386.194, 382.608, 378.797, 374.746, 370.44, 365.863, 360.998, 355.826, 350.328, 344.484, 338.272, 331.668, 324.648, 317.186, 309.254, 300.822, 300.073, 300.006, 300.001, 300, 300, 300, 300, 300, 300, 300, 300, 300, 300, 300, 300, 300, 300, 300, 300, 300, 300, 300, 300, 300, 300, 300, 300, 300, 300, 
438.944, 438.944, 438.935, 438.915, 438.885, 438.843, 438.789, 438.722, 438.641, 438.546, 438.436, 438.308, 438.164, 438, 437.817, 437.613, 437.386, 437.136, 436.86, 436.558, 436.227, 435.865, 435.471, 435.043, 434.578, 434.075, 433.53, 432.941, 432.306, 431.621, 430.883, 430.1, 429.267, 428.383, 427.443, 426.444, 425.383, 424.256, 423.058, 421.784, 420.431, 418.993, 417.465, 415.841, 414.115, 412.281, 410.331, 408.259, 406.057, 403.716, 401.229, 398.584, 395.774, 392.787, 389.611, 386.236, 382.649, 378.836, 374.783, 370.474, 365.895, 361.027, 355.852, 350.352, 344.505, 338.289, 331.683, 324.66, 317.194, 309.258, 300.822, 300.073, 300.006, 300.001, 300, 300, 300, 300, 300, 300, 300, 300, 300, 300, 300, 300, 300, 300, 300, 300, 300, 300, 300, 300, 300, 300, 300, 300, 300, 300, 
439.021, 439.021, 439.011, 438.992, 438.961, 438.919, 438.866, 438.799, 438.718, 438.623, 438.512, 438.385, 438.24, 438.076, 437.893, 437.689, 437.462, 437.211, 436.935, 436.633, 436.301, 435.939, 435.545, 435.117, 434.652, 434.148, 433.602, 433.013, 432.378, 431.692, 430.954, 430.17, 429.337, 428.452, 427.511, 426.512, 425.45, 424.322, 423.123, 421.849, 420.495, 419.056, 417.527, 415.901, 414.174, 412.339, 410.388, 408.315, 406.111, 403.769, 401.28, 398.634, 395.822, 392.833, 389.656, 386.279, 382.689, 378.874, 374.818, 370.508, 365.926, 361.055, 355.878, 350.375, 344.525, 338.307, 331.697, 324.67, 317.201, 309.262, 300.822, 300.073, 300.006, 300.001, 300, 300, 300, 300, 300, 300, 300, 300, 300, 300, 300, 300, 300, 300, 300, 300, 300, 300, 300, 300, 300, 300, 300, 300, 300, 300, 
439.096, 439.096, 439.087, 439.067, 439.037, 438.995, 438.941, 438.874, 438.793, 438.698, 438.587, 438.46, 438.315, 438.151, 437.968, 437.763, 437.536, 437.285, 437.009, 436.706, 436.375, 436.012, 435.618, 435.189, 434.724, 434.219, 433.674, 433.084, 432.448, 431.762, 431.024, 430.239, 429.405, 428.519, 427.578, 426.578, 425.516, 424.387, 423.187, 421.912, 420.557, 419.117, 417.587, 415.961, 414.232, 412.396, 410.444, 408.369, 406.164, 403.821, 401.33, 398.682, 395.869, 392.878, 389.699, 386.32, 382.729, 378.911, 374.854, 370.541, 365.956, 361.083, 355.903, 350.397, 344.545, 338.323, 331.71, 324.681, 317.209, 309.266, 300.823, 300.073, 300.006, 300.001, 300, 300, 300, 300, 300, 300, 300, 300, 300, 300, 300, 300, 300, 300, 300, 300, 300, 300, 300, 300, 300, 300, 300, 300, 300, 300, 
439.171, 439.171, 439.161, 439.141, 439.111, 439.069, 439.015, 438.948, 438.867, 438.772, 438.661, 438.533, 438.388, 438.225, 438.041, 437.836, 437.609, 437.358, 437.082, 436.779, 436.447, 436.084, 435.689, 435.26, 434.795, 434.29, 433.744, 433.154, 432.517, 431.831, 431.092, 430.307, 429.472, 428.586, 427.644, 426.643, 425.58, 424.45, 423.25, 421.974, 420.618, 419.177, 417.646, 416.019, 414.29, 412.452, 410.499, 408.423, 406.216, 403.871, 401.379, 398.73, 395.915, 392.922, 389.741, 386.361, 382.767, 378.948, 374.888, 370.573, 365.986, 361.111, 355.928, 350.42, 344.564, 338.34, 331.724, 324.691, 317.216, 309.27, 300.823, 300.073, 300.006, 300.001, 300, 300, 300, 300, 300, 300, 300, 300, 300, 300, 300, 300, 300, 300, 300, 300, 300, 300, 300, 300, 300, 300, 300, 300, 300, 300, 
439.244, 439.244, 439.234, 439.214, 439.184, 439.142, 439.088, 439.021, 438.94, 438.844, 438.733, 438.606, 438.461, 438.297, 438.113, 437.908, 437.681, 437.43, 437.153, 436.85, 436.517, 436.155, 435.76, 435.33, 434.864, 434.359, 433.813, 433.222, 432.585, 431.899, 431.159, 430.373, 429.538, 428.651, 427.709, 426.708, 425.644, 424.513, 423.312, 422.035, 420.678, 419.237, 417.704, 416.076, 414.346, 412.507, 410.552, 408.475, 406.267, 403.921, 401.427, 398.777, 395.96, 392.966, 389.783, 386.401, 382.805, 378.984, 374.922, 370.605, 366.015, 361.138, 355.953, 350.441, 344.583, 338.356, 331.737, 324.702, 317.223, 309.273, 300.823, 300.073, 300.006, 300.001, 300, 300, 300, 300, 300, 300, 300, 300, 300, 300, 300, 300, 300, 300, 300, 300, 300, 300, 300, 300, 300, 300, 300, 300, 300, 300, 
439.315, 439.315, 439.306, 439.286, 439.255, 439.213, 439.159, 439.092, 439.011, 438.916, 438.805, 438.677, 438.532, 438.368, 438.184, 437.979, 437.751, 437.5, 437.223, 436.919, 436.587, 436.224, 435.829, 435.399, 434.932, 434.427, 433.88, 433.29, 432.652, 431.965, 431.225, 430.438, 429.603, 428.716, 427.773, 426.771, 425.706, 424.574, 423.372, 422.095, 420.737, 419.295, 417.762, 416.132, 414.401, 412.561, 410.605, 408.527, 406.318, 403.97, 401.475, 398.823, 396.004, 393.008, 389.824, 386.44, 382.843, 379.019, 374.955, 370.636, 366.044, 361.164, 355.977, 350.463, 344.602, 338.372, 331.751, 324.712, 317.23, 309.277, 300.824, 300.073, 300.006, 300.001, 300, 300, 300, 300, 300, 300, 300, 300, 300, 300, 300, 300, 300, 300, 300, 300, 300, 300, 300, 300, 300, 300, 300, 300, 300, 300, 
439.386, 439.386, 439.376, 439.356, 439.326, 439.284, 439.23, 439.162, 439.081, 438.986, 438.874, 438.747, 438.601, 438.437, 438.253, 438.048, 437.82, 437.569, 437.292, 436.988, 436.655, 436.292, 435.896, 435.466, 435, 434.494, 433.947, 433.356, 432.718, 432.03, 431.289, 430.503, 429.667, 428.779, 427.835, 426.832, 425.767, 424.635, 423.432, 422.154, 420.795, 419.352, 417.818, 416.188, 414.455, 412.614, 410.657, 408.577, 406.367, 404.018, 401.522, 398.868, 396.048, 393.05, 389.865, 386.478, 382.879, 379.054, 374.988, 370.666, 366.073, 361.19, 356, 350.484, 344.621, 338.388, 331.763, 324.722, 317.237, 309.281, 300.824, 300.073, 300.006, 300.001, 300, 300, 300, 300, 300, 300, 300, 300, 300, 300, 300, 300, 300, 300, 300, 300, 300, 300, 300, 300, 300, 300, 300, 300, 300, 300, 
439.455, 439.455, 439.445, 439.425, 439.395, 439.353, 439.299, 439.231, 439.15, 439.055, 438.943, 438.815, 438.67, 438.506, 438.321, 438.116, 437.888, 437.637, 437.359, 437.055, 436.722, 436.359, 435.963, 435.533, 435.066, 434.56, 434.012, 433.421, 432.782, 432.094, 431.353, 430.566, 429.729, 428.841, 427.896, 426.893, 425.827, 424.694, 423.491, 422.212, 420.852, 419.408, 417.873, 416.242, 414.508, 412.666, 410.708, 408.627, 406.416, 404.065, 401.567, 398.913, 396.091, 393.092, 389.904, 386.516, 382.915, 379.088, 375.02, 370.696, 366.101, 361.216, 356.024, 350.505, 344.639, 338.404, 331.776, 324.732, 317.244, 309.284, 300.824, 300.073, 300.006, 300.001, 300, 300, 300, 300, 300, 300, 300, 300, 300, 300, 300, 300, 300, 300, 300, 300, 300, 300, 300, 300, 300, 300, 300, 300, 300, 300, 
439.523, 439.523, 439.513, 439.493, 439.463, 439.421, 439.366, 439.299, 439.218, 439.122, 439.011, 438.883, 438.737, 438.573, 438.389, 438.183, 437.955, 437.703, 437.426, 437.121, 436.788, 436.425, 436.029, 435.598, 435.13, 434.624, 434.076, 433.484, 432.846, 432.157, 431.416, 430.628, 429.791, 428.902, 427.957, 426.953, 425.886, 424.753, 423.548, 422.268, 420.908, 419.463, 417.927, 416.295, 414.561, 412.717, 410.758, 408.676, 406.464, 404.112, 401.613, 398.956, 396.133, 393.132, 389.943, 386.554, 382.951, 379.122, 375.052, 370.726, 366.128, 361.241, 356.046, 350.525, 344.657, 338.419, 331.789, 324.741, 317.25, 309.288, 300.824, 300.073, 300.006, 300.001, 300, 300, 300, 300, 300, 300, 300, 300, 300, 300, 300, 300, 300, 300, 300, 300, 300, 300, 300, 300, 300, 300, 300, 300, 300, 300, 
439.589, 439.589, 439.58, 439.56, 439.529, 439.487, 439.433, 439.366, 439.285, 439.189, 439.077, 438.949, 438.803, 438.639, 438.454, 438.249, 438.021, 437.769, 437.491, 437.187, 436.853, 436.489, 436.093, 435.662, 435.194, 434.687, 434.139, 433.547, 432.908, 432.219, 431.477, 430.689, 429.851, 428.961, 428.016, 427.012, 425.944, 424.81, 423.605, 422.324, 420.963, 419.517, 417.981, 416.348, 414.612, 412.768, 410.807, 408.724, 406.51, 404.157, 401.657, 398.999, 396.174, 393.172, 389.981, 386.59, 382.986, 379.155, 375.083, 370.755, 366.155, 361.266, 356.069, 350.545, 344.674, 338.434, 331.801, 324.751, 317.257, 309.291, 300.825, 300.073, 300.006, 300.001, 300, 300, 300, 300, 300, 300, 300, 300, 300, 300, 300, 300, 300, 300, 300, 300, 300, 300, 300, 300, 300, 300, 300, 300, 300, 300, 
439.655, 439.655, 439.645, 439.626, 439.595, 439.553, 439.498, 439.431, 439.35, 439.254, 439.142, 439.014, 438.868, 438.704, 438.519, 438.313, 438.085, 437.833, 437.555, 437.25, 436.917, 436.553, 436.156, 435.725, 435.257, 434.75, 434.201, 433.609, 432.969, 432.28, 431.537, 430.748, 429.911, 429.02, 428.074, 427.069, 426.001, 424.866, 423.661, 422.379, 421.018, 419.571, 418.033, 416.399, 414.662, 412.817, 410.856, 408.772, 406.556, 404.202, 401.7, 399.041, 396.215, 393.211, 390.019, 386.626, 383.02, 379.187, 375.113, 370.783, 366.181, 361.29, 356.091, 350.565, 344.691, 338.448, 331.813, 324.76, 317.263, 309.295, 300.825, 300.073, 300.007, 300.001, 300, 300, 300, 300, 300, 300, 300, 300, 300, 300, 300, 300, 300, 300, 300, 300, 300, 300, 300, 300, 300, 300, 300, 300, 300, 300, 
439.719, 439.719, 439.71, 439.69, 439.659, 439.617, 439.563, 439.495, 439.414, 439.318, 439.206, 439.078, 438.932, 438.768, 438.583, 438.377, 438.149, 437.896, 437.618, 437.313, 436.979, 436.615, 436.218, 435.787, 435.318, 434.811, 434.262, 433.669, 433.029, 432.339, 431.596, 430.807, 429.969, 429.078, 428.131, 427.126, 426.057, 424.922, 423.715, 422.433, 421.071, 419.623, 418.084, 416.45, 414.712, 412.866, 410.903, 408.818, 406.602, 404.246, 401.743, 399.083, 396.255, 393.25, 390.056, 386.661, 383.053, 379.219, 375.143, 370.811, 366.207, 361.314, 356.112, 350.584, 344.708, 338.463, 331.825, 324.769, 317.269, 309.298, 300.825, 300.073, 300.007, 300.001, 300, 300, 300, 300, 300, 300, 300, 300, 300, 300, 300, 300, 300, 300, 300, 300, 300, 300, 300, 300, 300, 300, 300, 300, 300, 300, 
439.783, 439.783, 439.773, 439.753, 439.723, 439.68, 439.626, 439.559, 439.477, 439.381, 439.269, 439.141, 438.995, 438.83, 438.645, 438.439, 438.211, 437.958, 437.68, 437.375, 437.041, 436.676, 436.279, 435.847, 435.379, 434.871, 434.322, 433.728, 433.088, 432.398, 431.655, 430.865, 430.026, 429.135, 428.188, 427.181, 426.112, 424.976, 423.769, 422.486, 421.123, 419.674, 418.135, 416.499, 414.761, 412.913, 410.95, 408.864, 406.646, 404.29, 401.785, 399.123, 396.294, 393.288, 390.092, 386.696, 383.086, 379.25, 375.173, 370.839, 366.233, 361.337, 356.134, 350.603, 344.725, 338.477, 331.836, 324.778, 317.275, 309.301, 300.826, 300.073, 300.007, 300.001, 300, 300, 300, 300, 300, 300, 300, 300, 300, 300, 300, 300, 300, 300, 300, 300, 300, 300, 300, 300, 300, 300, 300, 300, 300, 300, 
439.845, 439.845, 439.835, 439.816, 439.785, 439.743, 439.688, 439.621, 439.539, 439.443, 439.331, 439.203, 439.057, 438.892, 438.707, 438.501, 438.272, 438.019, 437.741, 437.435, 437.101, 436.736, 436.339, 435.907, 435.438, 434.93, 434.381, 433.787, 433.146, 432.456, 431.712, 430.922, 430.082, 429.19, 428.243, 427.236, 426.166, 425.029, 423.822, 422.538, 421.174, 419.725, 418.185, 416.548, 414.809, 412.96, 410.996, 408.908, 406.69, 404.332, 401.826, 399.163, 396.333, 393.325, 390.128, 386.73, 383.119, 379.281, 375.201, 370.866, 366.258, 361.36, 356.155, 350.622, 344.741, 338.491, 331.848, 324.787, 317.281, 309.305, 300.826, 300.073, 300.007, 300.001, 300, 300, 300, 300, 300, 300, 300, 300, 300, 300, 300, 300, 300, 300, 300, 300, 300, 300, 300, 300, 300, 300, 300, 300, 300, 300, 
439.906, 439.906, 439.896, 439.877, 439.846, 439.804, 439.749, 439.681, 439.6, 439.504, 439.392, 439.263, 439.117, 438.952, 438.767, 438.561, 438.332, 438.079, 437.801, 437.495, 437.161, 436.795, 436.398, 435.965, 435.496, 434.988, 434.438, 433.844, 433.203, 432.512, 431.768, 430.977, 430.138, 429.245, 428.297, 427.29, 426.219, 425.082, 423.873, 422.589, 421.225, 419.774, 418.233, 416.596, 414.856, 413.006, 411.041, 408.952, 406.733, 404.374, 401.867, 399.202, 396.371, 393.361, 390.163, 386.764, 383.151, 379.311, 375.23, 370.892, 366.282, 361.383, 356.175, 350.64, 344.757, 338.504, 331.859, 324.795, 317.287, 309.308, 300.826, 300.073, 300.007, 300.001, 300, 300, 300, 300, 300, 300, 300, 300, 300, 300, 300, 300, 300, 300, 300, 300, 300, 300, 300, 300, 300, 300, 300, 300, 300, 300, 
439.966, 439.966, 439.956, 439.937, 439.906, 439.864, 439.809, 439.741, 439.66, 439.564, 439.452, 439.323, 439.177, 439.012, 438.826, 438.62, 438.391, 438.138, 437.859, 437.553, 437.219, 436.854, 436.456, 436.023, 435.554, 435.045, 434.495, 433.901, 433.259, 432.568, 431.823, 431.032, 430.192, 429.299, 428.35, 427.342, 426.271, 425.133, 423.924, 422.639, 421.274, 419.823, 418.281, 416.643, 414.902, 413.052, 411.085, 408.996, 406.775, 404.415, 401.907, 399.241, 396.408, 393.397, 390.197, 386.796, 383.182, 379.34, 375.258, 370.918, 366.307, 361.405, 356.195, 350.658, 344.773, 338.518, 331.87, 324.804, 317.293, 309.311, 300.826, 300.073, 300.007, 300.001, 300, 300, 300, 300, 300, 300, 300, 300, 300, 300, 300, 300, 300, 300, 300, 300, 300, 300, 300, 300, 300, 300, 300, 300, 300, 300, 
440.025, 440.025, 440.015, 439.996, 439.965, 439.922, 439.868, 439.8, 439.719, 439.622, 439.51, 439.382, 439.235, 439.07, 438.885, 438.678, 438.449, 438.196, 437.917, 437.611, 437.276, 436.911, 436.512, 436.08, 435.61, 435.101, 434.551, 433.956, 433.314, 432.622, 431.877, 431.086, 430.245, 429.352, 428.403, 427.394, 426.323, 425.184, 423.974, 422.689, 421.323, 419.871, 418.328, 416.689, 414.947, 413.096, 411.129, 409.038, 406.816, 404.455, 401.946, 399.279, 396.444, 393.432, 390.231, 386.829, 383.213, 379.37, 375.285, 370.944, 366.33, 361.427, 356.215, 350.676, 344.788, 338.531, 331.88, 324.812, 317.299, 309.314, 300.827, 300.073, 300.007, 300.001, 300, 300, 300, 300, 300, 300, 300, 300, 300, 300, 300, 300, 300, 300, 300, 300, 300, 300, 300, 300, 300, 300, 300, 300, 300, 300, 
440.083, 440.083, 440.073, 440.053, 440.023, 439.98, 439.926, 439.858, 439.776, 439.68, 439.568, 439.439, 439.293, 439.127, 438.942, 438.735, 438.506, 438.252, 437.973, 437.667, 437.332, 436.967, 436.568, 436.135, 435.665, 435.156, 434.605, 434.01, 433.368, 432.676, 431.931, 431.139, 430.298, 429.404, 428.454, 427.445, 426.373, 425.234, 424.023, 422.737, 421.37, 419.918, 418.375, 416.735, 414.992, 413.14, 411.171, 409.08, 406.857, 404.495, 401.984, 399.316, 396.48, 393.467, 390.264, 386.86, 383.243, 379.398, 375.312, 370.969, 366.354, 361.448, 356.234, 350.693, 344.804, 338.544, 331.891, 324.82, 317.305, 309.317, 300.827, 300.073, 300.007, 300.001, 300, 300, 300, 300, 300, 300, 300, 300, 300, 300, 300, 300, 300, 300, 300, 300, 300, 300, 300, 300, 300, 300, 300, 300, 300, 300, 
440.14, 440.14, 440.13, 440.11, 440.08, 440.037, 439.983, 439.915, 439.833, 439.737, 439.624, 439.496, 439.349, 439.184, 438.998, 438.791, 438.562, 438.308, 438.029, 437.723, 437.388, 437.022, 436.623, 436.19, 435.719, 435.21, 434.659, 434.064, 433.421, 432.729, 431.983, 431.191, 430.349, 429.455, 428.505, 427.495, 426.422, 425.283, 424.072, 422.785, 421.417, 419.964, 418.42, 416.779, 415.036, 413.183, 411.213, 409.121, 406.897, 404.533, 402.022, 399.352, 396.516, 393.501, 390.297, 386.891, 383.272, 379.426, 375.338, 370.994, 366.376, 361.469, 356.253, 350.71, 344.818, 338.557, 331.901, 324.828, 317.31, 309.32, 300.827, 300.073, 300.007, 300.001, 300, 300, 300, 300, 300, 300, 300, 300, 300, 300, 300, 300, 300, 300, 300, 300, 300, 300, 300, 300, 300, 300, 300, 300, 300, 300, 
440.196, 440.196, 440.186, 440.166, 440.135, 440.093, 440.038, 439.971, 439.889, 439.792, 439.68, 439.551, 439.404, 439.239, 439.053, 438.846, 438.617, 438.363, 438.084, 437.777, 437.442, 437.076, 436.677, 436.243, 435.773, 435.263, 434.712, 434.116, 433.473, 432.78, 432.034, 431.242, 430.4, 429.505, 428.554, 427.544, 426.471, 425.331, 424.119, 422.831, 421.463, 420.01, 418.465, 416.823, 415.079, 413.225, 411.255, 409.161, 406.936, 404.572, 402.059, 399.388, 396.55, 393.534, 390.329, 386.922, 383.302, 379.454, 375.364, 371.018, 366.399, 361.49, 356.272, 350.727, 344.833, 338.569, 331.912, 324.836, 317.316, 309.323, 300.827, 300.073, 300.007, 300.001, 300, 300, 300, 300, 300, 300, 300, 300, 300, 300, 300, 300, 300, 300, 300, 300, 300, 300, 300, 300, 300, 300, 300, 300, 300, 300, 
440.251, 440.251, 440.241, 440.221, 440.19, 440.148, 440.093, 440.025, 439.944, 439.847, 439.735, 439.606, 439.459, 439.293, 439.107, 438.9, 438.671, 438.417, 438.137, 437.831, 437.495, 437.129, 436.73, 436.296, 435.825, 435.315, 434.764, 434.168, 433.524, 432.831, 432.085, 431.292, 430.449, 429.554, 428.603, 427.592, 426.519, 425.378, 424.166, 422.877, 421.509, 420.054, 418.509, 416.866, 415.121, 413.266, 411.295, 409.2, 406.975, 404.609, 402.095, 399.424, 396.584, 393.567, 390.36, 386.952, 383.33, 379.481, 375.39, 371.042, 366.421, 361.51, 356.291, 350.743, 344.847, 338.581, 331.922, 324.844, 317.321, 309.325, 300.828, 300.073, 300.007, 300.001, 300, 300, 300, 300, 300, 300, 300, 300, 300, 300, 300, 300, 300, 300, 300, 300, 300, 300, 300, 300, 300, 300, 300, 300, 300, 300, 
440.305, 440.305, 440.295, 440.275, 440.244, 440.202, 440.147, 440.079, 439.997, 439.901, 439.788, 439.659, 439.512, 439.347, 439.161, 438.954, 438.724, 438.47, 438.19, 437.883, 437.548, 437.181, 436.782, 436.348, 435.877, 435.367, 434.815, 434.218, 433.575, 432.881, 432.134, 431.341, 430.498, 429.602, 428.651, 427.64, 426.566, 425.424, 424.211, 422.923, 421.553, 420.098, 418.552, 416.908, 415.162, 413.307, 411.335, 409.239, 407.012, 404.646, 402.131, 399.458, 396.618, 393.599, 390.391, 386.982, 383.358, 379.507, 375.415, 371.065, 366.443, 361.53, 356.309, 350.759, 344.862, 338.593, 331.932, 324.851, 317.326, 309.328, 300.828, 300.073, 300.007, 300.001, 300, 300, 300, 300, 300, 300, 300, 300, 300, 300, 300, 300, 300, 300, 300, 300, 300, 300, 300, 300, 300, 300, 300, 300, 300, 300, 
440.358, 440.358, 440.348, 440.328, 440.297, 440.255, 440.2, 440.132, 440.05, 439.953, 439.841, 439.712, 439.565, 439.399, 439.213, 439.006, 438.776, 438.522, 438.242, 437.935, 437.599, 437.232, 436.833, 436.398, 435.927, 435.417, 434.865, 434.268, 433.624, 432.93, 432.183, 431.389, 430.546, 429.65, 428.698, 427.686, 426.612, 425.47, 424.256, 422.967, 421.597, 420.141, 418.594, 416.95, 415.203, 413.347, 411.374, 409.277, 407.05, 404.682, 402.166, 399.492, 396.651, 393.631, 390.421, 387.011, 383.386, 379.534, 375.439, 371.088, 366.464, 361.55, 356.326, 350.775, 344.875, 338.605, 331.941, 324.859, 317.331, 309.331, 300.828, 300.074, 300.007, 300.001, 300, 300, 300, 300, 300, 300, 300, 300, 300, 300, 300, 300, 300, 300, 300, 300, 300, 300, 300, 300, 300, 300, 300, 300, 300, 300, 
440.41, 440.41, 440.4, 440.38, 440.349, 440.307, 440.252, 440.184, 440.102, 440.005, 439.893, 439.764, 439.616, 439.451, 439.264, 439.057, 438.827, 438.573, 438.293, 437.986, 437.649, 437.283, 436.883, 436.448, 435.977, 435.466, 434.914, 434.317, 433.673, 432.979, 432.231, 431.437, 430.593, 429.697, 428.744, 427.732, 426.657, 425.514, 424.3, 423.01, 421.64, 420.183, 418.635, 416.991, 415.243, 413.386, 411.412, 409.315, 407.086, 404.718, 402.2, 399.526, 396.683, 393.662, 390.451, 387.039, 383.413, 379.559, 375.464, 371.111, 366.485, 361.569, 356.344, 350.791, 344.889, 338.617, 331.951, 324.866, 317.336, 309.334, 300.828, 300.074, 300.007, 300.001, 300, 300, 300, 300, 300, 300, 300, 300, 300, 300, 300, 300, 300, 300, 300, 300, 300, 300, 300, 300, 300, 300, 300, 300, 300, 300, 
440.461, 440.461, 440.451, 440.431, 440.4, 440.358, 440.303, 440.235, 440.153, 440.056, 439.944, 439.814, 439.667, 439.501, 439.315, 439.107, 438.877, 438.623, 438.343, 438.035, 437.699, 437.332, 436.932, 436.497, 436.026, 435.515, 434.962, 434.365, 433.72, 433.026, 432.278, 431.483, 430.639, 429.742, 428.79, 427.777, 426.701, 425.558, 424.344, 423.053, 421.682, 420.225, 418.676, 417.031, 415.282, 413.424, 411.45, 409.352, 407.122, 404.752, 402.234, 399.558, 396.715, 393.692, 390.48, 387.067, 383.44, 379.584, 375.487, 371.133, 366.506, 361.588, 356.361, 350.806, 344.902, 338.628, 331.96, 324.873, 317.341, 309.336, 300.829, 300.074, 300.007, 300.001, 300, 300, 300, 300, 300, 300, 300, 300, 300, 300, 300, 300, 300, 300, 300, 300, 300, 300, 300, 300, 300, 300, 300, 300, 300, 300, 
440.511, 440.511, 440.501, 440.481, 440.451, 440.408, 440.353, 440.285, 440.203, 440.106, 439.994, 439.864, 439.717, 439.551, 439.365, 439.157, 438.927, 438.672, 438.392, 438.084, 437.748, 437.381, 436.981, 436.546, 436.074, 435.562, 435.009, 434.412, 433.767, 433.072, 432.324, 431.529, 430.685, 429.787, 428.834, 427.821, 426.745, 425.601, 424.386, 423.095, 421.723, 420.265, 418.716, 417.07, 415.321, 413.462, 411.487, 409.388, 407.157, 404.787, 402.268, 399.591, 396.746, 393.722, 390.509, 387.095, 383.466, 379.609, 375.511, 371.155, 366.526, 361.606, 356.378, 350.821, 344.916, 338.639, 331.969, 324.88, 317.346, 309.339, 300.829, 300.074, 300.007, 300.001, 300, 300, 300, 300, 300, 300, 300, 300, 300, 300, 300, 300, 300, 300, 300, 300, 300, 300, 300, 300, 300, 300, 300, 300, 300, 300, 
440.561, 440.561, 440.551, 440.531, 440.5, 440.457, 440.402, 440.334, 440.252, 440.155, 440.043, 439.913, 439.766, 439.6, 439.413, 439.206, 438.975, 438.72, 438.44, 438.132, 437.796, 437.428, 437.028, 436.593, 436.121, 435.609, 435.056, 434.458, 433.813, 433.118, 432.37, 431.574, 430.729, 429.832, 428.878, 427.864, 426.788, 425.644, 424.428, 423.136, 421.764, 420.305, 418.756, 417.109, 415.359, 413.499, 411.523, 409.423, 407.192, 404.82, 402.3, 399.622, 396.776, 393.752, 390.537, 387.122, 383.491, 379.634, 375.534, 371.176, 366.546, 361.624, 356.394, 350.836, 344.929, 338.65, 331.978, 324.887, 317.351, 309.341, 300.829, 300.074, 300.007, 300.001, 300, 300, 300, 300, 300, 300, 300, 300, 300, 300, 300, 300, 300, 300, 300, 300, 300, 300, 300, 300, 300, 300, 300, 300, 300, 300, 
440.609, 440.609, 440.599, 440.579, 440.548, 440.506, 440.451, 440.383, 440.301, 440.204, 440.091, 439.961, 439.814, 439.648, 439.461, 439.253, 439.023, 438.768, 438.487, 438.18, 437.843, 437.475, 437.075, 436.639, 436.167, 435.655, 435.102, 434.504, 433.858, 433.163, 432.414, 431.618, 430.773, 429.875, 428.921, 427.907, 426.83, 425.685, 424.469, 423.177, 421.804, 420.345, 418.794, 417.147, 415.396, 413.536, 411.559, 409.458, 407.226, 404.854, 402.332, 399.653, 396.806, 393.781, 390.565, 387.148, 383.517, 379.657, 375.556, 371.197, 366.565, 361.642, 356.41, 350.85, 344.941, 338.661, 331.987, 324.894, 317.356, 309.344, 300.829, 300.074, 300.007, 300.001, 300, 300, 300, 300, 300, 300, 300, 300, 300, 300, 300, 300, 300, 300, 300, 300, 300, 300, 300, 300, 300, 300, 300, 300, 300, 300, 
440.657, 440.657, 440.647, 440.627, 440.596, 440.553, 440.498, 440.43, 440.348, 440.251, 440.138, 440.009, 439.861, 439.695, 439.508, 439.3, 439.07, 438.815, 438.534, 438.226, 437.889, 437.521, 437.121, 436.685, 436.212, 435.701, 435.147, 434.548, 433.903, 433.207, 432.458, 431.662, 430.816, 429.918, 428.963, 427.949, 426.871, 425.726, 424.51, 423.217, 421.843, 420.383, 418.832, 417.184, 415.433, 413.572, 411.594, 409.493, 407.259, 404.886, 402.364, 399.684, 396.836, 393.809, 390.592, 387.174, 383.541, 379.681, 375.578, 371.218, 366.584, 361.66, 356.426, 350.865, 344.954, 338.672, 331.996, 324.901, 317.36, 309.346, 300.83, 300.074, 300.007, 300.001, 300, 300, 300, 300, 300, 300, 300, 300, 300, 300, 300, 300, 300, 300, 300, 300, 300, 300, 300, 300, 300, 300, 300, 300, 300, 300, 
440.703, 440.703, 440.694, 440.674, 440.643, 440.6, 440.545, 440.477, 440.395, 440.298, 440.185, 440.055, 439.908, 439.741, 439.554, 439.346, 439.116, 438.86, 438.58, 438.272, 437.934, 437.566, 437.166, 436.73, 436.257, 435.745, 435.191, 434.592, 433.946, 433.25, 432.501, 431.705, 430.859, 429.96, 429.005, 427.99, 426.912, 425.766, 424.549, 423.256, 421.882, 420.421, 418.87, 417.221, 415.469, 413.607, 411.629, 409.526, 407.292, 404.918, 402.395, 399.714, 396.865, 393.837, 390.619, 387.2, 383.566, 379.704, 375.6, 371.238, 366.603, 361.677, 356.442, 350.879, 344.966, 338.682, 332.004, 324.907, 317.365, 309.349, 300.83, 300.074, 300.007, 300.001, 300, 300, 300, 300, 300, 300, 300, 300, 300, 300, 300, 300, 300, 300, 300, 300, 300, 300, 300, 300, 300, 300, 300, 300, 300, 300, 
440.749, 440.749, 440.74, 440.72, 440.689, 440.646, 440.591, 440.523, 440.44, 440.343, 440.23, 440.101, 439.953, 439.786, 439.6, 439.392, 439.161, 438.906, 438.625, 438.316, 437.979, 437.611, 437.21, 436.774, 436.301, 435.789, 435.234, 434.635, 433.989, 433.293, 432.543, 431.746, 430.9, 430.001, 429.045, 428.03, 426.952, 425.806, 424.588, 423.294, 421.919, 420.459, 418.906, 417.257, 415.504, 413.642, 411.662, 409.559, 407.324, 404.949, 402.425, 399.743, 396.893, 393.864, 390.645, 387.225, 383.59, 379.727, 375.621, 371.258, 366.622, 361.694, 356.457, 350.892, 344.978, 338.693, 332.013, 324.914, 317.369, 309.351, 300.83, 300.074, 300.007, 300.001, 300, 300, 300, 300, 300, 300, 300, 300, 300, 300, 300, 300, 300, 300, 300, 300, 300, 300, 300, 300, 300, 300, 300, 300, 300, 300, 
440.794, 440.794, 440.785, 440.765, 440.734, 440.691, 440.636, 440.568, 440.485, 440.388, 440.275, 440.145, 439.998, 439.831, 439.644, 439.436, 439.205, 438.95, 438.669, 438.36, 438.023, 437.655, 437.253, 436.817, 436.344, 435.831, 435.277, 434.678, 434.031, 433.335, 432.585, 431.788, 430.941, 430.041, 429.085, 428.07, 426.991, 425.844, 424.626, 423.332, 421.957, 420.495, 418.942, 417.292, 415.539, 413.676, 411.696, 409.592, 407.356, 404.98, 402.455, 399.772, 396.921, 393.891, 390.671, 387.249, 383.613, 379.749, 375.642, 371.278, 366.64, 361.711, 356.473, 350.906, 344.99, 338.703, 332.021, 324.92, 317.374, 309.353, 300.83, 300.074, 300.007, 300.001, 300, 300, 300, 300, 300, 300, 300, 300, 300, 300, 300, 300, 300, 300, 300, 300, 300, 300, 300, 300, 300, 300, 300, 300, 300, 300, 
440.839, 440.839, 440.829, 440.809, 440.778, 440.735, 440.68, 440.612, 440.53, 440.432, 440.319, 440.189, 440.042, 439.875, 439.688, 439.48, 439.249, 438.993, 438.712, 438.404, 438.066, 437.697, 437.296, 436.86, 436.386, 435.873, 435.319, 434.719, 434.073, 433.376, 432.625, 431.828, 430.981, 430.081, 429.125, 428.109, 427.029, 425.883, 424.664, 423.369, 421.993, 420.531, 418.978, 417.327, 415.573, 413.709, 411.728, 409.624, 407.387, 405.01, 402.485, 399.801, 396.948, 393.918, 390.697, 387.274, 383.636, 379.771, 375.663, 371.297, 366.658, 361.727, 356.487, 350.919, 345.001, 338.712, 332.029, 324.926, 317.378, 309.356, 300.83, 300.074, 300.007, 300.001, 300, 300, 300, 300, 300, 300, 300, 300, 300, 300, 300, 300, 300, 300, 300, 300, 300, 300, 300, 300, 300, 300, 300, 300, 300, 300, 
440.882, 440.882, 440.873, 440.853, 440.821, 440.779, 440.724, 440.655, 440.573, 440.476, 440.363, 440.233, 440.085, 439.918, 439.731, 439.523, 439.291, 439.036, 438.755, 438.446, 438.108, 437.739, 437.338, 436.901, 436.428, 435.915, 435.36, 434.76, 434.113, 433.416, 432.665, 431.868, 431.02, 430.12, 429.163, 428.147, 427.067, 425.92, 424.701, 423.405, 422.029, 420.566, 419.012, 417.361, 415.606, 413.742, 411.76, 409.655, 407.418, 405.04, 402.513, 399.829, 396.975, 393.943, 390.721, 387.297, 383.659, 379.792, 375.683, 371.316, 366.675, 361.743, 356.502, 350.932, 345.013, 338.722, 332.037, 324.932, 317.382, 309.358, 300.831, 300.074, 300.007, 300.001, 300, 300, 300, 300, 300, 300, 300, 300, 300, 300, 300, 300, 300, 300, 300, 300, 300, 300, 300, 300, 300, 300, 300, 300, 300, 300, 
440.925, 440.925, 440.915, 440.895, 440.864, 440.821, 440.766, 440.698, 440.616, 440.518, 440.405, 440.275, 440.127, 439.96, 439.773, 439.565, 439.333, 439.078, 438.796, 438.488, 438.15, 437.781, 437.379, 436.942, 436.469, 435.955, 435.4, 434.8, 434.153, 433.456, 432.705, 431.907, 431.059, 430.158, 429.201, 428.185, 427.104, 425.957, 424.737, 423.441, 422.064, 420.601, 419.047, 417.395, 415.639, 413.774, 411.792, 409.686, 407.447, 405.069, 402.542, 399.856, 397.002, 393.969, 390.746, 387.321, 383.681, 379.813, 375.703, 371.334, 366.692, 361.759, 356.516, 350.945, 345.024, 338.732, 332.045, 324.938, 317.386, 309.36, 300.831, 300.074, 300.007, 300.001, 300, 300, 300, 300, 300, 300, 300, 300, 300, 300, 300, 300, 300, 300, 300, 300, 300, 300, 300, 300, 300, 300, 300, 300, 300, 300, 
440.967, 440.967, 440.957, 440.937, 440.906, 440.863, 440.808, 440.74, 440.657, 440.56, 440.447, 440.317, 440.169, 440.002, 439.815, 439.606, 439.375, 439.119, 438.837, 438.529, 438.19, 437.821, 437.42, 436.983, 436.509, 435.995, 435.44, 434.84, 434.192, 433.495, 432.743, 431.945, 431.097, 430.196, 429.239, 428.222, 427.141, 425.993, 424.773, 423.476, 422.099, 420.635, 419.08, 417.428, 415.672, 413.806, 411.823, 409.716, 407.477, 405.098, 402.57, 399.883, 397.028, 393.994, 390.77, 387.344, 383.703, 379.834, 375.722, 371.353, 366.709, 361.774, 356.53, 350.957, 345.035, 338.741, 332.052, 324.944, 317.39, 309.362, 300.831, 300.074, 300.007, 300.001, 300, 300, 300, 300, 300, 300, 300, 300, 300, 300, 300, 300, 300, 300, 300, 300, 300, 300, 300, 300, 300, 300, 300, 300, 300, 300, 
441.008, 441.008, 440.999, 440.979, 440.947, 440.905, 440.849, 440.781, 440.699, 440.601, 440.488, 440.358, 440.21, 440.043, 439.856, 439.647, 439.415, 439.159, 438.878, 438.569, 438.231, 437.861, 437.459, 437.022, 436.548, 436.034, 435.479, 434.878, 434.231, 433.533, 432.781, 431.983, 431.134, 430.233, 429.275, 428.258, 427.177, 426.028, 424.808, 423.511, 422.133, 420.669, 419.113, 417.46, 415.703, 413.837, 411.853, 409.746, 407.506, 405.126, 402.597, 399.909, 397.053, 394.019, 390.794, 387.366, 383.724, 379.854, 375.741, 371.37, 366.726, 361.79, 356.544, 350.97, 345.046, 338.75, 332.06, 324.95, 317.394, 309.365, 300.831, 300.074, 300.007, 300.001, 300, 300, 300, 300, 300, 300, 300, 300, 300, 300, 300, 300, 300, 300, 300, 300, 300, 300, 300, 300, 300, 300, 300, 300, 300, 300, 
441.049, 441.049, 441.039, 441.019, 440.988, 440.945, 440.89, 440.821, 440.739, 440.641, 440.528, 440.398, 440.25, 440.083, 439.896, 439.687, 439.455, 439.199, 438.917, 438.608, 438.27, 437.901, 437.498, 437.061, 436.587, 436.073, 435.517, 434.916, 434.269, 433.57, 432.818, 432.02, 431.171, 430.269, 429.311, 428.293, 427.212, 426.063, 424.842, 423.545, 422.166, 420.702, 419.145, 417.492, 415.734, 413.867, 411.883, 409.775, 407.534, 405.154, 402.624, 399.935, 397.079, 394.043, 390.817, 387.388, 383.745, 379.874, 375.76, 371.388, 366.742, 361.805, 356.558, 350.982, 345.056, 338.759, 332.067, 324.956, 317.398, 309.367, 300.831, 300.074, 300.007, 300.001, 300, 300, 300, 300, 300, 300, 300, 300, 300, 300, 300, 300, 300, 300, 300, 300, 300, 300, 300, 300, 300, 300, 300, 300, 300, 300, 
441.089, 441.089, 441.079, 441.059, 441.028, 440.985, 440.93, 440.861, 440.779, 440.681, 440.568, 440.438, 440.289, 440.122, 439.935, 439.726, 439.494, 439.238, 438.956, 438.647, 438.308, 437.939, 437.537, 437.099, 436.625, 436.111, 435.555, 434.954, 434.306, 433.607, 432.855, 432.056, 431.207, 430.305, 429.346, 428.328, 427.246, 426.097, 424.876, 423.578, 422.199, 420.734, 419.177, 417.523, 415.765, 413.897, 411.912, 409.803, 407.562, 405.181, 402.65, 399.961, 397.103, 394.066, 390.839, 387.41, 383.766, 379.894, 375.778, 371.405, 366.758, 361.819, 356.571, 350.994, 345.067, 338.768, 332.075, 324.961, 317.402, 309.369, 300.831, 300.074, 300.007, 300.001, 300, 300, 300, 300, 300, 300, 300, 300, 300, 300, 300, 300, 300, 300, 300, 300, 300, 300, 300, 300, 300, 300, 300, 300, 300, 300, 
441.128, 441.128, 441.118, 441.098, 441.067, 441.024, 440.969, 440.9, 440.818, 440.72, 440.607, 440.476, 440.328, 440.161, 439.973, 439.764, 439.533, 439.276, 438.994, 438.685, 438.346, 437.977, 437.574, 437.137, 436.662, 436.148, 435.591, 434.99, 434.342, 433.643, 432.891, 432.091, 431.242, 430.34, 429.381, 428.363, 427.28, 426.13, 424.909, 423.611, 422.231, 420.766, 419.208, 417.553, 415.795, 413.927, 411.941, 409.831, 407.59, 405.207, 402.676, 399.986, 397.127, 394.09, 390.862, 387.432, 383.786, 379.913, 375.797, 371.422, 366.774, 361.834, 356.584, 351.005, 345.077, 338.777, 332.082, 324.967, 317.406, 309.371, 300.832, 300.074, 300.007, 300.001, 300, 300, 300, 300, 300, 300, 300, 300, 300, 300, 300, 300, 300, 300, 300, 300, 300, 300, 300, 300, 300, 300, 300, 300, 300, 300, 
441.166, 441.166, 441.156, 441.136, 441.105, 441.062, 441.007, 440.938, 440.856, 440.758, 440.645, 440.514, 440.366, 440.199, 440.011, 439.802, 439.57, 439.314, 439.032, 438.722, 438.384, 438.014, 437.611, 437.174, 436.699, 436.184, 435.628, 435.027, 434.378, 433.679, 432.926, 432.126, 431.277, 430.374, 429.415, 428.396, 427.314, 426.163, 424.941, 423.643, 422.263, 420.797, 419.239, 417.583, 415.825, 413.955, 411.969, 409.859, 407.616, 405.234, 402.701, 400.01, 397.151, 394.113, 390.884, 387.453, 383.806, 379.932, 375.814, 371.439, 366.789, 361.848, 356.597, 351.017, 345.087, 338.785, 332.089, 324.972, 317.409, 309.373, 300.832, 300.074, 300.007, 300.001, 300, 300, 300, 300, 300, 300, 300, 300, 300, 300, 300, 300, 300, 300, 300, 300, 300, 300, 300, 300, 300, 300, 300, 300, 300, 300, 
441.204, 441.204, 441.194, 441.174, 441.143, 441.1, 441.045, 440.976, 440.893, 440.796, 440.682, 440.552, 440.404, 440.236, 440.049, 439.839, 439.607, 439.351, 439.069, 438.759, 438.42, 438.05, 437.648, 437.21, 436.735, 436.22, 435.663, 435.062, 434.413, 433.714, 432.961, 432.161, 431.311, 430.408, 429.449, 428.429, 427.346, 426.196, 424.973, 423.674, 422.294, 420.827, 419.269, 417.613, 415.853, 413.984, 411.997, 409.886, 407.643, 405.259, 402.726, 400.035, 397.174, 394.135, 390.905, 387.473, 383.826, 379.95, 375.832, 371.455, 366.804, 361.862, 356.61, 351.028, 345.097, 338.794, 332.096, 324.977, 317.413, 309.375, 300.832, 300.074, 300.007, 300.001, 300, 300, 300, 300, 300, 300, 300, 300, 300, 300, 300, 300, 300, 300, 300, 300, 300, 300, 300, 300, 300, 300, 300, 300, 300, 300, 
441.241, 441.241, 441.231, 441.211, 441.18, 441.137, 441.082, 441.013, 440.93, 440.833, 440.719, 440.589, 440.44, 440.273, 440.085, 439.876, 439.644, 439.387, 439.105, 438.795, 438.456, 438.086, 437.683, 437.245, 436.77, 436.255, 435.698, 435.097, 434.448, 433.748, 432.995, 432.195, 431.344, 430.441, 429.482, 428.462, 427.379, 426.228, 425.005, 423.705, 422.324, 420.857, 419.298, 417.642, 415.882, 414.012, 412.024, 409.913, 407.669, 405.284, 402.751, 400.058, 397.197, 394.157, 390.926, 387.493, 383.845, 379.969, 375.849, 371.471, 366.819, 361.875, 356.622, 351.039, 345.107, 338.802, 332.102, 324.983, 317.417, 309.376, 300.832, 300.074, 300.007, 300.001, 300, 300, 300, 300, 300, 300, 300, 300, 300, 300, 300, 300, 300, 300, 300, 300, 300, 300, 300, 300, 300, 300, 300, 300, 300, 300, 
441.277, 441.277, 441.268, 441.247, 441.216, 441.173, 441.118, 441.049, 440.967, 440.869, 440.755, 440.625, 440.476, 440.309, 440.121, 439.912, 439.68, 439.423, 439.141, 438.831, 438.492, 438.121, 437.718, 437.28, 436.805, 436.29, 435.733, 435.131, 434.481, 433.782, 433.028, 432.228, 431.377, 430.474, 429.514, 428.494, 427.41, 426.259, 425.035, 423.736, 422.354, 420.887, 419.327, 417.671, 415.91, 414.039, 412.051, 409.939, 407.694, 405.309, 402.775, 400.082, 397.22, 394.179, 390.947, 387.513, 383.864, 379.986, 375.866, 371.487, 366.834, 361.889, 356.634, 351.05, 345.116, 338.81, 332.109, 324.988, 317.42, 309.378, 300.832, 300.074, 300.007, 300.001, 300, 300, 300, 300, 300, 300, 300, 300, 300, 300, 300, 300, 300, 300, 300, 300, 300, 300, 300, 300, 300, 300, 300, 300, 300, 300, 
441.313, 441.313, 441.303, 441.283, 441.252, 441.209, 441.154, 441.085, 441.002, 440.904, 440.791, 440.66, 440.512, 440.344, 440.156, 439.947, 439.715, 439.458, 439.175, 438.865, 438.526, 438.156, 437.753, 437.314, 436.839, 436.324, 435.766, 435.164, 434.515, 433.815, 433.061, 432.26, 431.41, 430.506, 429.546, 428.525, 427.441, 426.289, 425.066, 423.765, 422.384, 420.916, 419.356, 417.699, 415.937, 414.066, 412.078, 409.965, 407.719, 405.334, 402.798, 400.105, 397.242, 394.2, 390.968, 387.533, 383.883, 380.004, 375.882, 371.502, 366.848, 361.902, 356.646, 351.061, 345.125, 338.818, 332.115, 324.993, 317.424, 309.38, 300.832, 300.074, 300.007, 300.001, 300, 300, 300, 300, 300, 300, 300, 300, 300, 300, 300, 300, 300, 300, 300, 300, 300, 300, 300, 300, 300, 300, 300, 300, 300, 300, 
441.348, 441.348, 441.338, 441.318, 441.287, 441.244, 441.189, 441.12, 441.037, 440.939, 440.826, 440.695, 440.547, 440.379, 440.191, 439.982, 439.749, 439.492, 439.21, 438.9, 438.56, 438.19, 437.786, 437.348, 436.872, 436.357, 435.799, 435.197, 434.547, 433.847, 433.093, 432.292, 431.441, 430.537, 429.577, 428.556, 427.472, 426.32, 425.095, 423.795, 422.413, 420.944, 419.384, 417.726, 415.964, 414.092, 412.103, 409.99, 407.744, 405.358, 402.822, 400.127, 397.264, 394.221, 390.988, 387.552, 383.901, 380.021, 375.899, 371.518, 366.862, 361.915, 356.658, 351.071, 345.135, 338.826, 332.122, 324.998, 317.427, 309.382, 300.833, 300.074, 300.007, 300.001, 300, 300, 300, 300, 300, 300, 300, 300, 300, 300, 300, 300, 300, 300, 300, 300, 300, 300, 300, 300, 300, 300, 300, 300, 300, 300, 
441.383, 441.383, 441.373, 441.353, 441.321, 441.278, 441.223, 441.154, 441.071, 440.974, 440.86, 440.729, 440.581, 440.413, 440.225, 440.016, 439.783, 439.526, 439.243, 438.933, 438.594, 438.223, 437.82, 437.381, 436.905, 436.39, 435.832, 435.23, 434.58, 433.879, 433.125, 432.324, 431.472, 430.568, 429.607, 428.586, 427.502, 426.349, 425.125, 423.824, 422.441, 420.972, 419.411, 417.753, 415.991, 414.118, 412.129, 410.015, 407.768, 405.381, 402.845, 400.149, 397.285, 394.242, 391.007, 387.571, 383.919, 380.038, 375.915, 371.532, 366.876, 361.928, 356.669, 351.081, 345.144, 338.834, 332.128, 325.003, 317.43, 309.384, 300.833, 300.074, 300.007, 300.001, 300, 300, 300, 300, 300, 300, 300, 300, 300, 300, 300, 300, 300, 300, 300, 300, 300, 300, 300, 300, 300, 300, 300, 300, 300, 300, 
441.417, 441.417, 441.407, 441.387, 441.355, 441.312, 441.257, 441.188, 441.105, 441.007, 440.894, 440.763, 440.614, 440.447, 440.258, 440.049, 439.816, 439.559, 439.277, 438.966, 438.627, 438.256, 437.852, 437.413, 436.937, 436.422, 435.864, 435.261, 434.611, 433.91, 433.156, 432.355, 431.503, 430.598, 429.637, 428.616, 427.531, 426.378, 425.153, 423.852, 422.469, 421, 419.438, 417.779, 416.017, 414.144, 412.154, 410.039, 407.792, 405.404, 402.867, 400.171, 397.306, 394.262, 391.027, 387.589, 383.936, 380.055, 375.93, 371.547, 366.889, 361.94, 356.681, 351.092, 345.152, 338.841, 332.134, 325.007, 317.434, 309.385, 300.833, 300.074, 300.007, 300.001, 300, 300, 300, 300, 300, 300, 300, 300, 300, 300, 300, 300, 300, 300, 300, 300, 300, 300, 300, 300, 300, 300, 300, 300, 300, 300, 
441.45, 441.45, 441.44, 441.42, 441.389, 441.345, 441.29, 441.221, 441.138, 441.04, 440.927, 440.796, 440.647, 440.479, 440.291, 440.082, 439.849, 439.592, 439.309, 438.999, 438.659, 438.288, 437.884, 437.445, 436.969, 436.453, 435.895, 435.292, 434.642, 433.941, 433.187, 432.385, 431.533, 430.628, 429.667, 428.645, 427.56, 426.407, 425.181, 423.88, 422.496, 421.027, 419.465, 417.806, 416.042, 414.169, 412.178, 410.063, 407.815, 405.427, 402.889, 400.192, 397.327, 394.281, 391.046, 387.607, 383.954, 380.071, 375.946, 371.562, 366.903, 361.952, 356.692, 351.101, 345.161, 338.848, 332.14, 325.012, 317.437, 309.387, 300.833, 300.074, 300.007, 300.001, 300, 300, 300, 300, 300, 300, 300, 300, 300, 300, 300, 300, 300, 300, 300, 300, 300, 300, 300, 300, 300, 300, 300, 300, 300, 300, 
441.482, 441.482, 441.473, 441.452, 441.421, 441.378, 441.323, 441.254, 441.171, 441.073, 440.959, 440.828, 440.68, 440.512, 440.324, 440.114, 439.881, 439.624, 439.341, 439.03, 438.691, 438.32, 437.916, 437.477, 437, 436.484, 435.926, 435.323, 434.673, 433.971, 433.217, 432.415, 431.563, 430.657, 429.696, 428.674, 427.588, 426.435, 425.209, 423.907, 422.523, 421.053, 419.491, 417.831, 416.067, 414.193, 412.202, 410.086, 407.838, 405.449, 402.911, 400.213, 397.347, 394.301, 391.064, 387.625, 383.971, 380.087, 375.961, 371.576, 366.916, 361.964, 356.703, 351.111, 345.17, 338.856, 332.146, 325.017, 317.44, 309.389, 300.833, 300.074, 300.007, 300.001, 300, 300, 300, 300, 300, 300, 300, 300, 300, 300, 300, 300, 300, 300, 300, 300, 300, 300, 300, 300, 300, 300, 300, 300, 300, 300, 
441.514, 441.514, 441.505, 441.484, 441.453, 441.41, 441.355, 441.286, 441.203, 441.105, 440.991, 440.86, 440.711, 440.543, 440.355, 440.145, 439.913, 439.655, 439.372, 439.062, 438.722, 438.351, 437.947, 437.507, 437.031, 436.515, 435.956, 435.353, 434.702, 434.001, 433.246, 432.444, 431.592, 430.686, 429.724, 428.702, 427.616, 426.462, 425.236, 423.934, 422.55, 421.079, 419.516, 417.856, 416.092, 414.218, 412.226, 410.109, 407.861, 405.471, 402.932, 400.234, 397.367, 394.32, 391.083, 387.643, 383.987, 380.103, 375.976, 371.59, 366.929, 361.976, 356.713, 351.121, 345.178, 338.863, 332.152, 325.021, 317.443, 309.391, 300.833, 300.074, 300.007, 300.001, 300, 300, 300, 300, 300, 300, 300, 300, 300, 300, 300, 300, 300, 300, 300, 300, 300, 300, 300, 300, 300, 300, 300, 300, 300, 300, 
441.546, 441.546, 441.536, 441.516, 441.485, 441.442, 441.386, 441.317, 441.234, 441.136, 441.022, 440.891, 440.743, 440.575, 440.386, 440.176, 439.944, 439.686, 439.403, 439.092, 438.752, 438.381, 437.977, 437.538, 437.061, 436.545, 435.986, 435.383, 434.732, 434.03, 433.275, 432.473, 431.62, 430.714, 429.752, 428.73, 427.643, 426.489, 425.263, 423.96, 422.576, 421.105, 419.542, 417.881, 416.116, 414.241, 412.249, 410.132, 407.883, 405.492, 402.953, 400.254, 397.386, 394.339, 391.101, 387.66, 384.004, 380.119, 375.99, 371.603, 366.941, 361.988, 356.724, 351.13, 345.186, 338.87, 332.158, 325.025, 317.446, 309.392, 300.834, 300.074, 300.007, 300.001, 300, 300, 300, 300, 300, 300, 300, 300, 300, 300, 300, 300, 300, 300, 300, 300, 300, 300, 300, 300, 300, 300, 300, 300, 300, 300, 
441.577, 441.577, 441.567, 441.547, 441.516, 441.472, 441.417, 441.348, 441.265, 441.167, 441.053, 440.922, 440.773, 440.605, 440.417, 440.207, 439.974, 439.717, 439.433, 439.122, 438.782, 438.411, 438.007, 437.567, 437.09, 436.574, 436.015, 435.412, 434.761, 434.059, 433.303, 432.501, 431.648, 430.742, 429.779, 428.757, 427.67, 426.516, 425.289, 423.986, 422.601, 421.13, 419.566, 417.905, 416.14, 414.265, 412.272, 410.154, 407.904, 405.513, 402.973, 400.274, 397.405, 394.357, 391.118, 387.677, 384.02, 380.134, 376.004, 371.617, 366.954, 361.999, 356.734, 351.139, 345.194, 338.877, 332.164, 325.03, 317.449, 309.394, 300.834, 300.074, 300.007, 300.001, 300, 300, 300, 300, 300, 300, 300, 300, 300, 300, 300, 300, 300, 300, 300, 300, 300, 300, 300, 300, 300, 300, 300, 300, 300, 300, 
441.607, 441.607, 441.597, 441.577, 441.546, 441.503, 441.447, 441.378, 441.295, 441.197, 441.083, 440.952, 440.803, 440.635, 440.447, 440.237, 440.004, 439.746, 439.463, 439.152, 438.812, 438.44, 438.036, 437.596, 437.119, 436.603, 436.044, 435.44, 434.789, 434.087, 433.331, 432.528, 431.675, 430.769, 429.806, 428.783, 427.697, 426.542, 425.315, 424.011, 422.626, 421.154, 419.59, 417.929, 416.163, 414.287, 412.294, 410.176, 407.926, 405.534, 402.993, 400.293, 397.424, 394.375, 391.136, 387.693, 384.036, 380.149, 376.019, 371.63, 366.966, 362.01, 356.744, 351.148, 345.202, 338.883, 332.169, 325.034, 317.452, 309.395, 300.834, 300.074, 300.007, 300.001, 300, 300, 300, 300, 300, 300, 300, 300, 300, 300, 300, 300, 300, 300, 300, 300, 300, 300, 300, 300, 300, 300, 300, 300, 300, 300, 
441.637, 441.637, 441.627, 441.607, 441.576, 441.533, 441.477, 441.408, 441.325, 441.227, 441.113, 440.982, 440.833, 440.665, 440.476, 440.266, 440.033, 439.776, 439.492, 439.181, 438.841, 438.469, 438.065, 437.625, 437.148, 436.631, 436.072, 435.468, 434.817, 434.115, 433.359, 432.556, 431.702, 430.796, 429.833, 428.81, 427.722, 426.567, 425.34, 424.036, 422.651, 421.178, 419.614, 417.952, 416.186, 414.31, 412.316, 410.198, 407.946, 405.554, 403.013, 400.312, 397.442, 394.393, 391.153, 387.71, 384.051, 380.163, 376.032, 371.643, 366.978, 362.021, 356.754, 351.157, 345.21, 338.89, 332.174, 325.038, 317.455, 309.397, 300.834, 300.074, 300.007, 300.001, 300, 300, 300, 300, 300, 300, 300, 300, 300, 300, 300, 300, 300, 300, 300, 300, 300, 300, 300, 300, 300, 300, 300, 300, 300, 300, 
441.666, 441.666, 441.657, 441.636, 441.605, 441.562, 441.506, 441.437, 441.354, 441.256, 441.142, 441.011, 440.862, 440.694, 440.505, 440.295, 440.062, 439.804, 439.521, 439.21, 438.869, 438.498, 438.093, 437.653, 437.176, 436.659, 436.1, 435.496, 434.844, 434.142, 433.386, 432.582, 431.729, 430.822, 429.859, 428.835, 427.748, 426.593, 425.365, 424.061, 422.675, 421.202, 419.638, 417.975, 416.209, 414.332, 412.338, 410.219, 407.967, 405.574, 403.032, 400.331, 397.461, 394.41, 391.17, 387.726, 384.066, 380.178, 376.046, 371.655, 366.99, 362.032, 356.764, 351.166, 345.218, 338.897, 332.18, 325.042, 317.458, 309.398, 300.834, 300.074, 300.007, 300.001, 300, 300, 300, 300, 300, 300, 300, 300, 300, 300, 300, 300, 300, 300, 300, 300, 300, 300, 300, 300, 300, 300, 300, 300, 300, 300, 
441.695, 441.695, 441.685, 441.665, 441.634, 441.591, 441.535, 441.466, 441.383, 441.285, 441.171, 441.04, 440.891, 440.722, 440.534, 440.323, 440.09, 439.832, 439.549, 439.238, 438.897, 438.525, 438.121, 437.681, 437.203, 436.686, 436.127, 435.523, 434.871, 434.168, 433.412, 432.609, 431.755, 430.848, 429.884, 428.861, 427.773, 426.617, 425.389, 424.085, 422.698, 421.226, 419.661, 417.998, 416.231, 414.354, 412.359, 410.239, 407.987, 405.594, 403.051, 400.349, 397.478, 394.428, 391.186, 387.741, 384.081, 380.192, 376.059, 371.668, 367.001, 362.043, 356.774, 351.175, 345.225, 338.903, 332.185, 325.046, 317.461, 309.4, 300.834, 300.074, 300.007, 300.001, 300, 300, 300, 300, 300, 300, 300, 300, 300, 300, 300, 300, 300, 300, 300, 300, 300, 300, 300, 300, 300, 300, 300, 300, 300, 300, 
441.723, 441.723, 441.714, 441.693, 441.662, 441.619, 441.563, 441.494, 441.411, 441.313, 441.199, 441.068, 440.919, 440.75, 440.562, 440.351, 440.118, 439.86, 439.576, 439.265, 438.925, 438.553, 438.148, 437.708, 437.23, 436.713, 436.154, 435.549, 434.897, 434.195, 433.438, 432.634, 431.78, 430.873, 429.909, 428.885, 427.797, 426.641, 425.413, 424.108, 422.722, 421.248, 419.683, 418.02, 416.253, 414.375, 412.38, 410.26, 408.007, 405.613, 403.07, 400.367, 397.496, 394.444, 391.202, 387.757, 384.096, 380.206, 376.072, 371.68, 367.013, 362.053, 356.783, 351.183, 345.233, 338.909, 332.19, 325.05, 317.463, 309.401, 300.834, 300.074, 300.007, 300.001, 300, 300, 300, 300, 300, 300, 300, 300, 300, 300, 300, 300, 300, 300, 300, 300, 300, 300, 300, 300, 300, 300, 300, 300, 300, 300, 
441.751, 441.751, 441.741, 441.721, 441.69, 441.647, 441.591, 441.522, 441.439, 441.341, 441.226, 441.095, 440.946, 440.778, 440.589, 440.379, 440.145, 439.887, 439.604, 439.292, 438.951, 438.58, 438.175, 437.734, 437.257, 436.739, 436.18, 435.575, 434.923, 434.22, 433.464, 432.66, 431.806, 430.898, 429.934, 428.91, 427.821, 426.665, 425.437, 424.131, 422.744, 421.271, 419.705, 418.042, 416.274, 414.396, 412.4, 410.28, 408.026, 405.632, 403.088, 400.385, 397.513, 394.461, 391.218, 387.772, 384.11, 380.22, 376.085, 371.692, 367.024, 362.063, 356.792, 351.191, 345.24, 338.915, 332.195, 325.054, 317.466, 309.403, 300.834, 300.074, 300.007, 300.001, 300, 300, 300, 300, 300, 300, 300, 300, 300, 300, 300, 300, 300, 300, 300, 300, 300, 300, 300, 300, 300, 300, 300, 300, 300, 300, 
441.778, 441.778, 441.769, 441.748, 441.717, 441.674, 441.618, 441.549, 441.466, 441.368, 441.253, 441.122, 440.973, 440.805, 440.616, 440.405, 440.172, 439.914, 439.63, 439.319, 438.978, 438.606, 438.201, 437.76, 437.283, 436.765, 436.205, 435.601, 434.948, 434.245, 433.489, 432.684, 431.83, 430.923, 429.958, 428.934, 427.845, 426.689, 425.46, 424.154, 422.767, 421.293, 419.727, 418.063, 416.295, 414.416, 412.42, 410.299, 408.045, 405.651, 403.106, 400.403, 397.53, 394.477, 391.233, 387.787, 384.124, 380.233, 376.098, 371.704, 367.035, 362.073, 356.801, 351.2, 345.247, 338.922, 332.2, 325.058, 317.469, 309.404, 300.835, 300.074, 300.007, 300.001, 300, 300, 300, 300, 300, 300, 300, 300, 300, 300, 300, 300, 300, 300, 300, 300, 300, 300, 300, 300, 300, 300, 300, 300, 300, 300, 
441.805, 441.805, 441.795, 441.775, 441.744, 441.701, 441.645, 441.576, 441.493, 441.394, 441.28, 441.149, 441, 440.831, 440.642, 440.432, 440.198, 439.94, 439.656, 439.345, 439.004, 438.632, 438.227, 437.786, 437.308, 436.791, 436.231, 435.626, 434.973, 434.27, 433.513, 432.709, 431.854, 430.947, 429.982, 428.957, 427.868, 426.712, 425.482, 424.177, 422.789, 421.315, 419.748, 418.084, 416.315, 414.436, 412.44, 410.318, 408.064, 405.669, 403.124, 400.42, 397.546, 394.493, 391.249, 387.801, 384.138, 380.246, 376.11, 371.715, 367.045, 362.083, 356.81, 351.208, 345.254, 338.927, 332.205, 325.062, 317.471, 309.405, 300.835, 300.074, 300.007, 300.001, 300, 300, 300, 300, 300, 300, 300, 300, 300, 300, 300, 300, 300, 300, 300, 300, 300, 300, 300, 300, 300, 300, 300, 300, 300, 300, 
441.832, 441.832, 441.822, 441.801, 441.77, 441.727, 441.671, 441.602, 441.519, 441.42, 441.306, 441.175, 441.026, 440.857, 440.668, 440.458, 440.224, 439.966, 439.682, 439.37, 439.029, 438.657, 438.252, 437.811, 437.333, 436.816, 436.255, 435.651, 434.998, 434.295, 433.537, 432.733, 431.878, 430.97, 430.005, 428.98, 427.891, 426.734, 425.505, 424.198, 422.811, 421.336, 419.769, 418.104, 416.336, 414.456, 412.459, 410.337, 408.083, 405.687, 403.141, 400.437, 397.563, 394.509, 391.264, 387.816, 384.152, 380.259, 376.122, 371.727, 367.056, 362.093, 356.819, 351.215, 345.261, 338.933, 332.21, 325.065, 317.474, 309.407, 300.835, 300.074, 300.007, 300.001, 300, 300, 300, 300, 300, 300, 300, 300, 300, 300, 300, 300, 300, 300, 300, 300, 300, 300, 300, 300, 300, 300, 300, 300, 300, 300, 
441.857, 441.857, 441.848, 441.827, 441.796, 441.753, 441.697, 441.628, 441.544, 441.446, 441.332, 441.201, 441.051, 440.883, 440.694, 440.483, 440.249, 439.991, 439.707, 439.396, 439.054, 438.682, 438.277, 437.836, 437.358, 436.84, 436.28, 435.675, 435.022, 434.318, 433.561, 432.756, 431.901, 430.993, 430.028, 429.003, 427.914, 426.756, 425.527, 424.22, 422.832, 421.357, 419.79, 418.125, 416.355, 414.476, 412.478, 410.356, 408.101, 405.704, 403.158, 400.453, 397.579, 394.524, 391.279, 387.83, 384.165, 380.272, 376.134, 371.738, 367.066, 362.102, 356.828, 351.223, 345.267, 338.939, 332.215, 325.069, 317.476, 309.408, 300.835, 300.074, 300.007, 300.001, 300, 300, 300, 300, 300, 300, 300, 300, 300, 300, 300, 300, 300, 300, 300, 300, 300, 300, 300, 300, 300, 300, 300, 300, 300, 300, 
441.883, 441.883, 441.873, 441.853, 441.821, 441.778, 441.722, 441.653, 441.57, 441.471, 441.357, 441.226, 441.076, 440.908, 440.719, 440.508, 440.274, 440.016, 439.732, 439.42, 439.079, 438.707, 438.301, 437.86, 437.382, 436.864, 436.304, 435.699, 435.046, 434.342, 433.584, 432.779, 431.924, 431.016, 430.051, 429.025, 427.936, 426.778, 425.548, 424.241, 422.853, 421.377, 419.81, 418.144, 416.375, 414.495, 412.497, 410.374, 408.118, 405.722, 403.175, 400.469, 397.594, 394.539, 391.293, 387.844, 384.179, 380.284, 376.146, 371.749, 367.076, 362.112, 356.836, 351.231, 345.274, 338.945, 332.219, 325.073, 317.479, 309.409, 300.835, 300.074, 300.007, 300.001, 300, 300, 300, 300, 300, 300, 300, 300, 300, 300, 300, 300, 300, 300, 300, 300, 300, 300, 300, 300, 300, 300, 300, 300, 300, 300, 
441.908, 441.908, 441.898, 441.877, 441.846, 441.803, 441.747, 441.678, 441.595, 441.496, 441.382, 441.25, 441.101, 440.932, 440.743, 440.533, 440.299, 440.041, 439.756, 439.444, 439.103, 438.731, 438.325, 437.884, 437.406, 436.888, 436.327, 435.722, 435.069, 434.365, 433.607, 432.802, 431.947, 431.038, 430.073, 429.047, 427.957, 426.799, 425.569, 424.262, 422.873, 421.398, 419.83, 418.164, 416.394, 414.513, 412.515, 410.392, 408.136, 405.739, 403.192, 400.485, 397.61, 394.554, 391.307, 387.857, 384.192, 380.296, 376.157, 371.76, 367.086, 362.121, 356.845, 351.238, 345.281, 338.95, 332.224, 325.076, 317.481, 309.411, 300.835, 300.074, 300.007, 300.001, 300, 300, 300, 300, 300, 300, 300, 300, 300, 300, 300, 300, 300, 300, 300, 300, 300, 300, 300, 300, 300, 300, 300, 300, 300, 300, 
441.932, 441.932, 441.922, 441.902, 441.87, 441.827, 441.771, 441.702, 441.619, 441.521, 441.406, 441.275, 441.125, 440.957, 440.767, 440.557, 440.323, 440.065, 439.78, 439.468, 439.127, 438.754, 438.349, 437.908, 437.429, 436.911, 436.35, 435.745, 435.092, 434.388, 433.63, 432.824, 431.969, 431.06, 430.094, 429.068, 427.978, 426.82, 425.59, 424.282, 422.893, 421.417, 419.849, 418.183, 416.413, 414.532, 412.533, 410.409, 408.153, 405.755, 403.208, 400.501, 397.625, 394.569, 391.321, 387.871, 384.204, 380.308, 376.169, 371.77, 367.096, 362.13, 356.853, 351.245, 345.287, 338.956, 332.228, 325.08, 317.483, 309.412, 300.835, 300.074, 300.007, 300.001, 300, 300, 300, 300, 300, 300, 300, 300, 300, 300, 300, 300, 300, 300, 300, 300, 300, 300, 300, 300, 300, 300, 300, 300, 300, 300, 
441.956, 441.956, 441.946, 441.926, 441.894, 441.851, 441.795, 441.726, 441.643, 441.544, 441.43, 441.299, 441.149, 440.98, 440.791, 440.58, 440.346, 440.088, 439.804, 439.492, 439.15, 438.778, 438.372, 437.931, 437.452, 436.934, 436.373, 435.767, 435.114, 434.41, 433.652, 432.846, 431.991, 431.082, 430.116, 429.09, 427.999, 426.841, 425.61, 424.302, 422.913, 421.437, 419.868, 418.202, 416.431, 414.55, 412.551, 410.427, 408.17, 405.772, 403.224, 400.516, 397.64, 394.583, 391.335, 387.884, 384.217, 380.32, 376.18, 371.781, 367.106, 362.139, 356.861, 351.252, 345.293, 338.961, 332.232, 325.083, 317.486, 309.413, 300.835, 300.074, 300.007, 300.001, 300, 300, 300, 300, 300, 300, 300, 300, 300, 300, 300, 300, 300, 300, 300, 300, 300, 300, 300, 300, 300, 300, 300, 300, 300, 300, 
441.98, 441.98, 441.97, 441.949, 441.918, 441.875, 441.819, 441.75, 441.666, 441.568, 441.453, 441.322, 441.172, 441.004, 440.814, 440.604, 440.37, 440.111, 439.827, 439.515, 439.173, 438.8, 438.394, 437.953, 437.475, 436.956, 436.395, 435.789, 435.136, 434.432, 433.673, 432.868, 432.012, 431.103, 430.137, 429.11, 428.02, 426.861, 425.63, 424.322, 422.933, 421.456, 419.887, 418.22, 416.449, 414.568, 412.568, 410.444, 408.186, 405.788, 403.239, 400.531, 397.654, 394.597, 391.348, 387.897, 384.229, 380.332, 376.191, 371.791, 367.115, 362.147, 356.869, 351.259, 345.299, 338.966, 332.237, 325.086, 317.488, 309.414, 300.835, 300.074, 300.007, 300.001, 300, 300, 300, 300, 300, 300, 300, 300, 300, 300, 300, 300, 300, 300, 300, 300, 300, 300, 300, 300, 300, 300, 300, 300, 300, 300, 
442.003, 442.003, 441.993, 441.973, 441.941, 441.898, 441.842, 441.773, 441.689, 441.591, 441.476, 441.345, 441.195, 441.027, 440.837, 440.626, 440.392, 440.134, 439.849, 439.537, 439.196, 438.823, 438.417, 437.975, 437.497, 436.978, 436.417, 435.811, 435.157, 434.453, 433.695, 432.889, 432.033, 431.123, 430.157, 429.131, 428.04, 426.881, 425.65, 424.341, 422.952, 421.475, 419.906, 418.238, 416.467, 414.585, 412.585, 410.46, 408.202, 405.804, 403.255, 400.546, 397.668, 394.611, 391.362, 387.909, 384.241, 380.343, 376.202, 371.801, 367.125, 362.156, 356.876, 351.266, 345.305, 338.971, 332.241, 325.089, 317.49, 309.416, 300.836, 300.074, 300.007, 300.001, 300, 300, 300, 300, 300, 300, 300, 300, 300, 300, 300, 300, 300, 300, 300, 300, 300, 300, 300, 300, 300, 300, 300, 300, 300, 300, 
442.026, 442.026, 442.016, 441.995, 441.964, 441.921, 441.865, 441.795, 441.712, 441.614, 441.499, 441.368, 441.218, 441.049, 440.86, 440.649, 440.415, 440.156, 439.872, 439.559, 439.218, 438.845, 438.439, 437.997, 437.518, 437, 436.439, 435.832, 435.179, 434.474, 433.715, 432.91, 432.053, 431.144, 430.177, 429.15, 428.06, 426.9, 425.669, 424.36, 422.97, 421.493, 419.924, 418.256, 416.485, 414.602, 412.602, 410.477, 408.218, 405.819, 403.27, 400.561, 397.682, 394.624, 391.375, 387.922, 384.253, 380.354, 376.212, 371.811, 367.134, 362.164, 356.884, 351.273, 345.311, 338.976, 332.245, 325.093, 317.492, 309.417, 300.836, 300.074, 300.007, 300.001, 300, 300, 300, 300, 300, 300, 300, 300, 300, 300, 300, 300, 300, 300, 300, 300, 300, 300, 300, 300, 300, 300, 300, 300, 300, 300, 
442.048, 442.048, 442.038, 442.018, 441.986, 441.943, 441.887, 441.818, 441.734, 441.636, 441.521, 441.39, 441.24, 441.071, 440.882, 440.671, 440.437, 440.178, 439.893, 439.581, 439.239, 438.866, 438.46, 438.019, 437.54, 437.021, 436.46, 435.853, 435.199, 434.495, 433.736, 432.93, 432.074, 431.164, 430.197, 429.17, 428.079, 426.92, 425.688, 424.379, 422.989, 421.511, 419.942, 418.274, 416.502, 414.619, 412.618, 410.493, 408.234, 405.834, 403.284, 400.575, 397.696, 394.637, 391.387, 387.934, 384.264, 380.365, 376.222, 371.82, 367.143, 362.173, 356.891, 351.28, 345.317, 338.981, 332.249, 325.096, 317.495, 309.418, 300.836, 300.074, 300.007, 300.001, 300, 300, 300, 300, 300, 300, 300, 300, 300, 300, 300, 300, 300, 300, 300, 300, 300, 300, 300, 300, 300, 300, 300, 300, 300, 300, 
442.07, 442.07, 442.06, 442.04, 442.008, 441.965, 441.909, 441.84, 441.756, 441.658, 441.543, 441.411, 441.262, 441.093, 440.903, 440.692, 440.458, 440.2, 439.915, 439.602, 439.261, 438.887, 438.481, 438.04, 437.56, 437.042, 436.48, 435.874, 435.22, 434.515, 433.756, 432.95, 432.093, 431.183, 430.217, 429.189, 428.098, 426.938, 425.706, 424.397, 423.007, 421.529, 419.959, 418.291, 416.519, 414.635, 412.634, 410.508, 408.249, 405.849, 403.299, 400.589, 397.71, 394.65, 391.4, 387.946, 384.276, 380.376, 376.232, 371.83, 367.151, 362.181, 356.899, 351.286, 345.323, 338.986, 332.253, 325.099, 317.497, 309.419, 300.836, 300.074, 300.007, 300.001, 300, 300, 300, 300, 300, 300, 300, 300, 300, 300, 300, 300, 300, 300, 300, 300, 300, 300, 300, 300, 300, 300, 300, 300, 300, 300, 
442.091, 442.091, 442.081, 442.061, 442.03, 441.986, 441.93, 441.861, 441.778, 441.679, 441.564, 441.433, 441.283, 441.114, 440.925, 440.714, 440.479, 440.221, 439.936, 439.623, 439.281, 438.908, 438.502, 438.06, 437.581, 437.062, 436.501, 435.894, 435.24, 434.535, 433.776, 432.97, 432.113, 431.203, 430.236, 429.208, 428.117, 426.957, 425.725, 424.415, 423.024, 421.546, 419.976, 418.308, 416.535, 414.652, 412.65, 410.524, 408.264, 405.864, 403.313, 400.603, 397.723, 394.663, 391.412, 387.958, 384.287, 380.387, 376.242, 371.839, 367.16, 362.189, 356.906, 351.293, 345.328, 338.991, 332.257, 325.102, 317.499, 309.42, 300.836, 300.074, 300.007, 300.001, 300, 300, 300, 300, 300, 300, 300, 300, 300, 300, 300, 300, 300, 300, 300, 300, 300, 300, 300, 300, 300, 300, 300, 300, 300, 300, 
442.112, 442.112, 442.103, 442.082, 442.051, 442.007, 441.951, 441.882, 441.799, 441.7, 441.585, 441.454, 441.304, 441.135, 440.946, 440.734, 440.5, 440.241, 439.957, 439.644, 439.302, 438.929, 438.522, 438.08, 437.601, 437.082, 436.521, 435.914, 435.26, 434.555, 433.795, 432.989, 432.132, 431.222, 430.254, 429.227, 428.135, 426.975, 425.743, 424.433, 423.042, 421.564, 419.993, 418.324, 416.551, 414.667, 412.666, 410.539, 408.279, 405.878, 403.327, 400.616, 397.736, 394.676, 391.424, 387.969, 384.298, 380.397, 376.252, 371.848, 367.169, 362.196, 356.913, 351.299, 345.334, 338.996, 332.261, 325.105, 317.501, 309.421, 300.836, 300.074, 300.007, 300.001, 300, 300, 300, 300, 300, 300, 300, 300, 300, 300, 300, 300, 300, 300, 300, 300, 300, 300, 300, 300, 300, 300, 300, 300, 300, 300, 
442.133, 442.133, 442.123, 442.103, 442.071, 442.028, 441.972, 441.903, 441.819, 441.721, 441.606, 441.474, 441.325, 441.156, 440.966, 440.755, 440.521, 440.262, 439.977, 439.664, 439.322, 438.949, 438.542, 438.1, 437.621, 437.102, 436.54, 435.933, 435.279, 434.574, 433.814, 433.008, 432.151, 431.24, 430.273, 429.245, 428.153, 426.993, 425.76, 424.45, 423.059, 421.58, 420.01, 418.341, 416.567, 414.683, 412.681, 410.554, 408.294, 405.892, 403.341, 400.63, 397.749, 394.688, 391.436, 387.98, 384.309, 380.407, 376.262, 371.857, 367.177, 362.204, 356.92, 351.305, 345.339, 339, 332.265, 325.108, 317.503, 309.422, 300.836, 300.074, 300.007, 300.001, 300, 300, 300, 300, 300, 300, 300, 300, 300, 300, 300, 300, 300, 300, 300, 300, 300, 300, 300, 300, 300, 300, 300, 300, 300, 300, 
442.154, 442.154, 442.144, 442.123, 442.092, 442.048, 441.993, 441.923, 441.84, 441.741, 441.626, 441.495, 441.345, 441.176, 440.986, 440.775, 440.541, 440.282, 439.997, 439.684, 439.342, 438.969, 438.562, 438.12, 437.64, 437.121, 436.559, 435.953, 435.298, 434.593, 433.833, 433.026, 432.169, 431.258, 430.291, 429.263, 428.171, 427.01, 425.777, 424.467, 423.076, 421.597, 420.026, 418.357, 416.583, 414.698, 412.696, 410.569, 408.308, 405.906, 403.354, 400.643, 397.762, 394.7, 391.448, 387.991, 384.319, 380.417, 376.271, 371.866, 367.185, 362.211, 356.927, 351.311, 345.345, 339.005, 332.268, 325.111, 317.505, 309.423, 300.836, 300.074, 300.007, 300.001, 300, 300, 300, 300, 300, 300, 300, 300, 300, 300, 300, 300, 300, 300, 300, 300, 300, 300, 300, 300, 300, 300, 300, 300, 300, 300, 
442.174, 442.174, 442.164, 442.143, 442.112, 442.068, 442.013, 441.943, 441.86, 441.761, 441.646, 441.515, 441.365, 441.196, 441.006, 440.795, 440.56, 440.301, 440.016, 439.704, 439.361, 438.988, 438.581, 438.139, 437.66, 437.14, 436.578, 435.971, 435.317, 434.611, 433.852, 433.045, 432.187, 431.276, 430.309, 429.28, 428.188, 427.027, 425.794, 424.484, 423.092, 421.613, 420.042, 418.372, 416.598, 414.713, 412.711, 410.583, 408.322, 405.92, 403.367, 400.656, 397.774, 394.712, 391.459, 388.002, 384.33, 380.427, 376.281, 371.875, 367.193, 362.219, 356.933, 351.317, 345.35, 339.009, 332.272, 325.113, 317.507, 309.424, 300.836, 300.074, 300.007, 300.001, 300, 300, 300, 300, 300, 300, 300, 300, 300, 300, 300, 300, 300, 300, 300, 300, 300, 300, 300, 300, 300, 300, 300, 300, 300, 300, 
442.193, 442.193, 442.183, 442.163, 442.132, 442.088, 442.032, 441.963, 441.879, 441.781, 441.666, 441.534, 441.384, 441.215, 441.025, 440.814, 440.58, 440.321, 440.035, 439.723, 439.38, 439.007, 438.6, 438.158, 437.678, 437.159, 436.597, 435.99, 435.335, 434.629, 433.87, 433.062, 432.205, 431.294, 430.326, 429.298, 428.205, 427.044, 425.811, 424.501, 423.108, 421.629, 420.057, 418.388, 416.613, 414.728, 412.725, 410.597, 408.336, 405.933, 403.38, 400.668, 397.786, 394.724, 391.47, 388.013, 384.34, 380.437, 376.29, 371.883, 367.201, 362.226, 356.94, 351.323, 345.355, 339.014, 332.276, 325.116, 317.509, 309.425, 300.836, 300.074, 300.007, 300.001, 300, 300, 300, 300, 300, 300, 300, 300, 300, 300, 300, 300, 300, 300, 300, 300, 300, 300, 300, 300, 300, 300, 300, 300, 300, 300, 
442.213, 442.213, 442.203, 442.182, 442.151, 442.107, 442.051, 441.982, 441.898, 441.8, 441.685, 441.553, 441.403, 441.234, 441.044, 440.833, 440.599, 440.339, 440.054, 439.741, 439.399, 439.026, 438.619, 438.176, 437.697, 437.177, 436.615, 436.008, 435.353, 434.647, 433.887, 433.08, 432.222, 431.311, 430.343, 429.315, 428.222, 427.061, 425.827, 424.517, 423.124, 421.645, 420.073, 418.403, 416.628, 414.743, 412.739, 410.611, 408.349, 405.946, 403.393, 400.68, 397.798, 394.735, 391.481, 388.024, 384.35, 380.446, 376.299, 371.891, 367.209, 362.233, 356.946, 351.329, 345.36, 339.018, 332.279, 325.119, 317.511, 309.426, 300.836, 300.074, 300.007, 300.001, 300, 300, 300, 300, 300, 300, 300, 300, 300, 300, 300, 300, 300, 300, 300, 300, 300, 300, 300, 300, 300, 300, 300, 300, 300, 300, 
442.232, 442.232, 442.222, 442.201, 442.17, 442.126, 442.07, 442.001, 441.917, 441.819, 441.704, 441.572, 441.422, 441.253, 441.063, 440.852, 440.617, 440.358, 440.073, 439.76, 439.418, 439.044, 438.637, 438.195, 437.715, 437.195, 436.633, 436.026, 435.371, 434.665, 433.905, 433.097, 432.24, 431.328, 430.36, 429.331, 428.238, 427.077, 425.843, 424.533, 423.14, 421.66, 420.088, 418.418, 416.643, 414.757, 412.753, 410.625, 408.363, 405.959, 403.406, 400.693, 397.81, 394.747, 391.492, 388.034, 384.36, 380.456, 376.307, 371.9, 367.216, 362.24, 356.953, 351.335, 345.365, 339.022, 332.283, 325.121, 317.512, 309.427, 300.837, 300.074, 300.007, 300.001, 300, 300, 300, 300, 300, 300, 300, 300, 300, 300, 300, 300, 300, 300, 300, 300, 300, 300, 300, 300, 300, 300, 300, 300, 300, 300, 
442.25, 442.25, 442.24, 442.22, 442.188, 442.145, 442.089, 442.02, 441.936, 441.837, 441.722, 441.591, 441.441, 441.271, 441.082, 440.87, 440.635, 440.376, 440.091, 439.778, 439.436, 439.062, 438.655, 438.212, 437.733, 437.213, 436.65, 436.043, 435.388, 434.682, 433.922, 433.114, 432.256, 431.345, 430.376, 429.348, 428.254, 427.093, 425.859, 424.548, 423.155, 421.675, 420.103, 418.432, 416.657, 414.771, 412.767, 410.638, 408.376, 405.972, 403.418, 400.704, 397.821, 394.758, 391.503, 388.044, 384.369, 380.465, 376.316, 371.908, 367.224, 362.247, 356.959, 351.34, 345.37, 339.026, 332.286, 325.124, 317.514, 309.428, 300.837, 300.074, 300.007, 300.001, 300, 300, 300, 300, 300, 300, 300, 300, 300, 300, 300, 300, 300, 300, 300, 300, 300, 300, 300, 300, 300, 300, 300, 300, 300, 300, 
442.268, 442.268, 442.259, 442.238, 442.207, 442.163, 442.107, 442.038, 441.954, 441.855, 441.741, 441.609, 441.459, 441.289, 441.1, 440.888, 440.653, 440.394, 440.109, 439.796, 439.453, 439.08, 438.672, 438.23, 437.75, 437.23, 436.668, 436.06, 435.405, 434.699, 433.939, 433.131, 432.273, 431.361, 430.393, 429.364, 428.27, 427.109, 425.875, 424.563, 423.17, 421.69, 420.117, 418.446, 416.671, 414.785, 412.781, 410.651, 408.388, 405.984, 403.43, 400.716, 397.833, 394.769, 391.513, 388.054, 384.379, 380.474, 376.324, 371.916, 367.231, 362.254, 356.965, 351.346, 345.375, 339.03, 332.289, 325.127, 317.516, 309.429, 300.837, 300.074, 300.007, 300.001, 300, 300, 300, 300, 300, 300, 300, 300, 300, 300, 300, 300, 300, 300, 300, 300, 300, 300, 300, 300, 300, 300, 300, 300, 300, 300, 
442.286, 442.286, 442.277, 442.256, 442.225, 442.181, 442.125, 442.056, 441.972, 441.873, 441.758, 441.627, 441.476, 441.307, 441.117, 440.906, 440.671, 440.412, 440.126, 439.813, 439.471, 439.097, 438.69, 438.247, 437.767, 437.247, 436.685, 436.077, 435.422, 434.715, 433.955, 433.147, 432.289, 431.377, 430.409, 429.379, 428.286, 427.124, 425.89, 424.578, 423.185, 421.705, 420.132, 418.46, 416.685, 414.798, 412.794, 410.664, 408.401, 405.997, 403.442, 400.728, 397.844, 394.779, 391.523, 388.064, 384.388, 380.482, 376.333, 371.923, 367.238, 362.26, 356.971, 351.351, 345.379, 339.034, 332.293, 325.129, 317.518, 309.43, 300.837, 300.074, 300.007, 300.001, 300, 300, 300, 300, 300, 300, 300, 300, 300, 300, 300, 300, 300, 300, 300, 300, 300, 300, 300, 300, 300, 300, 300, 300, 300, 300, 
442.304, 442.304, 442.294, 442.274, 442.242, 442.199, 442.143, 442.073, 441.99, 441.891, 441.776, 441.644, 441.494, 441.325, 441.135, 440.923, 440.688, 440.429, 440.144, 439.831, 439.488, 439.114, 438.707, 438.264, 437.784, 437.264, 436.701, 436.094, 435.438, 434.732, 433.971, 433.163, 432.305, 431.393, 430.424, 429.395, 428.301, 427.139, 425.905, 424.593, 423.199, 421.719, 420.146, 418.474, 416.698, 414.811, 412.807, 410.677, 408.413, 406.009, 403.454, 400.739, 397.855, 394.79, 391.533, 388.074, 384.397, 380.491, 376.341, 371.931, 367.245, 362.267, 356.977, 351.356, 345.384, 339.038, 332.296, 325.132, 317.519, 309.431, 300.837, 300.074, 300.007, 300.001, 300, 300, 300, 300, 300, 300, 300, 300, 300, 300, 300, 300, 300, 300, 300, 300, 300, 300, 300, 300, 300, 300, 300, 300, 300, 300, 
442.321, 442.321, 442.311, 442.291, 442.259, 442.216, 442.16, 442.091, 442.007, 441.908, 441.793, 441.661, 441.511, 441.342, 441.152, 440.94, 440.705, 440.446, 440.161, 439.847, 439.505, 439.131, 438.723, 438.281, 437.8, 437.28, 436.718, 436.11, 435.454, 434.748, 433.987, 433.179, 432.321, 431.409, 430.44, 429.41, 428.316, 427.154, 425.919, 424.607, 423.214, 421.733, 420.159, 418.488, 416.712, 414.824, 412.819, 410.689, 408.425, 406.02, 403.465, 400.75, 397.865, 394.8, 391.543, 388.083, 384.406, 380.5, 376.349, 371.938, 367.252, 362.273, 356.983, 351.361, 345.388, 339.042, 332.299, 325.134, 317.521, 309.432, 300.837, 300.074, 300.007, 300.001, 300, 300, 300, 300, 300, 300, 300, 300, 300, 300, 300, 300, 300, 300, 300, 300, 300, 300, 300, 300, 300, 300, 300, 300, 300, 300, 
442.338, 442.338, 442.328, 442.308, 442.276, 442.233, 442.177, 442.108, 442.024, 441.925, 441.81, 441.678, 441.528, 441.359, 441.169, 440.957, 440.722, 440.463, 440.177, 439.864, 439.521, 439.147, 438.74, 438.297, 437.817, 437.296, 436.734, 436.126, 435.47, 434.764, 434.003, 433.195, 432.336, 431.424, 430.455, 429.425, 428.331, 427.169, 425.934, 424.622, 423.228, 421.747, 420.173, 418.501, 416.725, 414.837, 412.832, 410.701, 408.437, 406.032, 403.476, 400.761, 397.876, 394.81, 391.553, 388.092, 384.415, 380.508, 376.357, 371.946, 367.259, 362.279, 356.988, 351.366, 345.393, 339.046, 332.302, 325.136, 317.523, 309.433, 300.837, 300.074, 300.007, 300.001, 300, 300, 300, 300, 300, 300, 300, 300, 300, 300, 300, 300, 300, 300, 300, 300, 300, 300, 300, 300, 300, 300, 300, 300, 300, 300, 
442.355, 442.355, 442.345, 442.325, 442.293, 442.25, 442.194, 442.124, 442.04, 441.942, 441.827, 441.695, 441.544, 441.375, 441.185, 440.973, 440.739, 440.479, 440.194, 439.88, 439.537, 439.163, 438.756, 438.313, 437.833, 437.312, 436.749, 436.141, 435.486, 434.779, 434.018, 433.21, 432.351, 431.439, 430.469, 429.44, 428.345, 427.183, 425.948, 424.636, 423.241, 421.76, 420.186, 418.514, 416.737, 414.85, 412.844, 410.713, 408.449, 406.043, 403.487, 400.772, 397.886, 394.82, 391.563, 388.101, 384.424, 380.516, 376.364, 371.953, 367.266, 362.286, 356.994, 351.371, 345.397, 339.05, 332.305, 325.139, 317.524, 309.434, 300.837, 300.074, 300.007, 300.001, 300, 300, 300, 300, 300, 300, 300, 300, 300, 300, 300, 300, 300, 300, 300, 300, 300, 300, 300, 300, 300, 300, 300, 300, 300, 300, 
442.371, 442.371, 442.362, 442.341, 442.31, 442.266, 442.21, 442.14, 442.057, 441.958, 441.843, 441.711, 441.561, 441.391, 441.201, 440.99, 440.755, 440.495, 440.21, 439.896, 439.553, 439.179, 438.772, 438.329, 437.848, 437.328, 436.765, 436.157, 435.501, 434.794, 434.033, 433.225, 432.366, 431.453, 430.484, 429.454, 428.36, 427.197, 425.962, 424.649, 423.255, 421.773, 420.199, 418.527, 416.75, 414.862, 412.856, 410.725, 408.461, 406.055, 403.498, 400.782, 397.896, 394.83, 391.572, 388.11, 384.432, 380.524, 376.372, 371.96, 367.272, 362.292, 356.999, 351.376, 345.401, 339.053, 332.308, 325.141, 317.526, 309.434, 300.837, 300.074, 300.007, 300.001, 300, 300, 300, 300, 300, 300, 300, 300, 300, 300, 300, 300, 300, 300, 300, 300, 300, 300, 300, 300, 300, 300, 300, 300, 300, 300, 
442.388, 442.388, 442.378, 442.357, 442.326, 442.282, 442.226, 442.157, 442.073, 441.974, 441.859, 441.727, 441.577, 441.407, 441.217, 441.005, 440.77, 440.511, 440.225, 439.912, 439.569, 439.195, 438.787, 438.344, 437.864, 437.343, 436.78, 436.172, 435.516, 434.809, 434.048, 433.239, 432.38, 431.468, 430.498, 429.468, 428.374, 427.211, 425.975, 424.663, 423.268, 421.786, 420.212, 418.54, 416.762, 414.874, 412.868, 410.737, 408.472, 406.066, 403.509, 400.792, 397.906, 394.839, 391.581, 388.119, 384.441, 380.532, 376.379, 371.967, 367.279, 362.297, 357.005, 351.381, 345.406, 339.057, 332.311, 325.143, 317.527, 309.435, 300.837, 300.074, 300.007, 300.001, 300, 300, 300, 300, 300, 300, 300, 300, 300, 300, 300, 300, 300, 300, 300, 300, 300, 300, 300, 300, 300, 300, 300, 300, 300, 300, 
442.403, 442.403, 442.393, 442.373, 442.341, 442.298, 442.242, 442.172, 442.089, 441.99, 441.875, 441.743, 441.592, 441.423, 441.233, 441.021, 440.786, 440.526, 440.241, 439.927, 439.584, 439.21, 438.802, 438.359, 437.879, 437.358, 436.795, 436.187, 435.531, 434.824, 434.062, 433.254, 432.395, 431.482, 430.512, 429.482, 428.387, 427.224, 425.989, 424.676, 423.281, 421.799, 420.225, 418.552, 416.775, 414.886, 412.88, 410.748, 408.483, 406.076, 403.519, 400.802, 397.916, 394.849, 391.59, 388.128, 384.449, 380.54, 376.387, 371.974, 367.285, 362.303, 357.01, 351.386, 345.41, 339.06, 332.314, 325.145, 317.529, 309.436, 300.837, 300.074, 300.007, 300.001, 300, 300, 300, 300, 300, 300, 300, 300, 300, 300, 300, 300, 300, 300, 300, 300, 300, 300, 300, 300, 300, 300, 300, 300, 300, 300, 
442.419, 442.419, 442.409, 442.389, 442.357, 442.313, 442.257, 442.188, 442.104, 442.005, 441.89, 441.758, 441.608, 441.438, 441.248, 441.036, 440.801, 440.542, 440.256, 439.942, 439.599, 439.225, 438.817, 438.374, 437.893, 437.373, 436.81, 436.201, 435.545, 434.838, 434.077, 433.268, 432.409, 431.496, 430.526, 429.496, 428.401, 427.238, 426.002, 424.689, 423.294, 421.812, 420.237, 418.564, 416.786, 414.898, 412.891, 410.759, 408.494, 406.087, 403.53, 400.812, 397.925, 394.858, 391.599, 388.136, 384.457, 380.548, 376.394, 371.981, 367.291, 362.309, 357.015, 351.39, 345.414, 339.064, 332.317, 325.148, 317.53, 309.437, 300.837, 300.074, 300.007, 300.001, 300, 300, 300, 300, 300, 300, 300, 300, 300, 300, 300, 300, 300, 300, 300, 300, 300, 300, 300, 300, 300, 300, 300, 300, 300, 300, 
442.434, 442.434, 442.424, 442.404, 442.372, 442.329, 442.273, 442.203, 442.119, 442.02, 441.905, 441.773, 441.623, 441.453, 441.263, 441.051, 440.816, 440.557, 440.271, 439.957, 439.614, 439.24, 438.832, 438.389, 437.908, 437.387, 436.824, 436.216, 435.559, 434.852, 434.091, 433.282, 432.422, 431.509, 430.539, 429.509, 428.414, 427.251, 426.015, 424.702, 423.306, 421.824, 420.249, 418.576, 416.798, 414.909, 412.902, 410.77, 408.504, 406.097, 403.54, 400.822, 397.935, 394.867, 391.608, 388.144, 384.465, 380.555, 376.401, 371.987, 367.297, 362.315, 357.02, 351.395, 345.418, 339.067, 332.319, 325.15, 317.532, 309.438, 300.837, 300.074, 300.007, 300.001, 300, 300, 300, 300, 300, 300, 300, 300, 300, 300, 300, 300, 300, 300, 300, 300, 300, 300, 300, 300, 300, 300, 300, 300, 300, 300, 
442.449, 442.449, 442.439, 442.419, 442.387, 442.344, 442.287, 442.218, 442.134, 442.035, 441.92, 441.788, 441.638, 441.468, 441.278, 441.066, 440.831, 440.571, 440.285, 439.972, 439.629, 439.254, 438.846, 438.403, 437.922, 437.401, 436.838, 436.23, 435.573, 434.866, 434.104, 433.295, 432.436, 431.523, 430.553, 429.522, 428.427, 427.264, 426.027, 424.714, 423.319, 421.836, 420.261, 418.588, 416.81, 414.92, 412.913, 410.781, 408.515, 406.107, 403.549, 400.832, 397.944, 394.876, 391.616, 388.153, 384.472, 380.562, 376.408, 371.994, 367.303, 362.32, 357.025, 351.399, 345.422, 339.07, 332.322, 325.152, 317.533, 309.438, 300.838, 300.074, 300.007, 300.001, 300, 300, 300, 300, 300, 300, 300, 300, 300, 300, 300, 300, 300, 300, 300, 300, 300, 300, 300, 300, 300, 300, 300, 300, 300, 300, 
442.464, 442.464, 442.454, 442.433, 442.402, 442.358, 442.302, 442.233, 442.149, 442.05, 441.935, 441.803, 441.652, 441.483, 441.292, 441.08, 440.845, 440.586, 440.3, 439.986, 439.643, 439.268, 438.86, 438.417, 437.936, 437.415, 436.852, 436.243, 435.587, 434.88, 434.118, 433.309, 432.449, 431.536, 430.566, 429.535, 428.44, 427.276, 426.04, 424.726, 423.331, 421.848, 420.273, 418.599, 416.821, 414.932, 412.924, 410.791, 408.525, 406.117, 403.559, 400.841, 397.953, 394.885, 391.625, 388.161, 384.48, 380.57, 376.415, 372, 367.309, 362.325, 357.03, 351.404, 345.426, 339.074, 332.325, 325.154, 317.535, 309.439, 300.838, 300.074, 300.007, 300.001, 300, 300, 300, 300, 300, 300, 300, 300, 300, 300, 300, 300, 300, 300, 300, 300, 300, 300, 300, 300, 300, 300, 300, 300, 300, 300, 
442.478, 442.478, 442.468, 442.448, 442.416, 442.373, 442.317, 442.247, 442.163, 442.064, 441.949, 441.817, 441.667, 441.497, 441.307, 441.095, 440.86, 440.6, 440.314, 440, 439.657, 439.282, 438.874, 438.431, 437.95, 437.429, 436.866, 436.257, 435.6, 434.893, 434.131, 433.322, 432.462, 431.549, 430.579, 429.548, 428.452, 427.288, 426.052, 424.738, 423.343, 421.86, 420.284, 418.61, 416.832, 414.942, 412.935, 410.802, 408.535, 406.127, 403.569, 400.85, 397.962, 394.893, 391.633, 388.168, 384.488, 380.577, 376.421, 372.006, 367.315, 362.331, 357.035, 351.408, 345.429, 339.077, 332.327, 325.156, 317.536, 309.44, 300.838, 300.074, 300.007, 300.001, 300, 300, 300, 300, 300, 300, 300, 300, 300, 300, 300, 300, 300, 300, 300, 300, 300, 300, 300, 300, 300, 300, 300, 300, 300, 300, 
442.492, 442.492, 442.482, 442.462, 442.43, 442.387, 442.331, 442.261, 442.177, 442.078, 441.963, 441.831, 441.681, 441.511, 441.321, 441.109, 440.873, 440.614, 440.328, 440.014, 439.671, 439.296, 438.888, 438.445, 437.963, 437.442, 436.879, 436.27, 435.614, 434.906, 434.144, 433.335, 432.475, 431.562, 430.591, 429.56, 428.465, 427.301, 426.064, 424.75, 423.354, 421.871, 420.296, 418.622, 416.843, 414.953, 412.945, 410.812, 408.545, 406.137, 403.578, 400.859, 397.971, 394.902, 391.641, 388.176, 384.495, 380.584, 376.428, 372.012, 367.321, 362.336, 357.04, 351.412, 345.433, 339.08, 332.33, 325.158, 317.537, 309.441, 300.838, 300.074, 300.007, 300.001, 300, 300, 300, 300, 300, 300, 300, 300, 300, 300, 300, 300, 300, 300, 300, 300, 300, 300, 300, 300, 300, 300, 300, 300, 300, 300, 
442.506, 442.506, 442.496, 442.476, 442.444, 442.401, 442.345, 442.275, 442.191, 442.092, 441.977, 441.845, 441.694, 441.525, 441.334, 441.122, 440.887, 440.627, 440.341, 440.027, 439.684, 439.309, 438.901, 438.458, 437.977, 437.456, 436.892, 436.283, 435.627, 434.919, 434.157, 433.348, 432.488, 431.574, 430.603, 429.572, 428.477, 427.313, 426.076, 424.762, 423.366, 421.883, 420.307, 418.632, 416.854, 414.963, 412.955, 410.822, 408.555, 406.146, 403.587, 400.868, 397.979, 394.91, 391.649, 388.184, 384.502, 380.59, 376.434, 372.018, 367.326, 362.341, 357.044, 351.416, 345.437, 339.083, 332.332, 325.16, 317.539, 309.441, 300.838, 300.074, 300.007, 300.001, 300, 300, 300, 300, 300, 300, 300, 300, 300, 300, 300, 300, 300, 300, 300, 300, 300, 300, 300, 300, 300, 300, 300, 300, 300, 300, 
442.52, 442.52, 442.51, 442.49, 442.458, 442.414, 442.358, 442.289, 442.205, 442.106, 441.991, 441.858, 441.708, 441.538, 441.348, 441.136, 440.901, 440.641, 440.355, 440.041, 439.697, 439.323, 438.914, 438.471, 437.99, 437.469, 436.905, 436.296, 435.639, 434.931, 434.17, 433.36, 432.5, 431.586, 430.616, 429.584, 428.488, 427.324, 426.087, 424.773, 423.377, 421.894, 420.318, 418.643, 416.864, 414.974, 412.965, 410.832, 408.564, 406.156, 403.596, 400.877, 397.988, 394.918, 391.657, 388.191, 384.509, 380.597, 376.441, 372.024, 367.332, 362.346, 357.049, 351.42, 345.44, 339.086, 332.335, 325.162, 317.54, 309.442, 300.838, 300.074, 300.007, 300.001, 300, 300, 300, 300, 300, 300, 300, 300, 300, 300, 300, 300, 300, 300, 300, 300, 300, 300, 300, 300, 300, 300, 300, 300, 300, 300, 
442.533, 442.533, 442.523, 442.503, 442.471, 442.428, 442.372, 442.302, 442.218, 442.119, 442.004, 441.872, 441.721, 441.551, 441.361, 441.149, 440.914, 440.654, 440.368, 440.054, 439.71, 439.336, 438.927, 438.484, 438.003, 437.481, 436.918, 436.309, 435.652, 434.944, 434.182, 433.372, 432.512, 431.598, 430.627, 429.596, 428.5, 427.336, 426.099, 424.784, 423.388, 421.905, 420.328, 418.654, 416.874, 414.984, 412.975, 410.841, 408.574, 406.165, 403.605, 400.886, 397.996, 394.926, 391.664, 388.198, 384.516, 380.604, 376.447, 372.03, 367.337, 362.351, 357.053, 351.424, 345.444, 339.089, 332.337, 325.164, 317.541, 309.443, 300.838, 300.074, 300.007, 300.001, 300, 300, 300, 300, 300, 300, 300, 300, 300, 300, 300, 300, 300, 300, 300, 300, 300, 300, 300, 300, 300, 300, 300, 300, 300, 300, 
442.546, 442.546, 442.537, 442.516, 442.484, 442.441, 442.385, 442.315, 442.231, 442.132, 442.017, 441.885, 441.734, 441.564, 441.374, 441.162, 440.927, 440.667, 440.381, 440.067, 439.723, 439.348, 438.94, 438.496, 438.015, 437.494, 436.93, 436.321, 435.664, 434.956, 434.194, 433.384, 432.524, 431.61, 430.639, 429.607, 428.511, 427.347, 426.11, 424.795, 423.399, 421.915, 420.339, 418.664, 416.884, 414.994, 412.985, 410.851, 408.583, 406.174, 403.614, 400.894, 398.004, 394.934, 391.672, 388.206, 384.523, 380.61, 376.453, 372.036, 367.342, 362.356, 357.058, 351.428, 345.447, 339.092, 332.34, 325.165, 317.543, 309.443, 300.838, 300.074, 300.007, 300.001, 300, 300, 300, 300, 300, 300, 300, 300, 300, 300, 300, 300, 300, 300, 300, 300, 300, 300, 300, 300, 300, 300, 300, 300, 300, 300, 
442.559, 442.559, 442.549, 442.529, 442.497, 442.454, 442.398, 442.328, 442.244, 442.145, 442.03, 441.898, 441.747, 441.577, 441.387, 441.175, 440.939, 440.679, 440.393, 440.079, 439.736, 439.361, 438.953, 438.509, 438.027, 437.506, 436.942, 436.333, 435.676, 434.968, 434.206, 433.396, 432.536, 431.622, 430.651, 429.619, 428.523, 427.358, 426.121, 424.806, 423.41, 421.926, 420.349, 418.674, 416.894, 415.003, 412.994, 410.86, 408.592, 406.182, 403.622, 400.902, 398.012, 394.942, 391.679, 388.213, 384.53, 380.617, 376.459, 372.041, 367.348, 362.361, 357.062, 351.432, 345.45, 339.095, 332.342, 325.167, 317.544, 309.444, 300.838, 300.074, 300.007, 300.001, 300, 300, 300, 300, 300, 300, 300, 300, 300, 300, 300, 300, 300, 300, 300, 300, 300, 300, 300, 300, 300, 300, 300, 300, 300, 300, 
442.572, 442.572, 442.562, 442.542, 442.51, 442.467, 442.41, 442.341, 442.257, 442.158, 442.042, 441.91, 441.76, 441.59, 441.399, 441.187, 440.952, 440.692, 440.406, 440.092, 439.748, 439.373, 438.965, 438.521, 438.04, 437.518, 436.954, 436.345, 435.688, 434.98, 434.217, 433.408, 432.547, 431.633, 430.662, 429.63, 428.534, 427.369, 426.132, 424.817, 423.42, 421.936, 420.359, 418.684, 416.904, 415.013, 413.004, 410.869, 408.601, 406.191, 403.631, 400.91, 398.02, 394.949, 391.686, 388.22, 384.536, 380.623, 376.465, 372.047, 367.353, 362.365, 357.066, 351.436, 345.454, 339.098, 332.344, 325.169, 317.545, 309.445, 300.838, 300.074, 300.007, 300.001, 300, 300, 300, 300, 300, 300, 300, 300, 300, 300, 300, 300, 300, 300, 300, 300, 300, 300, 300, 300, 300, 300, 300, 300, 300, 300, 
442.585, 442.585, 442.575, 442.554, 442.523, 442.479, 442.423, 442.353, 442.269, 442.17, 442.055, 441.923, 441.772, 441.602, 441.412, 441.199, 440.964, 440.704, 440.418, 440.104, 439.76, 439.385, 438.977, 438.533, 438.051, 437.53, 436.966, 436.357, 435.7, 434.991, 434.229, 433.419, 432.558, 431.644, 430.673, 429.641, 428.545, 427.38, 426.142, 424.827, 423.43, 421.946, 420.369, 418.694, 416.914, 415.022, 413.013, 410.878, 408.61, 406.2, 403.639, 400.918, 398.028, 394.957, 391.693, 388.226, 384.543, 380.629, 376.47, 372.052, 367.358, 362.37, 357.07, 351.44, 345.457, 339.1, 332.347, 325.171, 317.546, 309.445, 300.838, 300.074, 300.007, 300.001, 300, 300, 300, 300, 300, 300, 300, 300, 300, 300, 300, 300, 300, 300, 300, 300, 300, 300, 300, 300, 300, 300, 300, 300, 300, 300, 
442.597, 442.597, 442.587, 442.566, 442.535, 442.491, 442.435, 442.365, 442.281, 442.182, 442.067, 441.935, 441.784, 441.614, 441.424, 441.212, 440.976, 440.716, 440.43, 440.116, 439.772, 439.397, 438.989, 438.545, 438.063, 437.542, 436.977, 436.368, 435.711, 435.003, 434.24, 433.43, 432.569, 431.655, 430.684, 429.652, 428.555, 427.39, 426.152, 424.837, 423.44, 421.956, 420.379, 418.703, 416.923, 415.032, 413.022, 410.887, 408.618, 406.208, 403.647, 400.926, 398.035, 394.964, 391.7, 388.233, 384.549, 380.635, 376.476, 372.057, 367.363, 362.374, 357.074, 351.443, 345.46, 339.103, 332.349, 325.172, 317.548, 309.446, 300.838, 300.074, 300.007, 300.001, 300, 300, 300, 300, 300, 300, 300, 300, 300, 300, 300, 300, 300, 300, 300, 300, 300, 300, 300, 300, 300, 300, 300, 300, 300, 300, 
442.609, 442.609, 442.599, 442.578, 442.547, 442.503, 442.447, 442.377, 442.293, 442.194, 442.079, 441.947, 441.796, 441.626, 441.436, 441.223, 440.988, 440.728, 440.441, 440.127, 439.784, 439.409, 439, 438.556, 438.075, 437.553, 436.989, 436.379, 435.722, 435.014, 434.251, 433.441, 432.58, 431.666, 430.694, 429.662, 428.566, 427.4, 426.163, 424.848, 423.45, 421.966, 420.388, 418.713, 416.932, 415.041, 413.031, 410.895, 408.627, 406.216, 403.655, 400.934, 398.043, 394.971, 391.707, 388.24, 384.555, 380.641, 376.482, 372.063, 367.367, 362.379, 357.078, 351.447, 345.463, 339.106, 332.351, 325.174, 317.549, 309.447, 300.838, 300.074, 300.007, 300.001, 300, 300, 300, 300, 300, 300, 300, 300, 300, 300, 300, 300, 300, 300, 300, 300, 300, 300, 300, 300, 300, 300, 300, 300, 300, 300, 
442.621, 442.621, 442.611, 442.59, 442.559, 442.515, 442.459, 442.389, 442.305, 442.206, 442.091, 441.958, 441.808, 441.638, 441.447, 441.235, 440.999, 440.739, 440.453, 440.139, 439.795, 439.42, 439.011, 438.567, 438.086, 437.564, 437, 436.391, 435.733, 435.025, 434.262, 433.452, 432.591, 431.676, 430.705, 429.673, 428.576, 427.411, 426.173, 424.857, 423.46, 421.975, 420.398, 418.722, 416.941, 415.049, 413.039, 410.904, 408.635, 406.224, 403.663, 400.941, 398.05, 394.978, 391.714, 388.246, 384.561, 380.647, 376.487, 372.068, 367.372, 362.383, 357.082, 351.45, 345.466, 339.108, 332.353, 325.176, 317.55, 309.447, 300.838, 300.074, 300.007, 300.001, 300, 300, 300, 300, 300, 300, 300, 300, 300, 300, 300, 300, 300, 300, 300, 300, 300, 300, 300, 300, 300, 300, 300, 300, 300, 300, 
442.632, 442.632, 442.622, 442.602, 442.57, 442.527, 442.47, 442.401, 442.317, 442.217, 442.102, 441.97, 441.819, 441.649, 441.459, 441.246, 441.011, 440.751, 440.464, 440.15, 439.806, 439.431, 439.023, 438.579, 438.097, 437.575, 437.011, 436.401, 435.744, 435.035, 434.273, 433.462, 432.601, 431.687, 430.715, 429.683, 428.586, 427.421, 426.182, 424.867, 423.469, 421.985, 420.407, 418.731, 416.95, 415.058, 413.048, 410.912, 408.643, 406.232, 403.67, 400.949, 398.057, 394.985, 391.721, 388.252, 384.567, 380.652, 376.492, 372.073, 367.377, 362.387, 357.086, 351.454, 345.469, 339.111, 332.355, 325.177, 317.551, 309.448, 300.838, 300.074, 300.007, 300.001, 300, 300, 300, 300, 300, 300, 300, 300, 300, 300, 300, 300, 300, 300, 300, 300, 300, 300, 300, 300, 300, 300, 300, 300, 300, 300, 
442.644, 442.644, 442.634, 442.613, 442.582, 442.538, 442.482, 442.412, 442.328, 442.229, 442.114, 441.981, 441.83, 441.661, 441.47, 441.258, 441.022, 440.762, 440.475, 440.161, 439.817, 439.442, 439.034, 438.589, 438.108, 437.586, 437.022, 436.412, 435.755, 435.046, 434.283, 433.473, 432.612, 431.697, 430.725, 429.693, 428.596, 427.43, 426.192, 424.877, 423.479, 421.994, 420.416, 418.74, 416.959, 415.067, 413.056, 410.92, 408.651, 406.24, 403.678, 400.956, 398.064, 394.992, 391.727, 388.259, 384.573, 380.658, 376.498, 372.078, 367.381, 362.392, 357.09, 351.457, 345.472, 339.114, 332.357, 325.179, 317.552, 309.448, 300.838, 300.074, 300.007, 300.001, 300, 300, 300, 300, 300, 300, 300, 300, 300, 300, 300, 300, 300, 300, 300, 300, 300, 300, 300, 300, 300, 300, 300, 300, 300, 300, 
442.655, 442.655, 442.645, 442.624, 442.593, 442.549, 442.493, 442.423, 442.339, 442.24, 442.125, 441.992, 441.842, 441.672, 441.481, 441.269, 441.033, 440.773, 440.486, 440.172, 439.828, 439.453, 439.044, 438.6, 438.118, 437.597, 437.032, 436.423, 435.765, 435.056, 434.293, 433.483, 432.622, 431.707, 430.735, 429.702, 428.605, 427.44, 426.202, 424.886, 423.488, 422.003, 420.425, 418.749, 416.968, 415.075, 413.065, 410.928, 408.659, 406.247, 403.685, 400.963, 398.071, 394.998, 391.733, 388.265, 384.579, 380.663, 376.503, 372.082, 367.386, 362.396, 357.094, 351.461, 345.475, 339.116, 332.359, 325.181, 317.553, 309.449, 300.838, 300.074, 300.007, 300.001, 300, 300, 300, 300, 300, 300, 300, 300, 300, 300, 300, 300, 300, 300, 300, 300, 300, 300, 300, 300, 300, 300, 300, 300, 300, 300, 
442.666, 442.666, 442.656, 442.635, 442.604, 442.56, 442.504, 442.434, 442.35, 442.251, 442.136, 442.003, 441.852, 441.682, 441.492, 441.279, 441.044, 440.784, 440.497, 440.183, 439.839, 439.464, 439.055, 438.611, 438.129, 437.607, 437.043, 436.433, 435.775, 435.066, 434.303, 433.493, 432.632, 431.717, 430.745, 429.712, 428.615, 427.449, 426.211, 424.895, 423.497, 422.012, 420.434, 418.757, 416.976, 415.083, 413.073, 410.936, 408.666, 406.255, 403.693, 400.97, 398.078, 395.005, 391.74, 388.271, 384.585, 380.669, 376.508, 372.087, 367.39, 362.4, 357.097, 351.464, 345.478, 339.118, 332.361, 325.182, 317.554, 309.45, 300.839, 300.074, 300.007, 300.001, 300, 300, 300, 300, 300, 300, 300, 300, 300, 300, 300, 300, 300, 300, 300, 300, 300, 300, 300, 300, 300, 300, 300, 300, 300, 300, 
442.677, 442.677, 442.667, 442.646, 442.614, 442.571, 442.515, 442.445, 442.361, 442.262, 442.146, 442.014, 441.863, 441.693, 441.502, 441.29, 441.054, 440.794, 440.508, 440.193, 439.849, 439.474, 439.065, 438.621, 438.139, 437.617, 437.053, 436.443, 435.785, 435.076, 434.313, 433.503, 432.641, 431.726, 430.754, 429.722, 428.624, 427.458, 426.22, 424.904, 423.506, 422.021, 420.442, 418.766, 416.984, 415.091, 413.081, 410.944, 408.674, 406.262, 403.7, 400.977, 398.085, 395.011, 391.746, 388.277, 384.59, 380.674, 376.513, 372.092, 367.394, 362.404, 357.101, 351.467, 345.481, 339.121, 332.363, 325.184, 317.555, 309.45, 300.839, 300.074, 300.007, 300.001, 300, 300, 300, 300, 300, 300, 300, 300, 300, 300, 300, 300, 300, 300, 300, 300, 300, 300, 300, 300, 300, 300, 300, 300, 300, 300, 
442.687, 442.687, 442.677, 442.657, 442.625, 442.581, 442.525, 442.455, 442.371, 442.272, 442.157, 442.024, 441.874, 441.704, 441.513, 441.3, 441.065, 440.804, 440.518, 440.204, 439.86, 439.484, 439.075, 438.631, 438.149, 437.627, 437.063, 436.453, 435.795, 435.086, 434.323, 433.512, 432.651, 431.736, 430.764, 429.731, 428.633, 427.468, 426.229, 424.913, 423.515, 422.029, 420.451, 418.774, 416.992, 415.099, 413.088, 410.952, 408.681, 406.269, 403.707, 400.984, 398.091, 395.018, 391.752, 388.282, 384.596, 380.679, 376.518, 372.096, 367.399, 362.408, 357.105, 351.47, 345.484, 339.123, 332.365, 325.185, 317.556, 309.451, 300.839, 300.074, 300.007, 300.001, 300, 300, 300, 300, 300, 300, 300, 300, 300, 300, 300, 300, 300, 300, 300, 300, 300, 300, 300, 300, 300, 300, 300, 300, 300, 300, 
442.697, 442.697, 442.688, 442.667, 442.635, 442.592, 442.535, 442.466, 442.382, 442.282, 442.167, 442.035, 441.884, 441.714, 441.523, 441.311, 441.075, 440.815, 440.528, 440.214, 439.87, 439.494, 439.085, 438.641, 438.159, 437.637, 437.072, 436.463, 435.805, 435.096, 434.333, 433.522, 432.66, 431.745, 430.773, 429.74, 428.642, 427.476, 426.238, 424.921, 423.523, 422.037, 420.459, 418.782, 417, 415.107, 413.096, 410.959, 408.689, 406.276, 403.714, 400.991, 398.097, 395.024, 391.758, 388.288, 384.601, 380.684, 376.523, 372.101, 367.403, 362.411, 357.108, 351.473, 345.486, 339.126, 332.367, 325.187, 317.557, 309.451, 300.839, 300.074, 300.007, 300.001, 300, 300, 300, 300, 300, 300, 300, 300, 300, 300, 300, 300, 300, 300, 300, 300, 300, 300, 300, 300, 300, 300, 300, 300, 300, 300, 
442.708, 442.708, 442.698, 442.677, 442.646, 442.602, 442.546, 442.476, 442.392, 442.293, 442.177, 442.045, 441.894, 441.724, 441.533, 441.321, 441.085, 440.825, 440.538, 440.224, 439.88, 439.504, 439.095, 438.651, 438.169, 437.647, 437.082, 436.472, 435.814, 435.105, 434.342, 433.531, 432.67, 431.754, 430.782, 429.749, 428.651, 427.485, 426.246, 424.93, 423.532, 422.046, 420.467, 418.79, 417.008, 415.115, 413.103, 410.966, 408.696, 406.283, 403.72, 400.997, 398.104, 395.03, 391.764, 388.294, 384.607, 380.689, 376.527, 372.105, 367.407, 362.415, 357.111, 351.476, 345.489, 339.128, 332.369, 325.188, 317.558, 309.452, 300.839, 300.074, 300.007, 300.001, 300, 300, 300, 300, 300, 300, 300, 300, 300, 300, 300, 300, 300, 300, 300, 300, 300, 300, 300, 300, 300, 300, 300, 300, 300, 300, 
442.718, 442.718, 442.708, 442.687, 442.656, 442.612, 442.556, 442.486, 442.402, 442.303, 442.187, 442.055, 441.904, 441.734, 441.543, 441.331, 441.095, 440.834, 440.548, 440.233, 439.889, 439.514, 439.105, 438.66, 438.178, 437.656, 437.092, 436.482, 435.824, 435.114, 434.351, 433.54, 432.679, 431.763, 430.791, 429.758, 428.66, 427.494, 426.255, 424.938, 423.54, 422.054, 420.475, 418.798, 417.016, 415.122, 413.111, 410.974, 408.703, 406.29, 403.727, 401.004, 398.11, 395.036, 391.769, 388.299, 384.612, 380.694, 376.532, 372.11, 367.411, 362.419, 357.115, 351.479, 345.492, 339.13, 332.371, 325.189, 317.559, 309.452, 300.839, 300.074, 300.007, 300.001, 300, 300, 300, 300, 300, 300, 300, 300, 300, 300, 300, 300, 300, 300, 300, 300, 300, 300, 300, 300, 300, 300, 300, 300, 300, 300, 
442.728, 442.728, 442.718, 442.697, 442.665, 442.622, 442.565, 442.496, 442.412, 442.312, 442.197, 442.064, 441.914, 441.744, 441.553, 441.34, 441.105, 440.844, 440.557, 440.243, 439.899, 439.523, 439.114, 438.67, 438.188, 437.666, 437.101, 436.491, 435.833, 435.124, 434.36, 433.549, 432.688, 431.772, 430.8, 429.766, 428.669, 427.502, 426.263, 424.947, 423.548, 422.062, 420.483, 418.806, 417.023, 415.13, 413.118, 410.981, 408.71, 406.297, 403.733, 401.01, 398.116, 395.042, 391.775, 388.304, 384.617, 380.699, 376.536, 372.114, 367.415, 362.422, 357.118, 351.482, 345.494, 339.132, 332.373, 325.191, 317.56, 309.453, 300.839, 300.074, 300.007, 300.001, 300, 300, 300, 300, 300, 300, 300, 300, 300, 300, 300, 300, 300, 300, 300, 300, 300, 300, 300, 300, 300, 300, 300, 300, 300, 300, 
442.737, 442.737, 442.727, 442.707, 442.675, 442.631, 442.575, 442.505, 442.421, 442.322, 442.207, 442.074, 441.923, 441.753, 441.562, 441.35, 441.114, 440.854, 440.567, 440.252, 439.908, 439.533, 439.124, 438.679, 438.197, 437.675, 437.11, 436.5, 435.842, 435.132, 434.369, 433.558, 432.696, 431.781, 430.808, 429.775, 428.677, 427.51, 426.271, 424.955, 423.556, 422.07, 420.491, 418.813, 417.031, 415.137, 413.125, 410.988, 408.716, 406.303, 403.74, 401.016, 398.122, 395.047, 391.78, 388.31, 384.622, 380.704, 376.541, 372.118, 367.419, 362.426, 357.121, 351.485, 345.497, 339.134, 332.374, 325.192, 317.561, 309.453, 300.839, 300.074, 300.007, 300.001, 300, 300, 300, 300, 300, 300, 300, 300, 300, 300, 300, 300, 300, 300, 300, 300, 300, 300, 300, 300, 300, 300, 300, 300, 300, 300, 
442.747, 442.747, 442.737, 442.716, 442.684, 442.641, 442.585, 442.515, 442.431, 442.331, 442.216, 442.083, 441.933, 441.762, 441.572, 441.359, 441.123, 440.863, 440.576, 440.262, 439.917, 439.542, 439.133, 438.688, 438.206, 437.684, 437.119, 436.509, 435.851, 435.141, 434.378, 433.567, 432.705, 431.789, 430.817, 429.783, 428.685, 427.519, 426.279, 424.963, 423.564, 422.077, 420.498, 418.82, 417.038, 415.144, 413.132, 410.994, 408.723, 406.31, 403.746, 401.022, 398.128, 395.053, 391.786, 388.315, 384.627, 380.708, 376.545, 372.122, 367.423, 362.429, 357.124, 351.488, 345.499, 339.136, 332.376, 325.193, 317.562, 309.454, 300.839, 300.074, 300.007, 300.001, 300, 300, 300, 300, 300, 300, 300, 300, 300, 300, 300, 300, 300, 300, 300, 300, 300, 300, 300, 300, 300, 300, 300, 300, 300, 300, 
442.756, 442.756, 442.746, 442.726, 442.694, 442.65, 442.594, 442.524, 442.44, 442.341, 442.225, 442.093, 441.942, 441.772, 441.581, 441.368, 441.132, 440.872, 440.585, 440.271, 439.926, 439.551, 439.142, 438.697, 438.215, 437.693, 437.128, 436.517, 435.859, 435.15, 434.386, 433.575, 432.713, 431.798, 430.825, 429.791, 428.693, 427.527, 426.287, 424.97, 423.571, 422.085, 420.506, 418.828, 417.045, 415.151, 413.139, 411.001, 408.73, 406.316, 403.752, 401.028, 398.134, 395.058, 391.791, 388.32, 384.632, 380.713, 376.55, 372.126, 367.426, 362.433, 357.127, 351.491, 345.502, 339.138, 332.378, 325.195, 317.563, 309.454, 300.839, 300.074, 300.007, 300.001, 300, 300, 300, 300, 300, 300, 300, 300, 300, 300, 300, 300, 300, 300, 300, 300, 300, 300, 300, 300, 300, 300, 300, 300, 300, 300, 
442.765, 442.765, 442.755, 442.735, 442.703, 442.659, 442.603, 442.533, 442.449, 442.35, 442.234, 442.102, 441.951, 441.781, 441.59, 441.377, 441.141, 440.881, 440.594, 440.279, 439.935, 439.56, 439.151, 438.706, 438.224, 437.701, 437.136, 436.526, 435.868, 435.158, 434.395, 433.583, 432.721, 431.806, 430.833, 429.799, 428.701, 427.534, 426.295, 424.978, 423.579, 422.092, 420.513, 418.835, 417.052, 415.158, 413.146, 411.008, 408.736, 406.322, 403.758, 401.034, 398.139, 395.064, 391.796, 388.325, 384.636, 380.717, 376.554, 372.13, 367.43, 362.436, 357.131, 351.493, 345.504, 339.14, 332.379, 325.196, 317.564, 309.455, 300.839, 300.074, 300.007, 300.001, 300, 300, 300, 300, 300, 300, 300, 300, 300, 300, 300, 300, 300, 300, 300, 300, 300, 300, 300, 300, 300, 300, 300, 300, 300, 300, 
442.774, 442.774, 442.764, 442.744, 442.712, 442.668, 442.612, 442.542, 442.458, 442.359, 442.243, 442.111, 441.96, 441.79, 441.599, 441.386, 441.15, 440.89, 440.603, 440.288, 439.944, 439.568, 439.159, 438.715, 438.232, 437.71, 437.145, 436.534, 435.876, 435.167, 434.403, 433.592, 432.73, 431.814, 430.841, 429.807, 428.709, 427.542, 426.302, 424.985, 423.586, 422.1, 420.52, 418.842, 417.059, 415.165, 413.152, 411.014, 408.742, 406.329, 403.764, 401.04, 398.145, 395.069, 391.801, 388.33, 384.641, 380.722, 376.558, 372.134, 367.434, 362.44, 357.133, 351.496, 345.506, 339.142, 332.381, 325.197, 317.565, 309.455, 300.839, 300.074, 300.007, 300.001, 300, 300, 300, 300, 300, 300, 300, 300, 300, 300, 300, 300, 300, 300, 300, 300, 300, 300, 300, 300, 300, 300, 300, 300, 300, 300, 
442.783, 442.783, 442.773, 442.752, 442.721, 442.677, 442.621, 442.551, 442.467, 442.367, 442.252, 442.119, 441.969, 441.798, 441.607, 441.395, 441.159, 440.898, 440.611, 440.297, 439.953, 439.577, 439.168, 438.723, 438.241, 437.718, 437.153, 436.543, 435.884, 435.175, 434.411, 433.6, 432.738, 431.822, 430.849, 429.815, 428.717, 427.55, 426.31, 424.993, 423.593, 422.107, 420.527, 418.849, 417.066, 415.171, 413.159, 411.02, 408.748, 406.335, 403.77, 401.045, 398.15, 395.074, 391.807, 388.334, 384.646, 380.726, 376.562, 372.138, 367.437, 362.443, 357.136, 351.499, 345.509, 339.144, 332.383, 325.198, 317.565, 309.456, 300.839, 300.074, 300.007, 300.001, 300, 300, 300, 300, 300, 300, 300, 300, 300, 300, 300, 300, 300, 300, 300, 300, 300, 300, 300, 300, 300, 300, 300, 300, 300, 300, 
442.792, 442.792, 442.782, 442.761, 442.729, 442.686, 442.629, 442.559, 442.475, 442.376, 442.261, 442.128, 441.977, 441.807, 441.616, 441.403, 441.167, 440.907, 440.62, 440.305, 439.961, 439.585, 439.176, 438.731, 438.249, 437.726, 437.161, 436.551, 435.892, 435.183, 434.419, 433.607, 432.745, 431.829, 430.856, 429.822, 428.724, 427.557, 426.317, 425, 423.601, 422.114, 420.534, 418.856, 417.072, 415.178, 413.165, 411.027, 408.754, 406.34, 403.776, 401.051, 398.156, 395.08, 391.811, 388.339, 384.65, 380.73, 376.566, 372.141, 367.441, 362.446, 357.139, 351.501, 345.511, 339.146, 332.384, 325.2, 317.566, 309.456, 300.839, 300.074, 300.007, 300.001, 300, 300, 300, 300, 300, 300, 300, 300, 300, 300, 300, 300, 300, 300, 300, 300, 300, 300, 300, 300, 300, 300, 300, 300, 300, 300, 
442.8, 442.8, 442.79, 442.77, 442.738, 442.694, 442.638, 442.568, 442.484, 442.385, 442.269, 442.136, 441.985, 441.815, 441.624, 441.412, 441.176, 440.915, 440.628, 440.314, 439.969, 439.593, 439.184, 438.739, 438.257, 437.734, 437.169, 436.559, 435.9, 435.191, 434.427, 433.615, 432.753, 431.837, 430.864, 429.83, 428.731, 427.564, 426.324, 425.007, 423.607, 422.121, 420.541, 418.862, 417.079, 415.184, 413.171, 411.033, 408.76, 406.346, 403.781, 401.056, 398.161, 395.085, 391.816, 388.344, 384.654, 380.735, 376.57, 372.145, 367.444, 362.449, 357.142, 351.504, 345.513, 339.148, 332.386, 325.201, 317.567, 309.456, 300.839, 300.074, 300.007, 300.001, 300, 300, 300, 300, 300, 300, 300, 300, 300, 300, 300, 300, 300, 300, 300, 300, 300, 300, 300, 300, 300, 300, 300, 300, 300, 300, 
442.808, 442.808, 442.798, 442.778, 442.746, 442.702, 442.646, 442.576, 442.492, 442.393, 442.277, 442.145, 441.994, 441.823, 441.633, 441.42, 441.184, 440.923, 440.636, 440.322, 439.977, 439.601, 439.192, 438.747, 438.265, 437.742, 437.177, 436.567, 435.908, 435.198, 434.434, 433.623, 432.761, 431.844, 430.871, 429.837, 428.739, 427.571, 426.331, 425.014, 423.614, 422.127, 420.547, 418.869, 417.085, 415.191, 413.177, 411.039, 408.766, 406.352, 403.787, 401.061, 398.166, 395.09, 391.821, 388.348, 384.659, 380.739, 376.574, 372.149, 367.447, 362.452, 357.145, 351.506, 345.515, 339.15, 332.387, 325.202, 317.568, 309.457, 300.839, 300.074, 300.007, 300.001, 300, 300, 300, 300, 300, 300, 300, 300, 300, 300, 300, 300, 300, 300, 300, 300, 300, 300, 300, 300, 300, 300, 300, 300, 300, 300, 
442.817, 442.817, 442.807, 442.786, 442.754, 442.711, 442.654, 442.584, 442.5, 442.401, 442.285, 442.153, 442.002, 441.832, 441.641, 441.428, 441.192, 440.931, 440.644, 440.33, 439.985, 439.609, 439.2, 438.755, 438.273, 437.75, 437.185, 436.574, 435.916, 435.206, 434.442, 433.63, 432.768, 431.852, 430.878, 429.844, 428.746, 427.578, 426.338, 425.021, 423.621, 422.134, 420.554, 418.875, 417.092, 415.197, 413.183, 411.044, 408.772, 406.357, 403.792, 401.067, 398.171, 395.094, 391.826, 388.353, 384.663, 380.743, 376.578, 372.152, 367.451, 362.455, 357.148, 351.509, 345.517, 339.152, 332.389, 325.203, 317.569, 309.457, 300.839, 300.074, 300.007, 300.001, 300, 300, 300, 300, 300, 300, 300, 300, 300, 300, 300, 300, 300, 300, 300, 300, 300, 300, 300, 300, 300, 300, 300, 300, 300, 300, 
442.825, 442.825, 442.815, 442.794, 442.762, 442.719, 442.662, 442.592, 442.508, 442.409, 442.293, 442.161, 442.01, 441.84, 441.649, 441.436, 441.2, 440.939, 440.652, 440.337, 439.993, 439.617, 439.208, 438.763, 438.28, 437.758, 437.192, 436.582, 435.923, 435.213, 434.449, 433.638, 432.775, 431.859, 430.886, 429.851, 428.753, 427.585, 426.345, 425.028, 423.628, 422.14, 420.56, 418.881, 417.098, 415.203, 413.189, 411.05, 408.778, 406.363, 403.797, 401.072, 398.176, 395.099, 391.83, 388.357, 384.667, 380.747, 376.581, 372.156, 367.454, 362.458, 357.15, 351.511, 345.519, 339.154, 332.39, 325.204, 317.569, 309.458, 300.839, 300.074, 300.007, 300.001, 300, 300, 300, 300, 300, 300, 300, 300, 300, 300, 300, 300, 300, 300, 300, 300, 300, 300, 300, 300, 300, 300, 300, 300, 300, 300, 
442.832, 442.832, 442.823, 442.802, 442.77, 442.727, 442.67, 442.6, 442.516, 442.417, 442.301, 442.169, 442.018, 441.847, 441.656, 441.444, 441.208, 440.947, 440.66, 440.345, 440.001, 439.625, 439.215, 438.77, 438.288, 437.765, 437.2, 436.589, 435.93, 435.221, 434.457, 433.645, 432.782, 431.866, 430.893, 429.858, 428.76, 427.592, 426.352, 425.034, 423.634, 422.147, 420.567, 418.888, 417.104, 415.209, 413.195, 411.056, 408.783, 406.368, 403.803, 401.077, 398.181, 395.104, 391.835, 388.361, 384.671, 380.751, 376.585, 372.159, 367.457, 362.461, 357.153, 351.513, 345.522, 339.155, 332.392, 325.205, 317.57, 309.458, 300.839, 300.074, 300.007, 300.001, 300, 300, 300, 300, 300, 300, 300, 300, 300, 300, 300, 300, 300, 300, 300, 300, 300, 300, 300, 300, 300, 300, 300, 300, 300, 300, 
442.84, 442.84, 442.83, 442.81, 442.778, 442.734, 442.678, 442.608, 442.524, 442.425, 442.309, 442.176, 442.025, 441.855, 441.664, 441.451, 441.215, 440.954, 440.668, 440.353, 440.008, 439.632, 439.223, 438.778, 438.295, 437.772, 437.207, 436.596, 435.938, 435.228, 434.464, 433.652, 432.789, 431.873, 430.899, 429.865, 428.766, 427.599, 426.358, 425.041, 423.641, 422.153, 420.573, 418.894, 417.11, 415.214, 413.201, 411.061, 408.788, 406.374, 403.808, 401.082, 398.186, 395.108, 391.839, 388.366, 384.675, 380.754, 376.589, 372.162, 367.46, 362.464, 357.156, 351.516, 345.524, 339.157, 332.393, 325.206, 317.571, 309.458, 300.839, 300.074, 300.007, 300.001, 300, 300, 300, 300, 300, 300, 300, 300, 300, 300, 300, 300, 300, 300, 300, 300, 300, 300, 300, 300, 300, 300, 300, 300, 300, 300, 
442.848, 442.848, 442.838, 442.817, 442.786, 442.742, 442.686, 442.616, 442.531, 442.432, 442.317, 442.184, 442.033, 441.863, 441.672, 441.459, 441.223, 440.962, 440.675, 440.36, 440.016, 439.64, 439.23, 438.785, 438.302, 437.78, 437.214, 436.604, 435.945, 435.235, 434.471, 433.659, 432.796, 431.88, 430.906, 429.872, 428.773, 427.605, 426.365, 425.047, 423.647, 422.159, 420.579, 418.9, 417.116, 415.22, 413.206, 411.067, 408.794, 406.379, 403.813, 401.087, 398.19, 395.113, 391.844, 388.37, 384.679, 380.758, 376.592, 372.166, 367.463, 362.467, 357.158, 351.518, 345.526, 339.159, 332.394, 325.208, 317.572, 309.459, 300.839, 300.074, 300.007, 300.001, 300, 300, 300, 300, 300, 300, 300, 300, 300, 300, 300, 300, 300, 300, 300, 300, 300, 300, 300, 300, 300, 300, 300, 300, 300, 300, 
442.855, 442.855, 442.845, 442.825, 442.793, 442.749, 442.693, 442.623, 442.539, 442.44, 442.324, 442.191, 442.04, 441.87, 441.679, 441.466, 441.23, 440.969, 440.682, 440.367, 440.023, 439.647, 439.237, 438.792, 438.31, 437.787, 437.221, 436.611, 435.952, 435.242, 434.478, 433.666, 432.803, 431.886, 430.913, 429.878, 428.779, 427.612, 426.371, 425.053, 423.653, 422.165, 420.585, 418.905, 417.121, 415.226, 413.212, 411.072, 408.799, 406.384, 403.818, 401.091, 398.195, 395.117, 391.848, 388.374, 384.683, 380.762, 376.595, 372.169, 367.466, 362.469, 357.161, 351.52, 345.527, 339.16, 332.396, 325.209, 317.572, 309.459, 300.839, 300.074, 300.007, 300.001, 300, 300, 300, 300, 300, 300, 300, 300, 300, 300, 300, 300, 300, 300, 300, 300, 300, 300, 300, 300, 300, 300, 300, 300, 300, 300, 
442.863, 442.863, 442.853, 442.832, 442.8, 442.757, 442.7, 442.63, 442.546, 442.447, 442.331, 442.199, 442.048, 441.877, 441.686, 441.473, 441.237, 440.976, 440.689, 440.374, 440.03, 439.654, 439.244, 438.799, 438.317, 437.794, 437.228, 436.617, 435.959, 435.249, 434.484, 433.672, 432.81, 431.893, 430.919, 429.885, 428.786, 427.618, 426.377, 425.059, 423.659, 422.171, 420.591, 418.911, 417.127, 415.231, 413.217, 411.078, 408.804, 406.389, 403.823, 401.096, 398.199, 395.122, 391.852, 388.378, 384.687, 380.765, 376.599, 372.172, 367.469, 362.472, 357.163, 351.522, 345.529, 339.162, 332.397, 325.21, 317.573, 309.46, 300.839, 300.074, 300.007, 300.001, 300, 300, 300, 300, 300, 300, 300, 300, 300, 300, 300, 300, 300, 300, 300, 300, 300, 300, 300, 300, 300, 300, 300, 300, 300, 300, 
442.87, 442.87, 442.86, 442.839, 442.808, 442.764, 442.707, 442.638, 442.553, 442.454, 442.338, 442.206, 442.055, 441.884, 441.693, 441.48, 441.244, 440.984, 440.696, 440.381, 440.037, 439.661, 439.251, 438.806, 438.323, 437.801, 437.235, 436.624, 435.965, 435.255, 434.491, 433.679, 432.816, 431.899, 430.926, 429.891, 428.792, 427.624, 426.383, 425.065, 423.665, 422.177, 420.596, 418.917, 417.132, 415.237, 413.223, 411.083, 408.809, 406.394, 403.827, 401.101, 398.204, 395.126, 391.856, 388.382, 384.691, 380.769, 376.602, 372.175, 367.472, 362.475, 357.165, 351.524, 345.531, 339.164, 332.398, 325.211, 317.574, 309.46, 300.839, 300.074, 300.007, 300.001, 300, 300, 300, 300, 300, 300, 300, 300, 300, 300, 300, 300, 300, 300, 300, 300, 300, 300, 300, 300, 300, 300, 300, 300, 300, 300, 
442.877, 442.877, 442.867, 442.846, 442.815, 442.771, 442.715, 442.645, 442.56, 442.461, 442.345, 442.213, 442.062, 441.891, 441.7, 441.487, 441.251, 440.99, 440.703, 440.388, 440.044, 439.668, 439.258, 438.813, 438.33, 437.807, 437.242, 436.631, 435.972, 435.262, 434.497, 433.685, 432.822, 431.906, 430.932, 429.897, 428.798, 427.63, 426.389, 425.071, 423.671, 422.183, 420.602, 418.922, 417.138, 415.242, 413.228, 411.088, 408.814, 406.399, 403.832, 401.105, 398.208, 395.13, 391.86, 388.386, 384.694, 380.772, 376.605, 372.178, 367.475, 362.477, 357.168, 351.527, 345.533, 339.165, 332.4, 325.212, 317.574, 309.46, 300.839, 300.074, 300.007, 300.001, 300, 300, 300, 300, 300, 300, 300, 300, 300, 300, 300, 300, 300, 300, 300, 300, 300, 300, 300, 300, 300, 300, 300, 300, 300, 300, 
442.884, 442.884, 442.874, 442.853, 442.822, 442.778, 442.721, 442.652, 442.567, 442.468, 442.352, 442.22, 442.069, 441.898, 441.707, 441.494, 441.258, 440.997, 440.71, 440.395, 440.05, 439.674, 439.265, 438.82, 438.337, 437.814, 437.248, 436.637, 435.978, 435.268, 434.504, 433.692, 432.829, 431.912, 430.938, 429.903, 428.804, 427.636, 426.395, 425.077, 423.676, 422.188, 420.607, 418.928, 417.143, 415.247, 413.233, 411.093, 408.819, 406.403, 403.837, 401.11, 398.213, 395.134, 391.864, 388.389, 384.698, 380.776, 376.609, 372.181, 367.477, 362.48, 357.17, 351.529, 345.535, 339.167, 332.401, 325.213, 317.575, 309.461, 300.839, 300.074, 300.007, 300.001, 300, 300, 300, 300, 300, 300, 300, 300, 300, 300, 300, 300, 300, 300, 300, 300, 300, 300, 300, 300, 300, 300, 300, 300, 300, 300, 
442.891, 442.891, 442.881, 442.86, 442.828, 442.785, 442.728, 442.658, 442.574, 442.475, 442.359, 442.226, 442.075, 441.905, 441.714, 441.501, 441.265, 441.004, 440.717, 440.402, 440.057, 439.681, 439.271, 438.826, 438.343, 437.82, 437.255, 436.644, 435.985, 435.274, 434.51, 433.698, 432.835, 431.918, 430.944, 429.909, 428.81, 427.642, 426.401, 425.083, 423.682, 422.194, 420.613, 418.933, 417.148, 415.252, 413.238, 411.098, 408.824, 406.408, 403.841, 401.114, 398.217, 395.138, 391.868, 388.393, 384.701, 380.779, 376.612, 372.184, 367.48, 362.482, 357.172, 351.531, 345.537, 339.168, 332.402, 325.214, 317.576, 309.461, 300.84, 300.074, 300.007, 300.001, 300, 300, 300, 300, 300, 300, 300, 300, 300, 300, 300, 300, 300, 300, 300, 300, 300, 300, 300, 300, 300, 300, 300, 300, 300, 300, 
442.897, 442.897, 442.887, 442.867, 442.835, 442.791, 442.735, 442.665, 442.581, 442.481, 442.366, 442.233, 442.082, 441.912, 441.72, 441.508, 441.271, 441.01, 440.723, 440.408, 440.064, 439.687, 439.278, 438.833, 438.35, 437.827, 437.261, 436.65, 435.991, 435.281, 434.516, 433.704, 432.841, 431.924, 430.95, 429.915, 428.816, 427.648, 426.407, 425.088, 423.688, 422.199, 420.618, 418.938, 417.154, 415.257, 413.243, 411.102, 408.828, 406.412, 403.846, 401.118, 398.221, 395.142, 391.872, 388.397, 384.705, 380.782, 376.615, 372.187, 367.483, 362.485, 357.175, 351.533, 345.538, 339.17, 332.403, 325.214, 317.576, 309.461, 300.84, 300.074, 300.007, 300.001, 300, 300, 300, 300, 300, 300, 300, 300, 300, 300, 300, 300, 300, 300, 300, 300, 300, 300, 300, 300, 300, 300, 300, 300, 300, 300, 
442.904, 442.904, 442.894, 442.873, 442.842, 442.798, 442.742, 442.672, 442.587, 442.488, 442.372, 442.24, 442.088, 441.918, 441.727, 441.514, 441.278, 441.017, 440.73, 440.415, 440.07, 439.694, 439.284, 438.839, 438.356, 437.833, 437.267, 436.656, 435.997, 435.287, 434.522, 433.71, 432.847, 431.93, 430.956, 429.921, 428.822, 427.653, 426.412, 425.094, 423.693, 422.205, 420.623, 418.943, 417.159, 415.262, 413.248, 411.107, 408.833, 406.417, 403.85, 401.123, 398.225, 395.146, 391.876, 388.4, 384.708, 380.786, 376.618, 372.19, 367.485, 362.487, 357.177, 351.535, 345.54, 339.171, 332.405, 325.215, 317.577, 309.462, 300.84, 300.074, 300.007, 300.001, 300, 300, 300, 300, 300, 300, 300, 300, 300, 300, 300, 300, 300, 300, 300, 300, 300, 300, 300, 300, 300, 300, 300, 300, 300, 300, 
442.91, 442.91, 442.9, 442.88, 442.848, 442.804, 442.748, 442.678, 442.594, 442.494, 442.379, 442.246, 442.095, 441.924, 441.733, 441.52, 441.284, 441.023, 440.736, 440.421, 440.076, 439.7, 439.29, 438.845, 438.362, 437.839, 437.273, 436.662, 436.003, 435.293, 434.528, 433.716, 432.853, 431.936, 430.962, 429.927, 428.827, 427.659, 426.418, 425.099, 423.698, 422.21, 420.629, 418.949, 417.164, 415.267, 413.252, 411.112, 408.838, 406.421, 403.854, 401.127, 398.229, 395.15, 391.879, 388.404, 384.712, 380.789, 376.621, 372.193, 367.488, 362.49, 357.179, 351.537, 345.542, 339.173, 332.406, 325.216, 317.578, 309.462, 300.84, 300.074, 300.007, 300.001, 300, 300, 300, 300, 300, 300, 300, 300, 300, 300, 300, 300, 300, 300, 300, 300, 300, 300, 300, 300, 300, 300, 300, 300, 300, 300, 
442.917, 442.917, 442.907, 442.886, 442.854, 442.811, 442.754, 442.684, 442.6, 442.501, 442.385, 442.252, 442.101, 441.931, 441.74, 441.527, 441.29, 441.029, 440.742, 440.427, 440.082, 439.706, 439.296, 438.851, 438.368, 437.845, 437.279, 436.668, 436.009, 435.299, 434.534, 433.722, 432.858, 431.941, 430.967, 429.932, 428.833, 427.664, 426.423, 425.104, 423.703, 422.215, 420.634, 418.953, 417.168, 415.272, 413.257, 411.116, 408.842, 406.426, 403.858, 401.131, 398.233, 395.154, 391.883, 388.407, 384.715, 380.792, 376.624, 372.195, 367.491, 362.492, 357.181, 351.538, 345.543, 339.174, 332.407, 325.217, 317.578, 309.462, 300.84, 300.075, 300.007, 300.001, 300, 300, 300, 300, 300, 300, 300, 300, 300, 300, 300, 300, 300, 300, 300, 300, 300, 300, 300, 300, 300, 300, 300, 300, 300, 300, 
442.923, 442.923, 442.913, 442.892, 442.861, 442.817, 442.76, 442.691, 442.606, 442.507, 442.391, 442.258, 442.107, 441.937, 441.746, 441.533, 441.297, 441.036, 440.748, 440.433, 440.088, 439.712, 439.302, 438.857, 438.374, 437.851, 437.285, 436.674, 436.015, 435.304, 434.54, 433.727, 432.864, 431.947, 430.973, 429.938, 428.838, 427.67, 426.428, 425.11, 423.709, 422.22, 420.639, 418.958, 417.173, 415.277, 413.262, 411.121, 408.846, 406.43, 403.862, 401.135, 398.237, 395.158, 391.886, 388.411, 384.718, 380.795, 376.627, 372.198, 367.493, 362.494, 357.183, 351.54, 345.545, 339.175, 332.408, 325.218, 317.579, 309.463, 300.84, 300.075, 300.007, 300.001, 300, 300, 300, 300, 300, 300, 300, 300, 300, 300, 300, 300, 300, 300, 300, 300, 300, 300, 300, 300, 300, 300, 300, 300, 300, 300, 
442.929, 442.929, 442.919, 442.899, 442.867, 442.823, 442.767, 442.697, 442.612, 442.513, 442.397, 442.264, 442.113, 441.943, 441.752, 441.539, 441.303, 441.042, 440.754, 440.439, 440.094, 439.718, 439.308, 438.863, 438.38, 437.857, 437.291, 436.68, 436.02, 435.31, 434.545, 433.733, 432.87, 431.952, 430.978, 429.943, 428.843, 427.675, 426.434, 425.115, 423.714, 422.225, 420.643, 418.963, 417.178, 415.281, 413.266, 411.125, 408.851, 406.434, 403.866, 401.139, 398.24, 395.161, 391.89, 388.414, 384.721, 380.798, 376.63, 372.201, 367.496, 362.496, 357.185, 351.542, 345.547, 339.177, 332.409, 325.219, 317.58, 309.463, 300.84, 300.075, 300.007, 300.001, 300, 300, 300, 300, 300, 300, 300, 300, 300, 300, 300, 300, 300, 300, 300, 300, 300, 300, 300, 300, 300, 300, 300, 300, 300, 300, 
442.935, 442.935, 442.925, 442.905, 442.873, 442.829, 442.773, 442.703, 442.618, 442.519, 442.403, 442.27, 442.119, 441.949, 441.758, 441.545, 441.308, 441.047, 440.76, 440.445, 440.1, 439.724, 439.314, 438.869, 438.386, 437.862, 437.297, 436.685, 436.026, 435.316, 434.551, 433.738, 432.875, 431.958, 430.983, 429.948, 428.848, 427.68, 426.439, 425.12, 423.719, 422.23, 420.648, 418.968, 417.183, 415.286, 413.271, 411.13, 408.855, 406.438, 403.87, 401.142, 398.244, 395.165, 391.893, 388.417, 384.724, 380.801, 376.632, 372.203, 367.498, 362.499, 357.187, 351.544, 345.548, 339.178, 332.41, 325.22, 317.58, 309.463, 300.84, 300.075, 300.007, 300.001, 300, 300, 300, 300, 300, 300, 300, 300, 300, 300, 300, 300, 300, 300, 300, 300, 300, 300, 300, 300, 300, 300, 300, 300, 300, 300, 
442.941, 442.941, 442.931, 442.91, 442.879, 442.835, 442.778, 442.709, 442.624, 442.525, 442.409, 442.276, 442.125, 441.955, 441.764, 441.55, 441.314, 441.053, 440.766, 440.451, 440.106, 439.73, 439.32, 438.874, 438.391, 437.868, 437.302, 436.691, 436.031, 435.321, 434.556, 433.744, 432.88, 431.963, 430.989, 429.953, 428.854, 427.685, 426.444, 425.125, 423.723, 422.235, 420.653, 418.972, 417.187, 415.29, 413.275, 411.134, 408.859, 406.442, 403.874, 401.146, 398.248, 395.168, 391.897, 388.421, 384.727, 380.804, 376.635, 372.206, 367.5, 362.501, 357.189, 351.546, 345.55, 339.179, 332.411, 325.221, 317.581, 309.464, 300.84, 300.075, 300.007, 300.001, 300, 300, 300, 300, 300, 300, 300, 300, 300, 300, 300, 300, 300, 300, 300, 300, 300, 300, 300, 300, 300, 300, 300, 300, 300, 300, 
442.947, 442.947, 442.937, 442.916, 442.884, 442.841, 442.784, 442.714, 442.63, 442.531, 442.415, 442.282, 442.131, 441.96, 441.769, 441.556, 441.32, 441.059, 440.772, 440.456, 440.111, 439.735, 439.325, 438.88, 438.397, 437.873, 437.308, 436.696, 436.037, 435.326, 434.561, 433.749, 432.885, 431.968, 430.994, 429.959, 428.859, 427.69, 426.449, 425.13, 423.728, 422.239, 420.657, 418.977, 417.191, 415.295, 413.279, 411.138, 408.863, 406.446, 403.878, 401.15, 398.251, 395.172, 391.9, 388.424, 384.73, 380.807, 376.638, 372.208, 367.503, 362.503, 357.191, 351.547, 345.551, 339.181, 332.412, 325.221, 317.581, 309.464, 300.84, 300.075, 300.007, 300.001, 300, 300, 300, 300, 300, 300, 300, 300, 300, 300, 300, 300, 300, 300, 300, 300, 300, 300, 300, 300, 300, 300, 300, 300, 300, 300, 
442.952, 442.952, 442.942, 442.922, 442.89, 442.846, 442.79, 442.72, 442.636, 442.536, 442.42, 442.288, 442.136, 441.966, 441.775, 441.562, 441.325, 441.064, 440.777, 440.462, 440.117, 439.741, 439.331, 438.885, 438.402, 437.879, 437.313, 436.702, 436.042, 435.332, 434.567, 433.754, 432.891, 431.973, 430.999, 429.963, 428.864, 427.695, 426.453, 425.134, 423.733, 422.244, 420.662, 418.981, 417.196, 415.299, 413.283, 411.142, 408.867, 406.45, 403.882, 401.154, 398.255, 395.175, 391.903, 388.427, 384.733, 380.809, 376.64, 372.211, 367.505, 362.505, 357.193, 351.549, 345.553, 339.182, 332.413, 325.222, 317.582, 309.464, 300.84, 300.075, 300.007, 300.001, 300, 300, 300, 300, 300, 300, 300, 300, 300, 300, 300, 300, 300, 300, 300, 300, 300, 300, 300, 300, 300, 300, 300, 300, 300, 300, 
442.958, 442.958, 442.948, 442.927, 442.896, 442.852, 442.795, 442.725, 442.641, 442.542, 442.426, 442.293, 442.142, 441.971, 441.78, 441.567, 441.331, 441.07, 440.783, 440.467, 440.122, 439.746, 439.336, 438.891, 438.407, 437.884, 437.318, 436.707, 436.047, 435.337, 434.572, 433.759, 432.896, 431.978, 431.004, 429.968, 428.868, 427.7, 426.458, 425.139, 423.737, 422.248, 420.666, 418.986, 417.2, 415.303, 413.287, 411.146, 408.871, 406.454, 403.886, 401.157, 398.258, 395.178, 391.906, 388.43, 384.736, 380.812, 376.643, 372.213, 367.507, 362.507, 357.195, 351.551, 345.554, 339.183, 332.414, 325.223, 317.582, 309.465, 300.84, 300.075, 300.007, 300.001, 300, 300, 300, 300, 300, 300, 300, 300, 300, 300, 300, 300, 300, 300, 300, 300, 300, 300, 300, 300, 300, 300, 300, 300, 300, 300, 
442.963, 442.963, 442.953, 442.933, 442.901, 442.857, 442.801, 442.731, 442.647, 442.547, 442.431, 442.299, 442.147, 441.977, 441.786, 441.573, 441.336, 441.075, 440.788, 440.473, 440.128, 439.751, 439.341, 438.896, 438.413, 437.889, 437.323, 436.712, 436.052, 435.342, 434.577, 433.764, 432.901, 431.983, 431.009, 429.973, 428.873, 427.704, 426.463, 425.143, 423.742, 422.253, 420.671, 418.99, 417.204, 415.307, 413.291, 411.15, 408.875, 406.457, 403.889, 401.161, 398.262, 395.182, 391.909, 388.433, 384.739, 380.815, 376.645, 372.216, 367.509, 362.509, 357.197, 351.552, 345.556, 339.184, 332.415, 325.224, 317.583, 309.465, 300.84, 300.075, 300.007, 300.001, 300, 300, 300, 300, 300, 300, 300, 300, 300, 300, 300, 300, 300, 300, 300, 300, 300, 300, 300, 300, 300, 300, 300, 300, 300, 300, 
442.969, 442.969, 442.959, 442.938, 442.906, 442.863, 442.806, 442.736, 442.652, 442.553, 442.437, 442.304, 442.153, 441.982, 441.791, 441.578, 441.342, 441.08, 440.793, 440.478, 440.133, 439.756, 439.347, 438.901, 438.418, 437.894, 437.328, 436.717, 436.057, 435.347, 434.582, 433.769, 432.905, 431.988, 431.013, 429.978, 428.878, 427.709, 426.467, 425.148, 423.746, 422.257, 420.675, 418.994, 417.208, 415.311, 413.295, 411.154, 408.878, 406.461, 403.893, 401.164, 398.265, 395.185, 391.912, 388.436, 384.742, 380.817, 376.648, 372.218, 367.511, 362.511, 357.198, 351.554, 345.557, 339.186, 332.416, 325.224, 317.583, 309.465, 300.84, 300.075, 300.007, 300.001, 300, 300, 300, 300, 300, 300, 300, 300, 300, 300, 300, 300, 300, 300, 300, 300, 300, 300, 300, 300, 300, 300, 300, 300, 300, 300, 
442.974, 442.974, 442.964, 442.944, 442.912, 442.868, 442.812, 442.742, 442.657, 442.558, 442.442, 442.309, 442.158, 441.987, 441.796, 441.583, 441.347, 441.086, 440.798, 440.483, 440.138, 439.762, 439.352, 438.906, 438.423, 437.899, 437.333, 436.722, 436.062, 435.352, 434.587, 433.774, 432.91, 431.993, 431.018, 429.983, 428.882, 427.713, 426.472, 425.152, 423.751, 422.261, 420.679, 418.998, 417.212, 415.315, 413.299, 411.158, 408.882, 406.465, 403.896, 401.167, 398.268, 395.188, 391.915, 388.439, 384.745, 380.82, 376.65, 372.22, 367.514, 362.513, 357.2, 351.555, 345.558, 339.187, 332.417, 325.225, 317.584, 309.465, 300.84, 300.075, 300.007, 300.001, 300, 300, 300, 300, 300, 300, 300, 300, 300, 300, 300, 300, 300, 300, 300, 300, 300, 300, 300, 300, 300, 300, 300, 300, 300, 300, 
442.979, 442.979, 442.969, 442.949, 442.917, 442.873, 442.817, 442.747, 442.662, 442.563, 442.447, 442.314, 442.163, 441.993, 441.801, 441.588, 441.352, 441.091, 440.803, 440.488, 440.143, 439.767, 439.357, 438.911, 438.428, 437.904, 437.338, 436.727, 436.067, 435.356, 434.591, 433.778, 432.915, 431.997, 431.023, 429.987, 428.887, 427.718, 426.476, 425.157, 423.755, 422.266, 420.683, 419.002, 417.216, 415.319, 413.303, 411.161, 408.886, 406.468, 403.9, 401.171, 398.271, 395.191, 391.918, 388.441, 384.747, 380.823, 376.653, 372.222, 367.516, 362.515, 357.202, 351.557, 345.56, 339.188, 332.418, 325.226, 317.584, 309.466, 300.84, 300.075, 300.007, 300.001, 300, 300, 300, 300, 300, 300, 300, 300, 300, 300, 300, 300, 300, 300, 300, 300, 300, 300, 300, 300, 300, 300, 300, 300, 300, 300, 
442.984, 442.984, 442.974, 442.954, 442.922, 442.878, 442.822, 442.752, 442.668, 442.568, 442.452, 442.319, 442.168, 441.998, 441.806, 441.593, 441.357, 441.096, 440.808, 440.493, 440.148, 439.772, 439.362, 438.916, 438.433, 437.909, 437.343, 436.732, 436.072, 435.361, 434.596, 433.783, 432.919, 432.002, 431.027, 429.992, 428.891, 427.722, 426.48, 425.161, 423.759, 422.27, 420.687, 419.006, 417.22, 415.323, 413.307, 411.165, 408.889, 406.472, 403.903, 401.174, 398.275, 395.194, 391.921, 388.444, 384.75, 380.825, 376.655, 372.225, 367.518, 362.517, 357.204, 351.559, 345.561, 339.189, 332.419, 325.227, 317.585, 309.466, 300.84, 300.075, 300.007, 300.001, 300, 300, 300, 300, 300, 300, 300, 300, 300, 300, 300, 300, 300, 300, 300, 300, 300, 300, 300, 300, 300, 300, 300, 300, 300, 300, 
442.989, 442.989, 442.979, 442.959, 442.927, 442.883, 442.827, 442.757, 442.672, 442.573, 442.457, 442.324, 442.173, 442.003, 441.811, 441.598, 441.362, 441.101, 440.813, 440.498, 440.153, 439.776, 439.366, 438.921, 438.437, 437.914, 437.348, 436.736, 436.077, 435.366, 434.601, 433.788, 432.924, 432.006, 431.032, 429.996, 428.896, 427.727, 426.485, 425.165, 423.763, 422.274, 420.691, 419.01, 417.224, 415.327, 413.31, 411.168, 408.893, 406.475, 403.906, 401.177, 398.278, 395.197, 391.924, 388.447, 384.753, 380.827, 376.657, 372.227, 367.52, 362.519, 357.205, 351.56, 345.562, 339.19, 332.42, 325.227, 317.585, 309.466, 300.84, 300.075, 300.007, 300.001, 300, 300, 300, 300, 300, 300, 300, 300, 300, 300, 300, 300, 300, 300, 300, 300, 300, 300, 300, 300, 300, 300, 300, 300, 300, 300, 
442.994, 442.994, 442.984, 442.964, 442.932, 442.888, 442.832, 442.762, 442.677, 442.578, 442.462, 442.329, 442.178, 442.007, 441.816, 441.603, 441.367, 441.105, 440.818, 440.503, 440.158, 439.781, 439.371, 438.925, 438.442, 437.919, 437.352, 436.741, 436.081, 435.37, 434.605, 433.792, 432.928, 432.011, 431.036, 430, 428.9, 427.731, 426.489, 425.169, 423.767, 422.278, 420.695, 419.014, 417.228, 415.33, 413.314, 411.172, 408.896, 406.478, 403.909, 401.18, 398.281, 395.2, 391.927, 388.45, 384.755, 380.83, 376.66, 372.229, 367.522, 362.52, 357.207, 351.561, 345.564, 339.191, 332.421, 325.228, 317.586, 309.466, 300.84, 300.075, 300.007, 300.001, 300, 300, 300, 300, 300, 300, 300, 300, 300, 300, 300, 300, 300, 300, 300, 300, 300, 300, 300, 300, 300, 300, 300, 300, 300, 300, 
442.999, 442.999, 442.989, 442.969, 442.937, 442.893, 442.836, 442.766, 442.682, 442.583, 442.467, 442.334, 442.183, 442.012, 441.821, 441.608, 441.371, 441.11, 440.823, 440.507, 440.162, 439.786, 439.376, 438.93, 438.447, 437.923, 437.357, 436.745, 436.086, 435.375, 434.609, 433.796, 432.933, 432.015, 431.04, 430.004, 428.904, 427.735, 426.493, 425.173, 423.771, 422.282, 420.699, 419.018, 417.232, 415.334, 413.318, 411.175, 408.9, 406.482, 403.913, 401.183, 398.284, 395.203, 391.93, 388.452, 384.758, 380.832, 376.662, 372.231, 367.524, 362.522, 357.208, 351.563, 345.565, 339.192, 332.422, 325.229, 317.586, 309.467, 300.84, 300.075, 300.007, 300.001, 300, 300, 300, 300, 300, 300, 300, 300, 300, 300, 300, 300, 300, 300, 300, 300, 300, 300, 300, 300, 300, 300, 300, 300, 300, 300, 
443.004, 443.004, 442.994, 442.973, 442.941, 442.898, 442.841, 442.771, 442.687, 442.587, 442.472, 442.339, 442.187, 442.017, 441.826, 441.612, 441.376, 441.115, 440.827, 440.512, 440.167, 439.79, 439.38, 438.935, 438.451, 437.928, 437.361, 436.75, 436.09, 435.379, 434.614, 433.801, 432.937, 432.019, 431.044, 430.009, 428.908, 427.739, 426.497, 425.177, 423.775, 422.285, 420.703, 419.022, 417.235, 415.337, 413.321, 411.179, 408.903, 406.485, 403.916, 401.186, 398.287, 395.206, 391.932, 388.455, 384.76, 380.835, 376.664, 372.233, 367.525, 362.524, 357.21, 351.564, 345.566, 339.193, 332.423, 325.229, 317.587, 309.467, 300.84, 300.075, 300.007, 300.001, 300, 300, 300, 300, 300, 300, 300, 300, 300, 300, 300, 300, 300, 300, 300, 300, 300, 300, 300, 300, 300, 300, 300, 300, 300, 300, 
443.008, 443.008, 442.998, 442.978, 442.946, 442.902, 442.846, 442.776, 442.691, 442.592, 442.476, 442.343, 442.192, 442.021, 441.83, 441.617, 441.38, 441.119, 440.832, 440.516, 440.171, 439.795, 439.385, 438.939, 438.456, 437.932, 437.366, 436.754, 436.094, 435.383, 434.618, 433.805, 432.941, 432.023, 431.048, 430.013, 428.912, 427.743, 426.501, 425.181, 423.779, 422.289, 420.707, 419.025, 417.239, 415.341, 413.324, 411.182, 408.906, 406.488, 403.919, 401.189, 398.289, 395.208, 391.935, 388.457, 384.762, 380.837, 376.666, 372.235, 367.527, 362.526, 357.212, 351.566, 345.567, 339.194, 332.424, 325.23, 317.587, 309.467, 300.84, 300.075, 300.007, 300.001, 300, 300, 300, 300, 300, 300, 300, 300, 300, 300, 300, 300, 300, 300, 300, 300, 300, 300, 300, 300, 300, 300, 300, 300, 300, 300, 
443.013, 443.013, 443.003, 442.982, 442.951, 442.907, 442.85, 442.78, 442.696, 442.596, 442.481, 442.348, 442.197, 442.026, 441.835, 441.621, 441.385, 441.124, 440.836, 440.521, 440.176, 439.799, 439.389, 438.943, 438.46, 437.936, 437.37, 436.758, 436.099, 435.388, 434.622, 433.809, 432.945, 432.028, 431.053, 430.017, 428.916, 427.747, 426.505, 425.185, 423.783, 422.293, 420.71, 419.029, 417.242, 415.344, 413.328, 411.185, 408.909, 406.491, 403.922, 401.192, 398.292, 395.211, 391.938, 388.46, 384.765, 380.839, 376.668, 372.237, 367.529, 362.527, 357.213, 351.567, 345.569, 339.195, 332.424, 325.231, 317.588, 309.467, 300.84, 300.075, 300.007, 300.001, 300, 300, 300, 300, 300, 300, 300, 300, 300, 300, 300, 300, 300, 300, 300, 300, 300, 300, 300, 300, 300, 300, 300, 300, 300, 300, 
443.017, 443.017, 443.007, 442.987, 442.955, 442.911, 442.855, 442.785, 442.7, 442.601, 442.485, 442.352, 442.201, 442.03, 441.839, 441.626, 441.389, 441.128, 440.841, 440.525, 440.18, 439.803, 439.393, 438.948, 438.464, 437.941, 437.374, 436.763, 436.103, 435.392, 434.626, 433.813, 432.949, 432.032, 431.056, 430.021, 428.92, 427.751, 426.508, 425.189, 423.786, 422.297, 420.714, 419.032, 417.246, 415.348, 413.331, 411.189, 408.912, 406.494, 403.925, 401.195, 398.295, 395.214, 391.94, 388.462, 384.767, 380.841, 376.67, 372.239, 367.531, 362.529, 357.215, 351.568, 345.57, 339.196, 332.425, 325.231, 317.588, 309.468, 300.84, 300.075, 300.007, 300.001, 300, 300, 300, 300, 300, 300, 300, 300, 300, 300, 300, 300, 300, 300, 300, 300, 300, 300, 300, 300, 300, 300, 300, 300, 300, 300, 
443.022, 443.022, 443.012, 442.991, 442.959, 442.916, 442.859, 442.789, 442.705, 442.605, 442.49, 442.357, 442.205, 442.035, 441.843, 441.63, 441.394, 441.132, 440.845, 440.529, 440.184, 439.808, 439.398, 438.952, 438.468, 437.945, 437.378, 436.767, 436.107, 435.396, 434.63, 433.817, 432.953, 432.035, 431.06, 430.024, 428.924, 427.754, 426.512, 425.192, 423.79, 422.3, 420.717, 419.036, 417.249, 415.351, 413.334, 411.192, 408.915, 406.497, 403.928, 401.198, 398.298, 395.216, 391.943, 388.465, 384.769, 380.843, 376.672, 372.241, 367.533, 362.53, 357.216, 351.57, 345.571, 339.197, 332.426, 325.232, 317.588, 309.468, 300.84, 300.075, 300.007, 300.001, 300, 300, 300, 300, 300, 300, 300, 300, 300, 300, 300, 300, 300, 300, 300, 300, 300, 300, 300, 300, 300, 300, 300, 300, 300, 300, 
443.026, 443.026, 443.016, 442.996, 442.964, 442.92, 442.863, 442.793, 442.709, 442.61, 442.494, 442.361, 442.21, 442.039, 441.848, 441.634, 441.398, 441.137, 440.849, 440.534, 440.189, 439.812, 439.402, 438.956, 438.473, 437.949, 437.382, 436.771, 436.111, 435.4, 434.634, 433.821, 432.957, 432.039, 431.064, 430.028, 428.927, 427.758, 426.516, 425.196, 423.793, 422.304, 420.721, 419.039, 417.252, 415.354, 413.337, 411.195, 408.919, 406.5, 403.931, 401.201, 398.3, 395.219, 391.945, 388.467, 384.772, 380.846, 376.674, 372.243, 367.534, 362.532, 357.217, 351.571, 345.572, 339.198, 332.427, 325.232, 317.589, 309.468, 300.84, 300.075, 300.007, 300.001, 300, 300, 300, 300, 300, 300, 300, 300, 300, 300, 300, 300, 300, 300, 300, 300, 300, 300, 300, 300, 300, 300, 300, 300, 300, 300, 
443.03, 443.03, 443.02, 443, 442.968, 442.924, 442.868, 442.798, 442.713, 442.614, 442.498, 442.365, 442.214, 442.043, 441.852, 441.639, 441.402, 441.141, 440.853, 440.538, 440.193, 439.816, 439.406, 438.96, 438.477, 437.953, 437.386, 436.775, 436.115, 435.404, 434.638, 433.825, 432.961, 432.043, 431.068, 430.032, 428.931, 427.762, 426.519, 425.199, 423.797, 422.307, 420.724, 419.042, 417.256, 415.357, 413.341, 411.198, 408.921, 406.503, 403.933, 401.203, 398.303, 395.221, 391.948, 388.469, 384.774, 380.848, 376.676, 372.245, 367.536, 362.534, 357.219, 351.572, 345.573, 339.199, 332.428, 325.233, 317.589, 309.468, 300.84, 300.075, 300.007, 300.001, 300, 300, 300, 300, 300, 300, 300, 300, 300, 300, 300, 300, 300, 300, 300, 300, 300, 300, 300, 300, 300, 300, 300, 300, 300, 300, 
443.035, 443.035, 443.025, 443.004, 442.972, 442.928, 442.872, 442.802, 442.718, 442.618, 442.502, 442.369, 442.218, 442.047, 441.856, 441.643, 441.406, 441.145, 440.857, 440.542, 440.197, 439.82, 439.41, 438.964, 438.481, 437.957, 437.39, 436.779, 436.119, 435.408, 434.642, 433.829, 432.965, 432.047, 431.072, 430.036, 428.935, 427.765, 426.523, 425.203, 423.8, 422.31, 420.727, 419.046, 417.259, 415.36, 413.344, 411.201, 408.924, 406.506, 403.936, 401.206, 398.306, 395.224, 391.95, 388.472, 384.776, 380.85, 376.678, 372.246, 367.538, 362.535, 357.22, 351.573, 345.574, 339.2, 332.428, 325.234, 317.59, 309.468, 300.84, 300.075, 300.007, 300.001, 300, 300, 300, 300, 300, 300, 300, 300, 300, 300, 300, 300, 300, 300, 300, 300, 300, 300, 300, 300, 300, 300, 300, 300, 300, 300, 
443.039, 443.039, 443.029, 443.008, 442.976, 442.932, 442.876, 442.806, 442.722, 442.622, 442.506, 442.373, 442.222, 442.051, 441.86, 441.647, 441.41, 441.149, 440.861, 440.546, 440.201, 439.824, 439.414, 438.968, 438.484, 437.961, 437.394, 436.782, 436.122, 435.411, 434.646, 433.833, 432.968, 432.051, 431.075, 430.039, 428.938, 427.769, 426.526, 425.206, 423.804, 422.314, 420.731, 419.049, 417.262, 415.364, 413.347, 411.204, 408.927, 406.509, 403.939, 401.209, 398.308, 395.226, 391.952, 388.474, 384.778, 380.852, 376.68, 372.248, 367.539, 362.537, 357.222, 351.575, 345.575, 339.201, 332.429, 325.234, 317.59, 309.469, 300.84, 300.075, 300.007, 300.001, 300, 300, 300, 300, 300, 300, 300, 300, 300, 300, 300, 300, 300, 300, 300, 300, 300, 300, 300, 300, 300, 300, 300, 300, 300, 300, 
443.043, 443.043, 443.033, 443.012, 442.98, 442.936, 442.88, 442.81, 442.726, 442.626, 442.51, 442.377, 442.226, 442.055, 441.864, 441.651, 441.414, 441.153, 440.865, 440.55, 440.205, 439.828, 439.418, 438.972, 438.488, 437.964, 437.398, 436.786, 436.126, 435.415, 434.649, 433.836, 432.972, 432.054, 431.079, 430.043, 428.942, 427.772, 426.53, 425.21, 423.807, 422.317, 420.734, 419.052, 417.265, 415.367, 413.35, 411.207, 408.93, 406.511, 403.941, 401.211, 398.311, 395.229, 391.955, 388.476, 384.78, 380.854, 376.682, 372.25, 367.541, 362.538, 357.223, 351.576, 345.576, 339.202, 332.43, 325.235, 317.59, 309.469, 300.84, 300.075, 300.007, 300.001, 300, 300, 300, 300, 300, 300, 300, 300, 300, 300, 300, 300, 300, 300, 300, 300, 300, 300, 300, 300, 300, 300, 300, 300, 300, 300, 
443.047, 443.047, 443.037, 443.016, 442.984, 442.94, 442.884, 442.814, 442.729, 442.63, 442.514, 442.381, 442.23, 442.059, 441.868, 441.655, 441.418, 441.157, 440.869, 440.554, 440.208, 439.832, 439.421, 438.976, 438.492, 437.968, 437.402, 436.79, 436.13, 435.419, 434.653, 433.84, 432.976, 432.058, 431.082, 430.046, 428.945, 427.776, 426.533, 425.213, 423.81, 422.32, 420.737, 419.055, 417.268, 415.37, 413.352, 411.21, 408.933, 406.514, 403.944, 401.214, 398.313, 395.231, 391.957, 388.478, 384.782, 380.856, 376.684, 372.252, 367.543, 362.54, 357.224, 351.577, 345.577, 339.203, 332.43, 325.235, 317.591, 309.469, 300.84, 300.075, 300.007, 300.001, 300, 300, 300, 300, 300, 300, 300, 300, 300, 300, 300, 300, 300, 300, 300, 300, 300, 300, 300, 300, 300, 300, 300, 300, 300, 300, 
443.05, 443.05, 443.04, 443.02, 442.988, 442.944, 442.888, 442.818, 442.733, 442.634, 442.518, 442.385, 442.234, 442.063, 441.872, 441.658, 441.422, 441.16, 440.873, 440.557, 440.212, 439.835, 439.425, 438.979, 438.496, 437.972, 437.405, 436.793, 436.133, 435.422, 434.657, 433.843, 432.979, 432.061, 431.086, 430.049, 428.949, 427.779, 426.536, 425.216, 423.813, 422.323, 420.74, 419.058, 417.271, 415.372, 413.355, 411.212, 408.935, 406.517, 403.947, 401.216, 398.315, 395.233, 391.959, 388.48, 384.784, 380.857, 376.686, 372.253, 367.544, 362.541, 357.226, 351.578, 345.578, 339.204, 332.431, 325.236, 317.591, 309.469, 300.84, 300.075, 300.007, 300.001, 300, 300, 300, 300, 300, 300, 300, 300, 300, 300, 300, 300, 300, 300, 300, 300, 300, 300, 300, 300, 300, 300, 300, 300, 300, 300, 
443.054, 443.054, 443.044, 443.024, 442.992, 442.948, 442.891, 442.821, 442.737, 442.638, 442.522, 442.389, 442.237, 442.067, 441.875, 441.662, 441.425, 441.164, 440.877, 440.561, 440.216, 439.839, 439.429, 438.983, 438.499, 437.975, 437.409, 436.797, 436.137, 435.426, 434.66, 433.847, 432.983, 432.064, 431.089, 430.053, 428.952, 427.782, 426.539, 425.219, 423.817, 422.326, 420.743, 419.061, 417.274, 415.375, 413.358, 411.215, 408.938, 406.519, 403.949, 401.219, 398.318, 395.236, 391.961, 388.482, 384.786, 380.859, 376.687, 372.255, 367.546, 362.542, 357.227, 351.579, 345.579, 339.205, 332.432, 325.236, 317.592, 309.469, 300.84, 300.075, 300.007, 300.001, 300, 300, 300, 300, 300, 300, 300, 300, 300, 300, 300, 300, 300, 300, 300, 300, 300, 300, 300, 300, 300, 300, 300, 300, 300, 300, 
443.058, 443.058, 443.048, 443.027, 442.996, 442.952, 442.895, 442.825, 442.741, 442.641, 442.525, 442.392, 442.241, 442.07, 441.879, 441.666, 441.429, 441.168, 440.88, 440.565, 440.219, 439.843, 439.432, 438.986, 438.503, 437.979, 437.412, 436.801, 436.14, 435.429, 434.664, 433.85, 432.986, 432.068, 431.092, 430.056, 428.955, 427.785, 426.543, 425.222, 423.82, 422.329, 420.746, 419.064, 417.277, 415.378, 413.361, 411.218, 408.941, 406.522, 403.952, 401.221, 398.32, 395.238, 391.963, 388.484, 384.788, 380.861, 376.689, 372.256, 367.547, 362.544, 357.228, 351.58, 345.58, 339.205, 332.433, 325.237, 317.592, 309.47, 300.84, 300.075, 300.007, 300.001, 300, 300, 300, 300, 300, 300, 300, 300, 300, 300, 300, 300, 300, 300, 300, 300, 300, 300, 300, 300, 300, 300, 300, 300, 300, 300, 
443.062, 443.062, 443.052, 443.031, 442.999, 442.955, 442.899, 442.829, 442.744, 442.645, 442.529, 442.396, 442.245, 442.074, 441.883, 441.669, 441.433, 441.171, 440.884, 440.568, 440.223, 439.846, 439.436, 438.99, 438.506, 437.982, 437.416, 436.804, 436.144, 435.433, 434.667, 433.853, 432.989, 432.071, 431.096, 430.059, 428.958, 427.788, 426.546, 425.225, 423.823, 422.332, 420.749, 419.067, 417.28, 415.381, 413.364, 411.22, 408.943, 406.524, 403.954, 401.223, 398.322, 395.24, 391.965, 388.486, 384.79, 380.863, 376.691, 372.258, 367.549, 362.545, 357.229, 351.581, 345.581, 339.206, 332.433, 325.237, 317.592, 309.47, 300.84, 300.075, 300.007, 300.001, 300, 300, 300, 300, 300, 300, 300, 300, 300, 300, 300, 300, 300, 300, 300, 300, 300, 300, 300, 300, 300, 300, 300, 300, 300, 300, 
443.065, 443.065, 443.055, 443.035, 443.003, 442.959, 442.902, 442.832, 442.748, 442.648, 442.533, 442.4, 442.248, 442.078, 441.886, 441.673, 441.436, 441.175, 440.887, 440.572, 440.226, 439.85, 439.439, 438.993, 438.51, 437.986, 437.419, 436.807, 436.147, 435.436, 434.67, 433.857, 432.992, 432.074, 431.099, 430.062, 428.961, 427.792, 426.549, 425.228, 423.826, 422.335, 420.752, 419.07, 417.282, 415.383, 413.366, 411.223, 408.946, 406.527, 403.956, 401.226, 398.324, 395.242, 391.967, 388.488, 384.792, 380.865, 376.692, 372.26, 367.55, 362.546, 357.23, 351.583, 345.582, 339.207, 332.434, 325.238, 317.593, 309.47, 300.84, 300.075, 300.007, 300.001, 300, 300, 300, 300, 300, 300, 300, 300, 300, 300, 300, 300, 300, 300, 300, 300, 300, 300, 300, 300, 300, 300, 300, 300, 300, 300, 
443.069, 443.069, 443.059, 443.038, 443.006, 442.962, 442.906, 442.836, 442.752, 442.652, 442.536, 442.403, 442.252, 442.081, 441.89, 441.676, 441.44, 441.178, 440.891, 440.575, 440.23, 439.853, 439.443, 438.997, 438.513, 437.989, 437.423, 436.811, 436.15, 435.439, 434.673, 433.86, 432.996, 432.077, 431.102, 430.065, 428.964, 427.795, 426.552, 425.231, 423.828, 422.338, 420.755, 419.072, 417.285, 415.386, 413.369, 411.225, 408.948, 406.529, 403.959, 401.228, 398.327, 395.244, 391.969, 388.49, 384.794, 380.866, 376.694, 372.261, 367.551, 362.548, 357.232, 351.584, 345.583, 339.208, 332.434, 325.238, 317.593, 309.47, 300.84, 300.075, 300.007, 300.001, 300, 300, 300, 300, 300, 300, 300, 300, 300, 300, 300, 300, 300, 300, 300, 300, 300, 300, 300, 300, 300, 300, 300, 300, 300, 300, 
443.072, 443.072, 443.062, 443.042, 443.01, 442.966, 442.909, 442.839, 442.755, 442.655, 442.54, 442.406, 442.255, 442.084, 441.893, 441.68, 441.443, 441.182, 440.894, 440.578, 440.233, 439.856, 439.446, 439, 438.516, 437.992, 437.426, 436.814, 436.154, 435.442, 434.677, 433.863, 432.999, 432.081, 431.105, 430.069, 428.967, 427.798, 426.555, 425.234, 423.831, 422.341, 420.757, 419.075, 417.288, 415.389, 413.371, 411.228, 408.951, 406.531, 403.961, 401.23, 398.329, 395.246, 391.971, 388.492, 384.795, 380.868, 376.696, 372.263, 367.553, 362.549, 357.233, 351.585, 345.584, 339.209, 332.435, 325.239, 317.593, 309.47, 300.84, 300.075, 300.007, 300.001, 300, 300, 300, 300, 300, 300, 300, 300, 300, 300, 300, 300, 300, 300, 300, 300, 300, 300, 300, 300, 300, 300, 300, 300, 300, 300, 
443.076, 443.076, 443.066, 443.045, 443.013, 442.969, 442.913, 442.843, 442.758, 442.659, 442.543, 442.41, 442.259, 442.088, 441.896, 441.683, 441.446, 441.185, 440.897, 440.582, 440.236, 439.86, 439.449, 439.003, 438.52, 437.996, 437.429, 436.817, 436.157, 435.445, 434.68, 433.866, 433.002, 432.084, 431.108, 430.071, 428.97, 427.8, 426.558, 425.237, 423.834, 422.344, 420.76, 419.078, 417.29, 415.391, 413.374, 411.23, 408.953, 406.534, 403.963, 401.232, 398.331, 395.248, 391.973, 388.494, 384.797, 380.87, 376.697, 372.264, 367.554, 362.55, 357.234, 351.586, 345.585, 339.209, 332.436, 325.239, 317.594, 309.471, 300.84, 300.075, 300.007, 300.001, 300, 300, 300, 300, 300, 300, 300, 300, 300, 300, 300, 300, 300, 300, 300, 300, 300, 300, 300, 300, 300, 300, 300, 300, 300, 300, 
443.079, 443.079, 443.069, 443.048, 443.016, 442.973, 442.916, 442.846, 442.762, 442.662, 442.546, 442.413, 442.262, 442.091, 441.9, 441.686, 441.45, 441.188, 440.901, 440.585, 440.24, 439.863, 439.453, 439.007, 438.523, 437.999, 437.432, 436.82, 436.16, 435.449, 434.683, 433.869, 433.005, 432.087, 431.111, 430.074, 428.973, 427.803, 426.56, 425.24, 423.837, 422.346, 420.763, 419.08, 417.293, 415.394, 413.376, 411.233, 408.955, 406.536, 403.965, 401.234, 398.333, 395.25, 391.975, 388.496, 384.799, 380.871, 376.699, 372.265, 367.555, 362.551, 357.235, 351.587, 345.586, 339.21, 332.436, 325.24, 317.594, 309.471, 300.84, 300.075, 300.007, 300.001, 300, 300, 300, 300, 300, 300, 300, 300, 300, 300, 300, 300, 300, 300, 300, 300, 300, 300, 300, 300, 300, 300, 300, 300, 300, 300, 
443.082, 443.082, 443.072, 443.052, 443.02, 442.976, 442.919, 442.849, 442.765, 442.665, 442.549, 442.416, 442.265, 442.094, 441.903, 441.69, 441.453, 441.192, 440.904, 440.588, 440.243, 439.866, 439.456, 439.01, 438.526, 438.002, 437.435, 436.823, 436.163, 435.452, 434.686, 433.872, 433.008, 432.089, 431.114, 430.077, 428.976, 427.806, 426.563, 425.243, 423.84, 422.349, 420.765, 419.083, 417.295, 415.396, 413.379, 411.235, 408.958, 406.538, 403.968, 401.236, 398.335, 395.252, 391.977, 388.497, 384.801, 380.873, 376.7, 372.267, 367.557, 362.553, 357.236, 351.588, 345.587, 339.211, 332.437, 325.24, 317.594, 309.471, 300.84, 300.075, 300.007, 300.001, 300, 300, 300, 300, 300, 300, 300, 300, 300, 300, 300, 300, 300, 300, 300, 300, 300, 300, 300, 300, 300, 300, 300, 300, 300, 300, 
443.085, 443.085, 443.075, 443.055, 443.023, 442.979, 442.923, 442.853, 442.768, 442.669, 442.553, 442.42, 442.268, 442.097, 441.906, 441.693, 441.456, 441.195, 440.907, 440.591, 440.246, 439.869, 439.459, 439.013, 438.529, 438.005, 437.438, 436.826, 436.166, 435.455, 434.689, 433.875, 433.011, 432.092, 431.117, 430.08, 428.979, 427.809, 426.566, 425.245, 423.842, 422.352, 420.768, 419.085, 417.298, 415.399, 413.381, 411.237, 408.96, 406.54, 403.97, 401.239, 398.337, 395.254, 391.979, 388.499, 384.802, 380.875, 376.702, 372.268, 367.558, 362.554, 357.237, 351.589, 345.587, 339.211, 332.438, 325.241, 317.595, 309.471, 300.84, 300.075, 300.007, 300.001, 300, 300, 300, 300, 300, 300, 300, 300, 300, 300, 300, 300, 300, 300, 300, 300, 300, 300, 300, 300, 300, 300, 300, 300, 300, 300, 
443.089, 443.089, 443.079, 443.058, 443.026, 442.982, 442.926, 442.856, 442.771, 442.672, 442.556, 442.423, 442.271, 442.101, 441.909, 441.696, 441.459, 441.198, 440.91, 440.594, 440.249, 439.872, 439.462, 439.016, 438.532, 438.008, 437.441, 436.829, 436.169, 435.457, 434.692, 433.878, 433.014, 432.095, 431.119, 430.083, 428.982, 427.812, 426.568, 425.248, 423.845, 422.354, 420.77, 419.088, 417.3, 415.401, 413.383, 411.24, 408.962, 406.542, 403.972, 401.241, 398.339, 395.256, 391.981, 388.501, 384.804, 380.876, 376.703, 372.27, 367.559, 362.555, 357.238, 351.59, 345.588, 339.212, 332.438, 325.241, 317.595, 309.471, 300.84, 300.075, 300.007, 300.001, 300, 300, 300, 300, 300, 300, 300, 300, 300, 300, 300, 300, 300, 300, 300, 300, 300, 300, 300, 300, 300, 300, 300, 300, 300, 300, 
443.092, 443.092, 443.082, 443.061, 443.029, 442.985, 442.929, 442.859, 442.774, 442.675, 442.559, 442.426, 442.274, 442.104, 441.912, 441.699, 441.462, 441.201, 440.913, 440.597, 440.252, 439.875, 439.465, 439.019, 438.535, 438.011, 437.444, 436.832, 436.172, 435.46, 434.694, 433.881, 433.016, 432.098, 431.122, 430.086, 428.984, 427.814, 426.571, 425.25, 423.847, 422.357, 420.773, 419.09, 417.303, 415.403, 413.386, 411.242, 408.964, 406.545, 403.974, 401.243, 398.341, 395.258, 391.982, 388.503, 384.806, 380.878, 376.705, 372.271, 367.561, 362.556, 357.239, 351.59, 345.589, 339.213, 332.439, 325.242, 317.595, 309.471, 300.84, 300.075, 300.007, 300.001, 300, 300, 300, 300, 300, 300, 300, 300, 300, 300, 300, 300, 300, 300, 300, 300, 300, 300, 300, 300, 300, 300, 300, 300, 300, 300, 
443.095, 443.095, 443.085, 443.064, 443.032, 442.988, 442.932, 442.862, 442.777, 442.678, 442.562, 442.429, 442.277, 442.107, 441.915, 441.702, 441.465, 441.204, 440.916, 440.6, 440.255, 439.878, 439.468, 439.022, 438.538, 438.014, 437.447, 436.835, 436.175, 435.463, 434.697, 433.884, 433.019, 432.101, 431.125, 430.088, 428.987, 427.817, 426.574, 425.253, 423.85, 422.359, 420.775, 419.093, 417.305, 415.406, 413.388, 411.244, 408.966, 406.547, 403.976, 401.244, 398.343, 395.26, 391.984, 388.504, 384.807, 380.879, 376.706, 372.272, 367.562, 362.557, 357.24, 351.591, 345.59, 339.214, 332.439, 325.242, 317.595, 309.472, 300.84, 300.075, 300.007, 300.001, 300, 300, 300, 300, 300, 300, 300, 300, 300, 300, 300, 300, 300, 300, 300, 300, 300, 300, 300, 300, 300, 300, 300, 300, 300, 300, 
443.098, 443.098, 443.088, 443.067, 443.035, 442.991, 442.935, 442.865, 442.78, 442.681, 442.565, 442.432, 442.28, 442.11, 441.918, 441.705, 441.468, 441.207, 440.919, 440.603, 440.258, 439.881, 439.471, 439.025, 438.541, 438.017, 437.45, 436.838, 436.177, 435.466, 434.7, 433.886, 433.022, 432.103, 431.128, 430.091, 428.989, 427.819, 426.576, 425.255, 423.852, 422.361, 420.778, 419.095, 417.307, 415.408, 413.39, 411.246, 408.969, 406.549, 403.978, 401.246, 398.344, 395.261, 391.986, 388.506, 384.809, 380.881, 376.707, 372.274, 367.563, 362.558, 357.241, 351.592, 345.591, 339.214, 332.44, 325.242, 317.596, 309.472, 300.84, 300.075, 300.007, 300.001, 300, 300, 300, 300, 300, 300, 300, 300, 300, 300, 300, 300, 300, 300, 300, 300, 300, 300, 300, 300, 300, 300, 300, 300, 300, 300, 
443.101, 443.101, 443.091, 443.07, 443.038, 442.994, 442.938, 442.868, 442.783, 442.684, 442.568, 442.435, 442.283, 442.113, 441.921, 441.708, 441.471, 441.21, 440.922, 440.606, 440.261, 439.884, 439.473, 439.027, 438.543, 438.019, 437.453, 436.841, 436.18, 435.469, 434.703, 433.889, 433.024, 432.106, 431.13, 430.093, 428.992, 427.822, 426.579, 425.258, 423.855, 422.364, 420.78, 419.097, 417.309, 415.41, 413.392, 411.248, 408.971, 406.551, 403.98, 401.248, 398.346, 395.263, 391.988, 388.507, 384.81, 380.882, 376.709, 372.275, 367.564, 362.559, 357.242, 351.593, 345.591, 339.215, 332.44, 325.243, 317.596, 309.472, 300.84, 300.075, 300.007, 300.001, 300, 300, 300, 300, 300, 300, 300, 300, 300, 300, 300, 300, 300, 300, 300, 300, 300, 300, 300, 300, 300, 300, 300, 300, 300, 300, 
443.103, 443.103, 443.093, 443.073, 443.041, 442.997, 442.941, 442.871, 442.786, 442.687, 442.571, 442.438, 442.286, 442.115, 441.924, 441.711, 441.474, 441.212, 440.925, 440.609, 440.264, 439.887, 439.476, 439.03, 438.546, 438.022, 437.455, 436.843, 436.183, 435.471, 434.705, 433.892, 433.027, 432.109, 431.133, 430.096, 428.995, 427.824, 426.581, 425.26, 423.857, 422.366, 420.782, 419.099, 417.312, 415.412, 413.394, 411.25, 408.973, 406.553, 403.982, 401.25, 398.348, 395.265, 391.989, 388.509, 384.812, 380.883, 376.71, 372.276, 367.565, 362.56, 357.243, 351.594, 345.592, 339.215, 332.441, 325.243, 317.596, 309.472, 300.84, 300.075, 300.007, 300.001, 300, 300, 300, 300, 300, 300, 300, 300, 300, 300, 300, 300, 300, 300, 300, 300, 300, 300, 300, 300, 300, 300, 300, 300, 300, 300, 
443.106, 443.106, 443.096, 443.076, 443.044, 443, 442.943, 442.873, 442.789, 442.689, 442.573, 442.44, 442.289, 442.118, 441.927, 441.713, 441.477, 441.215, 440.927, 440.612, 440.266, 439.889, 439.479, 439.033, 438.549, 438.025, 437.458, 436.846, 436.185, 435.474, 434.708, 433.894, 433.03, 432.111, 431.135, 430.098, 428.997, 427.827, 426.584, 425.263, 423.859, 422.368, 420.785, 419.102, 417.314, 415.414, 413.396, 411.252, 408.975, 406.555, 403.983, 401.252, 398.35, 395.267, 391.991, 388.511, 384.813, 380.885, 376.711, 372.277, 367.566, 362.561, 357.244, 351.595, 345.593, 339.216, 332.441, 325.244, 317.597, 309.472, 300.84, 300.075, 300.007, 300.001, 300, 300, 300, 300, 300, 300, 300, 300, 300, 300, 300, 300, 300, 300, 300, 300, 300, 300, 300, 300, 300, 300, 300, 300, 300, 300, 
443.109, 443.109, 443.099, 443.078, 443.047, 443.003, 442.946, 442.876, 442.792, 442.692, 442.576, 442.443, 442.292, 442.121, 441.929, 441.716, 441.479, 441.218, 440.93, 440.614, 440.269, 439.892, 439.482, 439.035, 438.552, 438.027, 437.461, 436.848, 436.188, 435.476, 434.71, 433.897, 433.032, 432.114, 431.138, 430.101, 428.999, 427.829, 426.586, 425.265, 423.862, 422.371, 420.787, 419.104, 417.316, 415.416, 413.398, 411.254, 408.976, 406.556, 403.985, 401.254, 398.351, 395.268, 391.992, 388.512, 384.815, 380.886, 376.713, 372.278, 367.568, 362.563, 357.245, 351.596, 345.594, 339.217, 332.442, 325.244, 317.597, 309.472, 300.84, 300.075, 300.007, 300.001, 300, 300, 300, 300, 300, 300, 300, 300, 300, 300, 300, 300, 300, 300, 300, 300, 300, 300, 300, 300, 300, 300, 300, 300, 300, 300, 
443.112, 443.112, 443.102, 443.081, 443.049, 443.006, 442.949, 442.879, 442.794, 442.695, 442.579, 442.446, 442.294, 442.124, 441.932, 441.719, 441.482, 441.221, 440.933, 440.617, 440.272, 439.895, 439.484, 439.038, 438.554, 438.03, 437.463, 436.851, 436.191, 435.479, 434.713, 433.899, 433.035, 432.116, 431.14, 430.103, 429.002, 427.831, 426.588, 425.267, 423.864, 422.373, 420.789, 419.106, 417.318, 415.419, 413.4, 411.256, 408.978, 406.558, 403.987, 401.255, 398.353, 395.27, 391.994, 388.514, 384.816, 380.888, 376.714, 372.28, 367.569, 362.564, 357.246, 351.596, 345.594, 339.217, 332.442, 325.244, 317.597, 309.472, 300.84, 300.075, 300.007, 300.001, 300, 300, 300, 300, 300, 300, 300, 300, 300, 300, 300, 300, 300, 300, 300, 300, 300, 300, 300, 300, 300, 300, 300, 300, 300, 300, 
443.114, 443.114, 443.104, 443.084, 443.052, 443.008, 442.952, 442.882, 442.797, 442.697, 442.582, 442.448, 442.297, 442.126, 441.935, 441.721, 441.485, 441.223, 440.935, 440.62, 440.274, 439.897, 439.487, 439.041, 438.557, 438.033, 437.466, 436.854, 436.193, 435.481, 434.715, 433.902, 433.037, 432.118, 431.142, 430.106, 429.004, 427.834, 426.59, 425.269, 423.866, 422.375, 420.791, 419.108, 417.32, 415.421, 413.402, 411.258, 408.98, 406.56, 403.989, 401.257, 398.355, 395.271, 391.995, 388.515, 384.817, 380.889, 376.715, 372.281, 367.57, 362.564, 357.247, 351.597, 345.595, 339.218, 332.443, 325.245, 317.597, 309.473, 300.84, 300.075, 300.007, 300.001, 300, 300, 300, 300, 300, 300, 300, 300, 300, 300, 300, 300, 300, 300, 300, 300, 300, 300, 300, 300, 300, 300, 300, 300, 300, 300, 
443.117, 443.117, 443.107, 443.087, 443.055, 443.011, 442.954, 442.884, 442.8, 442.7, 442.584, 442.451, 442.3, 442.129, 441.937, 441.724, 441.487, 441.226, 440.938, 440.622, 440.277, 439.9, 439.489, 439.043, 438.559, 438.035, 437.468, 436.856, 436.196, 435.484, 434.718, 433.904, 433.039, 432.121, 431.145, 430.108, 429.006, 427.836, 426.593, 425.272, 423.868, 422.377, 420.793, 419.11, 417.322, 415.422, 413.404, 411.26, 408.982, 406.562, 403.991, 401.259, 398.356, 395.273, 391.997, 388.516, 384.819, 380.89, 376.716, 372.282, 367.571, 362.565, 357.248, 351.598, 345.596, 339.218, 332.443, 325.245, 317.598, 309.473, 300.841, 300.075, 300.007, 300.001, 300, 300, 300, 300, 300, 300, 300, 300, 300, 300, 300, 300, 300, 300, 300, 300, 300, 300, 300, 300, 300, 300, 300, 300, 300, 300, 
443.12, 443.12, 443.11, 443.089, 443.057, 443.013, 442.957, 442.887, 442.802, 442.703, 442.587, 442.454, 442.302, 442.131, 441.94, 441.727, 441.49, 441.228, 440.94, 440.625, 440.279, 439.902, 439.492, 439.046, 438.562, 438.038, 437.471, 436.858, 436.198, 435.486, 434.72, 433.906, 433.042, 432.123, 431.147, 430.11, 429.009, 427.838, 426.595, 425.274, 423.87, 422.379, 420.795, 419.112, 417.324, 415.424, 413.406, 411.262, 408.984, 406.564, 403.992, 401.26, 398.358, 395.274, 391.998, 388.518, 384.82, 380.891, 376.718, 372.283, 367.572, 362.566, 357.249, 351.599, 345.596, 339.219, 332.444, 325.245, 317.598, 309.473, 300.841, 300.075, 300.007, 300.001, 300, 300, 300, 300, 300, 300, 300, 300, 300, 300, 300, 300, 300, 300, 300, 300, 300, 300, 300, 300, 300, 300, 300, 300, 300, 300, 
443.122, 443.122, 443.112, 443.092, 443.06, 443.016, 442.959, 442.889, 442.805, 442.705, 442.589, 442.456, 442.305, 442.134, 441.942, 441.729, 441.492, 441.231, 440.943, 440.627, 440.282, 439.905, 439.494, 439.048, 438.564, 438.04, 437.473, 436.861, 436.2, 435.489, 434.723, 433.909, 433.044, 432.125, 431.149, 430.112, 429.011, 427.84, 426.597, 425.276, 423.872, 422.381, 420.797, 419.114, 417.326, 415.426, 413.408, 411.264, 408.986, 406.565, 403.994, 401.262, 398.36, 395.276, 392, 388.519, 384.821, 380.893, 376.719, 372.284, 367.573, 362.567, 357.249, 351.6, 345.597, 339.22, 332.444, 325.246, 317.598, 309.473, 300.841, 300.075, 300.007, 300.001, 300, 300, 300, 300, 300, 300, 300, 300, 300, 300, 300, 300, 300, 300, 300, 300, 300, 300, 300, 300, 300, 300, 300, 300, 300, 300, 
443.125, 443.125, 443.115, 443.094, 443.062, 443.018, 442.962, 442.892, 442.807, 442.708, 442.592, 442.459, 442.307, 442.136, 441.945, 441.731, 441.495, 441.233, 440.945, 440.63, 440.284, 439.907, 439.497, 439.05, 438.566, 438.042, 437.475, 436.863, 436.203, 435.491, 434.725, 433.911, 433.046, 432.128, 431.151, 430.115, 429.013, 427.843, 426.599, 425.278, 423.874, 422.383, 420.799, 419.116, 417.328, 415.428, 413.41, 411.266, 408.987, 406.567, 403.996, 401.264, 398.361, 395.277, 392.001, 388.521, 384.823, 380.894, 376.72, 372.285, 367.574, 362.568, 357.25, 351.6, 345.598, 339.22, 332.445, 325.246, 317.598, 309.473, 300.841, 300.075, 300.007, 300.001, 300, 300, 300, 300, 300, 300, 300, 300, 300, 300, 300, 300, 300, 300, 300, 300, 300, 300, 300, 300, 300, 300, 300, 300, 300, 300, 
443.127, 443.127, 443.117, 443.097, 443.065, 443.021, 442.964, 442.894, 442.81, 442.71, 442.594, 442.461, 442.31, 442.139, 441.947, 441.734, 441.497, 441.236, 440.948, 440.632, 440.287, 439.909, 439.499, 439.053, 438.569, 438.045, 437.478, 436.865, 436.205, 435.493, 434.727, 433.913, 433.048, 432.13, 431.154, 430.117, 429.015, 427.845, 426.601, 425.28, 423.876, 422.385, 420.801, 419.118, 417.33, 415.43, 413.412, 411.267, 408.989, 406.569, 403.997, 401.265, 398.363, 395.279, 392.003, 388.522, 384.824, 380.895, 376.721, 372.286, 367.575, 362.569, 357.251, 351.601, 345.598, 339.221, 332.445, 325.247, 317.599, 309.473, 300.841, 300.075, 300.007, 300.001, 300, 300, 300, 300, 300, 300, 300, 300, 300, 300, 300, 300, 300, 300, 300, 300, 300, 300, 300, 300, 300, 300, 300, 300, 300, 300, 
443.13, 443.13, 443.12, 443.099, 443.067, 443.023, 442.967, 442.897, 442.812, 442.712, 442.597, 442.463, 442.312, 442.141, 441.95, 441.736, 441.499, 441.238, 440.95, 440.634, 440.289, 439.912, 439.501, 439.055, 438.571, 438.047, 437.48, 436.868, 436.207, 435.495, 434.729, 433.915, 433.051, 432.132, 431.156, 430.119, 429.017, 427.847, 426.603, 425.282, 423.878, 422.387, 420.803, 419.12, 417.332, 415.432, 413.413, 411.269, 408.991, 406.57, 403.999, 401.267, 398.364, 395.28, 392.004, 388.523, 384.825, 380.896, 376.722, 372.287, 367.576, 362.57, 357.252, 351.602, 345.599, 339.221, 332.446, 325.247, 317.599, 309.473, 300.841, 300.075, 300.007, 300.001, 300, 300, 300, 300, 300, 300, 300, 300, 300, 300, 300, 300, 300, 300, 300, 300, 300, 300, 300, 300, 300, 300, 300, 300, 300, 300, 
443.132, 443.132, 443.122, 443.101, 443.069, 443.026, 442.969, 442.899, 442.814, 442.715, 442.599, 442.466, 442.314, 442.143, 441.952, 441.739, 441.502, 441.24, 440.952, 440.637, 440.291, 439.914, 439.504, 439.057, 438.573, 438.049, 437.482, 436.87, 436.209, 435.498, 434.731, 433.917, 433.053, 432.134, 431.158, 430.121, 429.019, 427.849, 426.605, 425.284, 423.88, 422.389, 420.805, 419.122, 417.333, 415.434, 413.415, 411.271, 408.992, 406.572, 404, 401.268, 398.366, 395.282, 392.005, 388.525, 384.826, 380.897, 376.723, 372.288, 367.577, 362.571, 357.253, 351.602, 345.599, 339.222, 332.446, 325.247, 317.599, 309.473, 300.841, 300.075, 300.007, 300.001, 300, 300, 300, 300, 300, 300, 300, 300, 300, 300, 300, 300, 300, 300, 300, 300, 300, 300, 300, 300, 300, 300, 300, 300, 300, 300, 
443.134, 443.134, 443.124, 443.104, 443.072, 443.028, 442.971, 442.901, 442.817, 442.717, 442.601, 442.468, 442.317, 442.146, 441.954, 441.741, 441.504, 441.243, 440.955, 440.639, 440.293, 439.916, 439.506, 439.06, 438.576, 438.051, 437.484, 436.872, 436.211, 435.5, 434.734, 433.92, 433.055, 432.136, 431.16, 430.123, 429.021, 427.851, 426.607, 425.286, 423.882, 422.391, 420.807, 419.124, 417.335, 415.435, 413.417, 411.272, 408.994, 406.573, 404.002, 401.27, 398.367, 395.283, 392.007, 388.526, 384.828, 380.899, 376.724, 372.289, 367.578, 362.572, 357.253, 351.603, 345.6, 339.222, 332.446, 325.247, 317.599, 309.474, 300.841, 300.075, 300.007, 300.001, 300, 300, 300, 300, 300, 300, 300, 300, 300, 300, 300, 300, 300, 300, 300, 300, 300, 300, 300, 300, 300, 300, 300, 300, 300, 300, 
443.136, 443.136, 443.126, 443.106, 443.074, 443.03, 442.974, 442.903, 442.819, 442.719, 442.603, 442.47, 442.319, 442.148, 441.956, 441.743, 441.506, 441.245, 440.957, 440.641, 440.296, 439.918, 439.508, 439.062, 438.578, 438.053, 437.486, 436.874, 436.214, 435.502, 434.736, 433.922, 433.057, 432.138, 431.162, 430.125, 429.023, 427.853, 426.609, 425.288, 423.884, 422.393, 420.809, 419.125, 417.337, 415.437, 413.419, 411.274, 408.996, 406.575, 404.003, 401.271, 398.368, 395.284, 392.008, 388.527, 384.829, 380.9, 376.725, 372.29, 367.578, 362.573, 357.254, 351.604, 345.601, 339.223, 332.447, 325.248, 317.599, 309.474, 300.841, 300.075, 300.007, 300.001, 300, 300, 300, 300, 300, 300, 300, 300, 300, 300, 300, 300, 300, 300, 300, 300, 300, 300, 300, 300, 300, 300, 300, 300, 300, 300, 
443.139, 443.139, 443.129, 443.108, 443.076, 443.032, 442.976, 442.906, 442.821, 442.722, 442.606, 442.473, 442.321, 442.15, 441.959, 441.745, 441.508, 441.247, 440.959, 440.643, 440.298, 439.921, 439.51, 439.064, 438.58, 438.056, 437.489, 436.876, 436.216, 435.504, 434.738, 433.924, 433.059, 432.14, 431.164, 430.127, 429.025, 427.855, 426.611, 425.29, 423.886, 422.395, 420.81, 419.127, 417.339, 415.439, 413.42, 411.276, 408.997, 406.577, 404.005, 401.273, 398.37, 395.286, 392.009, 388.528, 384.83, 380.901, 376.726, 372.291, 367.579, 362.573, 357.255, 351.604, 345.601, 339.223, 332.447, 325.248, 317.6, 309.474, 300.841, 300.075, 300.007, 300.001, 300, 300, 300, 300, 300, 300, 300, 300, 300, 300, 300, 300, 300, 300, 300, 300, 300, 300, 300, 300, 300, 300, 300, 300, 300, 300, 
443.141, 443.141, 443.131, 443.11, 443.078, 443.035, 442.978, 442.908, 442.823, 442.724, 442.608, 442.475, 442.323, 442.152, 441.961, 441.747, 441.511, 441.249, 440.961, 440.645, 440.3, 439.923, 439.512, 439.066, 438.582, 438.058, 437.491, 436.878, 436.218, 435.506, 434.74, 433.926, 433.061, 432.142, 431.166, 430.129, 429.027, 427.856, 426.613, 425.291, 423.888, 422.396, 420.812, 419.129, 417.34, 415.44, 413.422, 411.277, 408.999, 406.578, 404.006, 401.274, 398.371, 395.287, 392.01, 388.529, 384.831, 380.902, 376.727, 372.292, 367.58, 362.574, 357.256, 351.605, 345.602, 339.224, 332.448, 325.248, 317.6, 309.474, 300.841, 300.075, 300.007, 300.001, 300, 300, 300, 300, 300, 300, 300, 300, 300, 300, 300, 300, 300, 300, 300, 300, 300, 300, 300, 300, 300, 300, 300, 300, 300, 300, 
443.143, 443.143, 443.133, 443.112, 443.081, 443.037, 442.98, 442.91, 442.826, 442.726, 442.61, 442.477, 442.325, 442.155, 441.963, 441.749, 441.513, 441.251, 440.963, 440.647, 440.302, 439.925, 439.514, 439.068, 438.584, 438.06, 437.493, 436.88, 436.22, 435.508, 434.742, 433.928, 433.063, 432.144, 431.168, 430.131, 429.029, 427.858, 426.615, 425.293, 423.89, 422.398, 420.814, 419.13, 417.342, 415.442, 413.423, 411.279, 409, 406.579, 404.008, 401.275, 398.372, 395.288, 392.012, 388.531, 384.832, 380.903, 376.728, 372.293, 367.581, 362.575, 357.256, 351.606, 345.602, 339.224, 332.448, 325.249, 317.6, 309.474, 300.841, 300.075, 300.007, 300.001, 300, 300, 300, 300, 300, 300, 300, 300, 300, 300, 300, 300, 300, 300, 300, 300, 300, 300, 300, 300, 300, 300, 300, 300, 300, 300, 
443.145, 443.145, 443.135, 443.115, 443.083, 443.039, 442.982, 442.912, 442.828, 442.728, 442.612, 442.479, 442.327, 442.157, 441.965, 441.752, 441.515, 441.253, 440.965, 440.65, 440.304, 439.927, 439.516, 439.07, 438.586, 438.062, 437.495, 436.882, 436.222, 435.51, 434.744, 433.93, 433.065, 432.146, 431.17, 430.132, 429.031, 427.86, 426.616, 425.295, 423.891, 422.4, 420.815, 419.132, 417.344, 415.444, 413.425, 411.28, 409.002, 406.581, 404.009, 401.277, 398.374, 395.29, 392.013, 388.532, 384.833, 380.904, 376.729, 372.294, 367.582, 362.576, 357.257, 351.606, 345.603, 339.225, 332.448, 325.249, 317.6, 309.474, 300.841, 300.075, 300.007, 300.001, 300, 300, 300, 300, 300, 300, 300, 300, 300, 300, 300, 300, 300, 300, 300, 300, 300, 300, 300, 300, 300, 300, 300, 300, 300, 300, 
443.147, 443.147, 443.137, 443.117, 443.085, 443.041, 442.984, 442.914, 442.83, 442.73, 442.614, 442.481, 442.33, 442.159, 441.967, 441.754, 441.517, 441.255, 440.967, 440.652, 440.306, 439.929, 439.518, 439.072, 438.588, 438.064, 437.497, 436.884, 436.224, 435.512, 434.745, 433.931, 433.067, 432.148, 431.171, 430.134, 429.032, 427.862, 426.618, 425.297, 423.893, 422.402, 420.817, 419.134, 417.345, 415.445, 413.426, 411.282, 409.003, 406.582, 404.01, 401.278, 398.375, 395.291, 392.014, 388.533, 384.834, 380.905, 376.73, 372.295, 367.583, 362.577, 357.258, 351.607, 345.603, 339.225, 332.449, 325.249, 317.6, 309.474, 300.841, 300.075, 300.007, 300.001, 300, 300, 300, 300, 300, 300, 300, 300, 300, 300, 300, 300, 300, 300, 300, 300, 300, 300, 300, 300, 300, 300, 300, 300, 300, 300, 
443.149, 443.149, 443.139, 443.119, 443.087, 443.043, 442.986, 442.916, 442.832, 442.732, 442.616, 442.483, 442.332, 442.161, 441.969, 441.756, 441.519, 441.257, 440.969, 440.653, 440.308, 439.931, 439.52, 439.074, 438.59, 438.066, 437.499, 436.886, 436.225, 435.514, 434.747, 433.933, 433.068, 432.149, 431.173, 430.136, 429.034, 427.864, 426.62, 425.298, 423.895, 422.403, 420.819, 419.135, 417.347, 415.447, 413.428, 411.283, 409.005, 406.584, 404.012, 401.279, 398.376, 395.292, 392.015, 388.534, 384.835, 380.906, 376.731, 372.296, 367.584, 362.577, 357.258, 351.608, 345.604, 339.226, 332.449, 325.25, 317.601, 309.474, 300.841, 300.075, 300.007, 300.001, 300, 300, 300, 300, 300, 300, 300, 300, 300, 300, 300, 300, 300, 300, 300, 300, 300, 300, 300, 300, 300, 300, 300, 300, 300, 300, 
443.151, 443.151, 443.141, 443.121, 443.089, 443.045, 442.988, 442.918, 442.834, 442.734, 442.618, 442.485, 442.334, 442.163, 441.971, 441.758, 441.521, 441.259, 440.971, 440.655, 440.31, 439.933, 439.522, 439.076, 438.592, 438.067, 437.5, 436.888, 436.227, 435.515, 434.749, 433.935, 433.07, 432.151, 431.175, 430.138, 429.036, 427.865, 426.621, 425.3, 423.896, 422.405, 420.82, 419.137, 417.348, 415.448, 413.429, 411.285, 409.006, 406.585, 404.013, 401.281, 398.377, 395.293, 392.016, 388.535, 384.836, 380.907, 376.732, 372.297, 367.584, 362.578, 357.259, 351.608, 345.604, 339.226, 332.449, 325.25, 317.601, 309.474, 300.841, 300.075, 300.007, 300.001, 300, 300, 300, 300, 300, 300, 300, 300, 300, 300, 300, 300, 300, 300, 300, 300, 300, 300, 300, 300, 300, 300, 300, 300, 300, 300, 
443.153, 443.153, 443.143, 443.123, 443.091, 443.047, 442.99, 442.92, 442.836, 442.736, 442.62, 442.487, 442.335, 442.165, 441.973, 441.759, 441.523, 441.261, 440.973, 440.657, 440.312, 439.935, 439.524, 439.078, 438.594, 438.069, 437.502, 436.89, 436.229, 435.517, 434.751, 433.937, 433.072, 432.153, 431.177, 430.14, 429.038, 427.867, 426.623, 425.302, 423.898, 422.406, 420.822, 419.138, 417.35, 415.45, 413.431, 411.286, 409.007, 406.586, 404.014, 401.282, 398.379, 395.294, 392.018, 388.536, 384.837, 380.908, 376.733, 372.297, 367.585, 362.579, 357.26, 351.609, 345.605, 339.226, 332.45, 325.25, 317.601, 309.474, 300.841, 300.075, 300.007, 300.001, 300, 300, 300, 300, 300, 300, 300, 300, 300, 300, 300, 300, 300, 300, 300, 300, 300, 300, 300, 300, 300, 300, 300, 300, 300, 300, 
443.155, 443.155, 443.145, 443.124, 443.093, 443.049, 442.992, 442.922, 442.838, 442.738, 442.622, 442.489, 442.337, 442.166, 441.975, 441.761, 441.525, 441.263, 440.975, 440.659, 440.314, 439.937, 439.526, 439.08, 438.595, 438.071, 437.504, 436.892, 436.231, 435.519, 434.753, 433.939, 433.074, 432.155, 431.178, 430.141, 429.039, 427.869, 426.625, 425.303, 423.899, 422.408, 420.823, 419.14, 417.351, 415.451, 413.432, 411.287, 409.009, 406.588, 404.016, 401.283, 398.38, 395.296, 392.019, 388.537, 384.838, 380.909, 376.734, 372.298, 367.586, 362.579, 357.26, 351.609, 345.605, 339.227, 332.45, 325.25, 317.601, 309.475, 300.841, 300.075, 300.007, 300.001, 300, 300, 300, 300, 300, 300, 300, 300, 300, 300, 300, 300, 300, 300, 300, 300, 300, 300, 300, 300, 300, 300, 300, 300, 300, 300, 
443.157, 443.157, 443.147, 443.126, 443.094, 443.051, 442.994, 442.924, 442.84, 442.74, 442.624, 442.491, 442.339, 442.168, 441.977, 441.763, 441.526, 441.265, 440.977, 440.661, 440.315, 439.938, 439.528, 439.081, 438.597, 438.073, 437.506, 436.893, 436.233, 435.521, 434.754, 433.94, 433.075, 432.156, 431.18, 430.143, 429.041, 427.87, 426.626, 425.305, 423.901, 422.409, 420.825, 419.141, 417.353, 415.452, 413.434, 411.289, 409.01, 406.589, 404.017, 401.284, 398.381, 395.297, 392.02, 388.538, 384.839, 380.91, 376.735, 372.299, 367.587, 362.58, 357.261, 351.61, 345.606, 339.227, 332.45, 325.251, 317.601, 309.475, 300.841, 300.075, 300.007, 300.001, 300, 300, 300, 300, 300, 300, 300, 300, 300, 300, 300, 300, 300, 300, 300, 300, 300, 300, 300, 300, 300, 300, 300, 300, 300, 300, 
443.159, 443.159, 443.149, 443.128, 443.096, 443.052, 442.996, 442.926, 442.841, 442.742, 442.626, 442.493, 442.341, 442.17, 441.979, 441.765, 441.528, 441.267, 440.979, 440.663, 440.317, 439.94, 439.529, 439.083, 438.599, 438.075, 437.508, 436.895, 436.234, 435.523, 434.756, 433.942, 433.077, 432.158, 431.182, 430.145, 429.043, 427.872, 426.628, 425.306, 423.903, 422.411, 420.826, 419.143, 417.354, 415.454, 413.435, 411.29, 409.011, 406.59, 404.018, 401.285, 398.382, 395.298, 392.021, 388.539, 384.84, 380.911, 376.736, 372.3, 367.587, 362.581, 357.262, 351.61, 345.606, 339.228, 332.451, 325.251, 317.602, 309.475, 300.841, 300.075, 300.007, 300.001, 300, 300, 300, 300, 300, 300, 300, 300, 300, 300, 300, 300, 300, 300, 300, 300, 300, 300, 300, 300, 300, 300, 300, 300, 300, 300, 
443.161, 443.161, 443.151, 443.13, 443.098, 443.054, 442.998, 442.928, 442.843, 442.743, 442.627, 442.494, 442.343, 442.172, 441.98, 441.767, 441.53, 441.268, 440.981, 440.665, 440.319, 439.942, 439.531, 439.085, 438.601, 438.076, 437.509, 436.897, 436.236, 435.524, 434.758, 433.944, 433.079, 432.16, 431.183, 430.146, 429.044, 427.873, 426.629, 425.308, 423.904, 422.412, 420.828, 419.144, 417.356, 415.455, 413.436, 411.291, 409.013, 406.591, 404.019, 401.287, 398.383, 395.299, 392.022, 388.54, 384.841, 380.911, 376.736, 372.301, 367.588, 362.581, 357.262, 351.611, 345.607, 339.228, 332.451, 325.251, 317.602, 309.475, 300.841, 300.075, 300.007, 300.001, 300, 300, 300, 300, 300, 300, 300, 300, 300, 300, 300, 300, 300, 300, 300, 300, 300, 300, 300, 300, 300, 300, 300, 300, 300, 300, 
443.162, 443.162, 443.152, 443.132, 443.1, 443.056, 443, 442.929, 442.845, 442.745, 442.629, 442.496, 442.345, 442.174, 441.982, 441.769, 441.532, 441.27, 440.982, 440.666, 440.321, 439.944, 439.533, 439.087, 438.602, 438.078, 437.511, 436.898, 436.238, 435.526, 434.759, 433.945, 433.08, 432.161, 431.185, 430.148, 429.046, 427.875, 426.631, 425.309, 423.906, 422.414, 420.829, 419.146, 417.357, 415.457, 413.438, 411.293, 409.014, 406.593, 404.02, 401.288, 398.384, 395.3, 392.023, 388.541, 384.842, 380.912, 376.737, 372.301, 367.589, 362.582, 357.263, 351.611, 345.607, 339.229, 332.451, 325.251, 317.602, 309.475, 300.841, 300.075, 300.007, 300.001, 300, 300, 300, 300, 300, 300, 300, 300, 300, 300, 300, 300, 300, 300, 300, 300, 300, 300, 300, 300, 300, 300, 300, 300, 300, 300, 
443.164, 443.164, 443.154, 443.134, 443.102, 443.058, 443.001, 442.931, 442.847, 442.747, 442.631, 442.498, 442.346, 442.175, 441.984, 441.77, 441.534, 441.272, 440.984, 440.668, 440.322, 439.945, 439.535, 439.088, 438.604, 438.08, 437.513, 436.9, 436.239, 435.527, 434.761, 433.947, 433.082, 432.163, 431.186, 430.149, 429.047, 427.876, 426.632, 425.311, 423.907, 422.415, 420.831, 419.147, 417.358, 415.458, 413.439, 411.294, 409.015, 406.594, 404.022, 401.289, 398.385, 395.301, 392.024, 388.542, 384.843, 380.913, 376.738, 372.302, 367.59, 362.583, 357.263, 351.612, 345.608, 339.229, 332.452, 325.252, 317.602, 309.475, 300.841, 300.075, 300.007, 300.001, 300, 300, 300, 300, 300, 300, 300, 300, 300, 300, 300, 300, 300, 300, 300, 300, 300, 300, 300, 300, 300, 300, 300, 300, 300, 300, 
443.166, 443.166, 443.156, 443.135, 443.103, 443.06, 443.003, 442.933, 442.848, 442.749, 442.633, 442.5, 442.348, 442.177, 441.986, 441.772, 441.535, 441.274, 440.986, 440.67, 440.324, 439.947, 439.536, 439.09, 438.606, 438.081, 437.514, 436.902, 436.241, 435.529, 434.763, 433.948, 433.083, 432.164, 431.188, 430.151, 429.049, 427.878, 426.634, 425.312, 423.908, 422.417, 420.832, 419.148, 417.36, 415.459, 413.44, 411.295, 409.016, 406.595, 404.023, 401.29, 398.387, 395.302, 392.025, 388.543, 384.844, 380.914, 376.739, 372.303, 367.59, 362.583, 357.264, 351.612, 345.608, 339.229, 332.452, 325.252, 317.602, 309.475, 300.841, 300.075, 300.007, 300.001, 300, 300, 300, 300, 300, 300, 300, 300, 300, 300, 300, 300, 300, 300, 300, 300, 300, 300, 300, 300, 300, 300, 300, 300, 300, 300, 
443.168, 443.168, 443.158, 443.137, 443.105, 443.061, 443.005, 442.935, 442.85, 442.75, 442.634, 442.501, 442.35, 442.179, 441.987, 441.774, 441.537, 441.275, 440.987, 440.671, 440.326, 439.949, 439.538, 439.092, 438.607, 438.083, 437.516, 436.903, 436.243, 435.531, 434.764, 433.95, 433.085, 432.166, 431.19, 430.152, 429.05, 427.879, 426.635, 425.314, 423.91, 422.418, 420.833, 419.15, 417.361, 415.46, 413.441, 411.296, 409.017, 406.596, 404.024, 401.291, 398.388, 395.303, 392.026, 388.544, 384.845, 380.915, 376.74, 372.304, 367.591, 362.584, 357.265, 351.613, 345.609, 339.23, 332.452, 325.252, 317.602, 309.475, 300.841, 300.075, 300.007, 300.001, 300, 300, 300, 300, 300, 300, 300, 300, 300, 300, 300, 300, 300, 300, 300, 300, 300, 300, 300, 300, 300, 300, 300, 300, 300, 300, 
443.169, 443.169, 443.159, 443.139, 443.107, 443.063, 443.006, 442.936, 442.852, 442.752, 442.636, 442.503, 442.351, 442.18, 441.989, 441.775, 441.538, 441.277, 440.989, 440.673, 440.327, 439.95, 439.539, 439.093, 438.609, 438.085, 437.517, 436.905, 436.244, 435.532, 434.766, 433.951, 433.086, 432.167, 431.191, 430.154, 429.052, 427.881, 426.637, 425.315, 423.911, 422.419, 420.835, 419.151, 417.362, 415.462, 413.443, 411.298, 409.019, 406.597, 404.025, 401.292, 398.389, 395.304, 392.027, 388.545, 384.846, 380.916, 376.74, 372.304, 367.592, 362.585, 357.265, 351.613, 345.609, 339.23, 332.453, 325.252, 317.603, 309.475, 300.841, 300.075, 300.007, 300.001, 300, 300, 300, 300, 300, 300, 300, 300, 300, 300, 300, 300, 300, 300, 300, 300, 300, 300, 300, 300, 300, 300, 300, 300, 300, 300, 
443.171, 443.171, 443.161, 443.14, 443.108, 443.065, 443.008, 442.938, 442.853, 442.754, 442.638, 442.504, 442.353, 442.182, 441.99, 441.777, 441.54, 441.278, 440.991, 440.675, 440.329, 439.952, 439.541, 439.095, 438.61, 438.086, 437.519, 436.906, 436.246, 435.534, 434.767, 433.953, 433.088, 432.169, 431.192, 430.155, 429.053, 427.882, 426.638, 425.317, 423.912, 422.421, 420.836, 419.152, 417.363, 415.463, 413.444, 411.299, 409.02, 406.598, 404.026, 401.293, 398.39, 395.305, 392.028, 388.546, 384.847, 380.917, 376.741, 372.305, 367.592, 362.585, 357.266, 351.614, 345.61, 339.23, 332.453, 325.253, 317.603, 309.475, 300.841, 300.075, 300.007, 300.001, 300, 300, 300, 300, 300, 300, 300, 300, 300, 300, 300, 300, 300, 300, 300, 300, 300, 300, 300, 300, 300, 300, 300, 300, 300, 300, 
443.172, 443.172, 443.162, 443.142, 443.11, 443.066, 443.01, 442.939, 442.855, 442.755, 442.639, 442.506, 442.355, 442.184, 441.992, 441.779, 441.542, 441.28, 440.992, 440.676, 440.331, 439.953, 439.543, 439.096, 438.612, 438.088, 437.52, 436.908, 436.247, 435.535, 434.769, 433.954, 433.089, 432.17, 431.194, 430.156, 429.054, 427.883, 426.639, 425.318, 423.914, 422.422, 420.837, 419.153, 417.365, 415.464, 413.445, 411.3, 409.021, 406.6, 404.027, 401.294, 398.391, 395.306, 392.029, 388.547, 384.847, 380.917, 376.742, 372.306, 367.593, 362.586, 357.266, 351.614, 345.61, 339.231, 332.453, 325.253, 317.603, 309.475, 300.841, 300.075, 300.007, 300.001, 300, 300, 300, 300, 300, 300, 300, 300, 300, 300, 300, 300, 300, 300, 300, 300, 300, 300, 300, 300, 300, 300, 300, 300, 300, 300, 
443.174, 443.174, 443.164, 443.143, 443.112, 443.068, 443.011, 442.941, 442.857, 442.757, 442.641, 442.508, 442.356, 442.185, 441.994, 441.78, 441.543, 441.282, 440.994, 440.678, 440.332, 439.955, 439.544, 439.098, 438.614, 438.089, 437.522, 436.909, 436.249, 435.537, 434.77, 433.956, 433.091, 432.172, 431.195, 430.158, 429.056, 427.885, 426.641, 425.319, 423.915, 422.423, 420.838, 419.155, 417.366, 415.465, 413.446, 411.301, 409.022, 406.601, 404.028, 401.295, 398.392, 395.307, 392.029, 388.547, 384.848, 380.918, 376.743, 372.307, 367.594, 362.586, 357.267, 351.615, 345.61, 339.231, 332.454, 325.253, 317.603, 309.476, 300.841, 300.075, 300.007, 300.001, 300, 300, 300, 300, 300, 300, 300, 300, 300, 300, 300, 300, 300, 300, 300, 300, 300, 300, 300, 300, 300, 300, 300, 300, 300, 300, 
443.176, 443.176, 443.166, 443.145, 443.113, 443.069, 443.013, 442.943, 442.858, 442.758, 442.642, 442.509, 442.358, 442.187, 441.995, 441.782, 441.545, 441.283, 440.995, 440.679, 440.334, 439.956, 439.546, 439.099, 438.615, 438.091, 437.523, 436.911, 436.25, 435.538, 434.772, 433.957, 433.092, 432.173, 431.197, 430.159, 429.057, 427.886, 426.642, 425.32, 423.916, 422.425, 420.84, 419.156, 417.367, 415.466, 413.447, 411.302, 409.023, 406.602, 404.029, 401.296, 398.393, 395.308, 392.03, 388.548, 384.849, 380.919, 376.743, 372.307, 367.594, 362.587, 357.267, 351.615, 345.611, 339.231, 332.454, 325.253, 317.603, 309.476, 300.841, 300.075, 300.007, 300.001, 300, 300, 300, 300, 300, 300, 300, 300, 300, 300, 300, 300, 300, 300, 300, 300, 300, 300, 300, 300, 300, 300, 300, 300, 300, 300, 
443.177, 443.177, 443.167, 443.146, 443.115, 443.071, 443.014, 442.944, 442.86, 442.76, 442.644, 442.511, 442.359, 442.188, 441.997, 441.783, 441.546, 441.285, 440.997, 440.681, 440.335, 439.958, 439.547, 439.101, 438.616, 438.092, 437.525, 436.912, 436.251, 435.539, 434.773, 433.959, 433.094, 432.174, 431.198, 430.161, 429.058, 427.887, 426.643, 425.322, 423.918, 422.426, 420.841, 419.157, 417.368, 415.468, 413.448, 411.303, 409.024, 406.603, 404.03, 401.297, 398.393, 395.309, 392.031, 388.549, 384.85, 380.92, 376.744, 372.308, 367.595, 362.587, 357.268, 351.616, 345.611, 339.232, 332.454, 325.253, 317.603, 309.476, 300.841, 300.075, 300.007, 300.001, 300, 300, 300, 300, 300, 300, 300, 300, 300, 300, 300, 300, 300, 300, 300, 300, 300, 300, 300, 300, 300, 300, 300, 300, 300, 300, 
443.179, 443.179, 443.169, 443.148, 443.116, 443.072, 443.016, 442.946, 442.861, 442.761, 442.645, 442.512, 442.361, 442.19, 441.998, 441.785, 441.548, 441.286, 440.998, 440.682, 440.336, 439.959, 439.548, 439.102, 438.618, 438.093, 437.526, 436.914, 436.253, 435.541, 434.774, 433.96, 433.095, 432.176, 431.199, 430.162, 429.06, 427.889, 426.645, 425.323, 423.919, 422.427, 420.842, 419.158, 417.369, 415.469, 413.449, 411.304, 409.025, 406.604, 404.031, 401.298, 398.394, 395.309, 392.032, 388.55, 384.851, 380.92, 376.745, 372.308, 367.595, 362.588, 357.268, 351.616, 345.612, 339.232, 332.454, 325.254, 317.603, 309.476, 300.841, 300.075, 300.007, 300.001, 300, 300, 300, 300, 300, 300, 300, 300, 300, 300, 300, 300, 300, 300, 300, 300, 300, 300, 300, 300, 300, 300, 300, 300, 300, 300, 
443.18, 443.18, 443.17, 443.149, 443.118, 443.074, 443.017, 442.947, 442.862, 442.763, 442.647, 442.514, 442.362, 442.191, 442, 441.786, 441.549, 441.287, 440.999, 440.684, 440.338, 439.961, 439.55, 439.103, 438.619, 438.095, 437.528, 436.915, 436.254, 435.542, 434.776, 433.961, 433.096, 432.177, 431.201, 430.163, 429.061, 427.89, 426.646, 425.324, 423.92, 422.428, 420.843, 419.159, 417.37, 415.47, 413.451, 411.305, 409.026, 406.605, 404.032, 401.299, 398.395, 395.31, 392.033, 388.551, 384.851, 380.921, 376.745, 372.309, 367.596, 362.589, 357.269, 351.617, 345.612, 339.232, 332.455, 325.254, 317.604, 309.476, 300.841, 300.075, 300.007, 300.001, 300, 300, 300, 300, 300, 300, 300, 300, 300, 300, 300, 300, 300, 300, 300, 300, 300, 300, 300, 300, 300, 300, 300, 300, 300, 300, 
443.181, 443.181, 443.171, 443.151, 443.119, 443.075, 443.019, 442.948, 442.864, 442.764, 442.648, 442.515, 442.364, 442.193, 442.001, 441.787, 441.551, 441.289, 441.001, 440.685, 440.339, 439.962, 439.551, 439.105, 438.621, 438.096, 437.529, 436.916, 436.256, 435.543, 434.777, 433.963, 433.097, 432.178, 431.202, 430.164, 429.062, 427.891, 426.647, 425.325, 423.921, 422.429, 420.844, 419.16, 417.372, 415.471, 413.452, 411.306, 409.027, 406.606, 404.033, 401.3, 398.396, 395.311, 392.034, 388.552, 384.852, 380.922, 376.746, 372.31, 367.596, 362.589, 357.269, 351.617, 345.612, 339.233, 332.455, 325.254, 317.604, 309.476, 300.841, 300.075, 300.007, 300.001, 300, 300, 300, 300, 300, 300, 300, 300, 300, 300, 300, 300, 300, 300, 300, 300, 300, 300, 300, 300, 300, 300, 300, 300, 300, 300, 
443.183, 443.183, 443.173, 443.152, 443.12, 443.077, 443.02, 442.95, 442.865, 442.766, 442.65, 442.516, 442.365, 442.194, 442.002, 441.789, 441.552, 441.29, 441.002, 440.686, 440.341, 439.963, 439.553, 439.106, 438.622, 438.097, 437.53, 436.918, 436.257, 435.545, 434.778, 433.964, 433.099, 432.18, 431.203, 430.166, 429.063, 427.892, 426.648, 425.327, 423.922, 422.43, 420.845, 419.162, 417.373, 415.472, 413.453, 411.307, 409.028, 406.607, 404.034, 401.301, 398.397, 395.312, 392.034, 388.552, 384.853, 380.922, 376.747, 372.31, 367.597, 362.59, 357.27, 351.618, 345.613, 339.233, 332.455, 325.254, 317.604, 309.476, 300.841, 300.075, 300.007, 300.001, 300, 300, 300, 300, 300, 300, 300, 300, 300, 300, 300, 300, 300, 300, 300, 300, 300, 300, 300, 300, 300, 300, 300, 300, 300, 300, 
443.184, 443.184, 443.174, 443.154, 443.122, 443.078, 443.021, 442.951, 442.867, 442.767, 442.651, 442.518, 442.366, 442.195, 442.004, 441.79, 441.553, 441.292, 441.004, 440.688, 440.342, 439.965, 439.554, 439.108, 438.623, 438.099, 437.532, 436.919, 436.258, 435.546, 434.78, 433.965, 433.1, 432.181, 431.204, 430.167, 429.065, 427.894, 426.649, 425.328, 423.923, 422.432, 420.847, 419.163, 417.374, 415.473, 413.454, 411.308, 409.029, 406.608, 404.035, 401.302, 398.398, 395.313, 392.035, 388.553, 384.854, 380.923, 376.747, 372.311, 367.598, 362.59, 357.27, 351.618, 345.613, 339.233, 332.455, 325.254, 317.604, 309.476, 300.841, 300.075, 300.007, 300.001, 300, 300, 300, 300, 300, 300, 300, 300, 300, 300, 300, 300, 300, 300, 300, 300, 300, 300, 300, 300, 300, 300, 300, 300, 300, 300, 
443.186, 443.186, 443.176, 443.155, 443.123, 443.079, 443.023, 442.953, 442.868, 442.768, 442.652, 442.519, 442.368, 442.197, 442.005, 441.791, 441.555, 441.293, 441.005, 440.689, 440.343, 439.966, 439.555, 439.109, 438.625, 438.1, 437.533, 436.92, 436.259, 435.547, 434.781, 433.966, 433.101, 432.182, 431.205, 430.168, 429.066, 427.895, 426.651, 425.329, 423.925, 422.433, 420.848, 419.164, 417.375, 415.474, 413.455, 411.309, 409.03, 406.608, 404.036, 401.303, 398.399, 395.314, 392.036, 388.554, 384.854, 380.924, 376.748, 372.311, 367.598, 362.591, 357.271, 351.618, 345.613, 339.234, 332.456, 325.255, 317.604, 309.476, 300.841, 300.075, 300.007, 300.001, 300, 300, 300, 300, 300, 300, 300, 300, 300, 300, 300, 300, 300, 300, 300, 300, 300, 300, 300, 300, 300, 300, 300, 300, 300, 300, 
443.187, 443.187, 443.177, 443.156, 443.124, 443.081, 443.024, 442.954, 442.869, 442.77, 442.654, 442.52, 442.369, 442.198, 442.006, 441.793, 441.556, 441.294, 441.006, 440.69, 440.345, 439.967, 439.557, 439.11, 438.626, 438.101, 437.534, 436.921, 436.261, 435.549, 434.782, 433.968, 433.102, 432.183, 431.207, 430.169, 429.067, 427.896, 426.652, 425.33, 423.926, 422.434, 420.849, 419.165, 417.376, 415.475, 413.456, 411.31, 409.031, 406.609, 404.037, 401.303, 398.4, 395.314, 392.037, 388.555, 384.855, 380.924, 376.749, 372.312, 367.599, 362.591, 357.271, 351.619, 345.614, 339.234, 332.456, 325.255, 317.604, 309.476, 300.841, 300.075, 300.007, 300.001, 300, 300, 300, 300, 300, 300, 300, 300, 300, 300, 300, 300, 300, 300, 300, 300, 300, 300, 300, 300, 300, 300, 300, 300, 300, 300, 
443.188, 443.188, 443.178, 443.158, 443.126, 443.082, 443.025, 442.955, 442.871, 442.771, 442.655, 442.522, 442.37, 442.199, 442.008, 441.794, 441.557, 441.295, 441.007, 440.692, 440.346, 439.969, 439.558, 439.111, 438.627, 438.103, 437.535, 436.923, 436.262, 435.55, 434.783, 433.969, 433.104, 432.184, 431.208, 430.17, 429.068, 427.897, 426.653, 425.331, 423.927, 422.435, 420.85, 419.166, 417.377, 415.476, 413.457, 411.311, 409.032, 406.61, 404.038, 401.304, 398.4, 395.315, 392.038, 388.555, 384.856, 380.925, 376.749, 372.313, 367.599, 362.592, 357.271, 351.619, 345.614, 339.234, 332.456, 325.255, 317.604, 309.476, 300.841, 300.075, 300.007, 300.001, 300, 300, 300, 300, 300, 300, 300, 300, 300, 300, 300, 300, 300, 300, 300, 300, 300, 300, 300, 300, 300, 300, 300, 300, 300, 300, 
443.19, 443.19, 443.18, 443.159, 443.127, 443.083, 443.027, 442.956, 442.872, 442.772, 442.656, 442.523, 442.372, 442.201, 442.009, 441.795, 441.558, 441.297, 441.009, 440.693, 440.347, 439.97, 439.559, 439.113, 438.628, 438.104, 437.537, 436.924, 436.263, 435.551, 434.784, 433.97, 433.105, 432.186, 431.209, 430.171, 429.069, 427.898, 426.654, 425.332, 423.928, 422.436, 420.851, 419.167, 417.378, 415.477, 413.458, 411.312, 409.033, 406.611, 404.038, 401.305, 398.401, 395.316, 392.038, 388.556, 384.856, 380.926, 376.75, 372.313, 367.6, 362.592, 357.272, 351.62, 345.614, 339.235, 332.456, 325.255, 317.605, 309.476, 300.841, 300.075, 300.007, 300.001, 300, 300, 300, 300, 300, 300, 300, 300, 300, 300, 300, 300, 300, 300, 300, 300, 300, 300, 300, 300, 300, 300, 300, 300, 300, 300, 
443.191, 443.191, 443.181, 443.16, 443.128, 443.084, 443.028, 442.958, 442.873, 442.773, 442.657, 442.524, 442.373, 442.202, 442.01, 441.797, 441.56, 441.298, 441.01, 440.694, 440.348, 439.971, 439.56, 439.114, 438.629, 438.105, 437.538, 436.925, 436.264, 435.552, 434.786, 433.971, 433.106, 432.187, 431.21, 430.173, 429.07, 427.899, 426.655, 425.333, 423.929, 422.437, 420.852, 419.168, 417.379, 415.478, 413.458, 411.313, 409.034, 406.612, 404.039, 401.306, 398.402, 395.317, 392.039, 388.557, 384.857, 380.926, 376.75, 372.314, 367.6, 362.593, 357.272, 351.62, 345.615, 339.235, 332.457, 325.255, 317.605, 309.476, 300.841, 300.075, 300.007, 300.001, 300, 300, 300, 300, 300, 300, 300, 300, 300, 300, 300, 300, 300, 300, 300, 300, 300, 300, 300, 300, 300, 300, 300, 300, 300, 300, 
443.192, 443.192, 443.182, 443.161, 443.13, 443.086, 443.029, 442.959, 442.874, 442.775, 442.659, 442.525, 442.374, 442.203, 442.011, 441.798, 441.561, 441.299, 441.011, 440.695, 440.349, 439.972, 439.561, 439.115, 438.631, 438.106, 437.539, 436.926, 436.265, 435.553, 434.787, 433.972, 433.107, 432.188, 431.211, 430.174, 429.071, 427.9, 426.656, 425.334, 423.93, 422.438, 420.853, 419.169, 417.38, 415.479, 413.459, 411.314, 409.034, 406.613, 404.04, 401.307, 398.403, 395.317, 392.04, 388.557, 384.858, 380.927, 376.751, 372.314, 367.601, 362.593, 357.273, 351.62, 345.615, 339.235, 332.457, 325.256, 317.605, 309.476, 300.841, 300.075, 300.007, 300.001, 300, 300, 300, 300, 300, 300, 300, 300, 300, 300, 300, 300, 300, 300, 300, 300, 300, 300, 300, 300, 300, 300, 300, 300, 300, 300, 
443.193, 443.193, 443.183, 443.163, 443.131, 443.087, 443.03, 442.96, 442.876, 442.776, 442.66, 442.527, 442.375, 442.204, 442.013, 441.799, 441.562, 441.3, 441.012, 440.696, 440.351, 439.973, 439.563, 439.116, 438.632, 438.107, 437.54, 436.927, 436.266, 435.554, 434.788, 433.973, 433.108, 432.189, 431.212, 430.175, 429.072, 427.901, 426.657, 425.335, 423.931, 422.439, 420.854, 419.17, 417.381, 415.48, 413.46, 411.315, 409.035, 406.614, 404.041, 401.307, 398.403, 395.318, 392.04, 388.558, 384.858, 380.927, 376.751, 372.315, 367.601, 362.593, 357.273, 351.621, 345.615, 339.235, 332.457, 325.256, 317.605, 309.477, 300.841, 300.075, 300.007, 300.001, 300, 300, 300, 300, 300, 300, 300, 300, 300, 300, 300, 300, 300, 300, 300, 300, 300, 300, 300, 300, 300, 300, 300, 300, 300, 300, 
443.194, 443.194, 443.184, 443.164, 443.132, 443.088, 443.031, 442.961, 442.877, 442.777, 442.661, 442.528, 442.376, 442.205, 442.014, 441.8, 441.563, 441.302, 441.014, 440.698, 440.352, 439.975, 439.564, 439.117, 438.633, 438.108, 437.541, 436.928, 436.268, 435.555, 434.789, 433.974, 433.109, 432.19, 431.213, 430.176, 429.073, 427.902, 426.658, 425.336, 423.932, 422.44, 420.855, 419.171, 417.381, 415.481, 413.461, 411.316, 409.036, 406.614, 404.042, 401.308, 398.404, 395.319, 392.041, 388.559, 384.859, 380.928, 376.752, 372.315, 367.602, 362.594, 357.273, 351.621, 345.616, 339.236, 332.457, 325.256, 317.605, 309.477, 300.841, 300.075, 300.007, 300.001, 300, 300, 300, 300, 300, 300, 300, 300, 300, 300, 300, 300, 300, 300, 300, 300, 300, 300, 300, 300, 300, 300, 300, 300, 300, 300, 
443.196, 443.196, 443.186, 443.165, 443.133, 443.089, 443.033, 442.963, 442.878, 442.778, 442.662, 442.529, 442.378, 442.207, 442.015, 441.801, 441.564, 441.303, 441.015, 440.699, 440.353, 439.976, 439.565, 439.118, 438.634, 438.11, 437.542, 436.93, 436.269, 435.557, 434.79, 433.976, 433.11, 432.191, 431.214, 430.177, 429.074, 427.903, 426.659, 425.337, 423.933, 422.441, 420.856, 419.172, 417.382, 415.481, 413.462, 411.316, 409.037, 406.615, 404.042, 401.309, 398.405, 395.32, 392.042, 388.559, 384.859, 380.929, 376.753, 372.316, 367.602, 362.594, 357.274, 351.621, 345.616, 339.236, 332.458, 325.256, 317.605, 309.477, 300.841, 300.075, 300.007, 300.001, 300, 300, 300, 300, 300, 300, 300, 300, 300, 300, 300, 300, 300, 300, 300, 300, 300, 300, 300, 300, 300, 300, 300, 300, 300, 300, 
443.197, 443.197, 443.187, 443.166, 443.134, 443.09, 443.034, 442.964, 442.879, 442.779, 442.663, 442.53, 442.379, 442.208, 442.016, 441.802, 441.566, 441.304, 441.016, 440.7, 440.354, 439.977, 439.566, 439.119, 438.635, 438.111, 437.543, 436.931, 436.27, 435.558, 434.791, 433.977, 433.111, 432.192, 431.215, 430.178, 429.075, 427.904, 426.66, 425.338, 423.934, 422.442, 420.857, 419.172, 417.383, 415.482, 413.463, 411.317, 409.038, 406.616, 404.043, 401.31, 398.406, 395.32, 392.042, 388.56, 384.86, 380.929, 376.753, 372.316, 367.603, 362.595, 357.274, 351.622, 345.616, 339.236, 332.458, 325.256, 317.605, 309.477, 300.841, 300.075, 300.007, 300.001, 300, 300, 300, 300, 300, 300, 300, 300, 300, 300, 300, 300, 300, 300, 300, 300, 300, 300, 300, 300, 300, 300, 300, 300, 300, 300, 
443.198, 443.198, 443.188, 443.167, 443.135, 443.092, 443.035, 442.965, 442.88, 442.781, 442.665, 442.531, 442.38, 442.209, 442.017, 441.804, 441.567, 441.305, 441.017, 440.701, 440.355, 439.978, 439.567, 439.121, 438.636, 438.112, 437.544, 436.932, 436.271, 435.559, 434.792, 433.978, 433.112, 432.193, 431.216, 430.179, 429.076, 427.905, 426.661, 425.339, 423.935, 422.443, 420.857, 419.173, 417.384, 415.483, 413.464, 411.318, 409.039, 406.617, 404.044, 401.31, 398.406, 395.321, 392.043, 388.56, 384.861, 380.93, 376.754, 372.317, 367.603, 362.595, 357.275, 351.622, 345.617, 339.236, 332.458, 325.256, 317.605, 309.477, 300.841, 300.075, 300.007, 300.001, 300, 300, 300, 300, 300, 300, 300, 300, 300, 300, 300, 300, 300, 300, 300, 300, 300, 300, 300, 300, 300, 300, 300, 300, 300, 300, 
443.199, 443.199, 443.189, 443.168, 443.136, 443.093, 443.036, 442.966, 442.881, 442.782, 442.666, 442.532, 442.381, 442.21, 442.018, 441.805, 441.568, 441.306, 441.018, 440.702, 440.356, 439.979, 439.568, 439.122, 438.637, 438.113, 437.545, 436.933, 436.272, 435.56, 434.793, 433.979, 433.113, 432.194, 431.217, 430.18, 429.077, 427.906, 426.662, 425.34, 423.936, 422.444, 420.858, 419.174, 417.385, 415.484, 413.464, 411.319, 409.039, 406.618, 404.045, 401.311, 398.407, 395.322, 392.044, 388.561, 384.861, 380.93, 376.754, 372.317, 367.603, 362.596, 357.275, 351.622, 345.617, 339.237, 332.458, 325.257, 317.605, 309.477, 300.841, 300.075, 300.007, 300.001, 300, 300, 300, 300, 300, 300, 300, 300, 300, 300, 300, 300, 300, 300, 300, 300, 300, 300, 300, 300, 300, 300, 300, 300, 300, 300, 
443.2, 443.2, 443.19, 443.169, 443.138, 443.094, 443.037, 442.967, 442.882, 442.783, 442.667, 442.533, 442.382, 442.211, 442.019, 441.806, 441.569, 441.307, 441.019, 440.703, 440.357, 439.98, 439.569, 439.123, 438.638, 438.114, 437.546, 436.934, 436.273, 435.561, 434.794, 433.98, 433.114, 432.195, 431.218, 430.181, 429.078, 427.907, 426.663, 425.341, 423.936, 422.444, 420.859, 419.175, 417.386, 415.485, 413.465, 411.32, 409.04, 406.618, 404.045, 401.312, 398.408, 395.322, 392.044, 388.562, 384.862, 380.931, 376.755, 372.318, 367.604, 362.596, 357.275, 351.623, 345.617, 339.237, 332.458, 325.257, 317.606, 309.477, 300.841, 300.075, 300.007, 300.001, 300, 300, 300, 300, 300, 300, 300, 300, 300, 300, 300, 300, 300, 300, 300, 300, 300, 300, 300, 300, 300, 300, 300, 300, 300, 300, 
443.201, 443.201, 443.191, 443.171, 443.139, 443.095, 443.038, 442.968, 442.884, 442.784, 442.668, 442.535, 442.383, 442.212, 442.02, 441.807, 441.57, 441.308, 441.02, 440.704, 440.358, 439.981, 439.57, 439.124, 438.639, 438.115, 437.547, 436.935, 436.274, 435.562, 434.795, 433.981, 433.115, 432.196, 431.219, 430.182, 429.079, 427.908, 426.664, 425.342, 423.937, 422.445, 420.86, 419.176, 417.387, 415.486, 413.466, 411.32, 409.041, 406.619, 404.046, 401.312, 398.408, 395.323, 392.045, 388.562, 384.862, 380.931, 376.755, 372.318, 367.604, 362.596, 357.276, 351.623, 345.617, 339.237, 332.459, 325.257, 317.606, 309.477, 300.841, 300.075, 300.007, 300.001, 300, 300, 300, 300, 300, 300, 300, 300, 300, 300, 300, 300, 300, 300, 300, 300, 300, 300, 300, 300, 300, 300, 300, 300, 300, 300, 
443.202, 443.202, 443.192, 443.172, 443.14, 443.096, 443.039, 442.969, 442.885, 442.785, 442.669, 442.536, 442.384, 442.213, 442.021, 441.808, 441.571, 441.309, 441.021, 440.705, 440.359, 439.982, 439.571, 439.125, 438.64, 438.116, 437.548, 436.936, 436.275, 435.563, 434.796, 433.981, 433.116, 432.197, 431.22, 430.183, 429.08, 427.909, 426.665, 425.343, 423.938, 422.446, 420.861, 419.177, 417.387, 415.486, 413.467, 411.321, 409.042, 406.62, 404.047, 401.313, 398.409, 395.323, 392.045, 388.563, 384.863, 380.932, 376.756, 372.319, 367.605, 362.597, 357.276, 351.623, 345.618, 339.237, 332.459, 325.257, 317.606, 309.477, 300.841, 300.075, 300.007, 300.001, 300, 300, 300, 300, 300, 300, 300, 300, 300, 300, 300, 300, 300, 300, 300, 300, 300, 300, 300, 300, 300, 300, 300, 300, 300, 300, 
443.203, 443.203, 443.193, 443.173, 443.141, 443.097, 443.04, 442.97, 442.886, 442.786, 442.67, 442.537, 442.385, 442.214, 442.022, 441.809, 441.572, 441.31, 441.022, 440.706, 440.36, 439.983, 439.572, 439.126, 438.641, 438.117, 437.549, 436.937, 436.276, 435.564, 434.797, 433.982, 433.117, 432.198, 431.221, 430.183, 429.081, 427.91, 426.666, 425.344, 423.939, 422.447, 420.862, 419.177, 417.388, 415.487, 413.468, 411.322, 409.042, 406.62, 404.047, 401.314, 398.41, 395.324, 392.046, 388.563, 384.863, 380.932, 376.756, 372.319, 367.605, 362.597, 357.276, 351.624, 345.618, 339.238, 332.459, 325.257, 317.606, 309.477, 300.841, 300.075, 300.007, 300.001, 300, 300, 300, 300, 300, 300, 300, 300, 300, 300, 300, 300, 300, 300, 300, 300, 300, 300, 300, 300, 300, 300, 300, 300, 300, 300, 
443.204, 443.204, 443.194, 443.174, 443.142, 443.098, 443.041, 442.971, 442.887, 442.787, 442.671, 442.538, 442.386, 442.215, 442.023, 441.81, 441.573, 441.311, 441.023, 440.707, 440.361, 439.984, 439.573, 439.127, 438.642, 438.118, 437.55, 436.938, 436.277, 435.565, 434.798, 433.983, 433.118, 432.199, 431.222, 430.184, 429.082, 427.911, 426.666, 425.344, 423.94, 422.448, 420.862, 419.178, 417.389, 415.488, 413.468, 411.323, 409.043, 406.621, 404.048, 401.314, 398.41, 395.325, 392.047, 388.564, 384.864, 380.933, 376.757, 372.32, 367.606, 362.597, 357.277, 351.624, 345.618, 339.238, 332.459, 325.257, 317.606, 309.477, 300.841, 300.075, 300.007, 300.001, 300, 300, 300, 300, 300, 300, 300, 300, 300, 300, 300, 300, 300, 300, 300, 300, 300, 300, 300, 300, 300, 300, 300, 300, 300, 300, 
443.205, 443.205, 443.195, 443.175, 443.143, 443.099, 443.042, 442.972, 442.888, 442.788, 442.672, 442.539, 442.387, 442.216, 442.024, 441.811, 441.574, 441.312, 441.024, 440.708, 440.362, 439.985, 439.574, 439.128, 438.643, 438.119, 437.551, 436.939, 436.278, 435.565, 434.799, 433.984, 433.119, 432.2, 431.223, 430.185, 429.083, 427.912, 426.667, 425.345, 423.941, 422.449, 420.863, 419.179, 417.39, 415.489, 413.469, 411.323, 409.044, 406.622, 404.049, 401.315, 398.411, 395.325, 392.047, 388.564, 384.864, 380.933, 376.757, 372.32, 367.606, 362.598, 357.277, 351.624, 345.619, 339.238, 332.459, 325.257, 317.606, 309.477, 300.841, 300.075, 300.007, 300.001, 300, 300, 300, 300, 300, 300, 300, 300, 300, 300, 300, 300, 300, 300, 300, 300, 300, 300, 300, 300, 300, 300, 300, 300, 300, 300, 
443.206, 443.206, 443.196, 443.176, 443.144, 443.1, 443.043, 442.973, 442.889, 442.789, 442.673, 442.54, 442.388, 442.217, 442.025, 441.812, 441.575, 441.313, 441.025, 440.709, 440.363, 439.986, 439.575, 439.129, 438.644, 438.12, 437.552, 436.94, 436.279, 435.566, 434.8, 433.985, 433.12, 432.2, 431.224, 430.186, 429.084, 427.912, 426.668, 425.346, 423.942, 422.449, 420.864, 419.18, 417.39, 415.489, 413.47, 411.324, 409.044, 406.622, 404.049, 401.316, 398.411, 395.326, 392.048, 388.565, 384.865, 380.934, 376.757, 372.32, 367.606, 362.598, 357.277, 351.624, 345.619, 339.238, 332.459, 325.258, 317.606, 309.477, 300.841, 300.075, 300.007, 300.001, 300, 300, 300, 300, 300, 300, 300, 300, 300, 300, 300, 300, 300, 300, 300, 300, 300, 300, 300, 300, 300, 300, 300, 300, 300, 300, 
443.207, 443.207, 443.197, 443.177, 443.145, 443.101, 443.044, 442.974, 442.89, 442.79, 442.674, 442.541, 442.389, 442.218, 442.026, 441.813, 441.576, 441.314, 441.026, 440.71, 440.364, 439.987, 439.576, 439.129, 438.645, 438.12, 437.553, 436.94, 436.279, 435.567, 434.801, 433.986, 433.121, 432.201, 431.225, 430.187, 429.084, 427.913, 426.669, 425.347, 423.942, 422.45, 420.865, 419.181, 417.391, 415.49, 413.47, 411.325, 409.045, 406.623, 404.05, 401.316, 398.412, 395.326, 392.048, 388.566, 384.865, 380.934, 376.758, 372.321, 367.607, 362.599, 357.278, 351.625, 345.619, 339.238, 332.46, 325.258, 317.606, 309.477, 300.841, 300.075, 300.007, 300.001, 300, 300, 300, 300, 300, 300, 300, 300, 300, 300, 300, 300, 300, 300, 300, 300, 300, 300, 300, 300, 300, 300, 300, 300, 300, 300, 
443.208, 443.208, 443.198, 443.177, 443.146, 443.102, 443.045, 442.975, 442.89, 442.791, 442.675, 442.541, 442.39, 442.219, 442.027, 441.814, 441.577, 441.315, 441.027, 440.711, 440.365, 439.988, 439.577, 439.13, 438.646, 438.121, 437.554, 436.941, 436.28, 435.568, 434.801, 433.987, 433.122, 432.202, 431.225, 430.188, 429.085, 427.914, 426.67, 425.348, 423.943, 422.451, 420.866, 419.181, 417.392, 415.491, 413.471, 411.325, 409.046, 406.624, 404.051, 401.317, 398.413, 395.327, 392.049, 388.566, 384.866, 380.935, 376.758, 372.321, 367.607, 362.599, 357.278, 351.625, 345.619, 339.239, 332.46, 325.258, 317.606, 309.477, 300.841, 300.075, 300.007, 300.001, 300, 300, 300, 300, 300, 300, 300, 300, 300, 300, 300, 300, 300, 300, 300, 300, 300, 300, 300, 300, 300, 300, 300, 300, 300, 300, 
443.209, 443.209, 443.199, 443.178, 443.147, 443.103, 443.046, 442.976, 442.891, 442.792, 442.676, 442.542, 442.391, 442.22, 442.028, 441.815, 441.578, 441.316, 441.028, 440.712, 440.366, 439.989, 439.578, 439.131, 438.647, 438.122, 437.555, 436.942, 436.281, 435.569, 434.802, 433.988, 433.122, 432.203, 431.226, 430.189, 429.086, 427.915, 426.67, 425.348, 423.944, 422.452, 420.866, 419.182, 417.393, 415.492, 413.472, 411.326, 409.046, 406.624, 404.051, 401.318, 398.413, 395.328, 392.049, 388.567, 384.866, 380.935, 376.759, 372.322, 367.608, 362.599, 357.278, 351.625, 345.619, 339.239, 332.46, 325.258, 317.606, 309.477, 300.841, 300.075, 300.007, 300.001, 300, 300, 300, 300, 300, 300, 300, 300, 300, 300, 300, 300, 300, 300, 300, 300, 300, 300, 300, 300, 300, 300, 300, 300, 300, 300, 
443.21, 443.21, 443.2, 443.179, 443.147, 443.104, 443.047, 442.977, 442.892, 442.792, 442.676, 442.543, 442.392, 442.221, 442.029, 441.815, 441.578, 441.317, 441.029, 440.713, 440.367, 439.99, 439.579, 439.132, 438.648, 438.123, 437.556, 436.943, 436.282, 435.57, 434.803, 433.989, 433.123, 432.204, 431.227, 430.189, 429.087, 427.916, 426.671, 425.349, 423.945, 422.452, 420.867, 419.183, 417.393, 415.492, 413.472, 411.327, 409.047, 406.625, 404.052, 401.318, 398.414, 395.328, 392.05, 388.567, 384.867, 380.936, 376.759, 372.322, 367.608, 362.6, 357.279, 351.626, 345.62, 339.239, 332.46, 325.258, 317.607, 309.477, 300.841, 300.075, 300.007, 300.001, 300, 300, 300, 300, 300, 300, 300, 300, 300, 300, 300, 300, 300, 300, 300, 300, 300, 300, 300, 300, 300, 300, 300, 300, 300, 300, 
443.211, 443.211, 443.201, 443.18, 443.148, 443.104, 443.048, 442.978, 442.893, 442.793, 442.677, 442.544, 442.393, 442.222, 442.03, 441.816, 441.579, 441.318, 441.03, 440.713, 440.368, 439.99, 439.579, 439.133, 438.649, 438.124, 437.557, 436.944, 436.283, 435.571, 434.804, 433.989, 433.124, 432.205, 431.228, 430.19, 429.088, 427.916, 426.672, 425.35, 423.945, 422.453, 420.868, 419.183, 417.394, 415.493, 413.473, 411.327, 409.048, 406.626, 404.052, 401.319, 398.414, 395.329, 392.05, 388.567, 384.867, 380.936, 376.76, 372.322, 367.608, 362.6, 357.279, 351.626, 345.62, 339.239, 332.46, 325.258, 317.607, 309.477, 300.841, 300.075, 300.007, 300.001, 300, 300, 300, 300, 300, 300, 300, 300, 300, 300, 300, 300, 300, 300, 300, 300, 300, 300, 300, 300, 300, 300, 300, 300, 300, 300, 
443.212, 443.212, 443.202, 443.181, 443.149, 443.105, 443.049, 442.979, 442.894, 442.794, 442.678, 442.545, 442.393, 442.222, 442.031, 441.817, 441.58, 441.318, 441.03, 440.714, 440.369, 439.991, 439.58, 439.134, 438.649, 438.125, 437.557, 436.945, 436.284, 435.571, 434.805, 433.99, 433.125, 432.205, 431.229, 430.191, 429.088, 427.917, 426.673, 425.351, 423.946, 422.454, 420.868, 419.184, 417.395, 415.494, 413.474, 411.328, 409.048, 406.626, 404.053, 401.319, 398.415, 395.329, 392.051, 388.568, 384.868, 380.937, 376.76, 372.323, 367.609, 362.6, 357.279, 351.626, 345.62, 339.239, 332.46, 325.258, 317.607, 309.477, 300.841, 300.075, 300.007, 300.001, 300, 300, 300, 300, 300, 300, 300, 300, 300, 300, 300, 300, 300, 300, 300, 300, 300, 300, 300, 300, 300, 300, 300, 300, 300, 300, 
443.213, 443.213, 443.203, 443.182, 443.15, 443.106, 443.05, 442.979, 442.895, 442.795, 442.679, 442.546, 442.394, 442.223, 442.032, 441.818, 441.581, 441.319, 441.031, 440.715, 440.369, 439.992, 439.581, 439.135, 438.65, 438.126, 437.558, 436.945, 436.284, 435.572, 434.805, 433.991, 433.126, 432.206, 431.229, 430.192, 429.089, 427.918, 426.673, 425.351, 423.947, 422.454, 420.869, 419.185, 417.395, 415.494, 413.474, 411.329, 409.049, 406.627, 404.054, 401.32, 398.415, 395.33, 392.051, 388.568, 384.868, 380.937, 376.76, 372.323, 367.609, 362.6, 357.279, 351.626, 345.62, 339.24, 332.461, 325.258, 317.607, 309.478, 300.841, 300.075, 300.007, 300.001, 300, 300, 300, 300, 300, 300, 300, 300, 300, 300, 300, 300, 300, 300, 300, 300, 300, 300, 300, 300, 300, 300, 300, 300, 300, 300, 
443.213, 443.213, 443.203, 443.183, 443.151, 443.107, 443.05, 442.98, 442.896, 442.796, 442.68, 442.547, 442.395, 442.224, 442.032, 441.819, 441.582, 441.32, 441.032, 440.716, 440.37, 439.993, 439.582, 439.135, 438.651, 438.126, 437.559, 436.946, 436.285, 435.573, 434.806, 433.992, 433.126, 432.207, 431.23, 430.192, 429.09, 427.919, 426.674, 425.352, 423.947, 422.455, 420.87, 419.185, 417.396, 415.495, 413.475, 411.329, 409.049, 406.627, 404.054, 401.32, 398.416, 395.33, 392.052, 388.569, 384.869, 380.937, 376.761, 372.323, 367.609, 362.601, 357.28, 351.627, 345.621, 339.24, 332.461, 325.259, 317.607, 309.478, 300.841, 300.075, 300.007, 300.001, 300, 300, 300, 300, 300, 300, 300, 300, 300, 300, 300, 300, 300, 300, 300, 300, 300, 300, 300, 300, 300, 300, 300, 300, 300, 300, 
443.214, 443.214, 443.204, 443.184, 443.152, 443.108, 443.051, 442.981, 442.897, 442.797, 442.681, 442.547, 442.396, 442.225, 442.033, 441.82, 441.583, 441.321, 441.033, 440.717, 440.371, 439.994, 439.583, 439.136, 438.652, 438.127, 437.56, 436.947, 436.286, 435.574, 434.807, 433.992, 433.127, 432.208, 431.231, 430.193, 429.091, 427.919, 426.675, 425.353, 423.948, 422.456, 420.87, 419.186, 417.397, 415.495, 413.476, 411.33, 409.05, 406.628, 404.055, 401.321, 398.416, 395.331, 392.052, 388.569, 384.869, 380.938, 376.761, 372.324, 367.61, 362.601, 357.28, 351.627, 345.621, 339.24, 332.461, 325.259, 317.607, 309.478, 300.841, 300.075, 300.007, 300.001, 300, 300, 300, 300, 300, 300, 300, 300, 300, 300, 300, 300, 300, 300, 300, 300, 300, 300, 300, 300, 300, 300, 300, 300, 300, 300, 
443.215, 443.215, 443.205, 443.184, 443.152, 443.109, 443.052, 442.982, 442.897, 442.798, 442.682, 442.548, 442.397, 442.226, 442.034, 441.82, 441.583, 441.322, 441.034, 440.718, 440.372, 439.994, 439.584, 439.137, 438.653, 438.128, 437.561, 436.948, 436.287, 435.574, 434.808, 433.993, 433.128, 432.208, 431.232, 430.194, 429.091, 427.92, 426.675, 425.353, 423.949, 422.456, 420.871, 419.187, 417.397, 415.496, 413.476, 411.33, 409.051, 406.628, 404.055, 401.321, 398.417, 395.331, 392.053, 388.57, 384.869, 380.938, 376.761, 372.324, 367.61, 362.601, 357.28, 351.627, 345.621, 339.24, 332.461, 325.259, 317.607, 309.478, 300.841, 300.075, 300.007, 300.001, 300, 300, 300, 300, 300, 300, 300, 300, 300, 300, 300, 300, 300, 300, 300, 300, 300, 300, 300, 300, 300, 300, 300, 300, 300, 300, 
443.216, 443.216, 443.206, 443.185, 443.153, 443.109, 443.053, 442.983, 442.898, 442.798, 442.682, 442.549, 442.398, 442.227, 442.035, 441.821, 441.584, 441.322, 441.034, 440.718, 440.373, 439.995, 439.584, 439.138, 438.653, 438.129, 437.561, 436.949, 436.287, 435.575, 434.808, 433.994, 433.128, 432.209, 431.232, 430.194, 429.092, 427.921, 426.676, 425.354, 423.949, 422.457, 420.872, 419.187, 417.398, 415.497, 413.477, 411.331, 409.051, 406.629, 404.056, 401.322, 398.417, 395.332, 392.053, 388.57, 384.87, 380.939, 376.762, 372.325, 367.61, 362.602, 357.281, 351.627, 345.621, 339.24, 332.461, 325.259, 317.607, 309.478, 300.841, 300.075, 300.007, 300.001, 300, 300, 300, 300, 300, 300, 300, 300, 300, 300, 300, 300, 300, 300, 300, 300, 300, 300, 300, 300, 300, 300, 300, 300, 300, 300, 
443.217, 443.217, 443.207, 443.186, 443.154, 443.11, 443.054, 442.983, 442.899, 442.799, 442.683, 442.55, 442.398, 442.227, 442.036, 441.822, 441.585, 441.323, 441.035, 440.719, 440.373, 439.996, 439.585, 439.138, 438.654, 438.129, 437.562, 436.949, 436.288, 435.576, 434.809, 433.995, 433.129, 432.21, 431.233, 430.195, 429.093, 427.921, 426.677, 425.355, 423.95, 422.458, 420.872, 419.188, 417.398, 415.497, 413.477, 411.331, 409.052, 406.63, 404.056, 401.322, 398.418, 395.332, 392.054, 388.571, 384.87, 380.939, 376.762, 372.325, 367.611, 362.602, 357.281, 351.628, 345.621, 339.241, 332.461, 325.259, 317.607, 309.478, 300.841, 300.075, 300.007, 300.001, 300, 300, 300, 300, 300, 300, 300, 300, 300, 300, 300, 300, 300, 300, 300, 300, 300, 300, 300, 300, 300, 300, 300, 300, 300, 300, 
443.217, 443.217, 443.207, 443.187, 443.155, 443.111, 443.054, 442.984, 442.9, 442.8, 442.684, 442.551, 442.399, 442.228, 442.036, 441.823, 441.586, 441.324, 441.036, 440.72, 440.374, 439.997, 439.586, 439.139, 438.655, 438.13, 437.563, 436.95, 436.289, 435.577, 434.81, 433.995, 433.13, 432.21, 431.234, 430.196, 429.093, 427.922, 426.677, 425.355, 423.951, 422.458, 420.873, 419.189, 417.399, 415.498, 413.478, 411.332, 409.052, 406.63, 404.057, 401.323, 398.418, 395.332, 392.054, 388.571, 384.871, 380.939, 376.763, 372.325, 367.611, 362.602, 357.281, 351.628, 345.622, 339.241, 332.461, 325.259, 317.607, 309.478, 300.841, 300.075, 300.007, 300.001, 300, 300, 300, 300, 300, 300, 300, 300, 300, 300, 300, 300, 300, 300, 300, 300, 300, 300, 300, 300, 300, 300, 300, 300, 300, 300, 
443.218, 443.218, 443.208, 443.187, 443.156, 443.112, 443.055, 442.985, 442.9, 442.801, 442.685, 442.551, 442.4, 442.229, 442.037, 441.823, 441.586, 441.325, 441.037, 440.721, 440.375, 439.997, 439.587, 439.14, 438.656, 438.131, 437.563, 436.951, 436.29, 435.577, 434.811, 433.996, 433.131, 432.211, 431.234, 430.196, 429.094, 427.923, 426.678, 425.356, 423.951, 422.459, 420.874, 419.189, 417.4, 415.498, 413.479, 411.333, 409.053, 406.631, 404.057, 401.323, 398.419, 395.333, 392.055, 388.571, 384.871, 380.94, 376.763, 372.326, 367.611, 362.603, 357.281, 351.628, 345.622, 339.241, 332.462, 325.259, 317.607, 309.478, 300.841, 300.075, 300.007, 300.001, 300, 300, 300, 300, 300, 300, 300, 300, 300, 300, 300, 300, 300, 300, 300, 300, 300, 300, 300, 300, 300, 300, 300, 300, 300, 300, 
443.219, 443.219, 443.209, 443.188, 443.156, 443.112, 443.056, 442.986, 442.901, 442.801, 442.685, 442.552, 442.401, 442.23, 442.038, 441.824, 441.587, 441.325, 441.037, 440.721, 440.376, 439.998, 439.587, 439.141, 438.656, 438.132, 437.564, 436.951, 436.29, 435.578, 434.811, 433.997, 433.131, 432.212, 431.235, 430.197, 429.095, 427.923, 426.679, 425.357, 423.952, 422.46, 420.874, 419.19, 417.4, 415.499, 413.479, 411.333, 409.053, 406.631, 404.058, 401.324, 398.419, 395.333, 392.055, 388.572, 384.871, 380.94, 376.763, 372.326, 367.611, 362.603, 357.282, 351.628, 345.622, 339.241, 332.462, 325.259, 317.607, 309.478, 300.841, 300.075, 300.007, 300.001, 300, 300, 300, 300, 300, 300, 300, 300, 300, 300, 300, 300, 300, 300, 300, 300, 300, 300, 300, 300, 300, 300, 300, 300, 300, 300, 
443.22, 443.22, 443.21, 443.189, 443.157, 443.113, 443.057, 442.986, 442.902, 442.802, 442.686, 442.553, 442.401, 442.23, 442.039, 441.825, 441.588, 441.326, 441.038, 440.722, 440.376, 439.999, 439.588, 439.141, 438.657, 438.132, 437.565, 436.952, 436.291, 435.579, 434.812, 433.997, 433.132, 432.212, 431.236, 430.198, 429.095, 427.924, 426.679, 425.357, 423.953, 422.46, 420.875, 419.19, 417.401, 415.499, 413.48, 411.334, 409.054, 406.632, 404.058, 401.324, 398.42, 395.334, 392.055, 388.572, 384.872, 380.94, 376.764, 372.326, 367.612, 362.603, 357.282, 351.628, 345.622, 339.241, 332.462, 325.259, 317.607, 309.478, 300.841, 300.075, 300.007, 300.001, 300, 300, 300, 300, 300, 300, 300, 300, 300, 300, 300, 300, 300, 300, 300, 300, 300, 300, 300, 300, 300, 300, 300, 300, 300, 300, 
443.22, 443.22, 443.21, 443.19, 443.158, 443.114, 443.057, 442.987, 442.903, 442.803, 442.687, 442.554, 442.402, 442.231, 442.039, 441.826, 441.589, 441.327, 441.039, 440.723, 440.377, 440, 439.589, 439.142, 438.658, 438.133, 437.566, 436.953, 436.292, 435.579, 434.813, 433.998, 433.133, 432.213, 431.236, 430.198, 429.096, 427.924, 426.68, 425.358, 423.953, 422.461, 420.875, 419.191, 417.401, 415.5, 413.48, 411.334, 409.054, 406.632, 404.059, 401.325, 398.42, 395.334, 392.056, 388.573, 384.872, 380.941, 376.764, 372.326, 367.612, 362.603, 357.282, 351.629, 345.622, 339.241, 332.462, 325.26, 317.608, 309.478, 300.841, 300.075, 300.007, 300.001, 300, 300, 300, 300, 300, 300, 300, 300, 300, 300, 300, 300, 300, 300, 300, 300, 300, 300, 300, 300, 300, 300, 300, 300, 300, 300, 
443.221, 443.221, 443.211, 443.19, 443.158, 443.115, 443.058, 442.988, 442.903, 442.803, 442.687, 442.554, 442.403, 442.232, 442.04, 441.826, 441.589, 441.328, 441.039, 440.723, 440.378, 440, 439.589, 439.143, 438.658, 438.134, 437.566, 436.953, 436.292, 435.58, 434.813, 433.999, 433.133, 432.214, 431.237, 430.199, 429.096, 427.925, 426.681, 425.358, 423.954, 422.461, 420.876, 419.191, 417.402, 415.501, 413.481, 411.335, 409.055, 406.633, 404.059, 401.325, 398.421, 395.335, 392.056, 388.573, 384.873, 380.941, 376.764, 372.327, 367.612, 362.604, 357.282, 351.629, 345.623, 339.241, 332.462, 325.26, 317.608, 309.478, 300.841, 300.075, 300.007, 300.001, 300, 300, 300, 300, 300, 300, 300, 300, 300, 300, 300, 300, 300, 300, 300, 300, 300, 300, 300, 300, 300, 300, 300, 300, 300, 300, 
443.222, 443.222, 443.212, 443.191, 443.159, 443.115, 443.059, 442.988, 442.904, 442.804, 442.688, 442.555, 442.403, 442.232, 442.041, 441.827, 441.59, 441.328, 441.04, 440.724, 440.378, 440.001, 439.59, 439.143, 438.659, 438.134, 437.567, 436.954, 436.293, 435.581, 434.814, 433.999, 433.134, 432.214, 431.237, 430.2, 429.097, 427.926, 426.681, 425.359, 423.954, 422.462, 420.876, 419.192, 417.402, 415.501, 413.481, 411.335, 409.055, 406.633, 404.06, 401.326, 398.421, 395.335, 392.057, 388.573, 384.873, 380.941, 376.765, 372.327, 367.613, 362.604, 357.283, 351.629, 345.623, 339.242, 332.462, 325.26, 317.608, 309.478, 300.841, 300.075, 300.007, 300.001, 300, 300, 300, 300, 300, 300, 300, 300, 300, 300, 300, 300, 300, 300, 300, 300, 300, 300, 300, 300, 300, 300, 300, 300, 300, 300, 
443.222, 443.222, 443.212, 443.192, 443.16, 443.116, 443.059, 442.989, 442.905, 442.805, 442.689, 442.556, 442.404, 442.233, 442.041, 441.828, 441.591, 441.329, 441.041, 440.725, 440.379, 440.002, 439.591, 439.144, 438.66, 438.135, 437.567, 436.955, 436.294, 435.581, 434.814, 434, 433.134, 432.215, 431.238, 430.2, 429.098, 427.926, 426.682, 425.359, 423.955, 422.462, 420.877, 419.192, 417.403, 415.502, 413.482, 411.336, 409.056, 406.633, 404.06, 401.326, 398.421, 395.335, 392.057, 388.574, 384.873, 380.942, 376.765, 372.327, 367.613, 362.604, 357.283, 351.629, 345.623, 339.242, 332.462, 325.26, 317.608, 309.478, 300.841, 300.075, 300.007, 300.001, 300, 300, 300, 300, 300, 300, 300, 300, 300, 300, 300, 300, 300, 300, 300, 300, 300, 300, 300, 300, 300, 300, 300, 300, 300, 300, 
443.223, 443.223, 443.213, 443.192, 443.16, 443.117, 443.06, 442.99, 442.905, 442.806, 442.689, 442.556, 442.405, 442.234, 442.042, 441.828, 441.591, 441.33, 441.041, 440.725, 440.38, 440.002, 439.591, 439.145, 438.66, 438.136, 437.568, 436.955, 436.294, 435.582, 434.815, 434, 433.135, 432.215, 431.239, 430.201, 429.098, 427.927, 426.682, 425.36, 423.955, 422.463, 420.877, 419.193, 417.403, 415.502, 413.482, 411.336, 409.056, 406.634, 404.06, 401.326, 398.422, 395.336, 392.057, 388.574, 384.874, 380.942, 376.765, 372.328, 367.613, 362.604, 357.283, 351.629, 345.623, 339.242, 332.462, 325.26, 317.608, 309.478, 300.841, 300.075, 300.007, 300.001, 300, 300, 300, 300, 300, 300, 300, 300, 300, 300, 300, 300, 300, 300, 300, 300, 300, 300, 300, 300, 300, 300, 300, 300, 300, 300, 
443.224, 443.224, 443.214, 443.193, 443.161, 443.117, 443.061, 442.99, 442.906, 442.806, 442.69, 442.557, 442.405, 442.234, 442.043, 441.829, 441.592, 441.33, 441.042, 440.726, 440.38, 440.003, 439.592, 439.145, 438.661, 438.136, 437.569, 436.956, 436.295, 435.582, 434.816, 434.001, 433.136, 432.216, 431.239, 430.201, 429.099, 427.927, 426.683, 425.361, 423.956, 422.463, 420.878, 419.193, 417.404, 415.503, 413.483, 411.337, 409.057, 406.634, 404.061, 401.327, 398.422, 395.336, 392.058, 388.574, 384.874, 380.942, 376.765, 372.328, 367.613, 362.605, 357.283, 351.63, 345.623, 339.242, 332.463, 325.26, 317.608, 309.478, 300.841, 300.075, 300.007, 300.001, 300, 300, 300, 300, 300, 300, 300, 300, 300, 300, 300, 300, 300, 300, 300, 300, 300, 300, 300, 300, 300, 300, 300, 300, 300, 300, 
443.224, 443.224, 443.214, 443.194, 443.162, 443.118, 443.061, 442.991, 442.907, 442.807, 442.691, 442.558, 442.406, 442.235, 442.043, 441.83, 441.593, 441.331, 441.043, 440.727, 440.381, 440.003, 439.592, 439.146, 438.661, 438.137, 437.569, 436.956, 436.295, 435.583, 434.816, 434.002, 433.136, 432.217, 431.24, 430.202, 429.099, 427.928, 426.683, 425.361, 423.956, 422.464, 420.878, 419.194, 417.404, 415.503, 413.483, 411.337, 409.057, 406.635, 404.061, 401.327, 398.423, 395.337, 392.058, 388.575, 384.874, 380.943, 376.766, 372.328, 367.614, 362.605, 357.283, 351.63, 345.623, 339.242, 332.463, 325.26, 317.608, 309.478, 300.841, 300.075, 300.007, 300.001, 300, 300, 300, 300, 300, 300, 300, 300, 300, 300, 300, 300, 300, 300, 300, 300, 300, 300, 300, 300, 300, 300, 300, 300, 300, 300, 
443.225, 443.225, 443.215, 443.194, 443.162, 443.119, 443.062, 442.992, 442.907, 442.807, 442.691, 442.558, 442.407, 442.236, 442.044, 441.83, 441.593, 441.331, 441.043, 440.727, 440.381, 440.004, 439.593, 439.146, 438.662, 438.137, 437.57, 436.957, 436.296, 435.584, 434.817, 434.002, 433.137, 432.217, 431.24, 430.202, 429.1, 427.928, 426.684, 425.362, 423.957, 422.464, 420.879, 419.194, 417.405, 415.503, 413.484, 411.337, 409.057, 406.635, 404.062, 401.328, 398.423, 395.337, 392.058, 388.575, 384.875, 380.943, 376.766, 372.328, 367.614, 362.605, 357.284, 351.63, 345.624, 339.242, 332.463, 325.26, 317.608, 309.478, 300.841, 300.075, 300.007, 300.001, 300, 300, 300, 300, 300, 300, 300, 300, 300, 300, 300, 300, 300, 300, 300, 300, 300, 300, 300, 300, 300, 300, 300, 300, 300, 300, 
443.226, 443.226, 443.216, 443.195, 443.163, 443.119, 443.063, 442.992, 442.908, 442.808, 442.692, 442.559, 442.407, 442.236, 442.044, 441.831, 441.594, 441.332, 441.044, 440.728, 440.382, 440.005, 439.594, 439.147, 438.663, 438.138, 437.57, 436.958, 436.297, 435.584, 434.817, 434.003, 433.137, 432.218, 431.241, 430.203, 429.1, 427.929, 426.684, 425.362, 423.957, 422.465, 420.879, 419.195, 417.405, 415.504, 413.484, 411.338, 409.058, 406.636, 404.062, 401.328, 398.423, 395.337, 392.059, 388.576, 384.875, 380.943, 376.766, 372.329, 367.614, 362.605, 357.284, 351.63, 345.624, 339.242, 332.463, 325.26, 317.608, 309.478, 300.841, 300.075, 300.007, 300.001, 300, 300, 300, 300, 300, 300, 300, 300, 300, 300, 300, 300, 300, 300, 300, 300, 300, 300, 300, 300, 300, 300, 300, 300, 300, 300, 
443.226, 443.226, 443.216, 443.196, 443.164, 443.12, 443.063, 442.993, 442.908, 442.809, 442.693, 442.559, 442.408, 442.237, 442.045, 441.831, 441.594, 441.333, 441.044, 440.728, 440.383, 440.005, 439.594, 439.148, 438.663, 438.138, 437.571, 436.958, 436.297, 435.585, 434.818, 434.003, 433.138, 432.218, 431.241, 430.204, 429.101, 427.929, 426.685, 425.363, 423.958, 422.465, 420.88, 419.195, 417.406, 415.504, 413.484, 411.338, 409.058, 406.636, 404.063, 401.328, 398.424, 395.338, 392.059, 388.576, 384.875, 380.944, 376.767, 372.329, 367.614, 362.605, 357.284, 351.63, 345.624, 339.243, 332.463, 325.26, 317.608, 309.478, 300.841, 300.075, 300.007, 300.001, 300, 300, 300, 300, 300, 300, 300, 300, 300, 300, 300, 300, 300, 300, 300, 300, 300, 300, 300, 300, 300, 300, 300, 300, 300, 300, 
443.227, 443.227, 443.217, 443.196, 443.164, 443.12, 443.064, 442.994, 442.909, 442.809, 442.693, 442.56, 442.408, 442.237, 442.046, 441.832, 441.595, 441.333, 441.045, 440.729, 440.383, 440.006, 439.595, 439.148, 438.664, 438.139, 437.572, 436.959, 436.298, 435.585, 434.819, 434.004, 433.138, 432.219, 431.242, 430.204, 429.101, 427.93, 426.685, 425.363, 423.958, 422.466, 420.88, 419.196, 417.406, 415.505, 413.485, 411.339, 409.059, 406.636, 404.063, 401.329, 398.424, 395.338, 392.059, 388.576, 384.876, 380.944, 376.767, 372.329, 367.615, 362.606, 357.284, 351.631, 345.624, 339.243, 332.463, 325.26, 317.608, 309.478, 300.841, 300.075, 300.007, 300.001, 300, 300, 300, 300, 300, 300, 300, 300, 300, 300, 300, 300, 300, 300, 300, 300, 300, 300, 300, 300, 300, 300, 300, 300, 300, 300, 
443.227, 443.227, 443.217, 443.197, 443.165, 443.121, 443.064, 442.994, 442.91, 442.81, 442.694, 442.561, 442.409, 442.238, 442.046, 441.833, 441.596, 441.334, 441.046, 440.73, 440.384, 440.006, 439.595, 439.149, 438.664, 438.14, 437.572, 436.959, 436.298, 435.586, 434.819, 434.004, 433.139, 432.219, 431.242, 430.205, 429.102, 427.93, 426.686, 425.364, 423.959, 422.466, 420.881, 419.196, 417.407, 415.505, 413.485, 411.339, 409.059, 406.637, 404.063, 401.329, 398.424, 395.338, 392.06, 388.576, 384.876, 380.944, 376.767, 372.329, 367.615, 362.606, 357.284, 351.631, 345.624, 339.243, 332.463, 325.26, 317.608, 309.478, 300.841, 300.075, 300.007, 300.001, 300, 300, 300, 300, 300, 300, 300, 300, 300, 300, 300, 300, 300, 300, 300, 300, 300, 300, 300, 300, 300, 300, 300, 300, 300, 300, 
443.228, 443.228, 443.218, 443.197, 443.165, 443.121, 443.065, 442.995, 442.91, 442.81, 442.694, 442.561, 442.41, 442.238, 442.047, 441.833, 441.596, 441.334, 441.046, 440.73, 440.384, 440.007, 439.596, 439.149, 438.665, 438.14, 437.573, 436.96, 436.299, 435.586, 434.82, 434.005, 433.139, 432.22, 431.243, 430.205, 429.102, 427.931, 426.686, 425.364, 423.959, 422.467, 420.881, 419.197, 417.407, 415.506, 413.486, 411.34, 409.06, 406.637, 404.064, 401.33, 398.425, 395.339, 392.06, 388.577, 384.876, 380.944, 376.767, 372.33, 367.615, 362.606, 357.285, 351.631, 345.624, 339.243, 332.463, 325.261, 317.608, 309.478, 300.841, 300.075, 300.007, 300.001, 300, 300, 300, 300, 300, 300, 300, 300, 300, 300, 300, 300, 300, 300, 300, 300, 300, 300, 300, 300, 300, 300, 300, 300, 300, 300, 
443.228, 443.228, 443.218, 443.198, 443.166, 443.122, 443.065, 442.995, 442.911, 442.811, 442.695, 442.562, 442.41, 442.239, 442.047, 441.834, 441.597, 441.335, 441.047, 440.731, 440.385, 440.007, 439.596, 439.15, 438.665, 438.141, 437.573, 436.96, 436.299, 435.587, 434.82, 434.005, 433.14, 432.22, 431.243, 430.206, 429.103, 427.931, 426.687, 425.365, 423.96, 422.467, 420.882, 419.197, 417.408, 415.506, 413.486, 411.34, 409.06, 406.638, 404.064, 401.33, 398.425, 395.339, 392.06, 388.577, 384.876, 380.945, 376.768, 372.33, 367.615, 362.606, 357.285, 351.631, 345.625, 339.243, 332.463, 325.261, 317.608, 309.478, 300.841, 300.075, 300.007, 300.001, 300, 300, 300, 300, 300, 300, 300, 300, 300, 300, 300, 300, 300, 300, 300, 300, 300, 300, 300, 300, 300, 300, 300, 300, 300, 300, 
443.229, 443.229, 443.219, 443.198, 443.166, 443.123, 443.066, 442.996, 442.911, 442.811, 442.695, 442.562, 442.411, 442.24, 442.048, 441.834, 441.597, 441.335, 441.047, 440.731, 440.385, 440.008, 439.597, 439.15, 438.666, 438.141, 437.574, 436.961, 436.3, 435.587, 434.821, 434.006, 433.14, 432.221, 431.244, 430.206, 429.103, 427.932, 426.687, 425.365, 423.96, 422.468, 420.882, 419.198, 417.408, 415.507, 413.487, 411.34, 409.06, 406.638, 404.064, 401.33, 398.425, 395.339, 392.061, 388.577, 384.877, 380.945, 376.768, 372.33, 367.615, 362.607, 357.285, 351.631, 345.625, 339.243, 332.464, 325.261, 317.608, 309.478, 300.841, 300.075, 300.007, 300.001, 300, 300, 300, 300, 300, 300, 300, 300, 300, 300, 300, 300, 300, 300, 300, 300, 300, 300, 300, 300, 300, 300, 300, 300, 300, 300, 
443.23, 443.23, 443.22, 443.199, 443.167, 443.123, 443.066, 442.996, 442.912, 442.812, 442.696, 442.563, 442.411, 442.24, 442.048, 441.835, 441.598, 441.336, 441.048, 440.732, 440.386, 440.008, 439.598, 439.151, 438.666, 438.142, 437.574, 436.961, 436.3, 435.588, 434.821, 434.006, 433.141, 432.221, 431.244, 430.207, 429.104, 427.932, 426.688, 425.365, 423.961, 422.468, 420.883, 419.198, 417.408, 415.507, 413.487, 411.341, 409.061, 406.638, 404.065, 401.331, 398.426, 395.34, 392.061, 388.578, 384.877, 380.945, 376.768, 372.33, 367.616, 362.607, 357.285, 351.631, 345.625, 339.243, 332.464, 325.261, 317.608, 309.478, 300.841, 300.075, 300.007, 300.001, 300, 300, 300, 300, 300, 300, 300, 300, 300, 300, 300, 300, 300, 300, 300, 300, 300, 300, 300, 300, 300, 300, 300, 300, 300, 300, 
443.23, 443.23, 443.22, 443.199, 443.168, 443.124, 443.067, 442.997, 442.912, 442.813, 442.697, 442.563, 442.412, 442.241, 442.049, 441.835, 441.598, 441.336, 441.048, 440.732, 440.386, 440.009, 439.598, 439.151, 438.667, 438.142, 437.575, 436.962, 436.301, 435.588, 434.822, 434.007, 433.141, 432.222, 431.245, 430.207, 429.104, 427.933, 426.688, 425.366, 423.961, 422.469, 420.883, 419.198, 417.409, 415.507, 413.487, 411.341, 409.061, 406.639, 404.065, 401.331, 398.426, 395.34, 392.061, 388.578, 384.877, 380.946, 376.768, 372.331, 367.616, 362.607, 357.285, 351.632, 345.625, 339.243, 332.464, 325.261, 317.608, 309.478, 300.841, 300.075, 300.007, 300.001, 300, 300, 300, 300, 300, 300, 300, 300, 300, 300, 300, 300, 300, 300, 300, 300, 300, 300, 300, 300, 300, 300, 300, 300, 300, 300, 
443.231, 443.231, 443.221, 443.2, 443.168, 443.124, 443.068, 442.997, 442.913, 442.813, 442.697, 442.564, 442.412, 442.241, 442.049, 441.836, 441.599, 441.337, 441.049, 440.733, 440.387, 440.009, 439.599, 439.152, 438.667, 438.143, 437.575, 436.962, 436.301, 435.589, 434.822, 434.007, 433.142, 432.222, 431.245, 430.207, 429.105, 427.933, 426.689, 425.366, 423.962, 422.469, 420.883, 419.199, 417.409, 415.508, 413.488, 411.342, 409.061, 406.639, 404.065, 401.331, 398.426, 395.34, 392.062, 388.578, 384.878, 380.946, 376.769, 372.331, 367.616, 362.607, 357.285, 351.632, 345.625, 339.244, 332.464, 325.261, 317.608, 309.478, 300.841, 300.075, 300.007, 300.001, 300, 300, 300, 300, 300, 300, 300, 300, 300, 300, 300, 300, 300, 300, 300, 300, 300, 300, 300, 300, 300, 300, 300, 300, 300, 300, 
443.231, 443.231, 443.221, 443.2, 443.169, 443.125, 443.068, 442.998, 442.913, 442.814, 442.698, 442.564, 442.413, 442.242, 442.05, 441.836, 441.599, 441.337, 441.049, 440.733, 440.387, 440.01, 439.599, 439.152, 438.668, 438.143, 437.576, 436.963, 436.302, 435.589, 434.823, 434.008, 433.142, 432.223, 431.246, 430.208, 429.105, 427.934, 426.689, 425.367, 423.962, 422.469, 420.884, 419.199, 417.41, 415.508, 413.488, 411.342, 409.062, 406.639, 404.066, 401.332, 398.427, 395.341, 392.062, 388.579, 384.878, 380.946, 376.769, 372.331, 367.616, 362.607, 357.286, 351.632, 345.625, 339.244, 332.464, 325.261, 317.609, 309.478, 300.841, 300.075, 300.007, 300.001, 300, 300, 300, 300, 300, 300, 300, 300, 300, 300, 300, 300, 300, 300, 300, 300, 300, 300, 300, 300, 300, 300, 300, 300, 300, 300, 
443.232, 443.232, 443.222, 443.201, 443.169, 443.125, 443.069, 442.998, 442.914, 442.814, 442.698, 442.565, 442.413, 442.242, 442.05, 441.837, 441.6, 441.338, 441.05, 440.734, 440.388, 440.01, 439.599, 439.153, 438.668, 438.144, 437.576, 436.963, 436.302, 435.59, 434.823, 434.008, 433.143, 432.223, 431.246, 430.208, 429.106, 427.934, 426.69, 425.367, 423.962, 422.47, 420.884, 419.2, 417.41, 415.509, 413.488, 411.342, 409.062, 406.64, 404.066, 401.332, 398.427, 395.341, 392.062, 388.579, 384.878, 380.946, 376.769, 372.331, 367.617, 362.607, 357.286, 351.632, 345.625, 339.244, 332.464, 325.261, 317.609, 309.479, 300.841, 300.075, 300.007, 300.001, 300, 300, 300, 300, 300, 300, 300, 300, 300, 300, 300, 300, 300, 300, 300, 300, 300, 300, 300, 300, 300, 300, 300, 300, 300, 300, 
443.232, 443.232, 443.222, 443.201, 443.17, 443.126, 443.069, 442.999, 442.914, 442.815, 442.699, 442.565, 442.414, 442.243, 442.051, 441.837, 441.6, 441.338, 441.05, 440.734, 440.388, 440.011, 439.6, 439.153, 438.669, 438.144, 437.577, 436.964, 436.303, 435.59, 434.823, 434.009, 433.143, 432.224, 431.247, 430.209, 429.106, 427.935, 426.69, 425.368, 423.963, 422.47, 420.885, 419.2, 417.41, 415.509, 413.489, 411.343, 409.062, 406.64, 404.066, 401.332, 398.427, 395.341, 392.062, 388.579, 384.878, 380.947, 376.769, 372.332, 367.617, 362.608, 357.286, 351.632, 345.625, 339.244, 332.464, 325.261, 317.609, 309.479, 300.841, 300.075, 300.007, 300.001, 300, 300, 300, 300, 300, 300, 300, 300, 300, 300, 300, 300, 300, 300, 300, 300, 300, 300, 300, 300, 300, 300, 300, 300, 300, 300, 
443.233, 443.233, 443.223, 443.202, 443.17, 443.126, 443.07, 442.999, 442.915, 442.815, 442.699, 442.566, 442.414, 442.243, 442.051, 441.838, 441.601, 441.339, 441.051, 440.735, 440.389, 440.011, 439.6, 439.154, 438.669, 438.145, 437.577, 436.964, 436.303, 435.591, 434.824, 434.009, 433.144, 432.224, 431.247, 430.209, 429.106, 427.935, 426.69, 425.368, 423.963, 422.471, 420.885, 419.2, 417.411, 415.509, 413.489, 411.343, 409.063, 406.64, 404.067, 401.333, 398.428, 395.342, 392.063, 388.579, 384.879, 380.947, 376.77, 372.332, 367.617, 362.608, 357.286, 351.632, 345.626, 339.244, 332.464, 325.261, 317.609, 309.479, 300.841, 300.075, 300.007, 300.001, 300, 300, 300, 300, 300, 300, 300, 300, 300, 300, 300, 300, 300, 300, 300, 300, 300, 300, 300, 300, 300, 300, 300, 300, 300, 300, 
443.233, 443.233, 443.223, 443.202, 443.171, 443.127, 443.07, 443, 442.915, 442.816, 442.699, 442.566, 442.415, 442.244, 442.052, 441.838, 441.601, 441.339, 441.051, 440.735, 440.389, 440.012, 439.601, 439.154, 438.67, 438.145, 437.578, 436.965, 436.304, 435.591, 434.824, 434.01, 433.144, 432.224, 431.248, 430.21, 429.107, 427.935, 426.691, 425.368, 423.964, 422.471, 420.885, 419.201, 417.411, 415.51, 413.489, 411.343, 409.063, 406.641, 404.067, 401.333, 398.428, 395.342, 392.063, 388.58, 384.879, 380.947, 376.77, 372.332, 367.617, 362.608, 357.286, 351.632, 345.626, 339.244, 332.464, 325.261, 317.609, 309.479, 300.841, 300.075, 300.007, 300.001, 300, 300, 300, 300, 300, 300, 300, 300, 300, 300, 300, 300, 300, 300, 300, 300, 300, 300, 300, 300, 300, 300, 300, 300, 300, 300, 
443.234, 443.234, 443.224, 443.203, 443.171, 443.127, 443.07, 443, 442.916, 442.816, 442.7, 442.567, 442.415, 442.244, 442.052, 441.839, 441.602, 441.34, 441.052, 440.736, 440.39, 440.012, 439.601, 439.155, 438.67, 438.145, 437.578, 436.965, 436.304, 435.592, 434.825, 434.01, 433.144, 432.225, 431.248, 430.21, 429.107, 427.936, 426.691, 425.369, 423.964, 422.471, 420.886, 419.201, 417.411, 415.51, 413.49, 411.344, 409.063, 406.641, 404.067, 401.333, 398.428, 395.342, 392.063, 388.58, 384.879, 380.947, 376.77, 372.332, 367.617, 362.608, 357.286, 351.633, 345.626, 339.244, 332.464, 325.261, 317.609, 309.479, 300.841, 300.075, 300.007, 300.001, 300, 300, 300, 300, 300, 300, 300, 300, 300, 300, 300, 300, 300, 300, 300, 300, 300, 300, 300, 300, 300, 300, 300, 300, 300, 300, 
443.234, 443.234, 443.224, 443.203, 443.171, 443.128, 443.071, 443.001, 442.916, 442.816, 442.7, 442.567, 442.416, 442.244, 442.053, 441.839, 441.602, 441.34, 441.052, 440.736, 440.39, 440.013, 439.602, 439.155, 438.671, 438.146, 437.578, 436.966, 436.304, 435.592, 434.825, 434.01, 433.145, 432.225, 431.248, 430.21, 429.108, 427.936, 426.692, 425.369, 423.964, 422.472, 420.886, 419.202, 417.412, 415.51, 413.49, 411.344, 409.064, 406.641, 404.068, 401.333, 398.429, 395.342, 392.064, 388.58, 384.879, 380.947, 376.77, 372.332, 367.617, 362.608, 357.287, 351.633, 345.626, 339.244, 332.464, 325.261, 317.609, 309.479, 300.841, 300.075, 300.007, 300.001, 300, 300, 300, 300, 300, 300, 300, 300, 300, 300, 300, 300, 300, 300, 300, 300, 300, 300, 300, 300, 300, 300, 300, 300, 300, 300, 
443.234, 443.234, 443.224, 443.204, 443.172, 443.128, 443.071, 443.001, 442.917, 442.817, 442.701, 442.568, 442.416, 442.245, 442.053, 441.84, 441.603, 441.341, 441.053, 440.736, 440.391, 440.013, 439.602, 439.156, 438.671, 438.146, 437.579, 436.966, 436.305, 435.592, 434.826, 434.011, 433.145, 432.226, 431.249, 430.211, 429.108, 427.937, 426.692, 425.37, 423.965, 422.472, 420.887, 419.202, 417.412, 415.511, 413.491, 411.344, 409.064, 406.642, 404.068, 401.334, 398.429, 395.343, 392.064, 388.58, 384.879, 380.948, 376.77, 372.333, 367.618, 362.609, 357.287, 351.633, 345.626, 339.244, 332.465, 325.261, 317.609, 309.479, 300.841, 300.075, 300.007, 300.001, 300, 300, 300, 300, 300, 300, 300, 300, 300, 300, 300, 300, 300, 300, 300, 300, 300, 300, 300, 300, 300, 300, 300, 300, 300, 300, 
443.235, 443.235, 443.225, 443.204, 443.172, 443.128, 443.072, 443.002, 442.917, 442.817, 442.701, 442.568, 442.416, 442.245, 442.054, 441.84, 441.603, 441.341, 441.053, 440.737, 440.391, 440.014, 439.603, 439.156, 438.672, 438.147, 437.579, 436.966, 436.305, 435.593, 434.826, 434.011, 433.146, 432.226, 431.249, 430.211, 429.108, 427.937, 426.692, 425.37, 423.965, 422.473, 420.887, 419.202, 417.412, 415.511, 413.491, 411.345, 409.064, 406.642, 404.068, 401.334, 398.429, 395.343, 392.064, 388.581, 384.88, 380.948, 376.771, 372.333, 367.618, 362.609, 357.287, 351.633, 345.626, 339.245, 332.465, 325.262, 317.609, 309.479, 300.841, 300.075, 300.007, 300.001, 300, 300, 300, 300, 300, 300, 300, 300, 300, 300, 300, 300, 300, 300, 300, 300, 300, 300, 300, 300, 300, 300, 300, 300, 300, 300, 
443.235, 443.235, 443.225, 443.205, 443.173, 443.129, 443.072, 443.002, 442.918, 442.818, 442.702, 442.568, 442.417, 442.246, 442.054, 441.84, 441.603, 441.342, 441.053, 440.737, 440.391, 440.014, 439.603, 439.156, 438.672, 438.147, 437.58, 436.967, 436.306, 435.593, 434.826, 434.012, 433.146, 432.226, 431.25, 430.212, 429.109, 427.937, 426.693, 425.37, 423.965, 422.473, 420.887, 419.203, 417.413, 415.511, 413.491, 411.345, 409.065, 406.642, 404.069, 401.334, 398.429, 395.343, 392.064, 388.581, 384.88, 380.948, 376.771, 372.333, 367.618, 362.609, 357.287, 351.633, 345.626, 339.245, 332.465, 325.262, 317.609, 309.479, 300.841, 300.075, 300.007, 300.001, 300, 300, 300, 300, 300, 300, 300, 300, 300, 300, 300, 300, 300, 300, 300, 300, 300, 300, 300, 300, 300, 300, 300, 300, 300, 300, 
443.236, 443.236, 443.226, 443.205, 443.173, 443.129, 443.073, 443.003, 442.918, 442.818, 442.702, 442.569, 442.417, 442.246, 442.055, 441.841, 441.604, 441.342, 441.054, 440.738, 440.392, 440.014, 439.603, 439.157, 438.672, 438.148, 437.58, 436.967, 436.306, 435.594, 434.827, 434.012, 433.146, 432.227, 431.25, 430.212, 429.109, 427.938, 426.693, 425.371, 423.966, 422.473, 420.888, 419.203, 417.413, 415.512, 413.491, 411.345, 409.065, 406.643, 404.069, 401.335, 398.43, 395.343, 392.065, 388.581, 384.88, 380.948, 376.771, 372.333, 367.618, 362.609, 357.287, 351.633, 345.626, 339.245, 332.465, 325.262, 317.609, 309.479, 300.841, 300.075, 300.007, 300.001, 300, 300, 300, 300, 300, 300, 300, 300, 300, 300, 300, 300, 300, 300, 300, 300, 300, 300, 300, 300, 300, 300, 300, 300, 300, 300, 
443.236, 443.236, 443.226, 443.206, 443.174, 443.13, 443.073, 443.003, 442.918, 442.819, 442.703, 442.569, 442.418, 442.247, 442.055, 441.841, 441.604, 441.342, 441.054, 440.738, 440.392, 440.015, 439.604, 439.157, 438.673, 438.148, 437.58, 436.968, 436.306, 435.594, 434.827, 434.012, 433.147, 432.227, 431.25, 430.212, 429.11, 427.938, 426.693, 425.371, 423.966, 422.474, 420.888, 419.203, 417.413, 415.512, 413.492, 411.346, 409.065, 406.643, 404.069, 401.335, 398.43, 395.344, 392.065, 388.581, 384.88, 380.949, 376.771, 372.333, 367.618, 362.609, 357.287, 351.633, 345.627, 339.245, 332.465, 325.262, 317.609, 309.479, 300.841, 300.075, 300.007, 300.001, 300, 300, 300, 300, 300, 300, 300, 300, 300, 300, 300, 300, 300, 300, 300, 300, 300, 300, 300, 300, 300, 300, 300, 300, 300, 300, 
443.237, 443.237, 443.227, 443.206, 443.174, 443.13, 443.074, 443.003, 442.919, 442.819, 442.703, 442.57, 442.418, 442.247, 442.055, 441.842, 441.605, 441.343, 441.055, 440.739, 440.393, 440.015, 439.604, 439.158, 438.673, 438.148, 437.581, 436.968, 436.307, 435.594, 434.828, 434.013, 433.147, 432.228, 431.251, 430.213, 429.11, 427.938, 426.694, 425.371, 423.966, 422.474, 420.888, 419.204, 417.414, 415.512, 413.492, 411.346, 409.066, 406.643, 404.069, 401.335, 398.43, 395.344, 392.065, 388.582, 384.881, 380.949, 376.771, 372.333, 367.619, 362.609, 357.287, 351.633, 345.627, 339.245, 332.465, 325.262, 317.609, 309.479, 300.841, 300.075, 300.007, 300.001, 300, 300, 300, 300, 300, 300, 300, 300, 300, 300, 300, 300, 300, 300, 300, 300, 300, 300, 300, 300, 300, 300, 300, 300, 300, 300, 
443.237, 443.237, 443.227, 443.206, 443.174, 443.131, 443.074, 443.004, 442.919, 442.819, 442.703, 442.57, 442.418, 442.247, 442.056, 441.842, 441.605, 441.343, 441.055, 440.739, 440.393, 440.016, 439.605, 439.158, 438.674, 438.149, 437.581, 436.968, 436.307, 435.595, 434.828, 434.013, 433.148, 432.228, 431.251, 430.213, 429.11, 427.939, 426.694, 425.372, 423.967, 422.474, 420.889, 419.204, 417.414, 415.513, 413.492, 411.346, 409.066, 406.643, 404.07, 401.335, 398.43, 395.344, 392.065, 388.582, 384.881, 380.949, 376.772, 372.334, 367.619, 362.609, 357.288, 351.634, 345.627, 339.245, 332.465, 325.262, 317.609, 309.479, 300.841, 300.075, 300.007, 300.001, 300, 300, 300, 300, 300, 300, 300, 300, 300, 300, 300, 300, 300, 300, 300, 300, 300, 300, 300, 300, 300, 300, 300, 300, 300, 300, 
443.237, 443.237, 443.227, 443.207, 443.175, 443.131, 443.074, 443.004, 442.92, 442.82, 442.704, 442.57, 442.419, 442.248, 442.056, 441.842, 441.605, 441.344, 441.055, 440.739, 440.393, 440.016, 439.605, 439.158, 438.674, 438.149, 437.582, 436.969, 436.308, 435.595, 434.828, 434.014, 433.148, 432.228, 431.251, 430.213, 429.111, 427.939, 426.694, 425.372, 423.967, 422.475, 420.889, 419.204, 417.414, 415.513, 413.493, 411.346, 409.066, 406.644, 404.07, 401.336, 398.431, 395.344, 392.065, 388.582, 384.881, 380.949, 376.772, 372.334, 367.619, 362.61, 357.288, 351.634, 345.627, 339.245, 332.465, 325.262, 317.609, 309.479, 300.841, 300.075, 300.007, 300.001, 300, 300, 300, 300, 300, 300, 300, 300, 300, 300, 300, 300, 300, 300, 300, 300, 300, 300, 300, 300, 300, 300, 300, 300, 300, 300, 
443.238, 443.238, 443.228, 443.207, 443.175, 443.131, 443.075, 443.005, 442.92, 442.82, 442.704, 442.571, 442.419, 442.248, 442.056, 441.843, 441.606, 441.344, 441.056, 440.74, 440.394, 440.016, 439.605, 439.159, 438.674, 438.149, 437.582, 436.969, 436.308, 435.596, 434.829, 434.014, 433.148, 432.229, 431.252, 430.214, 429.111, 427.939, 426.695, 425.372, 423.967, 422.475, 420.889, 419.204, 417.415, 415.513, 413.493, 411.347, 409.066, 406.644, 404.07, 401.336, 398.431, 395.345, 392.066, 388.582, 384.881, 380.949, 376.772, 372.334, 367.619, 362.61, 357.288, 351.634, 345.627, 339.245, 332.465, 325.262, 317.609, 309.479, 300.841, 300.075, 300.007, 300.001, 300, 300, 300, 300, 300, 300, 300, 300, 300, 300, 300, 300, 300, 300, 300, 300, 300, 300, 300, 300, 300, 300, 300, 300, 300, 300, 
443.238, 443.238, 443.228, 443.207, 443.176, 443.132, 443.075, 443.005, 442.92, 442.821, 442.705, 442.571, 442.42, 442.249, 442.057, 441.843, 441.606, 441.344, 441.056, 440.74, 440.394, 440.017, 439.606, 439.159, 438.675, 438.15, 437.582, 436.969, 436.308, 435.596, 434.829, 434.014, 433.149, 432.229, 431.252, 430.214, 429.111, 427.94, 426.695, 425.373, 423.968, 422.475, 420.889, 419.205, 417.415, 415.513, 413.493, 411.347, 409.067, 406.644, 404.07, 401.336, 398.431, 395.345, 392.066, 388.582, 384.881, 380.949, 376.772, 372.334, 367.619, 362.61, 357.288, 351.634, 345.627, 339.245, 332.465, 325.262, 317.609, 309.479, 300.841, 300.075, 300.007, 300.001, 300, 300, 300, 300, 300, 300, 300, 300, 300, 300, 300, 300, 300, 300, 300, 300, 300, 300, 300, 300, 300, 300, 300, 300, 300, 300, 
443.238, 443.238, 443.228, 443.208, 443.176, 443.132, 443.075, 443.005, 442.921, 442.821, 442.705, 442.572, 442.42, 442.249, 442.057, 441.844, 441.607, 441.345, 441.057, 440.74, 440.395, 440.017, 439.606, 439.159, 438.675, 438.15, 437.583, 436.97, 436.309, 435.596, 434.829, 434.015, 433.149, 432.229, 431.252, 430.214, 429.112, 427.94, 426.695, 425.373, 423.968, 422.475, 420.89, 419.205, 417.415, 415.514, 413.493, 411.347, 409.067, 406.644, 404.071, 401.336, 398.431, 395.345, 392.066, 388.583, 384.882, 380.95, 376.772, 372.334, 367.619, 362.61, 357.288, 351.634, 345.627, 339.245, 332.465, 325.262, 317.609, 309.479, 300.841, 300.075, 300.007, 300.001, 300, 300, 300, 300, 300, 300, 300, 300, 300, 300, 300, 300, 300, 300, 300, 300, 300, 300, 300, 300, 300, 300, 300, 300, 300, 300, 
443.239, 443.239, 443.229, 443.208, 443.176, 443.132, 443.076, 443.006, 442.921, 442.821, 442.705, 442.572, 442.42, 442.249, 442.058, 441.844, 441.607, 441.345, 441.057, 440.741, 440.395, 440.017, 439.606, 439.16, 438.675, 438.151, 437.583, 436.97, 436.309, 435.597, 434.83, 434.015, 433.149, 432.23, 431.253, 430.215, 429.112, 427.94, 426.696, 425.373, 423.968, 422.476, 420.89, 419.205, 417.416, 415.514, 413.494, 411.347, 409.067, 406.645, 404.071, 401.337, 398.432, 395.345, 392.066, 388.583, 384.882, 380.95, 376.773, 372.334, 367.619, 362.61, 357.288, 351.634, 345.627, 339.245, 332.465, 325.262, 317.609, 309.479, 300.841, 300.075, 300.007, 300.001, 300, 300, 300, 300, 300, 300, 300, 300, 300, 300, 300, 300, 300, 300, 300, 300, 300, 300, 300, 300, 300, 300, 300, 300, 300, 300, 
443.239, 443.239, 443.229, 443.209, 443.177, 443.133, 443.076, 443.006, 442.921, 442.822, 442.706, 442.572, 442.421, 442.25, 442.058, 441.844, 441.607, 441.345, 441.057, 440.741, 440.395, 440.018, 439.607, 439.16, 438.676, 438.151, 437.583, 436.97, 436.309, 435.597, 434.83, 434.015, 433.15, 432.23, 431.253, 430.215, 429.112, 427.941, 426.696, 425.374, 423.969, 422.476, 420.89, 419.206, 417.416, 415.514, 413.494, 411.348, 409.067, 406.645, 404.071, 401.337, 398.432, 395.345, 392.067, 388.583, 384.882, 380.95, 376.773, 372.335, 367.62, 362.61, 357.288, 351.634, 345.627, 339.246, 332.465, 325.262, 317.609, 309.479, 300.841, 300.075, 300.007, 300.001, 300, 300, 300, 300, 300, 300, 300, 300, 300, 300, 300, 300, 300, 300, 300, 300, 300, 300, 300, 300, 300, 300, 300, 300, 300, 300, 
443.24, 443.24, 443.23, 443.209, 443.177, 443.133, 443.077, 443.006, 442.922, 442.822, 442.706, 442.573, 442.421, 442.25, 442.058, 441.845, 441.608, 441.346, 441.058, 440.741, 440.396, 440.018, 439.607, 439.161, 438.676, 438.151, 437.584, 436.971, 436.31, 435.597, 434.83, 434.016, 433.15, 432.23, 431.253, 430.215, 429.113, 427.941, 426.696, 425.374, 423.969, 422.476, 420.891, 419.206, 417.416, 415.515, 413.494, 411.348, 409.068, 406.645, 404.071, 401.337, 398.432, 395.346, 392.067, 388.583, 384.882, 380.95, 376.773, 372.335, 367.62, 362.61, 357.288, 351.634, 345.627, 339.246, 332.465, 325.262, 317.609, 309.479, 300.841, 300.075, 300.007, 300.001, 300, 300, 300, 300, 300, 300, 300, 300, 300, 300, 300, 300, 300, 300, 300, 300, 300, 300, 300, 300, 300, 300, 300, 300, 300, 300, 
443.24, 443.24, 443.23, 443.209, 443.177, 443.134, 443.077, 443.007, 442.922, 442.822, 442.706, 442.573, 442.421, 442.25, 442.059, 441.845, 441.608, 441.346, 441.058, 440.742, 440.396, 440.019, 439.608, 439.161, 438.676, 438.152, 437.584, 436.971, 436.31, 435.598, 434.831, 434.016, 433.15, 432.231, 431.254, 430.216, 429.113, 427.941, 426.697, 425.374, 423.969, 422.477, 420.891, 419.206, 417.416, 415.515, 413.495, 411.348, 409.068, 406.645, 404.072, 401.337, 398.432, 395.346, 392.067, 388.583, 384.882, 380.95, 376.773, 372.335, 367.62, 362.611, 357.289, 351.634, 345.628, 339.246, 332.466, 325.262, 317.609, 309.479, 300.841, 300.075, 300.007, 300.001, 300, 300, 300, 300, 300, 300, 300, 300, 300, 300, 300, 300, 300, 300, 300, 300, 300, 300, 300, 300, 300, 300, 300, 300, 300, 300, 
443.24, 443.24, 443.23, 443.21, 443.178, 443.134, 443.077, 443.007, 442.923, 442.823, 442.707, 442.573, 442.422, 442.251, 442.059, 441.845, 441.608, 441.346, 441.058, 440.742, 440.396, 440.019, 439.608, 439.161, 438.677, 438.152, 437.584, 436.971, 436.31, 435.598, 434.831, 434.016, 433.151, 432.231, 431.254, 430.216, 429.113, 427.942, 426.697, 425.374, 423.97, 422.477, 420.891, 419.206, 417.417, 415.515, 413.495, 411.348, 409.068, 406.646, 404.072, 401.337, 398.432, 395.346, 392.067, 388.584, 384.883, 380.951, 376.773, 372.335, 367.62, 362.611, 357.289, 351.635, 345.628, 339.246, 332.466, 325.262, 317.609, 309.479, 300.841, 300.075, 300.007, 300.001, 300, 300, 300, 300, 300, 300, 300, 300, 300, 300, 300, 300, 300, 300, 300, 300, 300, 300, 300, 300, 300, 300, 300, 300, 300, 300, 
443.241, 443.241, 443.231, 443.21, 443.178, 443.134, 443.078, 443.007, 442.923, 442.823, 442.707, 442.574, 442.422, 442.251, 442.059, 441.846, 441.609, 441.347, 441.059, 440.742, 440.397, 440.019, 439.608, 439.162, 438.677, 438.152, 437.585, 436.972, 436.311, 435.598, 434.831, 434.016, 433.151, 432.231, 431.254, 430.216, 429.113, 427.942, 426.697, 425.375, 423.97, 422.477, 420.891, 419.207, 417.417, 415.515, 413.495, 411.349, 409.068, 406.646, 404.072, 401.338, 398.433, 395.346, 392.067, 388.584, 384.883, 380.951, 376.773, 372.335, 367.62, 362.611, 357.289, 351.635, 345.628, 339.246, 332.466, 325.262, 317.609, 309.479, 300.841, 300.075, 300.007, 300.001, 300, 300, 300, 300, 300, 300, 300, 300, 300, 300, 300, 300, 300, 300, 300, 300, 300, 300, 300, 300, 300, 300, 300, 300, 300, 300, 
443.241, 443.241, 443.231, 443.21, 443.178, 443.135, 443.078, 443.008, 442.923, 442.823, 442.707, 442.574, 442.422, 442.251, 442.06, 441.846, 441.609, 441.347, 441.059, 440.743, 440.397, 440.019, 439.608, 439.162, 438.677, 438.153, 437.585, 436.972, 436.311, 435.598, 434.832, 434.017, 433.151, 432.232, 431.255, 430.217, 429.114, 427.942, 426.697, 425.375, 423.97, 422.477, 420.892, 419.207, 417.417, 415.516, 413.495, 411.349, 409.069, 406.646, 404.072, 401.338, 398.433, 395.346, 392.068, 388.584, 384.883, 380.951, 376.773, 372.335, 367.62, 362.611, 357.289, 351.635, 345.628, 339.246, 332.466, 325.262, 317.609, 309.479, 300.841, 300.075, 300.007, 300.001, 300, 300, 300, 300, 300, 300, 300, 300, 300, 300, 300, 300, 300, 300, 300, 300, 300, 300, 300, 300, 300, 300, 300, 300, 300, 300, 
443.241, 443.241, 443.231, 443.211, 443.179, 443.135, 443.078, 443.008, 442.923, 442.824, 442.708, 442.574, 442.423, 442.252, 442.06, 441.846, 441.609, 441.347, 441.059, 440.743, 440.397, 440.02, 439.609, 439.162, 438.678, 438.153, 437.585, 436.972, 436.311, 435.599, 434.832, 434.017, 433.151, 432.232, 431.255, 430.217, 429.114, 427.942, 426.698, 425.375, 423.97, 422.478, 420.892, 419.207, 417.417, 415.516, 413.496, 411.349, 409.069, 406.646, 404.073, 401.338, 398.433, 395.347, 392.068, 388.584, 384.883, 380.951, 376.774, 372.335, 367.62, 362.611, 357.289, 351.635, 345.628, 339.246, 332.466, 325.262, 317.61, 309.479, 300.841, 300.075, 300.007, 300.001, 300, 300, 300, 300, 300, 300, 300, 300, 300, 300, 300, 300, 300, 300, 300, 300, 300, 300, 300, 300, 300, 300, 300, 300, 300, 300, 
443.242, 443.242, 443.232, 443.211, 443.179, 443.135, 443.079, 443.008, 442.924, 442.824, 442.708, 442.575, 442.423, 442.252, 442.06, 441.847, 441.61, 441.348, 441.06, 440.743, 440.398, 440.02, 439.609, 439.162, 438.678, 438.153, 437.586, 436.973, 436.311, 435.599, 434.832, 434.017, 433.152, 432.232, 431.255, 430.217, 429.114, 427.943, 426.698, 425.376, 423.971, 422.478, 420.892, 419.207, 417.418, 415.516, 413.496, 411.349, 409.069, 406.647, 404.073, 401.338, 398.433, 395.347, 392.068, 388.584, 384.883, 380.951, 376.774, 372.336, 367.621, 362.611, 357.289, 351.635, 345.628, 339.246, 332.466, 325.262, 317.61, 309.479, 300.841, 300.075, 300.007, 300.001, 300, 300, 300, 300, 300, 300, 300, 300, 300, 300, 300, 300, 300, 300, 300, 300, 300, 300, 300, 300, 300, 300, 300, 300, 300, 300, 
443.242, 443.242, 443.232, 443.211, 443.179, 443.135, 443.079, 443.009, 442.924, 442.824, 442.708, 442.575, 442.423, 442.252, 442.061, 441.847, 441.61, 441.348, 441.06, 440.744, 440.398, 440.02, 439.609, 439.163, 438.678, 438.153, 437.586, 436.973, 436.312, 435.599, 434.832, 434.018, 433.152, 432.232, 431.255, 430.217, 429.115, 427.943, 426.698, 425.376, 423.971, 422.478, 420.892, 419.208, 417.418, 415.516, 413.496, 411.35, 409.069, 406.647, 404.073, 401.339, 398.433, 395.347, 392.068, 388.584, 384.883, 380.951, 376.774, 372.336, 367.621, 362.611, 357.289, 351.635, 345.628, 339.246, 332.466, 325.263, 317.61, 309.479, 300.841, 300.075, 300.007, 300.001, 300, 300, 300, 300, 300, 300, 300, 300, 300, 300, 300, 300, 300, 300, 300, 300, 300, 300, 300, 300, 300, 300, 300, 300, 300, 300, 
443.242, 443.242, 443.232, 443.212, 443.18, 443.136, 443.079, 443.009, 442.924, 442.825, 442.709, 442.575, 442.424, 442.253, 442.061, 441.847, 441.61, 441.348, 441.06, 440.744, 440.398, 440.021, 439.61, 439.163, 438.678, 438.154, 437.586, 436.973, 436.312, 435.6, 434.833, 434.018, 433.152, 432.233, 431.256, 430.218, 429.115, 427.943, 426.698, 425.376, 423.971, 422.478, 420.893, 419.208, 417.418, 415.516, 413.496, 411.35, 409.07, 406.647, 404.073, 401.339, 398.434, 395.347, 392.068, 388.585, 384.884, 380.951, 376.774, 372.336, 367.621, 362.611, 357.289, 351.635, 345.628, 339.246, 332.466, 325.263, 317.61, 309.479, 300.841, 300.075, 300.007, 300.001, 300, 300, 300, 300, 300, 300, 300, 300, 300, 300, 300, 300, 300, 300, 300, 300, 300, 300, 300, 300, 300, 300, 300, 300, 300, 300, 
443.242, 443.242, 443.232, 443.212, 443.18, 443.136, 443.079, 443.009, 442.925, 442.825, 442.709, 442.576, 442.424, 442.253, 442.061, 441.847, 441.61, 441.349, 441.06, 440.744, 440.398, 440.021, 439.61, 439.163, 438.679, 438.154, 437.586, 436.974, 436.312, 435.6, 434.833, 434.018, 433.153, 432.233, 431.256, 430.218, 429.115, 427.943, 426.699, 425.376, 423.971, 422.479, 420.893, 419.208, 417.418, 415.517, 413.496, 411.35, 409.07, 406.647, 404.073, 401.339, 398.434, 395.347, 392.068, 388.585, 384.884, 380.952, 376.774, 372.336, 367.621, 362.611, 357.289, 351.635, 345.628, 339.246, 332.466, 325.263, 317.61, 309.479, 300.841, 300.075, 300.007, 300.001, 300, 300, 300, 300, 300, 300, 300, 300, 300, 300, 300, 300, 300, 300, 300, 300, 300, 300, 300, 300, 300, 300, 300, 300, 300, 300, 
443.243, 443.243, 443.233, 443.212, 443.18, 443.136, 443.08, 443.01, 442.925, 442.825, 442.709, 442.576, 442.424, 442.253, 442.061, 441.848, 441.611, 441.349, 441.061, 440.745, 440.399, 440.021, 439.61, 439.164, 438.679, 438.154, 437.587, 436.974, 436.313, 435.6, 434.833, 434.018, 433.153, 432.233, 431.256, 430.218, 429.115, 427.944, 426.699, 425.377, 423.972, 422.479, 420.893, 419.208, 417.419, 415.517, 413.497, 411.35, 409.07, 406.647, 404.074, 401.339, 398.434, 395.348, 392.069, 388.585, 384.884, 380.952, 376.774, 372.336, 367.621, 362.612, 357.29, 351.635, 345.628, 339.246, 332.466, 325.263, 317.61, 309.479, 300.841, 300.075, 300.007, 300.001, 300, 300, 300, 300, 300, 300, 300, 300, 300, 300, 300, 300, 300, 300, 300, 300, 300, 300, 300, 300, 300, 300, 300, 300, 300, 300, 
443.243, 443.243, 443.233, 443.212, 443.181, 443.137, 443.08, 443.01, 442.925, 442.825, 442.709, 442.576, 442.425, 442.253, 442.062, 441.848, 441.611, 441.349, 441.061, 440.745, 440.399, 440.022, 439.611, 439.164, 438.679, 438.155, 437.587, 436.974, 436.313, 435.6, 434.834, 434.019, 433.153, 432.233, 431.256, 430.218, 429.116, 427.944, 426.699, 425.377, 423.972, 422.479, 420.893, 419.209, 417.419, 415.517, 413.497, 411.35, 409.07, 406.648, 404.074, 401.339, 398.434, 395.348, 392.069, 388.585, 384.884, 380.952, 376.774, 372.336, 367.621, 362.612, 357.29, 351.635, 345.628, 339.246, 332.466, 325.263, 317.61, 309.479, 300.841, 300.075, 300.007, 300.001, 300, 300, 300, 300, 300, 300, 300, 300, 300, 300, 300, 300, 300, 300, 300, 300, 300, 300, 300, 300, 300, 300, 300, 300, 300, 300, 
443.243, 443.243, 443.233, 443.213, 443.181, 443.137, 443.08, 443.01, 442.926, 442.826, 442.71, 442.576, 442.425, 442.254, 442.062, 441.848, 441.611, 441.349, 441.061, 440.745, 440.399, 440.022, 439.611, 439.164, 438.68, 438.155, 437.587, 436.974, 436.313, 435.601, 434.834, 434.019, 433.153, 432.234, 431.257, 430.219, 429.116, 427.944, 426.699, 425.377, 423.972, 422.479, 420.894, 419.209, 417.419, 415.517, 413.497, 411.351, 409.07, 406.648, 404.074, 401.339, 398.434, 395.348, 392.069, 388.585, 384.884, 380.952, 376.775, 372.336, 367.621, 362.612, 357.29, 351.636, 345.628, 339.246, 332.466, 325.263, 317.61, 309.479, 300.841, 300.075, 300.007, 300.001, 300, 300, 300, 300, 300, 300, 300, 300, 300, 300, 300, 300, 300, 300, 300, 300, 300, 300, 300, 300, 300, 300, 300, 300, 300, 300, 
443.244, 443.244, 443.234, 443.213, 443.181, 443.137, 443.081, 443.01, 442.926, 442.826, 442.71, 442.577, 442.425, 442.254, 442.062, 441.849, 441.612, 441.35, 441.062, 440.745, 440.4, 440.022, 439.611, 439.164, 438.68, 438.155, 437.588, 436.975, 436.313, 435.601, 434.834, 434.019, 433.154, 432.234, 431.257, 430.219, 429.116, 427.944, 426.7, 425.377, 423.972, 422.48, 420.894, 419.209, 417.419, 415.518, 413.497, 411.351, 409.071, 406.648, 404.074, 401.34, 398.435, 395.348, 392.069, 388.585, 384.884, 380.952, 376.775, 372.337, 367.621, 362.612, 357.29, 351.636, 345.628, 339.247, 332.466, 325.263, 317.61, 309.479, 300.841, 300.075, 300.007, 300.001, 300, 300, 300, 300, 300, 300, 300, 300, 300, 300, 300, 300, 300, 300, 300, 300, 300, 300, 300, 300, 300, 300, 300, 300, 300, 300, 
443.244, 443.244, 443.234, 443.213, 443.181, 443.137, 443.081, 443.011, 442.926, 442.826, 442.71, 442.577, 442.425, 442.254, 442.063, 441.849, 441.612, 441.35, 441.062, 440.746, 440.4, 440.022, 439.611, 439.165, 438.68, 438.155, 437.588, 436.975, 436.314, 435.601, 434.834, 434.019, 433.154, 432.234, 431.257, 430.219, 429.116, 427.945, 426.7, 425.377, 423.973, 422.48, 420.894, 419.209, 417.419, 415.518, 413.497, 411.351, 409.071, 406.648, 404.074, 401.34, 398.435, 395.348, 392.069, 388.586, 384.884, 380.952, 376.775, 372.337, 367.621, 362.612, 357.29, 351.636, 345.629, 339.247, 332.466, 325.263, 317.61, 309.479, 300.841, 300.075, 300.007, 300.001, 300, 300, 300, 300, 300, 300, 300, 300, 300, 300, 300, 300, 300, 300, 300, 300, 300, 300, 300, 300, 300, 300, 300, 300, 300, 300, 
443.244, 443.244, 443.234, 443.214, 443.182, 443.138, 443.081, 443.011, 442.926, 442.827, 442.711, 442.577, 442.426, 442.255, 442.063, 441.849, 441.612, 441.35, 441.062, 440.746, 440.4, 440.023, 439.612, 439.165, 438.68, 438.156, 437.588, 436.975, 436.314, 435.601, 434.835, 434.02, 433.154, 432.234, 431.257, 430.219, 429.117, 427.945, 426.7, 425.378, 423.973, 422.48, 420.894, 419.21, 417.42, 415.518, 413.498, 411.351, 409.071, 406.648, 404.074, 401.34, 398.435, 395.348, 392.069, 388.586, 384.885, 380.952, 376.775, 372.337, 367.622, 362.612, 357.29, 351.636, 345.629, 339.247, 332.466, 325.263, 317.61, 309.479, 300.841, 300.075, 300.007, 300.001, 300, 300, 300, 300, 300, 300, 300, 300, 300, 300, 300, 300, 300, 300, 300, 300, 300, 300, 300, 300, 300, 300, 300, 300, 300, 300, 
443.244, 443.244, 443.234, 443.214, 443.182, 443.138, 443.081, 443.011, 442.927, 442.827, 442.711, 442.578, 442.426, 442.255, 442.063, 441.849, 441.612, 441.351, 441.062, 440.746, 440.4, 440.023, 439.612, 439.165, 438.681, 438.156, 437.588, 436.975, 436.314, 435.602, 434.835, 434.02, 433.154, 432.235, 431.258, 430.22, 429.117, 427.945, 426.7, 425.378, 423.973, 422.48, 420.894, 419.21, 417.42, 415.518, 413.498, 411.351, 409.071, 406.648, 404.075, 401.34, 398.435, 395.349, 392.07, 388.586, 384.885, 380.953, 376.775, 372.337, 367.622, 362.612, 357.29, 351.636, 345.629, 339.247, 332.466, 325.263, 317.61, 309.479, 300.841, 300.075, 300.007, 300.001, 300, 300, 300, 300, 300, 300, 300, 300, 300, 300, 300, 300, 300, 300, 300, 300, 300, 300, 300, 300, 300, 300, 300, 300, 300, 300, 
443.245, 443.245, 443.235, 443.214, 443.182, 443.138, 443.082, 443.011, 442.927, 442.827, 442.711, 442.578, 442.426, 442.255, 442.063, 441.85, 441.613, 441.351, 441.063, 440.746, 440.401, 440.023, 439.612, 439.165, 438.681, 438.156, 437.589, 436.976, 436.314, 435.602, 434.835, 434.02, 433.155, 432.235, 431.258, 430.22, 429.117, 427.945, 426.701, 425.378, 423.973, 422.481, 420.895, 419.21, 417.42, 415.518, 413.498, 411.352, 409.071, 406.649, 404.075, 401.34, 398.435, 395.349, 392.07, 388.586, 384.885, 380.953, 376.775, 372.337, 367.622, 362.612, 357.29, 351.636, 345.629, 339.247, 332.466, 325.263, 317.61, 309.479, 300.841, 300.075, 300.007, 300.001, 300, 300, 300, 300, 300, 300, 300, 300, 300, 300, 300, 300, 300, 300, 300, 300, 300, 300, 300, 300, 300, 300, 300, 300, 300, 300, 
443.245, 443.245, 443.235, 443.214, 443.182, 443.139, 443.082, 443.012, 442.927, 442.827, 442.711, 442.578, 442.426, 442.255, 442.064, 441.85, 441.613, 441.351, 441.063, 440.747, 440.401, 440.023, 439.612, 439.166, 438.681, 438.156, 437.589, 436.976, 436.315, 435.602, 434.835, 434.02, 433.155, 432.235, 431.258, 430.22, 429.117, 427.946, 426.701, 425.378, 423.973, 422.481, 420.895, 419.21, 417.42, 415.519, 413.498, 411.352, 409.071, 406.649, 404.075, 401.34, 398.435, 395.349, 392.07, 388.586, 384.885, 380.953, 376.775, 372.337, 367.622, 362.612, 357.29, 351.636, 345.629, 339.247, 332.466, 325.263, 317.61, 309.479, 300.841, 300.075, 300.007, 300.001, 300, 300, 300, 300, 300, 300, 300, 300, 300, 300, 300, 300, 300, 300, 300, 300, 300, 300, 300, 300, 300, 300, 300, 300, 300, 300, 
443.245, 443.245, 443.235, 443.215, 443.183, 443.139, 443.082, 443.012, 442.927, 442.828, 442.712, 442.578, 442.427, 442.256, 442.064, 441.85, 441.613, 441.351, 441.063, 440.747, 440.401, 440.024, 439.613, 439.166, 438.681, 438.157, 437.589, 436.976, 436.315, 435.602, 434.835, 434.021, 433.155, 432.235, 431.258, 430.22, 429.117, 427.946, 426.701, 425.379, 423.974, 422.481, 420.895, 419.21, 417.42, 415.519, 413.498, 411.352, 409.072, 406.649, 404.075, 401.341, 398.435, 395.349, 392.07, 388.586, 384.885, 380.953, 376.775, 372.337, 367.622, 362.612, 357.29, 351.636, 345.629, 339.247, 332.466, 325.263, 317.61, 309.479, 300.841, 300.075, 300.007, 300.001, 300, 300, 300, 300, 300, 300, 300, 300, 300, 300, 300, 300, 300, 300, 300, 300, 300, 300, 300, 300, 300, 300, 300, 300, 300, 300, 
443.245, 443.245, 443.235, 443.215, 443.183, 443.139, 443.082, 443.012, 442.928, 442.828, 442.712, 442.579, 442.427, 442.256, 442.064, 441.85, 441.613, 441.352, 441.063, 440.747, 440.401, 440.024, 439.613, 439.166, 438.682, 438.157, 437.589, 436.976, 436.315, 435.603, 434.836, 434.021, 433.155, 432.236, 431.259, 430.22, 429.118, 427.946, 426.701, 425.379, 423.974, 422.481, 420.895, 419.211, 417.421, 415.519, 413.499, 411.352, 409.072, 406.649, 404.075, 401.341, 398.436, 395.349, 392.07, 388.586, 384.885, 380.953, 376.776, 372.337, 367.622, 362.613, 357.29, 351.636, 345.629, 339.247, 332.467, 325.263, 317.61, 309.479, 300.841, 300.075, 300.007, 300.001, 300, 300, 300, 300, 300, 300, 300, 300, 300, 300, 300, 300, 300, 300, 300, 300, 300, 300, 300, 300, 300, 300, 300, 300, 300, 300, 
443.246, 443.246, 443.236, 443.215, 443.183, 443.139, 443.083, 443.012, 442.928, 442.828, 442.712, 442.579, 442.427, 442.256, 442.064, 441.851, 441.614, 441.352, 441.064, 440.747, 440.402, 440.024, 439.613, 439.166, 438.682, 438.157, 437.589, 436.977, 436.315, 435.603, 434.836, 434.021, 433.155, 432.236, 431.259, 430.221, 429.118, 427.946, 426.701, 425.379, 423.974, 422.481, 420.895, 419.211, 417.421, 415.519, 413.499, 411.352, 409.072, 406.649, 404.075, 401.341, 398.436, 395.349, 392.07, 388.586, 384.885, 380.953, 376.776, 372.337, 367.622, 362.613, 357.291, 351.636, 345.629, 339.247, 332.467, 325.263, 317.61, 309.479, 300.841, 300.075, 300.007, 300.001, 300, 300, 300, 300, 300, 300, 300, 300, 300, 300, 300, 300, 300, 300, 300, 300, 300, 300, 300, 300, 300, 300, 300, 300, 300, 300, 
443.246, 443.246, 443.236, 443.215, 443.183, 443.139, 443.083, 443.013, 442.928, 442.828, 442.712, 442.579, 442.427, 442.256, 442.065, 441.851, 441.614, 441.352, 441.064, 440.748, 440.402, 440.024, 439.613, 439.167, 438.682, 438.157, 437.59, 436.977, 436.316, 435.603, 434.836, 434.021, 433.156, 432.236, 431.259, 430.221, 429.118, 427.946, 426.702, 425.379, 423.974, 422.482, 420.896, 419.211, 417.421, 415.519, 413.499, 411.353, 409.072, 406.649, 404.076, 401.341, 398.436, 395.349, 392.07, 388.587, 384.885, 380.953, 376.776, 372.338, 367.622, 362.613, 357.291, 351.636, 345.629, 339.247, 332.467, 325.263, 317.61, 309.479, 300.841, 300.075, 300.007, 300.001, 300, 300, 300, 300, 300, 300, 300, 300, 300, 300, 300, 300, 300, 300, 300, 300, 300, 300, 300, 300, 300, 300, 300, 300, 300, 300, 
443.246, 443.246, 443.236, 443.216, 443.184, 443.14, 443.083, 443.013, 442.928, 442.829, 442.713, 442.579, 442.428, 442.257, 442.065, 441.851, 441.614, 441.352, 441.064, 440.748, 440.402, 440.025, 439.614, 439.167, 438.682, 438.157, 437.59, 436.977, 436.316, 435.603, 434.836, 434.022, 433.156, 432.236, 431.259, 430.221, 429.118, 427.947, 426.702, 425.379, 423.974, 422.482, 420.896, 419.211, 417.421, 415.519, 413.499, 411.353, 409.072, 406.65, 404.076, 401.341, 398.436, 395.35, 392.07, 388.587, 384.886, 380.953, 376.776, 372.338, 367.622, 362.613, 357.291, 351.636, 345.629, 339.247, 332.467, 325.263, 317.61, 309.479, 300.841, 300.075, 300.007, 300.001, 300, 300, 300, 300, 300, 300, 300, 300, 300, 300, 300, 300, 300, 300, 300, 300, 300, 300, 300, 300, 300, 300, 300, 300, 300, 300, 
443.246, 443.246, 443.236, 443.216, 443.184, 443.14, 443.083, 443.013, 442.929, 442.829, 442.713, 442.579, 442.428, 442.257, 442.065, 441.851, 441.614, 441.352, 441.064, 440.748, 440.402, 440.025, 439.614, 439.167, 438.682, 438.158, 437.59, 436.977, 436.316, 435.603, 434.837, 434.022, 433.156, 432.236, 431.259, 430.221, 429.118, 427.947, 426.702, 425.38, 423.975, 422.482, 420.896, 419.211, 417.421, 415.52, 413.499, 411.353, 409.072, 406.65, 404.076, 401.341, 398.436, 395.35, 392.071, 388.587, 384.886, 380.954, 376.776, 372.338, 367.622, 362.613, 357.291, 351.636, 345.629, 339.247, 332.467, 325.263, 317.61, 309.479, 300.841, 300.075, 300.007, 300.001, 300, 300, 300, 300, 300, 300, 300, 300, 300, 300, 300, 300, 300, 300, 300, 300, 300, 300, 300, 300, 300, 300, 300, 300, 300, 300, 
443.247, 443.247, 443.237, 443.216, 443.184, 443.14, 443.084, 443.013, 442.929, 442.829, 442.713, 442.58, 442.428, 442.257, 442.065, 441.852, 441.615, 441.353, 441.064, 440.748, 440.402, 440.025, 439.614, 439.167, 438.683, 438.158, 437.59, 436.977, 436.316, 435.604, 434.837, 434.022, 433.156, 432.237, 431.26, 430.221, 429.119, 427.947, 426.702, 425.38, 423.975, 422.482, 420.896, 419.211, 417.421, 415.52, 413.499, 411.353, 409.073, 406.65, 404.076, 401.342, 398.436, 395.35, 392.071, 388.587, 384.886, 380.954, 376.776, 372.338, 367.623, 362.613, 357.291, 351.636, 345.629, 339.247, 332.467, 325.263, 317.61, 309.479, 300.841, 300.075, 300.007, 300.001, 300, 300, 300, 300, 300, 300, 300, 300, 300, 300, 300, 300, 300, 300, 300, 300, 300, 300, 300, 300, 300, 300, 300, 300, 300, 300, 
443.247, 443.247, 443.237, 443.216, 443.184, 443.14, 443.084, 443.014, 442.929, 442.829, 442.713, 442.58, 442.428, 442.257, 442.065, 441.852, 441.615, 441.353, 441.065, 440.749, 440.403, 440.025, 439.614, 439.167, 438.683, 438.158, 437.591, 436.978, 436.316, 435.604, 434.837, 434.022, 433.156, 432.237, 431.26, 430.222, 429.119, 427.947, 426.702, 425.38, 423.975, 422.482, 420.896, 419.212, 417.422, 415.52, 413.5, 411.353, 409.073, 406.65, 404.076, 401.342, 398.436, 395.35, 392.071, 388.587, 384.886, 380.954, 376.776, 372.338, 367.623, 362.613, 357.291, 351.637, 345.629, 339.247, 332.467, 325.263, 317.61, 309.479, 300.841, 300.075, 300.007, 300.001, 300, 300, 300, 300, 300, 300, 300, 300, 300, 300, 300, 300, 300, 300, 300, 300, 300, 300, 300, 300, 300, 300, 300, 300, 300, 300, 
443.247, 443.247, 443.237, 443.216, 443.185, 443.141, 443.084, 443.014, 442.929, 442.829, 442.713, 442.58, 442.428, 442.257, 442.066, 441.852, 441.615, 441.353, 441.065, 440.749, 440.403, 440.025, 439.614, 439.168, 438.683, 438.158, 437.591, 436.978, 436.317, 435.604, 434.837, 434.022, 433.157, 432.237, 431.26, 430.222, 429.119, 427.947, 426.703, 425.38, 423.975, 422.482, 420.897, 419.212, 417.422, 415.52, 413.5, 411.353, 409.073, 406.65, 404.076, 401.342, 398.437, 395.35, 392.071, 388.587, 384.886, 380.954, 376.776, 372.338, 367.623, 362.613, 357.291, 351.637, 345.629, 339.247, 332.467, 325.263, 317.61, 309.479, 300.841, 300.075, 300.007, 300.001, 300, 300, 300, 300, 300, 300, 300, 300, 300, 300, 300, 300, 300, 300, 300, 300, 300, 300, 300, 300, 300, 300, 300, 300, 300, 300, 
443.247, 443.247, 443.237, 443.217, 443.185, 443.141, 443.084, 443.014, 442.929, 442.83, 442.714, 442.58, 442.429, 442.258, 442.066, 441.852, 441.615, 441.353, 441.065, 440.749, 440.403, 440.026, 439.615, 439.168, 438.683, 438.159, 437.591, 436.978, 436.317, 435.604, 434.837, 434.023, 433.157, 432.237, 431.26, 430.222, 429.119, 427.948, 426.703, 425.38, 423.975, 422.483, 420.897, 419.212, 417.422, 415.52, 413.5, 411.353, 409.073, 406.65, 404.076, 401.342, 398.437, 395.35, 392.071, 388.587, 384.886, 380.954, 376.776, 372.338, 367.623, 362.613, 357.291, 351.637, 345.629, 339.247, 332.467, 325.263, 317.61, 309.479, 300.841, 300.075, 300.007, 300.001, 300, 300, 300, 300, 300, 300, 300, 300, 300, 300, 300, 300, 300, 300, 300, 300, 300, 300, 300, 300, 300, 300, 300, 300, 300, 300, 
443.247, 443.247, 443.237, 443.217, 443.185, 443.141, 443.084, 443.014, 442.93, 442.83, 442.714, 442.581, 442.429, 442.258, 442.066, 441.852, 441.615, 441.354, 441.065, 440.749, 440.403, 440.026, 439.615, 439.168, 438.684, 438.159, 437.591, 436.978, 436.317, 435.604, 434.838, 434.023, 433.157, 432.237, 431.26, 430.222, 429.119, 427.948, 426.703, 425.38, 423.975, 422.483, 420.897, 419.212, 417.422, 415.52, 413.5, 411.354, 409.073, 406.651, 404.077, 401.342, 398.437, 395.35, 392.071, 388.587, 384.886, 380.954, 376.776, 372.338, 367.623, 362.613, 357.291, 351.637, 345.629, 339.247, 332.467, 325.263, 317.61, 309.479, 300.841, 300.075, 300.007, 300.001, 300, 300, 300, 300, 300, 300, 300, 300, 300, 300, 300, 300, 300, 300, 300, 300, 300, 300, 300, 300, 300, 300, 300, 300, 300, 300, 
443.248, 443.248, 443.238, 443.217, 443.185, 443.141, 443.085, 443.014, 442.93, 442.83, 442.714, 442.581, 442.429, 442.258, 442.066, 441.853, 441.616, 441.354, 441.066, 440.749, 440.403, 440.026, 439.615, 439.168, 438.684, 438.159, 437.591, 436.978, 436.317, 435.605, 434.838, 434.023, 433.157, 432.238, 431.26, 430.222, 429.12, 427.948, 426.703, 425.381, 423.976, 422.483, 420.897, 419.212, 417.422, 415.521, 413.5, 411.354, 409.073, 406.651, 404.077, 401.342, 398.437, 395.35, 392.071, 388.588, 384.886, 380.954, 376.777, 372.338, 367.623, 362.613, 357.291, 351.637, 345.63, 339.247, 332.467, 325.263, 317.61, 309.479, 300.841, 300.075, 300.007, 300.001, 300, 300, 300, 300, 300, 300, 300, 300, 300, 300, 300, 300, 300, 300, 300, 300, 300, 300, 300, 300, 300, 300, 300, 300, 300, 300, 
443.248, 443.248, 443.238, 443.217, 443.185, 443.141, 443.085, 443.015, 442.93, 442.83, 442.714, 442.581, 442.429, 442.258, 442.066, 441.853, 441.616, 441.354, 441.066, 440.75, 440.404, 440.026, 439.615, 439.168, 438.684, 438.159, 437.592, 436.979, 436.317, 435.605, 434.838, 434.023, 433.157, 432.238, 431.261, 430.223, 429.12, 427.948, 426.703, 425.381, 423.976, 422.483, 420.897, 419.212, 417.422, 415.521, 413.5, 411.354, 409.074, 406.651, 404.077, 401.342, 398.437, 395.351, 392.071, 388.588, 384.886, 380.954, 376.777, 372.338, 367.623, 362.613, 357.291, 351.637, 345.63, 339.247, 332.467, 325.263, 317.61, 309.479, 300.841, 300.075, 300.007, 300.001, 300, 300, 300, 300, 300, 300, 300, 300, 300, 300, 300, 300, 300, 300, 300, 300, 300, 300, 300, 300, 300, 300, 300, 300, 300, 300, 
443.248, 443.248, 443.238, 443.217, 443.186, 443.142, 443.085, 443.015, 442.93, 442.83, 442.714, 442.581, 442.43, 442.258, 442.067, 441.853, 441.616, 441.354, 441.066, 440.75, 440.404, 440.026, 439.615, 439.169, 438.684, 438.159, 437.592, 436.979, 436.318, 435.605, 434.838, 434.023, 433.158, 432.238, 431.261, 430.223, 429.12, 427.948, 426.703, 425.381, 423.976, 422.483, 420.897, 419.213, 417.423, 415.521, 413.501, 411.354, 409.074, 406.651, 404.077, 401.342, 398.437, 395.351, 392.072, 388.588, 384.887, 380.954, 376.777, 372.338, 367.623, 362.614, 357.291, 351.637, 345.63, 339.247, 332.467, 325.263, 317.61, 309.479, 300.841, 300.075, 300.007, 300.001, 300, 300, 300, 300, 300, 300, 300, 300, 300, 300, 300, 300, 300, 300, 300, 300, 300, 300, 300, 300, 300, 300, 300, 300, 300, 300, 
443.248, 443.248, 443.238, 443.218, 443.186, 443.142, 443.085, 443.015, 442.93, 442.831, 442.715, 442.581, 442.43, 442.259, 442.067, 441.853, 441.616, 441.354, 441.066, 440.75, 440.404, 440.027, 439.616, 439.169, 438.684, 438.159, 437.592, 436.979, 436.318, 435.605, 434.838, 434.023, 433.158, 432.238, 431.261, 430.223, 429.12, 427.948, 426.704, 425.381, 423.976, 422.483, 420.898, 419.213, 417.423, 415.521, 413.501, 411.354, 409.074, 406.651, 404.077, 401.343, 398.437, 395.351, 392.072, 388.588, 384.887, 380.954, 376.777, 372.339, 367.623, 362.614, 357.291, 351.637, 345.63, 339.248, 332.467, 325.263, 317.61, 309.479, 300.841, 300.075, 300.007, 300.001, 300, 300, 300, 300, 300, 300, 300, 300, 300, 300, 300, 300, 300, 300, 300, 300, 300, 300, 300, 300, 300, 300, 300, 300, 300, 300, 
443.248, 443.248, 443.238, 443.218, 443.186, 443.142, 443.085, 443.015, 442.931, 442.831, 442.715, 442.581, 442.43, 442.259, 442.067, 441.853, 441.616, 441.354, 441.066, 440.75, 440.404, 440.027, 439.616, 439.169, 438.684, 438.16, 437.592, 436.979, 436.318, 435.605, 434.838, 434.024, 433.158, 432.238, 431.261, 430.223, 429.12, 427.949, 426.704, 425.381, 423.976, 422.484, 420.898, 419.213, 417.423, 415.521, 413.501, 411.354, 409.074, 406.651, 404.077, 401.343, 398.437, 395.351, 392.072, 388.588, 384.887, 380.955, 376.777, 372.339, 367.623, 362.614, 357.291, 351.637, 345.63, 339.248, 332.467, 325.263, 317.61, 309.479, 300.841, 300.075, 300.007, 300.001, 300, 300, 300, 300, 300, 300, 300, 300, 300, 300, 300, 300, 300, 300, 300, 300, 300, 300, 300, 300, 300, 300, 300, 300, 300, 300, 
443.249, 443.249, 443.239, 443.218, 443.186, 443.142, 443.086, 443.015, 442.931, 442.831, 442.715, 442.582, 442.43, 442.259, 442.067, 441.854, 441.616, 441.355, 441.066, 440.75, 440.404, 440.027, 439.616, 439.169, 438.685, 438.16, 437.592, 436.979, 436.318, 435.606, 434.839, 434.024, 433.158, 432.238, 431.261, 430.223, 429.12, 427.949, 426.704, 425.381, 423.976, 422.484, 420.898, 419.213, 417.423, 415.521, 413.501, 411.354, 409.074, 406.651, 404.077, 401.343, 398.438, 395.351, 392.072, 388.588, 384.887, 380.955, 376.777, 372.339, 367.623, 362.614, 357.291, 351.637, 345.63, 339.248, 332.467, 325.263, 317.61, 309.479, 300.841, 300.075, 300.007, 300.001, 300, 300, 300, 300, 300, 300, 300, 300, 300, 300, 300, 300, 300, 300, 300, 300, 300, 300, 300, 300, 300, 300, 300, 300, 300, 300, 
443.249, 443.249, 443.239, 443.218, 443.186, 443.142, 443.086, 443.016, 442.931, 442.831, 442.715, 442.582, 442.43, 442.259, 442.067, 441.854, 441.617, 441.355, 441.067, 440.75, 440.405, 440.027, 439.616, 439.169, 438.685, 438.16, 437.592, 436.979, 436.318, 435.606, 434.839, 434.024, 433.158, 432.239, 431.261, 430.223, 429.121, 427.949, 426.704, 425.382, 423.977, 422.484, 420.898, 419.213, 417.423, 415.521, 413.501, 411.355, 409.074, 406.651, 404.078, 401.343, 398.438, 395.351, 392.072, 388.588, 384.887, 380.955, 376.777, 372.339, 367.623, 362.614, 357.292, 351.637, 345.63, 339.248, 332.467, 325.263, 317.61, 309.479, 300.841, 300.075, 300.007, 300.001, 300, 300, 300, 300, 300, 300, 300, 300, 300, 300, 300, 300, 300, 300, 300, 300, 300, 300, 300, 300, 300, 300, 300, 300, 300, 300, 
443.249, 443.249, 443.239, 443.218, 443.186, 443.143, 443.086, 443.016, 442.931, 442.831, 442.715, 442.582, 442.43, 442.259, 442.068, 441.854, 441.617, 441.355, 441.067, 440.751, 440.405, 440.027, 439.616, 439.17, 438.685, 438.16, 437.593, 436.98, 436.318, 435.606, 434.839, 434.024, 433.158, 432.239, 431.262, 430.224, 429.121, 427.949, 426.704, 425.382, 423.977, 422.484, 420.898, 419.213, 417.423, 415.522, 413.501, 411.355, 409.074, 406.652, 404.078, 401.343, 398.438, 395.351, 392.072, 388.588, 384.887, 380.955, 376.777, 372.339, 367.623, 362.614, 357.292, 351.637, 345.63, 339.248, 332.467, 325.264, 317.61, 309.479, 300.841, 300.075, 300.007, 300.001, 300, 300, 300, 300, 300, 300, 300, 300, 300, 300, 300, 300, 300, 300, 300, 300, 300, 300, 300, 300, 300, 300, 300, 300, 300, 300, 
443.249, 443.249, 443.239, 443.219, 443.187, 443.143, 443.086, 443.016, 442.931, 442.832, 442.716, 442.582, 442.431, 442.26, 442.068, 441.854, 441.617, 441.355, 441.067, 440.751, 440.405, 440.027, 439.616, 439.17, 438.685, 438.16, 437.593, 436.98, 436.319, 435.606, 434.839, 434.024, 433.159, 432.239, 431.262, 430.224, 429.121, 427.949, 426.704, 425.382, 423.977, 422.484, 420.898, 419.213, 417.423, 415.522, 413.501, 411.355, 409.074, 406.652, 404.078, 401.343, 398.438, 395.351, 392.072, 388.588, 384.887, 380.955, 376.777, 372.339, 367.624, 362.614, 357.292, 351.637, 345.63, 339.248, 332.467, 325.264, 317.61, 309.479, 300.841, 300.075, 300.007, 300.001, 300, 300, 300, 300, 300, 300, 300, 300, 300, 300, 300, 300, 300, 300, 300, 300, 300, 300, 300, 300, 300, 300, 300, 300, 300, 300, 
443.249, 443.249, 443.239, 443.219, 443.187, 443.143, 443.086, 443.016, 442.932, 442.832, 442.716, 442.582, 442.431, 442.26, 442.068, 441.854, 441.617, 441.355, 441.067, 440.751, 440.405, 440.028, 439.617, 439.17, 438.685, 438.161, 437.593, 436.98, 436.319, 435.606, 434.839, 434.024, 433.159, 432.239, 431.262, 430.224, 429.121, 427.949, 426.705, 425.382, 423.977, 422.484, 420.898, 419.214, 417.424, 415.522, 413.501, 411.355, 409.075, 406.652, 404.078, 401.343, 398.438, 395.351, 392.072, 388.588, 384.887, 380.955, 376.777, 372.339, 367.624, 362.614, 357.292, 351.637, 345.63, 339.248, 332.467, 325.264, 317.61, 309.479, 300.841, 300.075, 300.007, 300.001, 300, 300, 300, 300, 300, 300, 300, 300, 300, 300, 300, 300, 300, 300, 300, 300, 300, 300, 300, 300, 300, 300, 300, 300, 300, 300, 
443.25, 443.25, 443.24, 443.219, 443.187, 443.143, 443.086, 443.016, 442.932, 442.832, 442.716, 442.583, 442.431, 442.26, 442.068, 441.854, 441.617, 441.356, 441.067, 440.751, 440.405, 440.028, 439.617, 439.17, 438.685, 438.161, 437.593, 436.98, 436.319, 435.606, 434.839, 434.025, 433.159, 432.239, 431.262, 430.224, 429.121, 427.949, 426.705, 425.382, 423.977, 422.484, 420.899, 419.214, 417.424, 415.522, 413.502, 411.355, 409.075, 406.652, 404.078, 401.343, 398.438, 395.352, 392.072, 388.589, 384.887, 380.955, 376.777, 372.339, 367.624, 362.614, 357.292, 351.637, 345.63, 339.248, 332.467, 325.264, 317.61, 309.479, 300.841, 300.075, 300.007, 300.001, 300, 300, 300, 300, 300, 300, 300, 300, 300, 300, 300, 300, 300, 300, 300, 300, 300, 300, 300, 300, 300, 300, 300, 300, 300, 300, 
443.25, 443.25, 443.24, 443.219, 443.187, 443.143, 443.087, 443.016, 442.932, 442.832, 442.716, 442.583, 442.431, 442.26, 442.068, 441.855, 441.618, 441.356, 441.067, 440.751, 440.405, 440.028, 439.617, 439.17, 438.686, 438.161, 437.593, 436.98, 436.319, 435.607, 434.84, 434.025, 433.159, 432.239, 431.262, 430.224, 429.121, 427.95, 426.705, 425.382, 423.977, 422.485, 420.899, 419.214, 417.424, 415.522, 413.502, 411.355, 409.075, 406.652, 404.078, 401.343, 398.438, 395.352, 392.072, 388.589, 384.887, 380.955, 376.777, 372.339, 367.624, 362.614, 357.292, 351.637, 345.63, 339.248, 332.467, 325.264, 317.61, 309.479, 300.841, 300.075, 300.007, 300.001, 300, 300, 300, 300, 300, 300, 300, 300, 300, 300, 300, 300, 300, 300, 300, 300, 300, 300, 300, 300, 300, 300, 300, 300, 300, 300, 
443.25, 443.25, 443.24, 443.219, 443.187, 443.143, 443.087, 443.017, 442.932, 442.832, 442.716, 442.583, 442.431, 442.26, 442.068, 441.855, 441.618, 441.356, 441.068, 440.751, 440.406, 440.028, 439.617, 439.17, 438.686, 438.161, 437.593, 436.98, 436.319, 435.607, 434.84, 434.025, 433.159, 432.24, 431.262, 430.224, 429.121, 427.95, 426.705, 425.382, 423.977, 422.485, 420.899, 419.214, 417.424, 415.522, 413.502, 411.355, 409.075, 406.652, 404.078, 401.344, 398.438, 395.352, 392.073, 388.589, 384.887, 380.955, 376.778, 372.339, 367.624, 362.614, 357.292, 351.637, 345.63, 339.248, 332.467, 325.264, 317.61, 309.479, 300.841, 300.075, 300.007, 300.001, 300, 300, 300, 300, 300, 300, 300, 300, 300, 300, 300, 300, 300, 300, 300, 300, 300, 300, 300, 300, 300, 300, 300, 300, 300, 300, 
443.25, 443.25, 443.24, 443.219, 443.187, 443.144, 443.087, 443.017, 442.932, 442.832, 442.716, 442.583, 442.431, 442.26, 442.069, 441.855, 441.618, 441.356, 441.068, 440.752, 440.406, 440.028, 439.617, 439.171, 438.686, 438.161, 437.594, 436.981, 436.319, 435.607, 434.84, 434.025, 433.159, 432.24, 431.263, 430.224, 429.122, 427.95, 426.705, 425.383, 423.978, 422.485, 420.899, 419.214, 417.424, 415.522, 413.502, 411.355, 409.075, 406.652, 404.078, 401.344, 398.438, 395.352, 392.073, 388.589, 384.888, 380.955, 376.778, 372.339, 367.624, 362.614, 357.292, 351.637, 345.63, 339.248, 332.467, 325.264, 317.61, 309.479, 300.841, 300.075, 300.007, 300.001, 300, 300, 300, 300, 300, 300, 300, 300, 300, 300, 300, 300, 300, 300, 300, 300, 300, 300, 300, 300, 300, 300, 300, 300, 300, 300, 
443.25, 443.25, 443.24, 443.22, 443.188, 443.144, 443.087, 443.017, 442.932, 442.833, 442.716, 442.583, 442.432, 442.261, 442.069, 441.855, 441.618, 441.356, 441.068, 440.752, 440.406, 440.028, 439.617, 439.171, 438.686, 438.161, 437.594, 436.981, 436.319, 435.607, 434.84, 434.025, 433.16, 432.24, 431.263, 430.225, 429.122, 427.95, 426.705, 425.383, 423.978, 422.485, 420.899, 419.214, 417.424, 415.522, 413.502, 411.356, 409.075, 406.652, 404.078, 401.344, 398.439, 395.352, 392.073, 388.589, 384.888, 380.955, 376.778, 372.339, 367.624, 362.614, 357.292, 351.638, 345.63, 339.248, 332.467, 325.264, 317.61, 309.479, 300.841, 300.075, 300.007, 300.001, 300, 300, 300, 300, 300, 300, 300, 300, 300, 300, 300, 300, 300, 300, 300, 300, 300, 300, 300, 300, 300, 300, 300, 300, 300, 300, 
443.25, 443.25, 443.24, 443.22, 443.188, 443.144, 443.087, 443.017, 442.933, 442.833, 442.717, 442.583, 442.432, 442.261, 442.069, 441.855, 441.618, 441.356, 441.068, 440.752, 440.406, 440.029, 439.618, 439.171, 438.686, 438.161, 437.594, 436.981, 436.32, 435.607, 434.84, 434.025, 433.16, 432.24, 431.263, 430.225, 429.122, 427.95, 426.705, 425.383, 423.978, 422.485, 420.899, 419.214, 417.424, 415.523, 413.502, 411.356, 409.075, 406.652, 404.079, 401.344, 398.439, 395.352, 392.073, 388.589, 384.888, 380.955, 376.778, 372.339, 367.624, 362.614, 357.292, 351.638, 345.63, 339.248, 332.467, 325.264, 317.61, 309.479, 300.841, 300.075, 300.007, 300.001, 300, 300, 300, 300, 300, 300, 300, 300, 300, 300, 300, 300, 300, 300, 300, 300, 300, 300, 300, 300, 300, 300, 300, 300, 300, 300, 
443.25, 443.25, 443.24, 443.22, 443.188, 443.144, 443.087, 443.017, 442.933, 442.833, 442.717, 442.584, 442.432, 442.261, 442.069, 441.855, 441.618, 441.356, 441.068, 440.752, 440.406, 440.029, 439.618, 439.171, 438.686, 438.162, 437.594, 436.981, 436.32, 435.607, 434.84, 434.025, 433.16, 432.24, 431.263, 430.225, 429.122, 427.95, 426.705, 425.383, 423.978, 422.485, 420.899, 419.214, 417.424, 415.523, 413.502, 411.356, 409.075, 406.653, 404.079, 401.344, 398.439, 395.352, 392.073, 388.589, 384.888, 380.956, 376.778, 372.339, 367.624, 362.614, 357.292, 351.638, 345.63, 339.248, 332.467, 325.264, 317.61, 309.479, 300.841, 300.075, 300.007, 300.001, 300, 300, 300, 300, 300, 300, 300, 300, 300, 300, 300, 300, 300, 300, 300, 300, 300, 300, 300, 300, 300, 300, 300, 300, 300, 300, 
443.251, 443.251, 443.241, 443.22, 443.188, 443.144, 443.088, 443.017, 442.933, 442.833, 442.717, 442.584, 442.432, 442.261, 442.069, 441.855, 441.618, 441.357, 441.068, 440.752, 440.406, 440.029, 439.618, 439.171, 438.687, 438.162, 437.594, 436.981, 436.32, 435.607, 434.84, 434.026, 433.16, 432.24, 431.263, 430.225, 429.122, 427.95, 426.706, 425.383, 423.978, 422.485, 420.899, 419.215, 417.425, 415.523, 413.502, 411.356, 409.075, 406.653, 404.079, 401.344, 398.439, 395.352, 392.073, 388.589, 384.888, 380.956, 376.778, 372.34, 367.624, 362.614, 357.292, 351.638, 345.63, 339.248, 332.467, 325.264, 317.61, 309.479, 300.841, 300.075, 300.007, 300.001, 300, 300, 300, 300, 300, 300, 300, 300, 300, 300, 300, 300, 300, 300, 300, 300, 300, 300, 300, 300, 300, 300, 300, 300, 300, 300, 
443.251, 443.251, 443.241, 443.22, 443.188, 443.144, 443.088, 443.018, 442.933, 442.833, 442.717, 442.584, 442.432, 442.261, 442.069, 441.856, 441.619, 441.357, 441.069, 440.752, 440.406, 440.029, 439.618, 439.171, 438.687, 438.162, 437.594, 436.981, 436.32, 435.608, 434.841, 434.026, 433.16, 432.24, 431.263, 430.225, 429.122, 427.951, 426.706, 425.383, 423.978, 422.485, 420.9, 419.215, 417.425, 415.523, 413.503, 411.356, 409.076, 406.653, 404.079, 401.344, 398.439, 395.352, 392.073, 388.589, 384.888, 380.956, 376.778, 372.34, 367.624, 362.615, 357.292, 351.638, 345.63, 339.248, 332.467, 325.264, 317.61, 309.479, 300.841, 300.075, 300.007, 300.001, 300, 300, 300, 300, 300, 300, 300, 300, 300, 300, 300, 300, 300, 300, 300, 300, 300, 300, 300, 300, 300, 300, 300, 300, 300, 300, 
443.251, 443.251, 443.241, 443.22, 443.188, 443.144, 443.088, 443.018, 442.933, 442.833, 442.717, 442.584, 442.432, 442.261, 442.069, 441.856, 441.619, 441.357, 441.069, 440.753, 440.407, 440.029, 439.618, 439.171, 438.687, 438.162, 437.594, 436.981, 436.32, 435.608, 434.841, 434.026, 433.16, 432.24, 431.263, 430.225, 429.122, 427.951, 426.706, 425.383, 423.978, 422.486, 420.9, 419.215, 417.425, 415.523, 413.503, 411.356, 409.076, 406.653, 404.079, 401.344, 398.439, 395.352, 392.073, 388.589, 384.888, 380.956, 376.778, 372.34, 367.624, 362.615, 357.292, 351.638, 345.63, 339.248, 332.468, 325.264, 317.61, 309.479, 300.841, 300.075, 300.007, 300.001, 300, 300, 300, 300, 300, 300, 300, 300, 300, 300, 300, 300, 300, 300, 300, 300, 300, 300, 300, 300, 300, 300, 300, 300, 300, 300, 
443.251, 443.251, 443.241, 443.22, 443.189, 443.145, 443.088, 443.018, 442.933, 442.833, 442.717, 442.584, 442.432, 442.261, 442.07, 441.856, 441.619, 441.357, 441.069, 440.753, 440.407, 440.029, 439.618, 439.172, 438.687, 438.162, 437.595, 436.982, 436.32, 435.608, 434.841, 434.026, 433.16, 432.241, 431.263, 430.225, 429.122, 427.951, 426.706, 425.383, 423.978, 422.486, 420.9, 419.215, 417.425, 415.523, 413.503, 411.356, 409.076, 406.653, 404.079, 401.344, 398.439, 395.352, 392.073, 388.589, 384.888, 380.956, 376.778, 372.34, 367.624, 362.615, 357.292, 351.638, 345.63, 339.248, 332.468, 325.264, 317.61, 309.48, 300.841, 300.075, 300.007, 300.001, 300, 300, 300, 300, 300, 300, 300, 300, 300, 300, 300, 300, 300, 300, 300, 300, 300, 300, 300, 300, 300, 300, 300, 300, 300, 300, 
443.251, 443.251, 443.241, 443.221, 443.189, 443.145, 443.088, 443.018, 442.933, 442.834, 442.718, 442.584, 442.433, 442.262, 442.07, 441.856, 441.619, 441.357, 441.069, 440.753, 440.407, 440.029, 439.618, 439.172, 438.687, 438.162, 437.595, 436.982, 436.32, 435.608, 434.841, 434.026, 433.16, 432.241, 431.264, 430.225, 429.123, 427.951, 426.706, 425.384, 423.979, 422.486, 420.9, 419.215, 417.425, 415.523, 413.503, 411.356, 409.076, 406.653, 404.079, 401.344, 398.439, 395.353, 392.073, 388.589, 384.888, 380.956, 376.778, 372.34, 367.624, 362.615, 357.292, 351.638, 345.63, 339.248, 332.468, 325.264, 317.61, 309.48, 300.841, 300.075, 300.007, 300.001, 300, 300, 300, 300, 300, 300, 300, 300, 300, 300, 300, 300, 300, 300, 300, 300, 300, 300, 300, 300, 300, 300, 300, 300, 300, 300, 
443.251, 443.251, 443.241, 443.221, 443.189, 443.145, 443.088, 443.018, 442.934, 442.834, 442.718, 442.584, 442.433, 442.262, 442.07, 441.856, 441.619, 441.357, 441.069, 440.753, 440.407, 440.03, 439.618, 439.172, 438.687, 438.162, 437.595, 436.982, 436.321, 435.608, 434.841, 434.026, 433.161, 432.241, 431.264, 430.226, 429.123, 427.951, 426.706, 425.384, 423.979, 422.486, 420.9, 419.215, 417.425, 415.523, 413.503, 411.356, 409.076, 406.653, 404.079, 401.345, 398.439, 395.353, 392.073, 388.59, 384.888, 380.956, 376.778, 372.34, 367.624, 362.615, 357.292, 351.638, 345.63, 339.248, 332.468, 325.264, 317.61, 309.48, 300.841, 300.075, 300.007, 300.001, 300, 300, 300, 300, 300, 300, 300, 300, 300, 300, 300, 300, 300, 300, 300, 300, 300, 300, 300, 300, 300, 300, 300, 300, 300, 300, 
443.251, 443.251, 443.241, 443.221, 443.189, 443.145, 443.088, 443.018, 442.934, 442.834, 442.718, 442.584, 442.433, 442.262, 442.07, 441.856, 441.619, 441.357, 441.069, 440.753, 440.407, 440.03, 439.619, 439.172, 438.687, 438.163, 437.595, 436.982, 436.321, 435.608, 434.841, 434.026, 433.161, 432.241, 431.264, 430.226, 429.123, 427.951, 426.706, 425.384, 423.979, 422.486, 420.9, 419.215, 417.425, 415.523, 413.503, 411.357, 409.076, 406.653, 404.079, 401.345, 398.439, 395.353, 392.074, 388.59, 384.888, 380.956, 376.778, 372.34, 367.624, 362.615, 357.292, 351.638, 345.631, 339.248, 332.468, 325.264, 317.611, 309.48, 300.841, 300.075, 300.007, 300.001, 300, 300, 300, 300, 300, 300, 300, 300, 300, 300, 300, 300, 300, 300, 300, 300, 300, 300, 300, 300, 300, 300, 300, 300, 300, 300, 
443.252, 443.252, 443.242, 443.221, 443.189, 443.145, 443.089, 443.018, 442.934, 442.834, 442.718, 442.585, 442.433, 442.262, 442.07, 441.856, 441.619, 441.358, 441.069, 440.753, 440.407, 440.03, 439.619, 439.172, 438.687, 438.163, 437.595, 436.982, 436.321, 435.608, 434.841, 434.026, 433.161, 432.241, 431.264, 430.226, 429.123, 427.951, 426.706, 425.384, 423.979, 422.486, 420.9, 419.215, 417.425, 415.524, 413.503, 411.357, 409.076, 406.653, 404.079, 401.345, 398.439, 395.353, 392.074, 388.59, 384.888, 380.956, 376.778, 372.34, 367.625, 362.615, 357.292, 351.638, 345.631, 339.248, 332.468, 325.264, 317.611, 309.48, 300.841, 300.075, 300.007, 300.001, 300, 300, 300, 300, 300, 300, 300, 300, 300, 300, 300, 300, 300, 300, 300, 300, 300, 300, 300, 300, 300, 300, 300, 300, 300, 300, 
443.252, 443.252, 443.242, 443.221, 443.189, 443.145, 443.089, 443.018, 442.934, 442.834, 442.718, 442.585, 442.433, 442.262, 442.07, 441.857, 441.62, 441.358, 441.069, 440.753, 440.407, 440.03, 439.619, 439.172, 438.688, 438.163, 437.595, 436.982, 436.321, 435.608, 434.841, 434.027, 433.161, 432.241, 431.264, 430.226, 429.123, 427.951, 426.707, 425.384, 423.979, 422.486, 420.9, 419.215, 417.425, 415.524, 413.503, 411.357, 409.076, 406.653, 404.079, 401.345, 398.44, 395.353, 392.074, 388.59, 384.888, 380.956, 376.778, 372.34, 367.625, 362.615, 357.293, 351.638, 345.631, 339.248, 332.468, 325.264, 317.611, 309.48, 300.841, 300.075, 300.007, 300.001, 300, 300, 300, 300, 300, 300, 300, 300, 300, 300, 300, 300, 300, 300, 300, 300, 300, 300, 300, 300, 300, 300, 300, 300, 300, 300, 
443.252, 443.252, 443.242, 443.221, 443.189, 443.145, 443.089, 443.019, 442.934, 442.834, 442.718, 442.585, 442.433, 442.262, 442.07, 441.857, 441.62, 441.358, 441.07, 440.753, 440.408, 440.03, 439.619, 439.172, 438.688, 438.163, 437.595, 436.982, 436.321, 435.609, 434.842, 434.027, 433.161, 432.241, 431.264, 430.226, 429.123, 427.951, 426.707, 425.384, 423.979, 422.486, 420.9, 419.216, 417.425, 415.524, 413.503, 411.357, 409.076, 406.654, 404.08, 401.345, 398.44, 395.353, 392.074, 388.59, 384.889, 380.956, 376.778, 372.34, 367.625, 362.615, 357.293, 351.638, 345.631, 339.248, 332.468, 325.264, 317.611, 309.48, 300.841, 300.075, 300.007, 300.001, 300, 300, 300, 300, 300, 300, 300, 300, 300, 300, 300, 300, 300, 300, 300, 300, 300, 300, 300, 300, 300, 300, 300, 300, 300, 300, 
443.252, 443.252, 443.242, 443.221, 443.189, 443.146, 443.089, 443.019, 442.934, 442.834, 442.718, 442.585, 442.433, 442.262, 442.071, 441.857, 441.62, 441.358, 441.07, 440.754, 440.408, 440.03, 439.619, 439.172, 438.688, 438.163, 437.595, 436.982, 436.321, 435.609, 434.842, 434.027, 433.161, 432.241, 431.264, 430.226, 429.123, 427.952, 426.707, 425.384, 423.979, 422.486, 420.9, 419.216, 417.426, 415.524, 413.503, 411.357, 409.076, 406.654, 404.08, 401.345, 398.44, 395.353, 392.074, 388.59, 384.889, 380.956, 376.779, 372.34, 367.625, 362.615, 357.293, 351.638, 345.631, 339.248, 332.468, 325.264, 317.611, 309.48, 300.841, 300.075, 300.007, 300.001, 300, 300, 300, 300, 300, 300, 300, 300, 300, 300, 300, 300, 300, 300, 300, 300, 300, 300, 300, 300, 300, 300, 300, 300, 300, 300, 
443.252, 443.252, 443.242, 443.221, 443.19, 443.146, 443.089, 443.019, 442.934, 442.834, 442.718, 442.585, 442.433, 442.262, 442.071, 441.857, 441.62, 441.358, 441.07, 440.754, 440.408, 440.03, 439.619, 439.173, 438.688, 438.163, 437.596, 436.983, 436.321, 435.609, 434.842, 434.027, 433.161, 432.242, 431.264, 430.226, 429.123, 427.952, 426.707, 425.384, 423.979, 422.486, 420.901, 419.216, 417.426, 415.524, 413.503, 411.357, 409.076, 406.654, 404.08, 401.345, 398.44, 395.353, 392.074, 388.59, 384.889, 380.956, 376.779, 372.34, 367.625, 362.615, 357.293, 351.638, 345.631, 339.248, 332.468, 325.264, 317.611, 309.48, 300.841, 300.075, 300.007, 300.001, 300, 300, 300, 300, 300, 300, 300, 300, 300, 300, 300, 300, 300, 300, 300, 300, 300, 300, 300, 300, 300, 300, 300, 300, 300, 300, 
443.252, 443.252, 443.242, 443.222, 443.19, 443.146, 443.089, 443.019, 442.934, 442.835, 442.719, 442.585, 442.434, 442.263, 442.071, 441.857, 441.62, 441.358, 441.07, 440.754, 440.408, 440.03, 439.619, 439.173, 438.688, 438.163, 437.596, 436.983, 436.321, 435.609, 434.842, 434.027, 433.161, 432.242, 431.264, 430.226, 429.124, 427.952, 426.707, 425.384, 423.979, 422.487, 420.901, 419.216, 417.426, 415.524, 413.504, 411.357, 409.077, 406.654, 404.08, 401.345, 398.44, 395.353, 392.074, 388.59, 384.889, 380.956, 376.779, 372.34, 367.625, 362.615, 357.293, 351.638, 345.631, 339.248, 332.468, 325.264, 317.611, 309.48, 300.841, 300.075, 300.007, 300.001, 300, 300, 300, 300, 300, 300, 300, 300, 300, 300, 300, 300, 300, 300, 300, 300, 300, 300, 300, 300, 300, 300, 300, 300, 300, 300, 
443.252, 443.252, 443.242, 443.222, 443.19, 443.146, 443.089, 443.019, 442.935, 442.835, 442.719, 442.585, 442.434, 442.263, 442.071, 441.857, 441.62, 441.358, 441.07, 440.754, 440.408, 440.03, 439.619, 439.173, 438.688, 438.163, 437.596, 436.983, 436.322, 435.609, 434.842, 434.027, 433.161, 432.242, 431.265, 430.226, 429.124, 427.952, 426.707, 425.385, 423.979, 422.487, 420.901, 419.216, 417.426, 415.524, 413.504, 411.357, 409.077, 406.654, 404.08, 401.345, 398.44, 395.353, 392.074, 388.59, 384.889, 380.956, 376.779, 372.34, 367.625, 362.615, 357.293, 351.638, 345.631, 339.248, 332.468, 325.264, 317.611, 309.48, 300.841, 300.075, 300.007, 300.001, 300, 300, 300, 300, 300, 300, 300, 300, 300, 300, 300, 300, 300, 300, 300, 300, 300, 300, 300, 300, 300, 300, 300, 300, 300, 300, 
443.252, 443.252, 443.242, 443.222, 443.19, 443.146, 443.089, 443.019, 442.935, 442.835, 442.719, 442.585, 442.434, 442.263, 442.071, 441.857, 441.62, 441.358, 441.07, 440.754, 440.408, 440.031, 439.62, 439.173, 438.688, 438.163, 437.596, 436.983, 436.322, 435.609, 434.842, 434.027, 433.162, 432.242, 431.265, 430.227, 429.124, 427.952, 426.707, 425.385, 423.98, 422.487, 420.901, 419.216, 417.426, 415.524, 413.504, 411.357, 409.077, 406.654, 404.08, 401.345, 398.44, 395.353, 392.074, 388.59, 384.889, 380.957, 376.779, 372.34, 367.625, 362.615, 357.293, 351.638, 345.631, 339.248, 332.468, 325.264, 317.611, 309.48, 300.841, 300.075, 300.007, 300.001, 300, 300, 300, 300, 300, 300, 300, 300, 300, 300, 300, 300, 300, 300, 300, 300, 300, 300, 300, 300, 300, 300, 300, 300, 300, 300, 
443.253, 443.253, 443.243, 443.222, 443.19, 443.146, 443.089, 443.019, 442.935, 442.835, 442.719, 442.586, 442.434, 442.263, 442.071, 441.857, 441.62, 441.358, 441.07, 440.754, 440.408, 440.031, 439.62, 439.173, 438.688, 438.164, 437.596, 436.983, 436.322, 435.609, 434.842, 434.027, 433.162, 432.242, 431.265, 430.227, 429.124, 427.952, 426.707, 425.385, 423.98, 422.487, 420.901, 419.216, 417.426, 415.524, 413.504, 411.357, 409.077, 406.654, 404.08, 401.345, 398.44, 395.353, 392.074, 388.59, 384.889, 380.957, 376.779, 372.34, 367.625, 362.615, 357.293, 351.638, 345.631, 339.248, 332.468, 325.264, 317.611, 309.48, 300.841, 300.075, 300.007, 300.001, 300, 300, 300, 300, 300, 300, 300, 300, 300, 300, 300, 300, 300, 300, 300, 300, 300, 300, 300, 300, 300, 300, 300, 300, 300, 300, 
443.253, 443.253, 443.243, 443.222, 443.19, 443.146, 443.09, 443.019, 442.935, 442.835, 442.719, 442.586, 442.434, 442.263, 442.071, 441.858, 441.62, 441.359, 441.07, 440.754, 440.408, 440.031, 439.62, 439.173, 438.688, 438.164, 437.596, 436.983, 436.322, 435.609, 434.842, 434.027, 433.162, 432.242, 431.265, 430.227, 429.124, 427.952, 426.707, 425.385, 423.98, 422.487, 420.901, 419.216, 417.426, 415.524, 413.504, 411.357, 409.077, 406.654, 404.08, 401.345, 398.44, 395.353, 392.074, 388.59, 384.889, 380.957, 376.779, 372.34, 367.625, 362.615, 357.293, 351.638, 345.631, 339.249, 332.468, 325.264, 317.611, 309.48, 300.841, 300.075, 300.007, 300.001, 300, 300, 300, 300, 300, 300, 300, 300, 300, 300, 300, 300, 300, 300, 300, 300, 300, 300, 300, 300, 300, 300, 300, 300, 300, 300, 
443.253, 443.253, 443.243, 443.222, 443.19, 443.146, 443.09, 443.02, 442.935, 442.835, 442.719, 442.586, 442.434, 442.263, 442.071, 441.858, 441.621, 441.359, 441.071, 440.754, 440.408, 440.031, 439.62, 439.173, 438.689, 438.164, 437.596, 436.983, 436.322, 435.609, 434.842, 434.028, 433.162, 432.242, 431.265, 430.227, 429.124, 427.952, 426.707, 425.385, 423.98, 422.487, 420.901, 419.216, 417.426, 415.524, 413.504, 411.357, 409.077, 406.654, 404.08, 401.345, 398.44, 395.354, 392.074, 388.59, 384.889, 380.957, 376.779, 372.34, 367.625, 362.615, 357.293, 351.638, 345.631, 339.249, 332.468, 325.264, 317.611, 309.48, 300.841, 300.075, 300.007, 300.001, 300, 300, 300, 300, 300, 300, 300, 300, 300, 300, 300, 300, 300, 300, 300, 300, 300, 300, 300, 300, 300, 300, 300, 300, 300, 300, 
443.253, 443.253, 443.243, 443.222, 443.19, 443.146, 443.09, 443.02, 442.935, 442.835, 442.719, 442.586, 442.434, 442.263, 442.071, 441.858, 441.621, 441.359, 441.071, 440.754, 440.409, 440.031, 439.62, 439.173, 438.689, 438.164, 437.596, 436.983, 436.322, 435.61, 434.843, 434.028, 433.162, 432.242, 431.265, 430.227, 429.124, 427.952, 426.708, 425.385, 423.98, 422.487, 420.901, 419.216, 417.426, 415.525, 413.504, 411.358, 409.077, 406.654, 404.08, 401.346, 398.44, 395.354, 392.074, 388.59, 384.889, 380.957, 376.779, 372.341, 367.625, 362.615, 357.293, 351.638, 345.631, 339.249, 332.468, 325.264, 317.611, 309.48, 300.841, 300.075, 300.007, 300.001, 300, 300, 300, 300, 300, 300, 300, 300, 300, 300, 300, 300, 300, 300, 300, 300, 300, 300, 300, 300, 300, 300, 300, 300, 300, 300, 
443.253, 443.253, 443.243, 443.222, 443.19, 443.147, 443.09, 443.02, 442.935, 442.835, 442.719, 442.586, 442.434, 442.263, 442.072, 441.858, 441.621, 441.359, 441.071, 440.755, 440.409, 440.031, 439.62, 439.173, 438.689, 438.164, 437.596, 436.983, 436.322, 435.61, 434.843, 434.028, 433.162, 432.242, 431.265, 430.227, 429.124, 427.952, 426.708, 425.385, 423.98, 422.487, 420.901, 419.216, 417.426, 415.525, 413.504, 411.358, 409.077, 406.654, 404.08, 401.346, 398.44, 395.354, 392.074, 388.59, 384.889, 380.957, 376.779, 372.341, 367.625, 362.615, 357.293, 351.638, 345.631, 339.249, 332.468, 325.264, 317.611, 309.48, 300.841, 300.075, 300.007, 300.001, 300, 300, 300, 300, 300, 300, 300, 300, 300, 300, 300, 300, 300, 300, 300, 300, 300, 300, 300, 300, 300, 300, 300, 300, 300, 300, 
443.253, 443.253, 443.243, 443.222, 443.191, 443.147, 443.09, 443.02, 442.935, 442.835, 442.719, 442.586, 442.434, 442.263, 442.072, 441.858, 441.621, 441.359, 441.071, 440.755, 440.409, 440.031, 439.62, 439.173, 438.689, 438.164, 437.596, 436.983, 436.322, 435.61, 434.843, 434.028, 433.162, 432.242, 431.265, 430.227, 429.124, 427.953, 426.708, 425.385, 423.98, 422.487, 420.901, 419.216, 417.426, 415.525, 413.504, 411.358, 409.077, 406.654, 404.08, 401.346, 398.44, 395.354, 392.074, 388.591, 384.889, 380.957, 376.779, 372.341, 367.625, 362.615, 357.293, 351.638, 345.631, 339.249, 332.468, 325.264, 317.611, 309.48, 300.841, 300.075, 300.007, 300.001, 300, 300, 300, 300, 300, 300, 300, 300, 300, 300, 300, 300, 300, 300, 300, 300, 300, 300, 300, 300, 300, 300, 300, 300, 300, 300, 
443.253, 443.253, 443.243, 443.223, 443.191, 443.147, 443.09, 443.02, 442.935, 442.836, 442.72, 442.586, 442.435, 442.264, 442.072, 441.858, 441.621, 441.359, 441.071, 440.755, 440.409, 440.031, 439.62, 439.174, 438.689, 438.164, 437.597, 436.984, 436.322, 435.61, 434.843, 434.028, 433.162, 432.243, 431.265, 430.227, 429.124, 427.953, 426.708, 425.385, 423.98, 422.487, 420.901, 419.217, 417.427, 415.525, 413.504, 411.358, 409.077, 406.654, 404.08, 401.346, 398.44, 395.354, 392.074, 388.591, 384.889, 380.957, 376.779, 372.341, 367.625, 362.615, 357.293, 351.638, 345.631, 339.249, 332.468, 325.264, 317.611, 309.48, 300.841, 300.075, 300.007, 300.001, 300, 300, 300, 300, 300, 300, 300, 300, 300, 300, 300, 300, 300, 300, 300, 300, 300, 300, 300, 300, 300, 300, 300, 300, 300, 300, 
443.253, 443.253, 443.243, 443.223, 443.191, 443.147, 443.09, 443.02, 442.935, 442.836, 442.72, 442.586, 442.435, 442.264, 442.072, 441.858, 441.621, 441.359, 441.071, 440.755, 440.409, 440.031, 439.62, 439.174, 438.689, 438.164, 437.597, 436.984, 436.322, 435.61, 434.843, 434.028, 433.162, 432.243, 431.265, 430.227, 429.124, 427.953, 426.708, 425.385, 423.98, 422.487, 420.902, 419.217, 417.427, 415.525, 413.504, 411.358, 409.077, 406.654, 404.08, 401.346, 398.44, 395.354, 392.075, 388.591, 384.889, 380.957, 376.779, 372.341, 367.625, 362.615, 357.293, 351.638, 345.631, 339.249, 332.468, 325.264, 317.611, 309.48, 300.841, 300.075, 300.007, 300.001, 300, 300, 300, 300, 300, 300, 300, 300, 300, 300, 300, 300, 300, 300, 300, 300, 300, 300, 300, 300, 300, 300, 300, 300, 300, 300, 
443.253, 443.253, 443.243, 443.223, 443.191, 443.147, 443.09, 443.02, 442.936, 442.836, 442.72, 442.586, 442.435, 442.264, 442.072, 441.858, 441.621, 441.359, 441.071, 440.755, 440.409, 440.032, 439.62, 439.174, 438.689, 438.164, 437.597, 436.984, 436.323, 435.61, 434.843, 434.028, 433.162, 432.243, 431.266, 430.227, 429.125, 427.953, 426.708, 425.385, 423.98, 422.488, 420.902, 419.217, 417.427, 415.525, 413.504, 411.358, 409.077, 406.655, 404.081, 401.346, 398.441, 395.354, 392.075, 388.591, 384.889, 380.957, 376.779, 372.341, 367.625, 362.615, 357.293, 351.638, 345.631, 339.249, 332.468, 325.264, 317.611, 309.48, 300.841, 300.075, 300.007, 300.001, 300, 300, 300, 300, 300, 300, 300, 300, 300, 300, 300, 300, 300, 300, 300, 300, 300, 300, 300, 300, 300, 300, 300, 300, 300, 300, 
443.253, 443.253, 443.243, 443.223, 443.191, 443.147, 443.09, 443.02, 442.936, 442.836, 442.72, 442.586, 442.435, 442.264, 442.072, 441.858, 441.621, 441.359, 441.071, 440.755, 440.409, 440.032, 439.621, 439.174, 438.689, 438.164, 437.597, 436.984, 436.323, 435.61, 434.843, 434.028, 433.163, 432.243, 431.266, 430.228, 429.125, 427.953, 426.708, 425.385, 423.98, 422.488, 420.902, 419.217, 417.427, 415.525, 413.505, 411.358, 409.077, 406.655, 404.081, 401.346, 398.441, 395.354, 392.075, 388.591, 384.889, 380.957, 376.779, 372.341, 367.625, 362.616, 357.293, 351.639, 345.631, 339.249, 332.468, 325.264, 317.611, 309.48, 300.841, 300.075, 300.007, 300.001, 300, 300, 300, 300, 300, 300, 300, 300, 300, 300, 300, 300, 300, 300, 300, 300, 300, 300, 300, 300, 300, 300, 300, 300, 300, 300, 
443.254, 443.254, 443.244, 443.223, 443.191, 443.147, 443.091, 443.02, 442.936, 442.836, 442.72, 442.587, 442.435, 442.264, 442.072, 441.858, 441.621, 441.359, 441.071, 440.755, 440.409, 440.032, 439.621, 439.174, 438.689, 438.165, 437.597, 436.984, 436.323, 435.61, 434.843, 434.028, 433.163, 432.243, 431.266, 430.228, 429.125, 427.953, 426.708, 425.386, 423.98, 422.488, 420.902, 419.217, 417.427, 415.525, 413.505, 411.358, 409.078, 406.655, 404.081, 401.346, 398.441, 395.354, 392.075, 388.591, 384.889, 380.957, 376.779, 372.341, 367.625, 362.616, 357.293, 351.639, 345.631, 339.249, 332.468, 325.264, 317.611, 309.48, 300.841, 300.075, 300.007, 300.001, 300, 300, 300, 300, 300, 300, 300, 300, 300, 300, 300, 300, 300, 300, 300, 300, 300, 300, 300, 300, 300, 300, 300, 300, 300, 300, 
443.254, 443.254, 443.244, 443.223, 443.191, 443.147, 443.091, 443.02, 442.936, 442.836, 442.72, 442.587, 442.435, 442.264, 442.072, 441.859, 441.621, 441.36, 441.071, 440.755, 440.409, 440.032, 439.621, 439.174, 438.689, 438.165, 437.597, 436.984, 436.323, 435.61, 434.843, 434.028, 433.163, 432.243, 431.266, 430.228, 429.125, 427.953, 426.708, 425.386, 423.981, 422.488, 420.902, 419.217, 417.427, 415.525, 413.505, 411.358, 409.078, 406.655, 404.081, 401.346, 398.441, 395.354, 392.075, 388.591, 384.889, 380.957, 376.779, 372.341, 367.625, 362.616, 357.293, 351.639, 345.631, 339.249, 332.468, 325.264, 317.611, 309.48, 300.841, 300.075, 300.007, 300.001, 300, 300, 300, 300, 300, 300, 300, 300, 300, 300, 300, 300, 300, 300, 300, 300, 300, 300, 300, 300, 300, 300, 300, 300, 300, 300, 
443.254, 443.254, 443.244, 443.223, 443.191, 443.147, 443.091, 443.021, 442.936, 442.836, 442.72, 442.587, 442.435, 442.264, 442.072, 441.859, 441.622, 441.36, 441.071, 440.755, 440.409, 440.032, 439.621, 439.174, 438.69, 438.165, 437.597, 436.984, 436.323, 435.61, 434.843, 434.028, 433.163, 432.243, 431.266, 430.228, 429.125, 427.953, 426.708, 425.386, 423.981, 422.488, 420.902, 419.217, 417.427, 415.525, 413.505, 411.358, 409.078, 406.655, 404.081, 401.346, 398.441, 395.354, 392.075, 388.591, 384.89, 380.957, 376.779, 372.341, 367.625, 362.616, 357.293, 351.639, 345.631, 339.249, 332.468, 325.264, 317.611, 309.48, 300.841, 300.075, 300.007, 300.001, 300, 300, 300, 300, 300, 300, 300, 300, 300, 300, 300, 300, 300, 300, 300, 300, 300, 300, 300, 300, 300, 300, 300, 300, 300, 300, 
443.254, 443.254, 443.244, 443.223, 443.191, 443.147, 443.091, 443.021, 442.936, 442.836, 442.72, 442.587, 442.435, 442.264, 442.072, 441.859, 441.622, 441.36, 441.072, 440.755, 440.409, 440.032, 439.621, 439.174, 438.69, 438.165, 437.597, 436.984, 436.323, 435.61, 434.843, 434.029, 433.163, 432.243, 431.266, 430.228, 429.125, 427.953, 426.708, 425.386, 423.981, 422.488, 420.902, 419.217, 417.427, 415.525, 413.505, 411.358, 409.078, 406.655, 404.081, 401.346, 398.441, 395.354, 392.075, 388.591, 384.89, 380.957, 376.779, 372.341, 367.625, 362.616, 357.293, 351.639, 345.631, 339.249, 332.468, 325.264, 317.611, 309.48, 300.841, 300.075, 300.007, 300.001, 300, 300, 300, 300, 300, 300, 300, 300, 300, 300, 300, 300, 300, 300, 300, 300, 300, 300, 300, 300, 300, 300, 300, 300, 300, 300, 
443.254, 443.254, 443.244, 443.223, 443.191, 443.148, 443.091, 443.021, 442.936, 442.836, 442.72, 442.587, 442.435, 442.264, 442.072, 441.859, 441.622, 441.36, 441.072, 440.755, 440.41, 440.032, 439.621, 439.174, 438.69, 438.165, 437.597, 436.984, 436.323, 435.61, 434.843, 434.029, 433.163, 432.243, 431.266, 430.228, 429.125, 427.953, 426.708, 425.386, 423.981, 422.488, 420.902, 419.217, 417.427, 415.525, 413.505, 411.358, 409.078, 406.655, 404.081, 401.346, 398.441, 395.354, 392.075, 388.591, 384.89, 380.957, 376.779, 372.341, 367.625, 362.616, 357.293, 351.639, 345.631, 339.249, 332.468, 325.264, 317.611, 309.48, 300.841, 300.075, 300.007, 300.001, 300, 300, 300, 300, 300, 300, 300, 300, 300, 300, 300, 300, 300, 300, 300, 300, 300, 300, 300, 300, 300, 300, 300, 300, 300, 300, 
443.254, 443.254, 443.244, 443.223, 443.191, 443.148, 443.091, 443.021, 442.936, 442.836, 442.72, 442.587, 442.435, 442.264, 442.073, 441.859, 441.622, 441.36, 441.072, 440.756, 440.41, 440.032, 439.621, 439.174, 438.69, 438.165, 437.597, 436.984, 436.323, 435.611, 434.844, 434.029, 433.163, 432.243, 431.266, 430.228, 429.125, 427.953, 426.708, 425.386, 423.981, 422.488, 420.902, 419.217, 417.427, 415.525, 413.505, 411.358, 409.078, 406.655, 404.081, 401.346, 398.441, 395.354, 392.075, 388.591, 384.89, 380.957, 376.78, 372.341, 367.626, 362.616, 357.293, 351.639, 345.631, 339.249, 332.468, 325.264, 317.611, 309.48, 300.841, 300.075, 300.007, 300.001, 300, 300, 300, 300, 300, 300, 300, 300, 300, 300, 300, 300, 300, 300, 300, 300, 300, 300, 300, 300, 300, 300, 300, 300, 300, 300, 
443.254, 443.254, 443.244, 443.223, 443.192, 443.148, 443.091, 443.021, 442.936, 442.836, 442.72, 442.587, 442.435, 442.264, 442.073, 441.859, 441.622, 441.36, 441.072, 440.756, 440.41, 440.032, 439.621, 439.174, 438.69, 438.165, 437.597, 436.984, 436.323, 435.611, 434.844, 434.029, 433.163, 432.243, 431.266, 430.228, 429.125, 427.953, 426.709, 425.386, 423.981, 422.488, 420.902, 419.217, 417.427, 415.525, 413.505, 411.358, 409.078, 406.655, 404.081, 401.346, 398.441, 395.354, 392.075, 388.591, 384.89, 380.957, 376.78, 372.341, 367.626, 362.616, 357.293, 351.639, 345.631, 339.249, 332.468, 325.264, 317.611, 309.48, 300.841, 300.075, 300.007, 300.001, 300, 300, 300, 300, 300, 300, 300, 300, 300, 300, 300, 300, 300, 300, 300, 300, 300, 300, 300, 300, 300, 300, 300, 300, 300, 300, 
443.254, 443.254, 443.244, 443.224, 443.192, 443.148, 443.091, 443.021, 442.936, 442.837, 442.721, 442.587, 442.436, 442.264, 442.073, 441.859, 441.622, 441.36, 441.072, 440.756, 440.41, 440.032, 439.621, 439.175, 438.69, 438.165, 437.598, 436.985, 436.323, 435.611, 434.844, 434.029, 433.163, 432.243, 431.266, 430.228, 429.125, 427.953, 426.709, 425.386, 423.981, 422.488, 420.902, 419.217, 417.427, 415.525, 413.505, 411.358, 409.078, 406.655, 404.081, 401.346, 398.441, 395.354, 392.075, 388.591, 384.89, 380.957, 376.78, 372.341, 367.626, 362.616, 357.293, 351.639, 345.631, 339.249, 332.468, 325.264, 317.611, 309.48, 300.841, 300.075, 300.007, 300.001, 300, 300, 300, 300, 300, 300, 300, 300, 300, 300, 300, 300, 300, 300, 300, 300, 300, 300, 300, 300, 300, 300, 300, 300, 300, 300, 
443.254, 443.254, 443.244, 443.224, 443.192, 443.148, 443.091, 443.021, 442.936, 442.837, 442.721, 442.587, 442.436, 442.265, 442.073, 441.859, 441.622, 441.36, 441.072, 440.756, 440.41, 440.032, 439.621, 439.175, 438.69, 438.165, 437.598, 436.985, 436.323, 435.611, 434.844, 434.029, 433.163, 432.243, 431.266, 430.228, 429.125, 427.954, 426.709, 425.386, 423.981, 422.488, 420.902, 419.217, 417.427, 415.526, 413.505, 411.359, 409.078, 406.655, 404.081, 401.346, 398.441, 395.354, 392.075, 388.591, 384.89, 380.957, 376.78, 372.341, 367.626, 362.616, 357.293, 351.639, 345.631, 339.249, 332.468, 325.264, 317.611, 309.48, 300.841, 300.075, 300.007, 300.001, 300, 300, 300, 300, 300, 300, 300, 300, 300, 300, 300, 300, 300, 300, 300, 300, 300, 300, 300, 300, 300, 300, 300, 300, 300, 300, 
443.254, 443.254, 443.244, 443.224, 443.192, 443.148, 443.091, 443.021, 442.937, 442.837, 442.721, 442.587, 442.436, 442.265, 442.073, 441.859, 441.622, 441.36, 441.072, 440.756, 440.41, 440.032, 439.621, 439.175, 438.69, 438.165, 437.598, 436.985, 436.323, 435.611, 434.844, 434.029, 433.163, 432.244, 431.266, 430.228, 429.125, 427.954, 426.709, 425.386, 423.981, 422.488, 420.902, 419.217, 417.427, 415.526, 413.505, 411.359, 409.078, 406.655, 404.081, 401.346, 398.441, 395.354, 392.075, 388.591, 384.89, 380.957, 376.78, 372.341, 367.626, 362.616, 357.293, 351.639, 345.631, 339.249, 332.468, 325.264, 317.611, 309.48, 300.841, 300.075, 300.007, 300.001, 300, 300, 300, 300, 300, 300, 300, 300, 300, 300, 300, 300, 300, 300, 300, 300, 300, 300, 300, 300, 300, 300, 300, 300, 300, 300, 
443.254, 443.254, 443.244, 443.224, 443.192, 443.148, 443.091, 443.021, 442.937, 442.837, 442.721, 442.587, 442.436, 442.265, 442.073, 441.859, 441.622, 441.36, 441.072, 440.756, 440.41, 440.033, 439.621, 439.175, 438.69, 438.165, 437.598, 436.985, 436.323, 435.611, 434.844, 434.029, 433.163, 432.244, 431.266, 430.228, 429.125, 427.954, 426.709, 425.386, 423.981, 422.488, 420.902, 419.218, 417.427, 415.526, 413.505, 411.359, 409.078, 406.655, 404.081, 401.347, 398.441, 395.355, 392.075, 388.591, 384.89, 380.957, 376.78, 372.341, 367.626, 362.616, 357.293, 351.639, 345.631, 339.249, 332.468, 325.264, 317.611, 309.48, 300.841, 300.075, 300.007, 300.001, 300, 300, 300, 300, 300, 300, 300, 300, 300, 300, 300, 300, 300, 300, 300, 300, 300, 300, 300, 300, 300, 300, 300, 300, 300, 300, 
443.255, 443.255, 443.245, 443.224, 443.192, 443.148, 443.091, 443.021, 442.937, 442.837, 442.721, 442.588, 442.436, 442.265, 442.073, 441.859, 441.622, 441.36, 441.072, 440.756, 440.41, 440.033, 439.622, 439.175, 438.69, 438.165, 437.598, 436.985, 436.324, 435.611, 434.844, 434.029, 433.163, 432.244, 431.267, 430.228, 429.125, 427.954, 426.709, 425.386, 423.981, 422.488, 420.903, 419.218, 417.428, 415.526, 413.505, 411.359, 409.078, 406.655, 404.081, 401.347, 398.441, 395.355, 392.075, 388.591, 384.89, 380.958, 376.78, 372.341, 367.626, 362.616, 357.293, 351.639, 345.631, 339.249, 332.468, 325.264, 317.611, 309.48, 300.841, 300.075, 300.007, 300.001, 300, 300, 300, 300, 300, 300, 300, 300, 300, 300, 300, 300, 300, 300, 300, 300, 300, 300, 300, 300, 300, 300, 300, 300, 300, 300, 
443.255, 443.255, 443.245, 443.224, 443.192, 443.148, 443.092, 443.021, 442.937, 442.837, 442.721, 442.588, 442.436, 442.265, 442.073, 441.859, 441.622, 441.36, 441.072, 440.756, 440.41, 440.033, 439.622, 439.175, 438.69, 438.165, 437.598, 436.985, 436.324, 435.611, 434.844, 434.029, 433.163, 432.244, 431.267, 430.228, 429.126, 427.954, 426.709, 425.386, 423.981, 422.489, 420.903, 419.218, 417.428, 415.526, 413.505, 411.359, 409.078, 406.655, 404.081, 401.347, 398.441, 395.355, 392.075, 388.591, 384.89, 380.958, 376.78, 372.341, 367.626, 362.616, 357.293, 351.639, 345.631, 339.249, 332.468, 325.264, 317.611, 309.48, 300.841, 300.075, 300.007, 300.001, 300, 300, 300, 300, 300, 300, 300, 300, 300, 300, 300, 300, 300, 300, 300, 300, 300, 300, 300, 300, 300, 300, 300, 300, 300, 300, 
443.255, 443.255, 443.245, 443.224, 443.192, 443.148, 443.092, 443.021, 442.937, 442.837, 442.721, 442.588, 442.436, 442.265, 442.073, 441.859, 441.622, 441.361, 441.072, 440.756, 440.41, 440.033, 439.622, 439.175, 438.69, 438.166, 437.598, 436.985, 436.324, 435.611, 434.844, 434.029, 433.164, 432.244, 431.267, 430.229, 429.126, 427.954, 426.709, 425.386, 423.981, 422.489, 420.903, 419.218, 417.428, 415.526, 413.505, 411.359, 409.078, 406.655, 404.081, 401.347, 398.441, 395.355, 392.075, 388.591, 384.89, 380.958, 376.78, 372.341, 367.626, 362.616, 357.293, 351.639, 345.631, 339.249, 332.468, 325.264, 317.611, 309.48, 300.841, 300.075, 300.007, 300.001, 300, 300, 300, 300, 300, 300, 300, 300, 300, 300, 300, 300, 300, 300, 300, 300, 300, 300, 300, 300, 300, 300, 300, 300, 300, 300, 
443.255, 443.255, 443.245, 443.224, 443.192, 443.148, 443.092, 443.021, 442.937, 442.837, 442.721, 442.588, 442.436, 442.265, 442.073, 441.86, 441.622, 441.361, 441.072, 440.756, 440.41, 440.033, 439.622, 439.175, 438.69, 438.166, 437.598, 436.985, 436.324, 435.611, 434.844, 434.029, 433.164, 432.244, 431.267, 430.229, 429.126, 427.954, 426.709, 425.387, 423.981, 422.489, 420.903, 419.218, 417.428, 415.526, 413.505, 411.359, 409.078, 406.655, 404.081, 401.347, 398.441, 395.355, 392.075, 388.591, 384.89, 380.958, 376.78, 372.341, 367.626, 362.616, 357.294, 351.639, 345.631, 339.249, 332.468, 325.264, 317.611, 309.48, 300.841, 300.075, 300.007, 300.001, 300, 300, 300, 300, 300, 300, 300, 300, 300, 300, 300, 300, 300, 300, 300, 300, 300, 300, 300, 300, 300, 300, 300, 300, 300, 300, 
443.255, 443.255, 443.245, 443.224, 443.192, 443.148, 443.092, 443.022, 442.937, 442.837, 442.721, 442.588, 442.436, 442.265, 442.073, 441.86, 441.623, 441.361, 441.072, 440.756, 440.41, 440.033, 439.622, 439.175, 438.691, 438.166, 437.598, 436.985, 436.324, 435.611, 434.844, 434.029, 433.164, 432.244, 431.267, 430.229, 429.126, 427.954, 426.709, 425.387, 423.981, 422.489, 420.903, 419.218, 417.428, 415.526, 413.505, 411.359, 409.078, 406.656, 404.081, 401.347, 398.441, 395.355, 392.075, 388.591, 384.89, 380.958, 376.78, 372.341, 367.626, 362.616, 357.294, 351.639, 345.631, 339.249, 332.468, 325.264, 317.611, 309.48, 300.841, 300.075, 300.007, 300.001, 300, 300, 300, 300, 300, 300, 300, 300, 300, 300, 300, 300, 300, 300, 300, 300, 300, 300, 300, 300, 300, 300, 300, 300, 300, 300, 
443.255, 443.255, 443.245, 443.224, 443.192, 443.148, 443.092, 443.022, 442.937, 442.837, 442.721, 442.588, 442.436, 442.265, 442.073, 441.86, 441.623, 441.361, 441.073, 440.756, 440.41, 440.033, 439.622, 439.175, 438.691, 438.166, 437.598, 436.985, 436.324, 435.611, 434.844, 434.029, 433.164, 432.244, 431.267, 430.229, 429.126, 427.954, 426.709, 425.387, 423.982, 422.489, 420.903, 419.218, 417.428, 415.526, 413.506, 411.359, 409.078, 406.656, 404.082, 401.347, 398.441, 395.355, 392.075, 388.591, 384.89, 380.958, 376.78, 372.341, 367.626, 362.616, 357.294, 351.639, 345.631, 339.249, 332.468, 325.264, 317.611, 309.48, 300.841, 300.075, 300.007, 300.001, 300, 300, 300, 300, 300, 300, 300, 300, 300, 300, 300, 300, 300, 300, 300, 300, 300, 300, 300, 300, 300, 300, 300, 300, 300, 300, 
443.255, 443.255, 443.245, 443.224, 443.192, 443.149, 443.092, 443.022, 442.937, 442.837, 442.721, 442.588, 442.436, 442.265, 442.073, 441.86, 441.623, 441.361, 441.073, 440.756, 440.411, 440.033, 439.622, 439.175, 438.691, 438.166, 437.598, 436.985, 436.324, 435.611, 434.844, 434.03, 433.164, 432.244, 431.267, 430.229, 429.126, 427.954, 426.709, 425.387, 423.982, 422.489, 420.903, 419.218, 417.428, 415.526, 413.506, 411.359, 409.078, 406.656, 404.082, 401.347, 398.441, 395.355, 392.075, 388.592, 384.89, 380.958, 376.78, 372.341, 367.626, 362.616, 357.294, 351.639, 345.631, 339.249, 332.468, 325.264, 317.611, 309.48, 300.841, 300.075, 300.007, 300.001, 300, 300, 300, 300, 300, 300, 300, 300, 300, 300, 300, 300, 300, 300, 300, 300, 300, 300, 300, 300, 300, 300, 300, 300, 300, 300, 
443.255, 443.255, 443.245, 443.224, 443.192, 443.149, 443.092, 443.022, 442.937, 442.837, 442.721, 442.588, 442.436, 442.265, 442.074, 441.86, 441.623, 441.361, 441.073, 440.757, 440.411, 440.033, 439.622, 439.175, 438.691, 438.166, 437.598, 436.985, 436.324, 435.611, 434.844, 434.03, 433.164, 432.244, 431.267, 430.229, 429.126, 427.954, 426.709, 425.387, 423.982, 422.489, 420.903, 419.218, 417.428, 415.526, 413.506, 411.359, 409.079, 406.656, 404.082, 401.347, 398.442, 395.355, 392.076, 388.592, 384.89, 380.958, 376.78, 372.341, 367.626, 362.616, 357.294, 351.639, 345.631, 339.249, 332.468, 325.264, 317.611, 309.48, 300.841, 300.075, 300.007, 300.001, 300, 300, 300, 300, 300, 300, 300, 300, 300, 300, 300, 300, 300, 300, 300, 300, 300, 300, 300, 300, 300, 300, 300, 300, 300, 300, 
443.255, 443.255, 443.245, 443.224, 443.193, 443.149, 443.092, 443.022, 442.937, 442.837, 442.721, 442.588, 442.436, 442.265, 442.074, 441.86, 441.623, 441.361, 441.073, 440.757, 440.411, 440.033, 439.622, 439.175, 438.691, 438.166, 437.598, 436.985, 436.324, 435.612, 434.845, 434.03, 433.164, 432.244, 431.267, 430.229, 429.126, 427.954, 426.709, 425.387, 423.982, 422.489, 420.903, 419.218, 417.428, 415.526, 413.506, 411.359, 409.079, 406.656, 404.082, 401.347, 398.442, 395.355, 392.076, 388.592, 384.89, 380.958, 376.78, 372.341, 367.626, 362.616, 357.294, 351.639, 345.631, 339.249, 332.468, 325.264, 317.611, 309.48, 300.841, 300.075, 300.007, 300.001, 300, 300, 300, 300, 300, 300, 300, 300, 300, 300, 300, 300, 300, 300, 300, 300, 300, 300, 300, 300, 300, 300, 300, 300, 300, 300, 
443.255, 443.255, 443.245, 443.225, 443.193, 443.149, 443.092, 443.022, 442.937, 442.838, 442.721, 442.588, 442.437, 442.265, 442.074, 441.86, 441.623, 441.361, 441.073, 440.757, 440.411, 440.033, 439.622, 439.175, 438.691, 438.166, 437.598, 436.985, 436.324, 435.612, 434.845, 434.03, 433.164, 432.244, 431.267, 430.229, 429.126, 427.954, 426.709, 425.387, 423.982, 422.489, 420.903, 419.218, 417.428, 415.526, 413.506, 411.359, 409.079, 406.656, 404.082, 401.347, 398.442, 395.355, 392.076, 388.592, 384.89, 380.958, 376.78, 372.341, 367.626, 362.616, 357.294, 351.639, 345.631, 339.249, 332.468, 325.264, 317.611, 309.48, 300.841, 300.075, 300.007, 300.001, 300, 300, 300, 300, 300, 300, 300, 300, 300, 300, 300, 300, 300, 300, 300, 300, 300, 300, 300, 300, 300, 300, 300, 300, 300, 300, 
443.255, 443.255, 443.245, 443.225, 443.193, 443.149, 443.092, 443.022, 442.937, 442.838, 442.722, 442.588, 442.437, 442.266, 442.074, 441.86, 441.623, 441.361, 441.073, 440.757, 440.411, 440.033, 439.622, 439.176, 438.691, 438.166, 437.598, 436.985, 436.324, 435.612, 434.845, 434.03, 433.164, 432.244, 431.267, 430.229, 429.126, 427.954, 426.709, 425.387, 423.982, 422.489, 420.903, 419.218, 417.428, 415.526, 413.506, 411.359, 409.079, 406.656, 404.082, 401.347, 398.442, 395.355, 392.076, 388.592, 384.89, 380.958, 376.78, 372.342, 367.626, 362.616, 357.294, 351.639, 345.632, 339.249, 332.468, 325.264, 317.611, 309.48, 300.841, 300.075, 300.007, 300.001, 300, 300, 300, 300, 300, 300, 300, 300, 300, 300, 300, 300, 300, 300, 300, 300, 300, 300, 300, 300, 300, 300, 300, 300, 300, 300, 
443.255, 443.255, 443.245, 443.225, 443.193, 443.149, 443.092, 443.022, 442.937, 442.838, 442.722, 442.588, 442.437, 442.266, 442.074, 441.86, 441.623, 441.361, 441.073, 440.757, 440.411, 440.033, 439.622, 439.176, 438.691, 438.166, 437.599, 436.986, 436.324, 435.612, 434.845, 434.03, 433.164, 432.244, 431.267, 430.229, 429.126, 427.954, 426.71, 425.387, 423.982, 422.489, 420.903, 419.218, 417.428, 415.526, 413.506, 411.359, 409.079, 406.656, 404.082, 401.347, 398.442, 395.355, 392.076, 388.592, 384.89, 380.958, 376.78, 372.342, 367.626, 362.616, 357.294, 351.639, 345.632, 339.249, 332.468, 325.264, 317.611, 309.48, 300.841, 300.075, 300.007, 300.001, 300, 300, 300, 300, 300, 300, 300, 300, 300, 300, 300, 300, 300, 300, 300, 300, 300, 300, 300, 300, 300, 300, 300, 300, 300, 300, 
443.255, 443.255, 443.245, 443.225, 443.193, 443.149, 443.092, 443.022, 442.938, 442.838, 442.722, 442.588, 442.437, 442.266, 442.074, 441.86, 441.623, 441.361, 441.073, 440.757, 440.411, 440.033, 439.622, 439.176, 438.691, 438.166, 437.599, 436.986, 436.324, 435.612, 434.845, 434.03, 433.164, 432.244, 431.267, 430.229, 429.126, 427.954, 426.71, 425.387, 423.982, 422.489, 420.903, 419.218, 417.428, 415.526, 413.506, 411.359, 409.079, 406.656, 404.082, 401.347, 398.442, 395.355, 392.076, 388.592, 384.89, 380.958, 376.78, 372.342, 367.626, 362.616, 357.294, 351.639, 345.632, 339.249, 332.468, 325.264, 317.611, 309.48, 300.841, 300.075, 300.007, 300.001, 300, 300, 300, 300, 300, 300, 300, 300, 300, 300, 300, 300, 300, 300, 300, 300, 300, 300, 300, 300, 300, 300, 300, 300, 300, 300, 
443.255, 443.255, 443.245, 443.225, 443.193, 443.149, 443.092, 443.022, 442.938, 442.838, 442.722, 442.588, 442.437, 442.266, 442.074, 441.86, 441.623, 441.361, 441.073, 440.757, 440.411, 440.033, 439.622, 439.176, 438.691, 438.166, 437.599, 436.986, 436.324, 435.612, 434.845, 434.03, 433.164, 432.244, 431.267, 430.229, 429.126, 427.955, 426.71, 425.387, 423.982, 422.489, 420.903, 419.218, 417.428, 415.526, 413.506, 411.359, 409.079, 406.656, 404.082, 401.347, 398.442, 395.355, 392.076, 388.592, 384.89, 380.958, 376.78, 372.342, 367.626, 362.616, 357.294, 351.639, 345.632, 339.249, 332.468, 325.264, 317.611, 309.48, 300.841, 300.075, 300.007, 300.001, 300, 300, 300, 300, 300, 300, 300, 300, 300, 300, 300, 300, 300, 300, 300, 300, 300, 300, 300, 300, 300, 300, 300, 300, 300, 300, 
443.255, 443.255, 443.245, 443.225, 443.193, 443.149, 443.092, 443.022, 442.938, 442.838, 442.722, 442.588, 442.437, 442.266, 442.074, 441.86, 441.623, 441.361, 441.073, 440.757, 440.411, 440.034, 439.622, 439.176, 438.691, 438.166, 437.599, 436.986, 436.324, 435.612, 434.845, 434.03, 433.164, 432.245, 431.267, 430.229, 429.126, 427.955, 426.71, 425.387, 423.982, 422.489, 420.903, 419.218, 417.428, 415.526, 413.506, 411.359, 409.079, 406.656, 404.082, 401.347, 398.442, 395.355, 392.076, 388.592, 384.89, 380.958, 376.78, 372.342, 367.626, 362.616, 357.294, 351.639, 345.632, 339.249, 332.468, 325.264, 317.611, 309.48, 300.841, 300.075, 300.007, 300.001, 300, 300, 300, 300, 300, 300, 300, 300, 300, 300, 300, 300, 300, 300, 300, 300, 300, 300, 300, 300, 300, 300, 300, 300, 300, 300, 
443.256, 443.256, 443.246, 443.225, 443.193, 443.149, 443.092, 443.022, 442.938, 442.838, 442.722, 442.589, 442.437, 442.266, 442.074, 441.86, 441.623, 441.361, 441.073, 440.757, 440.411, 440.034, 439.623, 439.176, 438.691, 438.166, 437.599, 436.986, 436.324, 435.612, 434.845, 434.03, 433.164, 432.245, 431.267, 430.229, 429.126, 427.955, 426.71, 425.387, 423.982, 422.489, 420.903, 419.218, 417.428, 415.526, 413.506, 411.359, 409.079, 406.656, 404.082, 401.347, 398.442, 395.355, 392.076, 388.592, 384.89, 380.958, 376.78, 372.342, 367.626, 362.616, 357.294, 351.639, 345.632, 339.249, 332.468, 325.264, 317.611, 309.48, 300.841, 300.075, 300.007, 300.001, 300, 300, 300, 300, 300, 300, 300, 300, 300, 300, 300, 300, 300, 300, 300, 300, 300, 300, 300, 300, 300, 300, 300, 300, 300, 300, 
443.256, 443.256, 443.246, 443.225, 443.193, 443.149, 443.092, 443.022, 442.938, 442.838, 442.722, 442.589, 442.437, 442.266, 442.074, 441.86, 441.623, 441.361, 441.073, 440.757, 440.411, 440.034, 439.623, 439.176, 438.691, 438.166, 437.599, 436.986, 436.325, 435.612, 434.845, 434.03, 433.164, 432.245, 431.267, 430.229, 429.126, 427.955, 426.71, 425.387, 423.982, 422.489, 420.903, 419.218, 417.428, 415.527, 413.506, 411.359, 409.079, 406.656, 404.082, 401.347, 398.442, 395.355, 392.076, 388.592, 384.89, 380.958, 376.78, 372.342, 367.626, 362.616, 357.294, 351.639, 345.632, 339.249, 332.468, 325.264, 317.611, 309.48, 300.841, 300.075, 300.007, 300.001, 300, 300, 300, 300, 300, 300, 300, 300, 300, 300, 300, 300, 300, 300, 300, 300, 300, 300, 300, 300, 300, 300, 300, 300, 300, 300, 
443.256, 443.256, 443.246, 443.225, 443.193, 443.149, 443.093, 443.022, 442.938, 442.838, 442.722, 442.589, 442.437, 442.266, 442.074, 441.86, 441.623, 441.361, 441.073, 440.757, 440.411, 440.034, 439.623, 439.176, 438.691, 438.166, 437.599, 436.986, 436.325, 435.612, 434.845, 434.03, 433.164, 432.245, 431.268, 430.229, 429.126, 427.955, 426.71, 425.387, 423.982, 422.489, 420.903, 419.218, 417.428, 415.527, 413.506, 411.359, 409.079, 406.656, 404.082, 401.347, 398.442, 395.355, 392.076, 388.592, 384.89, 380.958, 376.78, 372.342, 367.626, 362.616, 357.294, 351.639, 345.632, 339.249, 332.468, 325.264, 317.611, 309.48, 300.841, 300.075, 300.007, 300.001, 300, 300, 300, 300, 300, 300, 300, 300, 300, 300, 300, 300, 300, 300, 300, 300, 300, 300, 300, 300, 300, 300, 300, 300, 300, 300, 
443.256, 443.256, 443.246, 443.225, 443.193, 443.149, 443.093, 443.022, 442.938, 442.838, 442.722, 442.589, 442.437, 442.266, 442.074, 441.86, 441.623, 441.362, 441.073, 440.757, 440.411, 440.034, 439.623, 439.176, 438.691, 438.167, 437.599, 436.986, 436.325, 435.612, 434.845, 434.03, 433.164, 432.245, 431.268, 430.229, 429.127, 427.955, 426.71, 425.387, 423.982, 422.489, 420.903, 419.218, 417.428, 415.527, 413.506, 411.36, 409.079, 406.656, 404.082, 401.347, 398.442, 395.355, 392.076, 388.592, 384.891, 380.958, 376.78, 372.342, 367.626, 362.616, 357.294, 351.639, 345.632, 339.249, 332.468, 325.264, 317.611, 309.48, 300.841, 300.075, 300.007, 300.001, 300, 300, 300, 300, 300, 300, 300, 300, 300, 300, 300, 300, 300, 300, 300, 300, 300, 300, 300, 300, 300, 300, 300, 300, 300, 300, 
443.256, 443.256, 443.246, 443.225, 443.193, 443.149, 443.093, 443.022, 442.938, 442.838, 442.722, 442.589, 442.437, 442.266, 442.074, 441.861, 441.623, 441.362, 441.073, 440.757, 440.411, 440.034, 439.623, 439.176, 438.691, 438.167, 437.599, 436.986, 436.325, 435.612, 434.845, 434.03, 433.165, 432.245, 431.268, 430.229, 429.127, 427.955, 426.71, 425.387, 423.982, 422.489, 420.903, 419.219, 417.428, 415.527, 413.506, 411.36, 409.079, 406.656, 404.082, 401.347, 398.442, 395.355, 392.076, 388.592, 384.891, 380.958, 376.78, 372.342, 367.626, 362.616, 357.294, 351.639, 345.632, 339.249, 332.468, 325.264, 317.611, 309.48, 300.841, 300.075, 300.007, 300.001, 300, 300, 300, 300, 300, 300, 300, 300, 300, 300, 300, 300, 300, 300, 300, 300, 300, 300, 300, 300, 300, 300, 300, 300, 300, 300, 
443.256, 443.256, 443.246, 443.225, 443.193, 443.149, 443.093, 443.023, 442.938, 442.838, 442.722, 442.589, 442.437, 442.266, 442.074, 441.861, 441.624, 441.362, 441.073, 440.757, 440.411, 440.034, 439.623, 439.176, 438.691, 438.167, 437.599, 436.986, 436.325, 435.612, 434.845, 434.03, 433.165, 432.245, 431.268, 430.23, 429.127, 427.955, 426.71, 425.387, 423.982, 422.489, 420.904, 419.219, 417.428, 415.527, 413.506, 411.36, 409.079, 406.656, 404.082, 401.347, 398.442, 395.355, 392.076, 388.592, 384.891, 380.958, 376.78, 372.342, 367.626, 362.616, 357.294, 351.639, 345.632, 339.249, 332.468, 325.264, 317.611, 309.48, 300.841, 300.075, 300.007, 300.001, 300, 300, 300, 300, 300, 300, 300, 300, 300, 300, 300, 300, 300, 300, 300, 300, 300, 300, 300, 300, 300, 300, 300, 300, 300, 300, 
443.256, 443.256, 443.246, 443.225, 443.193, 443.149, 443.093, 443.023, 442.938, 442.838, 442.722, 442.589, 442.437, 442.266, 442.074, 441.861, 441.624, 441.362, 441.074, 440.757, 440.411, 440.034, 439.623, 439.176, 438.692, 438.167, 437.599, 436.986, 436.325, 435.612, 434.845, 434.03, 433.165, 432.245, 431.268, 430.23, 429.127, 427.955, 426.71, 425.387, 423.982, 422.49, 420.904, 419.219, 417.429, 415.527, 413.506, 411.36, 409.079, 406.656, 404.082, 401.347, 398.442, 395.355, 392.076, 388.592, 384.891, 380.958, 376.78, 372.342, 367.626, 362.616, 357.294, 351.639, 345.632, 339.249, 332.468, 325.264, 317.611, 309.48, 300.841, 300.075, 300.007, 300.001, 300, 300, 300, 300, 300, 300, 300, 300, 300, 300, 300, 300, 300, 300, 300, 300, 300, 300, 300, 300, 300, 300, 300, 300, 300, 300, 
443.256, 443.256, 443.246, 443.225, 443.193, 443.149, 443.093, 443.023, 442.938, 442.838, 442.722, 442.589, 442.437, 442.266, 442.074, 441.861, 441.624, 441.362, 441.074, 440.757, 440.411, 440.034, 439.623, 439.176, 438.692, 438.167, 437.599, 436.986, 436.325, 435.612, 434.845, 434.03, 433.165, 432.245, 431.268, 430.23, 429.127, 427.955, 426.71, 425.387, 423.982, 422.49, 420.904, 419.219, 417.429, 415.527, 413.506, 411.36, 409.079, 406.656, 404.082, 401.347, 398.442, 395.355, 392.076, 388.592, 384.891, 380.958, 376.78, 372.342, 367.626, 362.616, 357.294, 351.639, 345.632, 339.249, 332.468, 325.264, 317.611, 309.48, 300.841, 300.075, 300.007, 300.001, 300, 300, 300, 300, 300, 300, 300, 300, 300, 300, 300, 300, 300, 300, 300, 300, 300, 300, 300, 300, 300, 300, 300, 300, 300, 300, 
443.256, 443.256, 443.246, 443.225, 443.193, 443.149, 443.093, 443.023, 442.938, 442.838, 442.722, 442.589, 442.437, 442.266, 442.074, 441.861, 441.624, 441.362, 441.074, 440.757, 440.411, 440.034, 439.623, 439.176, 438.692, 438.167, 437.599, 436.986, 436.325, 435.612, 434.845, 434.03, 433.165, 432.245, 431.268, 430.23, 429.127, 427.955, 426.71, 425.388, 423.982, 422.49, 420.904, 419.219, 417.429, 415.527, 413.506, 411.36, 409.079, 406.656, 404.082, 401.347, 398.442, 395.355, 392.076, 388.592, 384.891, 380.958, 376.78, 372.342, 367.626, 362.616, 357.294, 351.639, 345.632, 339.249, 332.468, 325.264, 317.611, 309.48, 300.841, 300.075, 300.007, 300.001, 300, 300, 300, 300, 300, 300, 300, 300, 300, 300, 300, 300, 300, 300, 300, 300, 300, 300, 300, 300, 300, 300, 300, 300, 300, 300, 
443.256, 443.256, 443.246, 443.225, 443.193, 443.15, 443.093, 443.023, 442.938, 442.838, 442.722, 442.589, 442.437, 442.266, 442.075, 441.861, 441.624, 441.362, 441.074, 440.757, 440.412, 440.034, 439.623, 439.176, 438.692, 438.167, 437.599, 436.986, 436.325, 435.612, 434.845, 434.03, 433.165, 432.245, 431.268, 430.23, 429.127, 427.955, 426.71, 425.388, 423.982, 422.49, 420.904, 419.219, 417.429, 415.527, 413.506, 411.36, 409.079, 406.656, 404.082, 401.348, 398.442, 395.355, 392.076, 388.592, 384.891, 380.958, 376.78, 372.342, 367.626, 362.616, 357.294, 351.639, 345.632, 339.249, 332.468, 325.264, 317.611, 309.48, 300.841, 300.075, 300.007, 300.001, 300, 300, 300, 300, 300, 300, 300, 300, 300, 300, 300, 300, 300, 300, 300, 300, 300, 300, 300, 300, 300, 300, 300, 300, 300, 300, 
443.256, 443.256, 443.246, 443.225, 443.193, 443.15, 443.093, 443.023, 442.938, 442.838, 442.722, 442.589, 442.437, 442.266, 442.075, 441.861, 441.624, 441.362, 441.074, 440.758, 440.412, 440.034, 439.623, 439.176, 438.692, 438.167, 437.599, 436.986, 436.325, 435.612, 434.845, 434.031, 433.165, 432.245, 431.268, 430.23, 429.127, 427.955, 426.71, 425.388, 423.982, 422.49, 420.904, 419.219, 417.429, 415.527, 413.506, 411.36, 409.079, 406.656, 404.082, 401.348, 398.442, 395.355, 392.076, 388.592, 384.891, 380.958, 376.78, 372.342, 367.626, 362.616, 357.294, 351.639, 345.632, 339.249, 332.468, 325.264, 317.611, 309.48, 300.841, 300.075, 300.007, 300.001, 300, 300, 300, 300, 300, 300, 300, 300, 300, 300, 300, 300, 300, 300, 300, 300, 300, 300, 300, 300, 300, 300, 300, 300, 300, 300, 
443.256, 443.256, 443.246, 443.225, 443.194, 443.15, 443.093, 443.023, 442.938, 442.838, 442.722, 442.589, 442.437, 442.266, 442.075, 441.861, 441.624, 441.362, 441.074, 440.758, 440.412, 440.034, 439.623, 439.176, 438.692, 438.167, 437.599, 436.986, 436.325, 435.612, 434.845, 434.031, 433.165, 432.245, 431.268, 430.23, 429.127, 427.955, 426.71, 425.388, 423.983, 422.49, 420.904, 419.219, 417.429, 415.527, 413.506, 411.36, 409.079, 406.656, 404.082, 401.348, 398.442, 395.355, 392.076, 388.592, 384.891, 380.958, 376.78, 372.342, 367.626, 362.616, 357.294, 351.639, 345.632, 339.249, 332.468, 325.264, 317.611, 309.48, 300.841, 300.075, 300.007, 300.001, 300, 300, 300, 300, 300, 300, 300, 300, 300, 300, 300, 300, 300, 300, 300, 300, 300, 300, 300, 300, 300, 300, 300, 300, 300, 300, 
443.256, 443.256, 443.246, 443.226, 443.194, 443.15, 443.093, 443.023, 442.938, 442.838, 442.722, 442.589, 442.438, 442.266, 442.075, 441.861, 441.624, 441.362, 441.074, 440.758, 440.412, 440.034, 439.623, 439.176, 438.692, 438.167, 437.599, 436.986, 436.325, 435.613, 434.846, 434.031, 433.165, 432.245, 431.268, 430.23, 429.127, 427.955, 426.71, 425.388, 423.983, 422.49, 420.904, 419.219, 417.429, 415.527, 413.506, 411.36, 409.079, 406.656, 404.082, 401.348, 398.442, 395.356, 392.076, 388.592, 384.891, 380.958, 376.78, 372.342, 367.626, 362.616, 357.294, 351.639, 345.632, 339.249, 332.468, 325.265, 317.611, 309.48, 300.841, 300.075, 300.007, 300.001, 300, 300, 300, 300, 300, 300, 300, 300, 300, 300, 300, 300, 300, 300, 300, 300, 300, 300, 300, 300, 300, 300, 300, 300, 300, 300, 
443.256, 443.256, 443.246, 443.226, 443.194, 443.15, 443.093, 443.023, 442.938, 442.839, 442.722, 442.589, 442.438, 442.266, 442.075, 441.861, 441.624, 441.362, 441.074, 440.758, 440.412, 440.034, 439.623, 439.176, 438.692, 438.167, 437.599, 436.986, 436.325, 435.613, 434.846, 434.031, 433.165, 432.245, 431.268, 430.23, 429.127, 427.955, 426.71, 425.388, 423.983, 422.49, 420.904, 419.219, 417.429, 415.527, 413.506, 411.36, 409.079, 406.656, 404.082, 401.348, 398.442, 395.356, 392.076, 388.592, 384.891, 380.958, 376.78, 372.342, 367.626, 362.617, 357.294, 351.639, 345.632, 339.249, 332.468, 325.265, 317.611, 309.48, 300.841, 300.075, 300.007, 300.001, 300, 300, 300, 300, 300, 300, 300, 300, 300, 300, 300, 300, 300, 300, 300, 300, 300, 300, 300, 300, 300, 300, 300, 300, 300, 300, 
443.256, 443.256, 443.246, 443.226, 443.194, 443.15, 443.093, 443.023, 442.938, 442.839, 442.723, 442.589, 442.438, 442.267, 442.075, 441.861, 441.624, 441.362, 441.074, 440.758, 440.412, 440.034, 439.623, 439.176, 438.692, 438.167, 437.599, 436.986, 436.325, 435.613, 434.846, 434.031, 433.165, 432.245, 431.268, 430.23, 429.127, 427.955, 426.71, 425.388, 423.983, 422.49, 420.904, 419.219, 417.429, 415.527, 413.507, 411.36, 409.079, 406.656, 404.082, 401.348, 398.442, 395.356, 392.076, 388.592, 384.891, 380.958, 376.781, 372.342, 367.626, 362.617, 357.294, 351.639, 345.632, 339.249, 332.468, 325.265, 317.611, 309.48, 300.841, 300.075, 300.007, 300.001, 300, 300, 300, 300, 300, 300, 300, 300, 300, 300, 300, 300, 300, 300, 300, 300, 300, 300, 300, 300, 300, 300, 300, 300, 300, 300, 
443.256, 443.256, 443.246, 443.226, 443.194, 443.15, 443.093, 443.023, 442.938, 442.839, 442.723, 442.589, 442.438, 442.267, 442.075, 441.861, 441.624, 441.362, 441.074, 440.758, 440.412, 440.034, 439.623, 439.177, 438.692, 438.167, 437.599, 436.986, 436.325, 435.613, 434.846, 434.031, 433.165, 432.245, 431.268, 430.23, 429.127, 427.955, 426.71, 425.388, 423.983, 422.49, 420.904, 419.219, 417.429, 415.527, 413.507, 411.36, 409.079, 406.657, 404.082, 401.348, 398.442, 395.356, 392.076, 388.592, 384.891, 380.958, 376.781, 372.342, 367.626, 362.617, 357.294, 351.639, 345.632, 339.249, 332.468, 325.265, 317.611, 309.48, 300.841, 300.075, 300.007, 300.001, 300, 300, 300, 300, 300, 300, 300, 300, 300, 300, 300, 300, 300, 300, 300, 300, 300, 300, 300, 300, 300, 300, 300, 300, 300, 300, 
443.256, 443.256, 443.246, 443.226, 443.194, 443.15, 443.093, 443.023, 442.938, 442.839, 442.723, 442.589, 442.438, 442.267, 442.075, 441.861, 441.624, 441.362, 441.074, 440.758, 440.412, 440.034, 439.623, 439.177, 438.692, 438.167, 437.6, 436.986, 436.325, 435.613, 434.846, 434.031, 433.165, 432.245, 431.268, 430.23, 429.127, 427.955, 426.71, 425.388, 423.983, 422.49, 420.904, 419.219, 417.429, 415.527, 413.507, 411.36, 409.079, 406.657, 404.082, 401.348, 398.442, 395.356, 392.076, 388.592, 384.891, 380.958, 376.781, 372.342, 367.626, 362.617, 357.294, 351.639, 345.632, 339.249, 332.469, 325.265, 317.611, 309.48, 300.841, 300.075, 300.007, 300.001, 300, 300, 300, 300, 300, 300, 300, 300, 300, 300, 300, 300, 300, 300, 300, 300, 300, 300, 300, 300, 300, 300, 300, 300, 300, 300, 
443.256, 443.256, 443.246, 443.226, 443.194, 443.15, 443.093, 443.023, 442.939, 442.839, 442.723, 442.589, 442.438, 442.267, 442.075, 441.861, 441.624, 441.362, 441.074, 440.758, 440.412, 440.034, 439.623, 439.177, 438.692, 438.167, 437.6, 436.987, 436.325, 435.613, 434.846, 434.031, 433.165, 432.245, 431.268, 430.23, 429.127, 427.955, 426.71, 425.388, 423.983, 422.49, 420.904, 419.219, 417.429, 415.527, 413.507, 411.36, 409.079, 406.657, 404.082, 401.348, 398.442, 395.356, 392.076, 388.592, 384.891, 380.958, 376.781, 372.342, 367.626, 362.617, 357.294, 351.639, 345.632, 339.249, 332.469, 325.265, 317.611, 309.48, 300.841, 300.075, 300.007, 300.001, 300, 300, 300, 300, 300, 300, 300, 300, 300, 300, 300, 300, 300, 300, 300, 300, 300, 300, 300, 300, 300, 300, 300, 300, 300, 300, 
443.256, 443.256, 443.246, 443.226, 443.194, 443.15, 443.093, 443.023, 442.939, 442.839, 442.723, 442.589, 442.438, 442.267, 442.075, 441.861, 441.624, 441.362, 441.074, 440.758, 440.412, 440.034, 439.623, 439.177, 438.692, 438.167, 437.6, 436.987, 436.325, 435.613, 434.846, 434.031, 433.165, 432.245, 431.268, 430.23, 429.127, 427.955, 426.71, 425.388, 423.983, 422.49, 420.904, 419.219, 417.429, 415.527, 413.507, 411.36, 409.079, 406.657, 404.083, 401.348, 398.442, 395.356, 392.076, 388.592, 384.891, 380.958, 376.781, 372.342, 367.626, 362.617, 357.294, 351.639, 345.632, 339.249, 332.469, 325.265, 317.611, 309.48, 300.841, 300.075, 300.007, 300.001, 300, 300, 300, 300, 300, 300, 300, 300, 300, 300, 300, 300, 300, 300, 300, 300, 300, 300, 300, 300, 300, 300, 300, 300, 300, 300, 
443.256, 443.256, 443.246, 443.226, 443.194, 443.15, 443.093, 443.023, 442.939, 442.839, 442.723, 442.589, 442.438, 442.267, 442.075, 441.861, 441.624, 441.362, 441.074, 440.758, 440.412, 440.034, 439.623, 439.177, 438.692, 438.167, 437.6, 436.987, 436.325, 435.613, 434.846, 434.031, 433.165, 432.245, 431.268, 430.23, 429.127, 427.955, 426.711, 425.388, 423.983, 422.49, 420.904, 419.219, 417.429, 415.527, 413.507, 411.36, 409.08, 406.657, 404.083, 401.348, 398.442, 395.356, 392.076, 388.592, 384.891, 380.958, 376.781, 372.342, 367.626, 362.617, 357.294, 351.639, 345.632, 339.249, 332.469, 325.265, 317.611, 309.48, 300.841, 300.075, 300.007, 300.001, 300, 300, 300, 300, 300, 300, 300, 300, 300, 300, 300, 300, 300, 300, 300, 300, 300, 300, 300, 300, 300, 300, 300, 300, 300, 300, 
443.256, 443.256, 443.246, 443.226, 443.194, 443.15, 443.093, 443.023, 442.939, 442.839, 442.723, 442.589, 442.438, 442.267, 442.075, 441.861, 441.624, 441.362, 441.074, 440.758, 440.412, 440.035, 439.623, 439.177, 438.692, 438.167, 437.6, 436.987, 436.325, 435.613, 434.846, 434.031, 433.165, 432.245, 431.268, 430.23, 429.127, 427.955, 426.711, 425.388, 423.983, 422.49, 420.904, 419.219, 417.429, 415.527, 413.507, 411.36, 409.08, 406.657, 404.083, 401.348, 398.442, 395.356, 392.076, 388.592, 384.891, 380.958, 376.781, 372.342, 367.626, 362.617, 357.294, 351.639, 345.632, 339.249, 332.469, 325.265, 317.611, 309.48, 300.841, 300.075, 300.007, 300.001, 300, 300, 300, 300, 300, 300, 300, 300, 300, 300, 300, 300, 300, 300, 300, 300, 300, 300, 300, 300, 300, 300, 300, 300, 300, 300, 
443.257, 443.257, 443.247, 443.226, 443.194, 443.15, 443.093, 443.023, 442.939, 442.839, 442.723, 442.59, 442.438, 442.267, 442.075, 441.861, 441.624, 441.362, 441.074, 440.758, 440.412, 440.035, 439.623, 439.177, 438.692, 438.167, 437.6, 436.987, 436.325, 435.613, 434.846, 434.031, 433.165, 432.245, 431.268, 430.23, 429.127, 427.955, 426.711, 425.388, 423.983, 422.49, 420.904, 419.219, 417.429, 415.527, 413.507, 411.36, 409.08, 406.657, 404.083, 401.348, 398.442, 395.356, 392.076, 388.592, 384.891, 380.959, 376.781, 372.342, 367.626, 362.617, 357.294, 351.639, 345.632, 339.249, 332.469, 325.265, 317.611, 309.48, 300.841, 300.075, 300.007, 300.001, 300, 300, 300, 300, 300, 300, 300, 300, 300, 300, 300, 300, 300, 300, 300, 300, 300, 300, 300, 300, 300, 300, 300, 300, 300, 300, 
443.257, 443.257, 443.247, 443.226, 443.194, 443.15, 443.093, 443.023, 442.939, 442.839, 442.723, 442.59, 442.438, 442.267, 442.075, 441.861, 441.624, 441.362, 441.074, 440.758, 440.412, 440.035, 439.624, 439.177, 438.692, 438.167, 437.6, 436.987, 436.325, 435.613, 434.846, 434.031, 433.165, 432.246, 431.268, 430.23, 429.127, 427.956, 426.711, 425.388, 423.983, 422.49, 420.904, 419.219, 417.429, 415.527, 413.507, 411.36, 409.08, 406.657, 404.083, 401.348, 398.442, 395.356, 392.076, 388.592, 384.891, 380.959, 376.781, 372.342, 367.627, 362.617, 357.294, 351.639, 345.632, 339.249, 332.469, 325.265, 317.611, 309.48, 300.841, 300.075, 300.007, 300.001, 300, 300, 300, 300, 300, 300, 300, 300, 300, 300, 300, 300, 300, 300, 300, 300, 300, 300, 300, 300, 300, 300, 300, 300, 300, 300, 
443.257, 443.257, 443.247, 443.226, 443.194, 443.15, 443.094, 443.023, 442.939, 442.839, 442.723, 442.59, 442.438, 442.267, 442.075, 441.861, 441.624, 441.362, 441.074, 440.758, 440.412, 440.035, 439.624, 439.177, 438.692, 438.167, 437.6, 436.987, 436.325, 435.613, 434.846, 434.031, 433.165, 432.246, 431.268, 430.23, 429.127, 427.956, 426.711, 425.388, 423.983, 422.49, 420.904, 419.219, 417.429, 415.527, 413.507, 411.36, 409.08, 406.657, 404.083, 401.348, 398.443, 395.356, 392.076, 388.592, 384.891, 380.959, 376.781, 372.342, 367.627, 362.617, 357.294, 351.639, 345.632, 339.249, 332.469, 325.265, 317.611, 309.48, 300.841, 300.075, 300.007, 300.001, 300, 300, 300, 300, 300, 300, 300, 300, 300, 300, 300, 300, 300, 300, 300, 300, 300, 300, 300, 300, 300, 300, 300, 300, 300, 300, 
443.257, 443.257, 443.247, 443.226, 443.194, 443.15, 443.094, 443.023, 442.939, 442.839, 442.723, 442.59, 442.438, 442.267, 442.075, 441.861, 441.624, 441.362, 441.074, 440.758, 440.412, 440.035, 439.624, 439.177, 438.692, 438.167, 437.6, 436.987, 436.326, 435.613, 434.846, 434.031, 433.165, 432.246, 431.268, 430.23, 429.127, 427.956, 426.711, 425.388, 423.983, 422.49, 420.904, 419.219, 417.429, 415.527, 413.507, 411.36, 409.08, 406.657, 404.083, 401.348, 398.443, 395.356, 392.076, 388.592, 384.891, 380.959, 376.781, 372.342, 367.627, 362.617, 357.294, 351.639, 345.632, 339.249, 332.469, 325.265, 317.611, 309.48, 300.841, 300.075, 300.007, 300.001, 300, 300, 300, 300, 300, 300, 300, 300, 300, 300, 300, 300, 300, 300, 300, 300, 300, 300, 300, 300, 300, 300, 300, 300, 300, 300, 
443.257, 443.257, 443.247, 443.226, 443.194, 443.15, 443.094, 443.023, 442.939, 442.839, 442.723, 442.59, 442.438, 442.267, 442.075, 441.861, 441.624, 441.363, 441.074, 440.758, 440.412, 440.035, 439.624, 439.177, 438.692, 438.167, 437.6, 436.987, 436.326, 435.613, 434.846, 434.031, 433.165, 432.246, 431.268, 430.23, 429.127, 427.956, 426.711, 425.388, 423.983, 422.49, 420.904, 419.219, 417.429, 415.527, 413.507, 411.36, 409.08, 406.657, 404.083, 401.348, 398.443, 395.356, 392.076, 388.592, 384.891, 380.959, 376.781, 372.342, 367.627, 362.617, 357.294, 351.639, 345.632, 339.249, 332.469, 325.265, 317.611, 309.48, 300.841, 300.075, 300.007, 300.001, 300, 300, 300, 300, 300, 300, 300, 300, 300, 300, 300, 300, 300, 300, 300, 300, 300, 300, 300, 300, 300, 300, 300, 300, 300, 300, 
443.257, 443.257, 443.247, 443.226, 443.194, 443.15, 443.094, 443.023, 442.939, 442.839, 442.723, 442.59, 442.438, 442.267, 442.075, 441.861, 441.624, 441.363, 441.074, 440.758, 440.412, 440.035, 439.624, 439.177, 438.692, 438.167, 437.6, 436.987, 436.326, 435.613, 434.846, 434.031, 433.165, 432.246, 431.268, 430.23, 429.127, 427.956, 426.711, 425.388, 423.983, 422.49, 420.904, 419.219, 417.429, 415.527, 413.507, 411.36, 409.08, 406.657, 404.083, 401.348, 398.443, 395.356, 392.076, 388.592, 384.891, 380.959, 376.781, 372.342, 367.627, 362.617, 357.294, 351.639, 345.632, 339.249, 332.469, 325.265, 317.611, 309.48, 300.841, 300.075, 300.007, 300.001, 300, 300, 300, 300, 300, 300, 300, 300, 300, 300, 300, 300, 300, 300, 300, 300, 300, 300, 300, 300, 300, 300, 300, 300, 300, 300, 
443.257, 443.257, 443.247, 443.226, 443.194, 443.15, 443.094, 443.023, 442.939, 442.839, 442.723, 442.59, 442.438, 442.267, 442.075, 441.862, 441.624, 441.363, 441.074, 440.758, 440.412, 440.035, 439.624, 439.177, 438.692, 438.168, 437.6, 436.987, 436.326, 435.613, 434.846, 434.031, 433.165, 432.246, 431.269, 430.23, 429.127, 427.956, 426.711, 425.388, 423.983, 422.49, 420.904, 419.219, 417.429, 415.527, 413.507, 411.36, 409.08, 406.657, 404.083, 401.348, 398.443, 395.356, 392.077, 388.592, 384.891, 380.959, 376.781, 372.342, 367.627, 362.617, 357.294, 351.639, 345.632, 339.249, 332.469, 325.265, 317.611, 309.48, 300.841, 300.075, 300.007, 300.001, 300, 300, 300, 300, 300, 300, 300, 300, 300, 300, 300, 300, 300, 300, 300, 300, 300, 300, 300, 300, 300, 300, 300, 300, 300, 300, 
443.257, 443.257, 443.247, 443.226, 443.194, 443.15, 443.094, 443.024, 442.939, 442.839, 442.723, 442.59, 442.438, 442.267, 442.075, 441.862, 441.624, 441.363, 441.074, 440.758, 440.412, 440.035, 439.624, 439.177, 438.692, 438.168, 437.6, 436.987, 436.326, 435.613, 434.846, 434.031, 433.165, 432.246, 431.269, 430.23, 429.127, 427.956, 426.711, 425.388, 423.983, 422.49, 420.904, 419.219, 417.429, 415.527, 413.507, 411.36, 409.08, 406.657, 404.083, 401.348, 398.443, 395.356, 392.077, 388.593, 384.891, 380.959, 376.781, 372.342, 367.627, 362.617, 357.294, 351.64, 345.632, 339.249, 332.469, 325.265, 317.611, 309.48, 300.841, 300.075, 300.007, 300.001, 300, 300, 300, 300, 300, 300, 300, 300, 300, 300, 300, 300, 300, 300, 300, 300, 300, 300, 300, 300, 300, 300, 300, 300, 300, 300, 
443.257, 443.257, 443.247, 443.226, 443.194, 443.15, 443.094, 443.024, 442.939, 442.839, 442.723, 442.59, 442.438, 442.267, 442.075, 441.862, 441.625, 441.363, 441.074, 440.758, 440.412, 440.035, 439.624, 439.177, 438.692, 438.168, 437.6, 436.987, 436.326, 435.613, 434.846, 434.031, 433.166, 432.246, 431.269, 430.23, 429.127, 427.956, 426.711, 425.388, 423.983, 422.49, 420.904, 419.219, 417.429, 415.527, 413.507, 411.36, 409.08, 406.657, 404.083, 401.348, 398.443, 395.356, 392.077, 388.593, 384.891, 380.959, 376.781, 372.342, 367.627, 362.617, 357.294, 351.64, 345.632, 339.249, 332.469, 325.265, 317.611, 309.48, 300.841, 300.075, 300.007, 300.001, 300, 300, 300, 300, 300, 300, 300, 300, 300, 300, 300, 300, 300, 300, 300, 300, 300, 300, 300, 300, 300, 300, 300, 300, 300, 300, 
443.257, 443.257, 443.247, 443.226, 443.194, 443.15, 443.094, 443.024, 442.939, 442.839, 442.723, 442.59, 442.438, 442.267, 442.075, 441.862, 441.625, 441.363, 441.074, 440.758, 440.412, 440.035, 439.624, 439.177, 438.692, 438.168, 437.6, 436.987, 436.326, 435.613, 434.846, 434.031, 433.166, 432.246, 431.269, 430.23, 429.128, 427.956, 426.711, 425.388, 423.983, 422.49, 420.904, 419.219, 417.429, 415.527, 413.507, 411.36, 409.08, 406.657, 404.083, 401.348, 398.443, 395.356, 392.077, 388.593, 384.891, 380.959, 376.781, 372.342, 367.627, 362.617, 357.294, 351.64, 345.632, 339.249, 332.469, 325.265, 317.611, 309.48, 300.841, 300.075, 300.007, 300.001, 300, 300, 300, 300, 300, 300, 300, 300, 300, 300, 300, 300, 300, 300, 300, 300, 300, 300, 300, 300, 300, 300, 300, 300, 300, 300, 
443.257, 443.257, 443.247, 443.226, 443.194, 443.15, 443.094, 443.024, 442.939, 442.839, 442.723, 442.59, 442.438, 442.267, 442.075, 441.862, 441.625, 441.363, 441.075, 440.758, 440.412, 440.035, 439.624, 439.177, 438.692, 438.168, 437.6, 436.987, 436.326, 435.613, 434.846, 434.031, 433.166, 432.246, 431.269, 430.23, 429.128, 427.956, 426.711, 425.388, 423.983, 422.49, 420.904, 419.219, 417.429, 415.528, 413.507, 411.36, 409.08, 406.657, 404.083, 401.348, 398.443, 395.356, 392.077, 388.593, 384.891, 380.959, 376.781, 372.342, 367.627, 362.617, 357.294, 351.64, 345.632, 339.249, 332.469, 325.265, 317.611, 309.48, 300.841, 300.075, 300.007, 300.001, 300, 300, 300, 300, 300, 300, 300, 300, 300, 300, 300, 300, 300, 300, 300, 300, 300, 300, 300, 300, 300, 300, 300, 300, 300, 300, 
443.257, 443.257, 443.247, 443.226, 443.194, 443.15, 443.094, 443.024, 442.939, 442.839, 442.723, 442.59, 442.438, 442.267, 442.075, 441.862, 441.625, 441.363, 441.075, 440.758, 440.412, 440.035, 439.624, 439.177, 438.693, 438.168, 437.6, 436.987, 436.326, 435.613, 434.846, 434.031, 433.166, 432.246, 431.269, 430.231, 429.128, 427.956, 426.711, 425.388, 423.983, 422.49, 420.904, 419.219, 417.429, 415.528, 413.507, 411.36, 409.08, 406.657, 404.083, 401.348, 398.443, 395.356, 392.077, 388.593, 384.891, 380.959, 376.781, 372.342, 367.627, 362.617, 357.294, 351.64, 345.632, 339.249, 332.469, 325.265, 317.611, 309.48, 300.841, 300.075, 300.007, 300.001, 300, 300, 300, 300, 300, 300, 300, 300, 300, 300, 300, 300, 300, 300, 300, 300, 300, 300, 300, 300, 300, 300, 300, 300, 300, 300, 
443.257, 443.257, 443.247, 443.226, 443.194, 443.15, 443.094, 443.024, 442.939, 442.839, 442.723, 442.59, 442.438, 442.267, 442.075, 441.862, 441.625, 441.363, 441.075, 440.758, 440.412, 440.035, 439.624, 439.177, 438.693, 438.168, 437.6, 436.987, 436.326, 435.613, 434.846, 434.031, 433.166, 432.246, 431.269, 430.231, 429.128, 427.956, 426.711, 425.388, 423.983, 422.49, 420.904, 419.219, 417.429, 415.528, 413.507, 411.36, 409.08, 406.657, 404.083, 401.348, 398.443, 395.356, 392.077, 388.593, 384.891, 380.959, 376.781, 372.342, 367.627, 362.617, 357.294, 351.64, 345.632, 339.249, 332.469, 325.265, 317.611, 309.48, 300.841, 300.075, 300.007, 300.001, 300, 300, 300, 300, 300, 300, 300, 300, 300, 300, 300, 300, 300, 300, 300, 300, 300, 300, 300, 300, 300, 300, 300, 300, 300, 300, 
443.257, 443.257, 443.247, 443.226, 443.194, 443.151, 443.094, 443.024, 442.939, 442.839, 442.723, 442.59, 442.438, 442.267, 442.075, 441.862, 441.625, 441.363, 441.075, 440.758, 440.413, 440.035, 439.624, 439.177, 438.693, 438.168, 437.6, 436.987, 436.326, 435.613, 434.846, 434.031, 433.166, 432.246, 431.269, 430.231, 429.128, 427.956, 426.711, 425.388, 423.983, 422.49, 420.904, 419.22, 417.429, 415.528, 413.507, 411.36, 409.08, 406.657, 404.083, 401.348, 398.443, 395.356, 392.077, 388.593, 384.891, 380.959, 376.781, 372.342, 367.627, 362.617, 357.294, 351.64, 345.632, 339.249, 332.469, 325.265, 317.611, 309.48, 300.841, 300.075, 300.007, 300.001, 300, 300, 300, 300, 300, 300, 300, 300, 300, 300, 300, 300, 300, 300, 300, 300, 300, 300, 300, 300, 300, 300, 300, 300, 300, 300, 
443.257, 443.257, 443.247, 443.226, 443.194, 443.151, 443.094, 443.024, 442.939, 442.839, 442.723, 442.59, 442.438, 442.267, 442.076, 441.862, 441.625, 441.363, 441.075, 440.758, 440.413, 440.035, 439.624, 439.177, 438.693, 438.168, 437.6, 436.987, 436.326, 435.613, 434.846, 434.031, 433.166, 432.246, 431.269, 430.231, 429.128, 427.956, 426.711, 425.388, 423.983, 422.49, 420.904, 419.22, 417.429, 415.528, 413.507, 411.36, 409.08, 406.657, 404.083, 401.348, 398.443, 395.356, 392.077, 388.593, 384.891, 380.959, 376.781, 372.342, 367.627, 362.617, 357.294, 351.64, 345.632, 339.249, 332.469, 325.265, 317.611, 309.48, 300.841, 300.075, 300.007, 300.001, 300, 300, 300, 300, 300, 300, 300, 300, 300, 300, 300, 300, 300, 300, 300, 300, 300, 300, 300, 300, 300, 300, 300, 300, 300, 300, 
443.257, 443.257, 443.247, 443.226, 443.194, 443.151, 443.094, 443.024, 442.939, 442.839, 442.723, 442.59, 442.438, 442.267, 442.076, 441.862, 441.625, 441.363, 441.075, 440.758, 440.413, 440.035, 439.624, 439.177, 438.693, 438.168, 437.6, 436.987, 436.326, 435.613, 434.846, 434.031, 433.166, 432.246, 431.269, 430.231, 429.128, 427.956, 426.711, 425.388, 423.983, 422.49, 420.905, 419.22, 417.429, 415.528, 413.507, 411.361, 409.08, 406.657, 404.083, 401.348, 398.443, 395.356, 392.077, 388.593, 384.891, 380.959, 376.781, 372.342, 367.627, 362.617, 357.294, 351.64, 345.632, 339.249, 332.469, 325.265, 317.611, 309.48, 300.841, 300.075, 300.007, 300.001, 300, 300, 300, 300, 300, 300, 300, 300, 300, 300, 300, 300, 300, 300, 300, 300, 300, 300, 300, 300, 300, 300, 300, 300, 300, 300, 
443.257, 443.257, 443.247, 443.226, 443.195, 443.151, 443.094, 443.024, 442.939, 442.839, 442.723, 442.59, 442.438, 442.267, 442.076, 441.862, 441.625, 441.363, 441.075, 440.759, 440.413, 440.035, 439.624, 439.177, 438.693, 438.168, 437.6, 436.987, 436.326, 435.613, 434.846, 434.031, 433.166, 432.246, 431.269, 430.231, 429.128, 427.956, 426.711, 425.388, 423.983, 422.491, 420.905, 419.22, 417.429, 415.528, 413.507, 411.361, 409.08, 406.657, 404.083, 401.348, 398.443, 395.356, 392.077, 388.593, 384.891, 380.959, 376.781, 372.342, 367.627, 362.617, 357.294, 351.64, 345.632, 339.249, 332.469, 325.265, 317.611, 309.48, 300.841, 300.075, 300.007, 300.001, 300, 300, 300, 300, 300, 300, 300, 300, 300, 300, 300, 300, 300, 300, 300, 300, 300, 300, 300, 300, 300, 300, 300, 300, 300, 300, 
443.257, 443.257, 443.247, 443.226, 443.195, 443.151, 443.094, 443.024, 442.939, 442.839, 442.723, 442.59, 442.438, 442.267, 442.076, 441.862, 441.625, 441.363, 441.075, 440.759, 440.413, 440.035, 439.624, 439.177, 438.693, 438.168, 437.6, 436.987, 436.326, 435.613, 434.846, 434.031, 433.166, 432.246, 431.269, 430.231, 429.128, 427.956, 426.711, 425.388, 423.983, 422.491, 420.905, 419.22, 417.429, 415.528, 413.507, 411.361, 409.08, 406.657, 404.083, 401.348, 398.443, 395.356, 392.077, 388.593, 384.891, 380.959, 376.781, 372.342, 367.627, 362.617, 357.294, 351.64, 345.632, 339.249, 332.469, 325.265, 317.611, 309.48, 300.841, 300.075, 300.007, 300.001, 300, 300, 300, 300, 300, 300, 300, 300, 300, 300, 300, 300, 300, 300, 300, 300, 300, 300, 300, 300, 300, 300, 300, 300, 300, 300, 
443.257, 443.257, 443.247, 443.226, 443.195, 443.151, 443.094, 443.024, 442.939, 442.839, 442.723, 442.59, 442.438, 442.267, 442.076, 441.862, 441.625, 441.363, 441.075, 440.759, 440.413, 440.035, 439.624, 439.177, 438.693, 438.168, 437.6, 436.987, 436.326, 435.613, 434.846, 434.032, 433.166, 432.246, 431.269, 430.231, 429.128, 427.956, 426.711, 425.389, 423.983, 422.491, 420.905, 419.22, 417.43, 415.528, 413.507, 411.361, 409.08, 406.657, 404.083, 401.348, 398.443, 395.356, 392.077, 388.593, 384.891, 380.959, 376.781, 372.342, 367.627, 362.617, 357.294, 351.64, 345.632, 339.249, 332.469, 325.265, 317.611, 309.48, 300.841, 300.075, 300.007, 300.001, 300, 300, 300, 300, 300, 300, 300, 300, 300, 300, 300, 300, 300, 300, 300, 300, 300, 300, 300, 300, 300, 300, 300, 300, 300, 300, 
443.257, 443.257, 443.247, 443.227, 443.195, 443.151, 443.094, 443.024, 442.939, 442.84, 442.723, 442.59, 442.439, 442.267, 442.076, 441.862, 441.625, 441.363, 441.075, 440.759, 440.413, 440.035, 439.624, 439.177, 438.693, 438.168, 437.6, 436.987, 436.326, 435.613, 434.846, 434.032, 433.166, 432.246, 431.269, 430.231, 429.128, 427.956, 426.711, 425.389, 423.983, 422.491, 420.905, 419.22, 417.43, 415.528, 413.507, 411.361, 409.08, 406.657, 404.083, 401.348, 398.443, 395.356, 392.077, 388.593, 384.891, 380.959, 376.781, 372.342, 367.627, 362.617, 357.294, 351.64, 345.632, 339.249, 332.469, 325.265, 317.611, 309.48, 300.841, 300.075, 300.007, 300.001, 300, 300, 300, 300, 300, 300, 300, 300, 300, 300, 300, 300, 300, 300, 300, 300, 300, 300, 300, 300, 300, 300, 300, 300, 300, 300, 
443.257, 443.257, 443.247, 443.227, 443.195, 443.151, 443.094, 443.024, 442.939, 442.84, 442.723, 442.59, 442.439, 442.267, 442.076, 441.862, 441.625, 441.363, 441.075, 440.759, 440.413, 440.035, 439.624, 439.177, 438.693, 438.168, 437.6, 436.987, 436.326, 435.613, 434.846, 434.032, 433.166, 432.246, 431.269, 430.231, 429.128, 427.956, 426.711, 425.389, 423.983, 422.491, 420.905, 419.22, 417.43, 415.528, 413.507, 411.361, 409.08, 406.657, 404.083, 401.348, 398.443, 395.356, 392.077, 388.593, 384.891, 380.959, 376.781, 372.342, 367.627, 362.617, 357.294, 351.64, 345.632, 339.249, 332.469, 325.265, 317.611, 309.48, 300.841, 300.075, 300.007, 300.001, 300, 300, 300, 300, 300, 300, 300, 300, 300, 300, 300, 300, 300, 300, 300, 300, 300, 300, 300, 300, 300, 300, 300, 300, 300, 300, 
443.257, 443.257, 443.247, 443.227, 443.195, 443.151, 443.094, 443.024, 442.939, 442.84, 442.723, 442.59, 442.439, 442.267, 442.076, 441.862, 441.625, 441.363, 441.075, 440.759, 440.413, 440.035, 439.624, 439.177, 438.693, 438.168, 437.6, 436.987, 436.326, 435.614, 434.846, 434.032, 433.166, 432.246, 431.269, 430.231, 429.128, 427.956, 426.711, 425.389, 423.983, 422.491, 420.905, 419.22, 417.43, 415.528, 413.507, 411.361, 409.08, 406.657, 404.083, 401.348, 398.443, 395.356, 392.077, 388.593, 384.891, 380.959, 376.781, 372.342, 367.627, 362.617, 357.294, 351.64, 345.632, 339.25, 332.469, 325.265, 317.611, 309.48, 300.841, 300.075, 300.007, 300.001, 300, 300, 300, 300, 300, 300, 300, 300, 300, 300, 300, 300, 300, 300, 300, 300, 300, 300, 300, 300, 300, 300, 300, 300, 300, 300, 
443.257, 443.257, 443.247, 443.227, 443.195, 443.151, 443.094, 443.024, 442.939, 442.84, 442.724, 442.59, 442.439, 442.268, 442.076, 441.862, 441.625, 441.363, 441.075, 440.759, 440.413, 440.035, 439.624, 439.177, 438.693, 438.168, 437.6, 436.987, 436.326, 435.614, 434.847, 434.032, 433.166, 432.246, 431.269, 430.231, 429.128, 427.956, 426.711, 425.389, 423.983, 422.491, 420.905, 419.22, 417.43, 415.528, 413.507, 411.361, 409.08, 406.657, 404.083, 401.348, 398.443, 395.356, 392.077, 388.593, 384.891, 380.959, 376.781, 372.342, 367.627, 362.617, 357.294, 351.64, 345.632, 339.25, 332.469, 325.265, 317.611, 309.48, 300.841, 300.075, 300.007, 300.001, 300, 300, 300, 300, 300, 300, 300, 300, 300, 300, 300, 300, 300, 300, 300, 300, 300, 300, 300, 300, 300, 300, 300, 300, 300, 300, 
443.257, 443.257, 443.247, 443.227, 443.195, 443.151, 443.094, 443.024, 442.939, 442.84, 442.724, 442.59, 442.439, 442.268, 442.076, 441.862, 441.625, 441.363, 441.075, 440.759, 440.413, 440.035, 439.624, 439.177, 438.693, 438.168, 437.6, 436.987, 436.326, 435.614, 434.847, 434.032, 433.166, 432.246, 431.269, 430.231, 429.128, 427.956, 426.711, 425.389, 423.983, 422.491, 420.905, 419.22, 417.43, 415.528, 413.507, 411.361, 409.08, 406.657, 404.083, 401.348, 398.443, 395.356, 392.077, 388.593, 384.891, 380.959, 376.781, 372.342, 367.627, 362.617, 357.294, 351.64, 345.632, 339.25, 332.469, 325.265, 317.611, 309.48, 300.841, 300.075, 300.007, 300.001, 300, 300, 300, 300, 300, 300, 300, 300, 300, 300, 300, 300, 300, 300, 300, 300, 300, 300, 300, 300, 300, 300, 300, 300, 300, 300, 
443.257, 443.257, 443.247, 443.227, 443.195, 443.151, 443.094, 443.024, 442.939, 442.84, 442.724, 442.59, 442.439, 442.268, 442.076, 441.862, 441.625, 441.363, 441.075, 440.759, 440.413, 440.035, 439.624, 439.177, 438.693, 438.168, 437.6, 436.987, 436.326, 435.614, 434.847, 434.032, 433.166, 432.246, 431.269, 430.231, 429.128, 427.956, 426.711, 425.389, 423.984, 422.491, 420.905, 419.22, 417.43, 415.528, 413.507, 411.361, 409.08, 406.657, 404.083, 401.348, 398.443, 395.356, 392.077, 388.593, 384.891, 380.959, 376.781, 372.342, 367.627, 362.617, 357.294, 351.64, 345.632, 339.25, 332.469, 325.265, 317.611, 309.48, 300.841, 300.075, 300.007, 300.001, 300, 300, 300, 300, 300, 300, 300, 300, 300, 300, 300, 300, 300, 300, 300, 300, 300, 300, 300, 300, 300, 300, 300, 300, 300, 300, 
443.257, 443.257, 443.247, 443.227, 443.195, 443.151, 443.094, 443.024, 442.939, 442.84, 442.724, 442.59, 442.439, 442.268, 442.076, 441.862, 441.625, 441.363, 441.075, 440.759, 440.413, 440.035, 439.624, 439.178, 438.693, 438.168, 437.6, 436.987, 436.326, 435.614, 434.847, 434.032, 433.166, 432.246, 431.269, 430.231, 429.128, 427.956, 426.711, 425.389, 423.984, 422.491, 420.905, 419.22, 417.43, 415.528, 413.507, 411.361, 409.08, 406.657, 404.083, 401.348, 398.443, 395.356, 392.077, 388.593, 384.891, 380.959, 376.781, 372.342, 367.627, 362.617, 357.294, 351.64, 345.632, 339.25, 332.469, 325.265, 317.611, 309.48, 300.841, 300.075, 300.007, 300.001, 300, 300, 300, 300, 300, 300, 300, 300, 300, 300, 300, 300, 300, 300, 300, 300, 300, 300, 300, 300, 300, 300, 300, 300, 300, 300, 
443.257, 443.257, 443.247, 443.227, 443.195, 443.151, 443.094, 443.024, 442.94, 442.84, 442.724, 442.59, 442.439, 442.268, 442.076, 441.862, 441.625, 441.363, 441.075, 440.759, 440.413, 440.035, 439.624, 439.178, 438.693, 438.168, 437.6, 436.987, 436.326, 435.614, 434.847, 434.032, 433.166, 432.246, 431.269, 430.231, 429.128, 427.956, 426.711, 425.389, 423.984, 422.491, 420.905, 419.22, 417.43, 415.528, 413.507, 411.361, 409.08, 406.657, 404.083, 401.348, 398.443, 395.356, 392.077, 388.593, 384.891, 380.959, 376.781, 372.342, 367.627, 362.617, 357.294, 351.64, 345.632, 339.25, 332.469, 325.265, 317.611, 309.48, 300.841, 300.075, 300.007, 300.001, 300, 300, 300, 300, 300, 300, 300, 300, 300, 300, 300, 300, 300, 300, 300, 300, 300, 300, 300, 300, 300, 300, 300, 300, 300, 300, 
443.257, 443.257, 443.247, 443.227, 443.195, 443.151, 443.094, 443.024, 442.94, 442.84, 442.724, 442.59, 442.439, 442.268, 442.076, 441.862, 441.625, 441.363, 441.075, 440.759, 440.413, 440.035, 439.624, 439.178, 438.693, 438.168, 437.601, 436.987, 436.326, 435.614, 434.847, 434.032, 433.166, 432.246, 431.269, 430.231, 429.128, 427.956, 426.711, 425.389, 423.984, 422.491, 420.905, 419.22, 417.43, 415.528, 413.507, 411.361, 409.08, 406.657, 404.083, 401.348, 398.443, 395.356, 392.077, 388.593, 384.891, 380.959, 376.781, 372.342, 367.627, 362.617, 357.294, 351.64, 345.632, 339.25, 332.469, 325.265, 317.611, 309.48, 300.841, 300.075, 300.007, 300.001, 300, 300, 300, 300, 300, 300, 300, 300, 300, 300, 300, 300, 300, 300, 300, 300, 300, 300, 300, 300, 300, 300, 300, 300, 300, 300, 
443.257, 443.257, 443.247, 443.227, 443.195, 443.151, 443.094, 443.024, 442.94, 442.84, 442.724, 442.59, 442.439, 442.268, 442.076, 441.862, 441.625, 441.363, 441.075, 440.759, 440.413, 440.035, 439.624, 439.178, 438.693, 438.168, 437.601, 436.987, 436.326, 435.614, 434.847, 434.032, 433.166, 432.246, 431.269, 430.231, 429.128, 427.956, 426.711, 425.389, 423.984, 422.491, 420.905, 419.22, 417.43, 415.528, 413.507, 411.361, 409.08, 406.657, 404.083, 401.348, 398.443, 395.356, 392.077, 388.593, 384.891, 380.959, 376.781, 372.342, 367.627, 362.617, 357.294, 351.64, 345.632, 339.25, 332.469, 325.265, 317.611, 309.48, 300.841, 300.075, 300.007, 300.001, 300, 300, 300, 300, 300, 300, 300, 300, 300, 300, 300, 300, 300, 300, 300, 300, 300, 300, 300, 300, 300, 300, 300, 300, 300, 300, 
443.257, 443.257, 443.247, 443.227, 443.195, 443.151, 443.094, 443.024, 442.94, 442.84, 442.724, 442.59, 442.439, 442.268, 442.076, 441.862, 441.625, 441.363, 441.075, 440.759, 440.413, 440.035, 439.624, 439.178, 438.693, 438.168, 437.601, 436.988, 436.326, 435.614, 434.847, 434.032, 433.166, 432.246, 431.269, 430.231, 429.128, 427.956, 426.711, 425.389, 423.984, 422.491, 420.905, 419.22, 417.43, 415.528, 413.507, 411.361, 409.08, 406.657, 404.083, 401.348, 398.443, 395.356, 392.077, 388.593, 384.891, 380.959, 376.781, 372.342, 367.627, 362.617, 357.294, 351.64, 345.632, 339.25, 332.469, 325.265, 317.611, 309.48, 300.841, 300.075, 300.007, 300.001, 300, 300, 300, 300, 300, 300, 300, 300, 300, 300, 300, 300, 300, 300, 300, 300, 300, 300, 300, 300, 300, 300, 300, 300, 300, 300, 
443.257, 443.257, 443.247, 443.227, 443.195, 443.151, 443.094, 443.024, 442.94, 442.84, 442.724, 442.59, 442.439, 442.268, 442.076, 441.862, 441.625, 441.363, 441.075, 440.759, 440.413, 440.035, 439.624, 439.178, 438.693, 438.168, 437.601, 436.988, 436.326, 435.614, 434.847, 434.032, 433.166, 432.246, 431.269, 430.231, 429.128, 427.956, 426.711, 425.389, 423.984, 422.491, 420.905, 419.22, 417.43, 415.528, 413.507, 411.361, 409.08, 406.657, 404.083, 401.348, 398.443, 395.356, 392.077, 388.593, 384.891, 380.959, 376.781, 372.342, 367.627, 362.617, 357.294, 351.64, 345.632, 339.25, 332.469, 325.265, 317.611, 309.48, 300.841, 300.075, 300.007, 300.001, 300, 300, 300, 300, 300, 300, 300, 300, 300, 300, 300, 300, 300, 300, 300, 300, 300, 300, 300, 300, 300, 300, 300, 300, 300, 300, 
443.257, 443.257, 443.247, 443.227, 443.195, 443.151, 443.094, 443.024, 442.94, 442.84, 442.724, 442.59, 442.439, 442.268, 442.076, 441.862, 441.625, 441.363, 441.075, 440.759, 440.413, 440.035, 439.624, 439.178, 438.693, 438.168, 437.601, 436.988, 436.326, 435.614, 434.847, 434.032, 433.166, 432.246, 431.269, 430.231, 429.128, 427.956, 426.711, 425.389, 423.984, 422.491, 420.905, 419.22, 417.43, 415.528, 413.507, 411.361, 409.08, 406.657, 404.083, 401.348, 398.443, 395.356, 392.077, 388.593, 384.891, 380.959, 376.781, 372.342, 367.627, 362.617, 357.294, 351.64, 345.632, 339.25, 332.469, 325.265, 317.611, 309.48, 300.841, 300.075, 300.007, 300.001, 300, 300, 300, 300, 300, 300, 300, 300, 300, 300, 300, 300, 300, 300, 300, 300, 300, 300, 300, 300, 300, 300, 300, 300, 300, 300, 
443.257, 443.257, 443.247, 443.227, 443.195, 443.151, 443.094, 443.024, 442.94, 442.84, 442.724, 442.59, 442.439, 442.268, 442.076, 441.862, 441.625, 441.363, 441.075, 440.759, 440.413, 440.035, 439.624, 439.178, 438.693, 438.168, 437.601, 436.988, 436.326, 435.614, 434.847, 434.032, 433.166, 432.246, 431.269, 430.231, 429.128, 427.956, 426.711, 425.389, 423.984, 422.491, 420.905, 419.22, 417.43, 415.528, 413.507, 411.361, 409.08, 406.657, 404.083, 401.348, 398.443, 395.356, 392.077, 388.593, 384.891, 380.959, 376.781, 372.342, 367.627, 362.617, 357.294, 351.64, 345.632, 339.25, 332.469, 325.265, 317.611, 309.48, 300.841, 300.075, 300.007, 300.001, 300, 300, 300, 300, 300, 300, 300, 300, 300, 300, 300, 300, 300, 300, 300, 300, 300, 300, 300, 300, 300, 300, 300, 300, 300, 300, 
443.257, 443.257, 443.247, 443.227, 443.195, 443.151, 443.094, 443.024, 442.94, 442.84, 442.724, 442.59, 442.439, 442.268, 442.076, 441.862, 441.625, 441.363, 441.075, 440.759, 440.413, 440.035, 439.624, 439.178, 438.693, 438.168, 437.601, 436.988, 436.326, 435.614, 434.847, 434.032, 433.166, 432.246, 431.269, 430.231, 429.128, 427.956, 426.711, 425.389, 423.984, 422.491, 420.905, 419.22, 417.43, 415.528, 413.507, 411.361, 409.08, 406.657, 404.083, 401.348, 398.443, 395.356, 392.077, 388.593, 384.891, 380.959, 376.781, 372.342, 367.627, 362.617, 357.294, 351.64, 345.632, 339.25, 332.469, 325.265, 317.611, 309.48, 300.841, 300.075, 300.007, 300.001, 300, 300, 300, 300, 300, 300, 300, 300, 300, 300, 300, 300, 300, 300, 300, 300, 300, 300, 300, 300, 300, 300, 300, 300, 300, 300, 
443.258, 443.258, 443.248, 443.227, 443.195, 443.151, 443.094, 443.024, 442.94, 442.84, 442.724, 442.59, 442.439, 442.268, 442.076, 441.862, 441.625, 441.363, 441.075, 440.759, 440.413, 440.036, 439.624, 439.178, 438.693, 438.168, 437.601, 436.988, 436.326, 435.614, 434.847, 434.032, 433.166, 432.246, 431.269, 430.231, 429.128, 427.956, 426.711, 425.389, 423.984, 422.491, 420.905, 419.22, 417.43, 415.528, 413.507, 411.361, 409.08, 406.657, 404.083, 401.348, 398.443, 395.356, 392.077, 388.593, 384.891, 380.959, 376.781, 372.343, 367.627, 362.617, 357.294, 351.64, 345.632, 339.25, 332.469, 325.265, 317.611, 309.48, 300.841, 300.075, 300.007, 300.001, 300, 300, 300, 300, 300, 300, 300, 300, 300, 300, 300, 300, 300, 300, 300, 300, 300, 300, 300, 300, 300, 300, 300, 300, 300, 300, 
443.258, 443.258, 443.248, 443.227, 443.195, 443.151, 443.094, 443.024, 442.94, 442.84, 442.724, 442.591, 442.439, 442.268, 442.076, 441.862, 441.625, 441.363, 441.075, 440.759, 440.413, 440.036, 439.624, 439.178, 438.693, 438.168, 437.601, 436.988, 436.326, 435.614, 434.847, 434.032, 433.166, 432.246, 431.269, 430.231, 429.128, 427.956, 426.711, 425.389, 423.984, 422.491, 420.905, 419.22, 417.43, 415.528, 413.507, 411.361, 409.08, 406.657, 404.083, 401.349, 398.443, 395.356, 392.077, 388.593, 384.891, 380.959, 376.781, 372.343, 367.627, 362.617, 357.294, 351.64, 345.632, 339.25, 332.469, 325.265, 317.611, 309.48, 300.841, 300.075, 300.007, 300.001, 300, 300, 300, 300, 300, 300, 300, 300, 300, 300, 300, 300, 300, 300, 300, 300, 300, 300, 300, 300, 300, 300, 300, 300, 300, 300, 
443.258, 443.258, 443.248, 443.227, 443.195, 443.151, 443.094, 443.024, 442.94, 442.84, 442.724, 442.591, 442.439, 442.268, 442.076, 441.862, 441.625, 441.363, 441.075, 440.759, 440.413, 440.036, 439.624, 439.178, 438.693, 438.168, 437.601, 436.988, 436.326, 435.614, 434.847, 434.032, 433.166, 432.246, 431.269, 430.231, 429.128, 427.956, 426.711, 425.389, 423.984, 422.491, 420.905, 419.22, 417.43, 415.528, 413.507, 411.361, 409.08, 406.657, 404.083, 401.349, 398.443, 395.356, 392.077, 388.593, 384.891, 380.959, 376.781, 372.343, 367.627, 362.617, 357.294, 351.64, 345.632, 339.25, 332.469, 325.265, 317.611, 309.48, 300.841, 300.075, 300.007, 300.001, 300, 300, 300, 300, 300, 300, 300, 300, 300, 300, 300, 300, 300, 300, 300, 300, 300, 300, 300, 300, 300, 300, 300, 300, 300, 300, 
443.258, 443.258, 443.248, 443.227, 443.195, 443.151, 443.094, 443.024, 442.94, 442.84, 442.724, 442.591, 442.439, 442.268, 442.076, 441.862, 441.625, 441.363, 441.075, 440.759, 440.413, 440.036, 439.624, 439.178, 438.693, 438.168, 437.601, 436.988, 436.326, 435.614, 434.847, 434.032, 433.166, 432.246, 431.269, 430.231, 429.128, 427.956, 426.711, 425.389, 423.984, 422.491, 420.905, 419.22, 417.43, 415.528, 413.508, 411.361, 409.08, 406.657, 404.083, 401.349, 398.443, 395.356, 392.077, 388.593, 384.891, 380.959, 376.781, 372.343, 367.627, 362.617, 357.294, 351.64, 345.632, 339.25, 332.469, 325.265, 317.611, 309.48, 300.841, 300.075, 300.007, 300.001, 300, 300, 300, 300, 300, 300, 300, 300, 300, 300, 300, 300, 300, 300, 300, 300, 300, 300, 300, 300, 300, 300, 300, 300, 300, 300, 
443.258, 443.258, 443.248, 443.227, 443.195, 443.151, 443.095, 443.024, 442.94, 442.84, 442.724, 442.591, 442.439, 442.268, 442.076, 441.862, 441.625, 441.363, 441.075, 440.759, 440.413, 440.036, 439.625, 439.178, 438.693, 438.168, 437.601, 436.988, 436.326, 435.614, 434.847, 434.032, 433.166, 432.246, 431.269, 430.231, 429.128, 427.956, 426.711, 425.389, 423.984, 422.491, 420.905, 419.22, 417.43, 415.528, 413.508, 411.361, 409.08, 406.657, 404.083, 401.349, 398.443, 395.356, 392.077, 388.593, 384.891, 380.959, 376.781, 372.343, 367.627, 362.617, 357.294, 351.64, 345.632, 339.25, 332.469, 325.265, 317.611, 309.48, 300.841, 300.075, 300.007, 300.001, 300, 300, 300, 300, 300, 300, 300, 300, 300, 300, 300, 300, 300, 300, 300, 300, 300, 300, 300, 300, 300, 300, 300, 300, 300, 300, 
443.258, 443.258, 443.248, 443.227, 443.195, 443.151, 443.095, 443.024, 442.94, 442.84, 442.724, 442.591, 442.439, 442.268, 442.076, 441.862, 441.625, 441.363, 441.075, 440.759, 440.413, 440.036, 439.625, 439.178, 438.693, 438.168, 437.601, 436.988, 436.326, 435.614, 434.847, 434.032, 433.166, 432.246, 431.269, 430.231, 429.128, 427.956, 426.712, 425.389, 423.984, 422.491, 420.905, 419.22, 417.43, 415.528, 413.508, 411.361, 409.08, 406.657, 404.083, 401.349, 398.443, 395.356, 392.077, 388.593, 384.892, 380.959, 376.781, 372.343, 367.627, 362.617, 357.294, 351.64, 345.632, 339.25, 332.469, 325.265, 317.611, 309.48, 300.841, 300.075, 300.007, 300.001, 300, 300, 300, 300, 300, 300, 300, 300, 300, 300, 300, 300, 300, 300, 300, 300, 300, 300, 300, 300, 300, 300, 300, 300, 300, 300, 
443.258, 443.258, 443.248, 443.227, 443.195, 443.151, 443.095, 443.024, 442.94, 442.84, 442.724, 442.591, 442.439, 442.268, 442.076, 441.862, 441.625, 441.363, 441.075, 440.759, 440.413, 440.036, 439.625, 439.178, 438.693, 438.168, 437.601, 436.988, 436.326, 435.614, 434.847, 434.032, 433.166, 432.246, 431.269, 430.231, 429.128, 427.956, 426.712, 425.389, 423.984, 422.491, 420.905, 419.22, 417.43, 415.528, 413.508, 411.361, 409.08, 406.657, 404.083, 401.349, 398.443, 395.356, 392.077, 388.593, 384.892, 380.959, 376.781, 372.343, 367.627, 362.617, 357.294, 351.64, 345.632, 339.25, 332.469, 325.265, 317.611, 309.48, 300.841, 300.075, 300.007, 300.001, 300, 300, 300, 300, 300, 300, 300, 300, 300, 300, 300, 300, 300, 300, 300, 300, 300, 300, 300, 300, 300, 300, 300, 300, 300, 300, 
443.258, 443.258, 443.248, 443.227, 443.195, 443.151, 443.095, 443.024, 442.94, 442.84, 442.724, 442.591, 442.439, 442.268, 442.076, 441.862, 441.625, 441.363, 441.075, 440.759, 440.413, 440.036, 439.625, 439.178, 438.693, 438.168, 437.601, 436.988, 436.326, 435.614, 434.847, 434.032, 433.166, 432.246, 431.269, 430.231, 429.128, 427.956, 426.712, 425.389, 423.984, 422.491, 420.905, 419.22, 417.43, 415.528, 413.508, 411.361, 409.08, 406.657, 404.083, 401.349, 398.443, 395.356, 392.077, 388.593, 384.892, 380.959, 376.781, 372.343, 367.627, 362.617, 357.294, 351.64, 345.632, 339.25, 332.469, 325.265, 317.611, 309.48, 300.841, 300.075, 300.007, 300.001, 300, 300, 300, 300, 300, 300, 300, 300, 300, 300, 300, 300, 300, 300, 300, 300, 300, 300, 300, 300, 300, 300, 300, 300, 300, 300, 
443.258, 443.258, 443.248, 443.227, 443.195, 443.151, 443.095, 443.024, 442.94, 442.84, 442.724, 442.591, 442.439, 442.268, 442.076, 441.862, 441.625, 441.364, 441.075, 440.759, 440.413, 440.036, 439.625, 439.178, 438.693, 438.168, 437.601, 436.988, 436.326, 435.614, 434.847, 434.032, 433.166, 432.247, 431.269, 430.231, 429.128, 427.956, 426.712, 425.389, 423.984, 422.491, 420.905, 419.22, 417.43, 415.528, 413.508, 411.361, 409.08, 406.657, 404.083, 401.349, 398.443, 395.356, 392.077, 388.593, 384.892, 380.959, 376.781, 372.343, 367.627, 362.617, 357.294, 351.64, 345.632, 339.25, 332.469, 325.265, 317.611, 309.48, 300.841, 300.075, 300.007, 300.001, 300, 300, 300, 300, 300, 300, 300, 300, 300, 300, 300, 300, 300, 300, 300, 300, 300, 300, 300, 300, 300, 300, 300, 300, 300, 300, 
443.258, 443.258, 443.248, 443.227, 443.195, 443.151, 443.095, 443.024, 442.94, 442.84, 442.724, 442.591, 442.439, 442.268, 442.076, 441.862, 441.625, 441.364, 441.075, 440.759, 440.413, 440.036, 439.625, 439.178, 438.693, 438.168, 437.601, 436.988, 436.327, 435.614, 434.847, 434.032, 433.166, 432.247, 431.269, 430.231, 429.128, 427.956, 426.712, 425.389, 423.984, 422.491, 420.905, 419.22, 417.43, 415.528, 413.508, 411.361, 409.08, 406.657, 404.083, 401.349, 398.443, 395.356, 392.077, 388.593, 384.892, 380.959, 376.781, 372.343, 367.627, 362.617, 357.295, 351.64, 345.632, 339.25, 332.469, 325.265, 317.611, 309.48, 300.841, 300.075, 300.007, 300.001, 300, 300, 300, 300, 300, 300, 300, 300, 300, 300, 300, 300, 300, 300, 300, 300, 300, 300, 300, 300, 300, 300, 300, 300, 300, 300, 
443.258, 443.258, 443.248, 443.227, 443.195, 443.151, 443.095, 443.024, 442.94, 442.84, 442.724, 442.591, 442.439, 442.268, 442.076, 441.862, 441.625, 441.364, 441.075, 440.759, 440.413, 440.036, 439.625, 439.178, 438.693, 438.168, 437.601, 436.988, 436.327, 435.614, 434.847, 434.032, 433.166, 432.247, 431.269, 430.231, 429.128, 427.956, 426.712, 425.389, 423.984, 422.491, 420.905, 419.22, 417.43, 415.528, 413.508, 411.361, 409.08, 406.657, 404.083, 401.349, 398.443, 395.356, 392.077, 388.593, 384.892, 380.959, 376.781, 372.343, 367.627, 362.617, 357.295, 351.64, 345.632, 339.25, 332.469, 325.265, 317.611, 309.48, 300.841, 300.075, 300.007, 300.001, 300, 300, 300, 300, 300, 300, 300, 300, 300, 300, 300, 300, 300, 300, 300, 300, 300, 300, 300, 300, 300, 300, 300, 300, 300, 300, 
443.258, 443.258, 443.248, 443.227, 443.195, 443.151, 443.095, 443.024, 442.94, 442.84, 442.724, 442.591, 442.439, 442.268, 442.076, 441.862, 441.625, 441.364, 441.075, 440.759, 440.413, 440.036, 439.625, 439.178, 438.693, 438.168, 437.601, 436.988, 436.327, 435.614, 434.847, 434.032, 433.166, 432.247, 431.269, 430.231, 429.128, 427.957, 426.712, 425.389, 423.984, 422.491, 420.905, 419.22, 417.43, 415.528, 413.508, 411.361, 409.08, 406.658, 404.083, 401.349, 398.443, 395.356, 392.077, 388.593, 384.892, 380.959, 376.781, 372.343, 367.627, 362.617, 357.295, 351.64, 345.632, 339.25, 332.469, 325.265, 317.611, 309.48, 300.841, 300.075, 300.007, 300.001, 300, 300, 300, 300, 300, 300, 300, 300, 300, 300, 300, 300, 300, 300, 300, 300, 300, 300, 300, 300, 300, 300, 300, 300, 300, 300, 
443.258, 443.258, 443.248, 443.227, 443.195, 443.151, 443.095, 443.024, 442.94, 442.84, 442.724, 442.591, 442.439, 442.268, 442.076, 441.863, 441.625, 441.364, 441.075, 440.759, 440.413, 440.036, 439.625, 439.178, 438.693, 438.168, 437.601, 436.988, 436.327, 435.614, 434.847, 434.032, 433.166, 432.247, 431.269, 430.231, 429.128, 427.957, 426.712, 425.389, 423.984, 422.491, 420.905, 419.22, 417.43, 415.528, 413.508, 411.361, 409.08, 406.658, 404.083, 401.349, 398.443, 395.356, 392.077, 388.593, 384.892, 380.959, 376.781, 372.343, 367.627, 362.617, 357.295, 351.64, 345.632, 339.25, 332.469, 325.265, 317.611, 309.48, 300.841, 300.075, 300.007, 300.001, 300, 300, 300, 300, 300, 300, 300, 300, 300, 300, 300, 300, 300, 300, 300, 300, 300, 300, 300, 300, 300, 300, 300, 300, 300, 300, 
443.258, 443.258, 443.248, 443.227, 443.195, 443.151, 443.095, 443.024, 442.94, 442.84, 442.724, 442.591, 442.439, 442.268, 442.076, 441.863, 441.625, 441.364, 441.075, 440.759, 440.413, 440.036, 439.625, 439.178, 438.693, 438.168, 437.601, 436.988, 436.327, 435.614, 434.847, 434.032, 433.166, 432.247, 431.269, 430.231, 429.128, 427.957, 426.712, 425.389, 423.984, 422.491, 420.905, 419.22, 417.43, 415.528, 413.508, 411.361, 409.08, 406.658, 404.083, 401.349, 398.443, 395.356, 392.077, 388.593, 384.892, 380.959, 376.781, 372.343, 367.627, 362.617, 357.295, 351.64, 345.632, 339.25, 332.469, 325.265, 317.611, 309.48, 300.841, 300.075, 300.007, 300.001, 300, 300, 300, 300, 300, 300, 300, 300, 300, 300, 300, 300, 300, 300, 300, 300, 300, 300, 300, 300, 300, 300, 300, 300, 300, 300, 
443.258, 443.258, 443.248, 443.227, 443.195, 443.151, 443.095, 443.025, 442.94, 442.84, 442.724, 442.591, 442.439, 442.268, 442.076, 441.863, 441.625, 441.364, 441.075, 440.759, 440.413, 440.036, 439.625, 439.178, 438.693, 438.169, 437.601, 436.988, 436.327, 435.614, 434.847, 434.032, 433.166, 432.247, 431.269, 430.231, 429.128, 427.957, 426.712, 425.389, 423.984, 422.491, 420.905, 419.22, 417.43, 415.528, 413.508, 411.361, 409.08, 406.658, 404.083, 401.349, 398.443, 395.356, 392.077, 388.593, 384.892, 380.959, 376.781, 372.343, 367.627, 362.617, 357.295, 351.64, 345.632, 339.25, 332.469, 325.265, 317.611, 309.48, 300.841, 300.075, 300.007, 300.001, 300, 300, 300, 300, 300, 300, 300, 300, 300, 300, 300, 300, 300, 300, 300, 300, 300, 300, 300, 300, 300, 300, 300, 300, 300, 300, 
443.258, 443.258, 443.248, 443.227, 443.195, 443.151, 443.095, 443.025, 442.94, 442.84, 442.724, 442.591, 442.439, 442.268, 442.076, 441.863, 441.625, 441.364, 441.075, 440.759, 440.413, 440.036, 439.625, 439.178, 438.693, 438.169, 437.601, 436.988, 436.327, 435.614, 434.847, 434.032, 433.166, 432.247, 431.269, 430.231, 429.128, 427.957, 426.712, 425.389, 423.984, 422.491, 420.905, 419.22, 417.43, 415.528, 413.508, 411.361, 409.08, 406.658, 404.083, 401.349, 398.443, 395.356, 392.077, 388.593, 384.892, 380.959, 376.781, 372.343, 367.627, 362.617, 357.295, 351.64, 345.632, 339.25, 332.469, 325.265, 317.611, 309.48, 300.841, 300.075, 300.007, 300.001, 300, 300, 300, 300, 300, 300, 300, 300, 300, 300, 300, 300, 300, 300, 300, 300, 300, 300, 300, 300, 300, 300, 300, 300, 300, 300, 
443.258, 443.258, 443.248, 443.227, 443.195, 443.151, 443.095, 443.025, 442.94, 442.84, 442.724, 442.591, 442.439, 442.268, 442.076, 441.863, 441.626, 441.364, 441.075, 440.759, 440.413, 440.036, 439.625, 439.178, 438.693, 438.169, 437.601, 436.988, 436.327, 435.614, 434.847, 434.032, 433.166, 432.247, 431.269, 430.231, 429.128, 427.957, 426.712, 425.389, 423.984, 422.491, 420.905, 419.22, 417.43, 415.528, 413.508, 411.361, 409.08, 406.658, 404.083, 401.349, 398.443, 395.357, 392.077, 388.593, 384.892, 380.959, 376.781, 372.343, 367.627, 362.617, 357.295, 351.64, 345.632, 339.25, 332.469, 325.265, 317.611, 309.48, 300.841, 300.075, 300.007, 300.001, 300, 300, 300, 300, 300, 300, 300, 300, 300, 300, 300, 300, 300, 300, 300, 300, 300, 300, 300, 300, 300, 300, 300, 300, 300, 300, 
443.258, 443.258, 443.248, 443.227, 443.195, 443.151, 443.095, 443.025, 442.94, 442.84, 442.724, 442.591, 442.439, 442.268, 442.076, 441.863, 441.626, 441.364, 441.075, 440.759, 440.413, 440.036, 439.625, 439.178, 438.693, 438.169, 437.601, 436.988, 436.327, 435.614, 434.847, 434.032, 433.166, 432.247, 431.269, 430.231, 429.128, 427.957, 426.712, 425.389, 423.984, 422.491, 420.905, 419.22, 417.43, 415.528, 413.508, 411.361, 409.08, 406.658, 404.083, 401.349, 398.443, 395.357, 392.077, 388.593, 384.892, 380.959, 376.781, 372.343, 367.627, 362.617, 357.295, 351.64, 345.632, 339.25, 332.469, 325.265, 317.611, 309.48, 300.841, 300.075, 300.007, 300.001, 300, 300, 300, 300, 300, 300, 300, 300, 300, 300, 300, 300, 300, 300, 300, 300, 300, 300, 300, 300, 300, 300, 300, 300, 300, 300, 
443.258, 443.258, 443.248, 443.227, 443.195, 443.151, 443.095, 443.025, 442.94, 442.84, 442.724, 442.591, 442.439, 442.268, 442.076, 441.863, 441.626, 441.364, 441.075, 440.759, 440.413, 440.036, 439.625, 439.178, 438.693, 438.169, 437.601, 436.988, 436.327, 435.614, 434.847, 434.032, 433.166, 432.247, 431.269, 430.231, 429.128, 427.957, 426.712, 425.389, 423.984, 422.491, 420.905, 419.22, 417.43, 415.528, 413.508, 411.361, 409.08, 406.658, 404.083, 401.349, 398.443, 395.357, 392.077, 388.593, 384.892, 380.959, 376.781, 372.343, 367.627, 362.617, 357.295, 351.64, 345.632, 339.25, 332.469, 325.265, 317.611, 309.48, 300.841, 300.075, 300.007, 300.001, 300, 300, 300, 300, 300, 300, 300, 300, 300, 300, 300, 300, 300, 300, 300, 300, 300, 300, 300, 300, 300, 300, 300, 300, 300, 300, 
443.258, 443.258, 443.248, 443.227, 443.195, 443.151, 443.095, 443.025, 442.94, 442.84, 442.724, 442.591, 442.439, 442.268, 442.076, 441.863, 441.626, 441.364, 441.075, 440.759, 440.413, 440.036, 439.625, 439.178, 438.693, 438.169, 437.601, 436.988, 436.327, 435.614, 434.847, 434.032, 433.166, 432.247, 431.269, 430.231, 429.128, 427.957, 426.712, 425.389, 423.984, 422.491, 420.905, 419.22, 417.43, 415.528, 413.508, 411.361, 409.081, 406.658, 404.083, 401.349, 398.443, 395.357, 392.077, 388.593, 384.892, 380.959, 376.781, 372.343, 367.627, 362.617, 357.295, 351.64, 345.632, 339.25, 332.469, 325.265, 317.611, 309.48, 300.841, 300.075, 300.007, 300.001, 300, 300, 300, 300, 300, 300, 300, 300, 300, 300, 300, 300, 300, 300, 300, 300, 300, 300, 300, 300, 300, 300, 300, 300, 300, 300, 
443.258, 443.258, 443.248, 443.227, 443.195, 443.151, 443.095, 443.025, 442.94, 442.84, 442.724, 442.591, 442.439, 442.268, 442.076, 441.863, 441.626, 441.364, 441.075, 440.759, 440.413, 440.036, 439.625, 439.178, 438.693, 438.169, 437.601, 436.988, 436.327, 435.614, 434.847, 434.032, 433.166, 432.247, 431.27, 430.231, 429.128, 427.957, 426.712, 425.389, 423.984, 422.491, 420.905, 419.22, 417.43, 415.528, 413.508, 411.361, 409.081, 406.658, 404.083, 401.349, 398.443, 395.357, 392.077, 388.593, 384.892, 380.959, 376.781, 372.343, 367.627, 362.617, 357.295, 351.64, 345.632, 339.25, 332.469, 325.265, 317.611, 309.48, 300.841, 300.075, 300.007, 300.001, 300, 300, 300, 300, 300, 300, 300, 300, 300, 300, 300, 300, 300, 300, 300, 300, 300, 300, 300, 300, 300, 300, 300, 300, 300, 300, 
443.258, 443.258, 443.248, 443.227, 443.195, 443.151, 443.095, 443.025, 442.94, 442.84, 442.724, 442.591, 442.439, 442.268, 442.076, 441.863, 441.626, 441.364, 441.076, 440.759, 440.413, 440.036, 439.625, 439.178, 438.693, 438.169, 437.601, 436.988, 436.327, 435.614, 434.847, 434.032, 433.166, 432.247, 431.27, 430.231, 429.128, 427.957, 426.712, 425.389, 423.984, 422.491, 420.905, 419.22, 417.43, 415.528, 413.508, 411.361, 409.081, 406.658, 404.083, 401.349, 398.443, 395.357, 392.077, 388.593, 384.892, 380.959, 376.781, 372.343, 367.627, 362.617, 357.295, 351.64, 345.632, 339.25, 332.469, 325.265, 317.611, 309.48, 300.841, 300.075, 300.007, 300.001, 300, 300, 300, 300, 300, 300, 300, 300, 300, 300, 300, 300, 300, 300, 300, 300, 300, 300, 300, 300, 300, 300, 300, 300, 300, 300, 
443.258, 443.258, 443.248, 443.227, 443.195, 443.151, 443.095, 443.025, 442.94, 442.84, 442.724, 442.591, 442.439, 442.268, 442.076, 441.863, 441.626, 441.364, 441.076, 440.759, 440.413, 440.036, 439.625, 439.178, 438.693, 438.169, 437.601, 436.988, 436.327, 435.614, 434.847, 434.032, 433.166, 432.247, 431.27, 430.231, 429.128, 427.957, 426.712, 425.389, 423.984, 422.491, 420.905, 419.22, 417.43, 415.528, 413.508, 411.361, 409.081, 406.658, 404.084, 401.349, 398.443, 395.357, 392.077, 388.593, 384.892, 380.959, 376.781, 372.343, 367.627, 362.617, 357.295, 351.64, 345.632, 339.25, 332.469, 325.265, 317.611, 309.48, 300.841, 300.075, 300.007, 300.001, 300, 300, 300, 300, 300, 300, 300, 300, 300, 300, 300, 300, 300, 300, 300, 300, 300, 300, 300, 300, 300, 300, 300, 300, 300, 300, 
443.258, 443.258, 443.248, 443.227, 443.195, 443.151, 443.095, 443.025, 442.94, 442.84, 442.724, 442.591, 442.439, 442.268, 442.076, 441.863, 441.626, 441.364, 441.076, 440.759, 440.413, 440.036, 439.625, 439.178, 438.693, 438.169, 437.601, 436.988, 436.327, 435.614, 434.847, 434.032, 433.166, 432.247, 431.27, 430.231, 429.128, 427.957, 426.712, 425.389, 423.984, 422.491, 420.905, 419.22, 417.43, 415.528, 413.508, 411.361, 409.081, 406.658, 404.084, 401.349, 398.443, 395.357, 392.077, 388.593, 384.892, 380.959, 376.781, 372.343, 367.627, 362.617, 357.295, 351.64, 345.632, 339.25, 332.469, 325.265, 317.611, 309.48, 300.841, 300.075, 300.007, 300.001, 300, 300, 300, 300, 300, 300, 300, 300, 300, 300, 300, 300, 300, 300, 300, 300, 300, 300, 300, 300, 300, 300, 300, 300, 300, 300, 
443.258, 443.258, 443.248, 443.227, 443.195, 443.151, 443.095, 443.025, 442.94, 442.84, 442.724, 442.591, 442.439, 442.268, 442.076, 441.863, 441.626, 441.364, 441.076, 440.759, 440.413, 440.036, 439.625, 439.178, 438.693, 438.169, 437.601, 436.988, 436.327, 435.614, 434.847, 434.032, 433.167, 432.247, 431.27, 430.231, 429.128, 427.957, 426.712, 425.389, 423.984, 422.491, 420.905, 419.22, 417.43, 415.528, 413.508, 411.361, 409.081, 406.658, 404.084, 401.349, 398.443, 395.357, 392.077, 388.593, 384.892, 380.959, 376.781, 372.343, 367.627, 362.617, 357.295, 351.64, 345.632, 339.25, 332.469, 325.265, 317.611, 309.48, 300.841, 300.075, 300.007, 300.001, 300, 300, 300, 300, 300, 300, 300, 300, 300, 300, 300, 300, 300, 300, 300, 300, 300, 300, 300, 300, 300, 300, 300, 300, 300, 300, 
443.258, 443.258, 443.248, 443.227, 443.195, 443.151, 443.095, 443.025, 442.94, 442.84, 442.724, 442.591, 442.439, 442.268, 442.076, 441.863, 441.626, 441.364, 441.076, 440.759, 440.413, 440.036, 439.625, 439.178, 438.694, 438.169, 437.601, 436.988, 436.327, 435.614, 434.847, 434.032, 433.167, 432.247, 431.27, 430.231, 429.128, 427.957, 426.712, 425.389, 423.984, 422.491, 420.905, 419.22, 417.43, 415.528, 413.508, 411.361, 409.081, 406.658, 404.084, 401.349, 398.443, 395.357, 392.077, 388.593, 384.892, 380.959, 376.781, 372.343, 367.627, 362.617, 357.295, 351.64, 345.632, 339.25, 332.469, 325.265, 317.611, 309.48, 300.841, 300.075, 300.007, 300.001, 300, 300, 300, 300, 300, 300, 300, 300, 300, 300, 300, 300, 300, 300, 300, 300, 300, 300, 300, 300, 300, 300, 300, 300, 300, 300, 
443.258, 443.258, 443.248, 443.227, 443.195, 443.152, 443.095, 443.025, 442.94, 442.84, 442.724, 442.591, 442.439, 442.268, 442.076, 441.863, 441.626, 441.364, 441.076, 440.759, 440.413, 440.036, 439.625, 439.178, 438.694, 438.169, 437.601, 436.988, 436.327, 435.614, 434.847, 434.032, 433.167, 432.247, 431.27, 430.231, 429.128, 427.957, 426.712, 425.389, 423.984, 422.491, 420.905, 419.22, 417.43, 415.528, 413.508, 411.361, 409.081, 406.658, 404.084, 401.349, 398.443, 395.357, 392.077, 388.593, 384.892, 380.959, 376.781, 372.343, 367.627, 362.617, 357.295, 351.64, 345.632, 339.25, 332.469, 325.265, 317.611, 309.48, 300.841, 300.075, 300.007, 300.001, 300, 300, 300, 300, 300, 300, 300, 300, 300, 300, 300, 300, 300, 300, 300, 300, 300, 300, 300, 300, 300, 300, 300, 300, 300, 300, 
443.258, 443.258, 443.248, 443.227, 443.195, 443.152, 443.095, 443.025, 442.94, 442.84, 442.724, 442.591, 442.439, 442.268, 442.076, 441.863, 441.626, 441.364, 441.076, 440.759, 440.413, 440.036, 439.625, 439.178, 438.694, 438.169, 437.601, 436.988, 436.327, 435.614, 434.847, 434.032, 433.167, 432.247, 431.27, 430.231, 429.128, 427.957, 426.712, 425.389, 423.984, 422.491, 420.905, 419.22, 417.43, 415.528, 413.508, 411.361, 409.081, 406.658, 404.084, 401.349, 398.443, 395.357, 392.077, 388.593, 384.892, 380.959, 376.781, 372.343, 367.627, 362.617, 357.295, 351.64, 345.632, 339.25, 332.469, 325.265, 317.611, 309.48, 300.841, 300.075, 300.007, 300.001, 300, 300, 300, 300, 300, 300, 300, 300, 300, 300, 300, 300, 300, 300, 300, 300, 300, 300, 300, 300, 300, 300, 300, 300, 300, 300, 
443.258, 443.258, 443.248, 443.227, 443.195, 443.152, 443.095, 443.025, 442.94, 442.84, 442.724, 442.591, 442.439, 442.268, 442.076, 441.863, 441.626, 441.364, 441.076, 440.759, 440.413, 440.036, 439.625, 439.178, 438.694, 438.169, 437.601, 436.988, 436.327, 435.614, 434.847, 434.032, 433.167, 432.247, 431.27, 430.231, 429.128, 427.957, 426.712, 425.389, 423.984, 422.491, 420.905, 419.22, 417.43, 415.528, 413.508, 411.361, 409.081, 406.658, 404.084, 401.349, 398.443, 395.357, 392.077, 388.593, 384.892, 380.959, 376.781, 372.343, 367.627, 362.617, 357.295, 351.64, 345.632, 339.25, 332.469, 325.265, 317.611, 309.48, 300.841, 300.075, 300.007, 300.001, 300, 300, 300, 300, 300, 300, 300, 300, 300, 300, 300, 300, 300, 300, 300, 300, 300, 300, 300, 300, 300, 300, 300, 300, 300, 300, 
443.258, 443.258, 443.248, 443.227, 443.195, 443.152, 443.095, 443.025, 442.94, 442.84, 442.724, 442.591, 442.439, 442.268, 442.076, 441.863, 441.626, 441.364, 441.076, 440.759, 440.413, 440.036, 439.625, 439.178, 438.694, 438.169, 437.601, 436.988, 436.327, 435.614, 434.847, 434.032, 433.167, 432.247, 431.27, 430.231, 429.129, 427.957, 426.712, 425.389, 423.984, 422.491, 420.905, 419.22, 417.43, 415.528, 413.508, 411.361, 409.081, 406.658, 404.084, 401.349, 398.443, 395.357, 392.077, 388.593, 384.892, 380.959, 376.781, 372.343, 367.627, 362.617, 357.295, 351.64, 345.632, 339.25, 332.469, 325.265, 317.611, 309.48, 300.841, 300.075, 300.007, 300.001, 300, 300, 300, 300, 300, 300, 300, 300, 300, 300, 300, 300, 300, 300, 300, 300, 300, 300, 300, 300, 300, 300, 300, 300, 300, 300, 
443.258, 443.258, 443.248, 443.227, 443.195, 443.152, 443.095, 443.025, 442.94, 442.84, 442.724, 442.591, 442.439, 442.268, 442.076, 441.863, 441.626, 441.364, 441.076, 440.759, 440.413, 440.036, 439.625, 439.178, 438.694, 438.169, 437.601, 436.988, 436.327, 435.614, 434.847, 434.032, 433.167, 432.247, 431.27, 430.231, 429.129, 427.957, 426.712, 425.389, 423.984, 422.491, 420.905, 419.22, 417.43, 415.528, 413.508, 411.361, 409.081, 406.658, 404.084, 401.349, 398.443, 395.357, 392.077, 388.593, 384.892, 380.959, 376.781, 372.343, 367.627, 362.617, 357.295, 351.64, 345.632, 339.25, 332.469, 325.265, 317.611, 309.48, 300.841, 300.075, 300.007, 300.001, 300, 300, 300, 300, 300, 300, 300, 300, 300, 300, 300, 300, 300, 300, 300, 300, 300, 300, 300, 300, 300, 300, 300, 300, 300, 300, 
443.258, 443.258, 443.248, 443.227, 443.195, 443.152, 443.095, 443.025, 442.94, 442.84, 442.724, 442.591, 442.439, 442.268, 442.077, 441.863, 441.626, 441.364, 441.076, 440.759, 440.414, 440.036, 439.625, 439.178, 438.694, 438.169, 437.601, 436.988, 436.327, 435.614, 434.847, 434.032, 433.167, 432.247, 431.27, 430.231, 429.129, 427.957, 426.712, 425.389, 423.984, 422.491, 420.905, 419.22, 417.43, 415.528, 413.508, 411.361, 409.081, 406.658, 404.084, 401.349, 398.443, 395.357, 392.077, 388.593, 384.892, 380.959, 376.781, 372.343, 367.627, 362.617, 357.295, 351.64, 345.632, 339.25, 332.469, 325.265, 317.611, 309.48, 300.841, 300.075, 300.007, 300.001, 300, 300, 300, 300, 300, 300, 300, 300, 300, 300, 300, 300, 300, 300, 300, 300, 300, 300, 300, 300, 300, 300, 300, 300, 300, 300, 
443.258, 443.258, 443.248, 443.227, 443.195, 443.152, 443.095, 443.025, 442.94, 442.84, 442.724, 442.591, 442.439, 442.268, 442.077, 441.863, 441.626, 441.364, 441.076, 440.759, 440.414, 440.036, 439.625, 439.178, 438.694, 438.169, 437.601, 436.988, 436.327, 435.614, 434.847, 434.032, 433.167, 432.247, 431.27, 430.231, 429.129, 427.957, 426.712, 425.389, 423.984, 422.491, 420.905, 419.22, 417.43, 415.528, 413.508, 411.361, 409.081, 406.658, 404.084, 401.349, 398.443, 395.357, 392.077, 388.593, 384.892, 380.959, 376.781, 372.343, 367.627, 362.617, 357.295, 351.64, 345.632, 339.25, 332.469, 325.265, 317.611, 309.48, 300.841, 300.075, 300.007, 300.001, 300, 300, 300, 300, 300, 300, 300, 300, 300, 300, 300, 300, 300, 300, 300, 300, 300, 300, 300, 300, 300, 300, 300, 300, 300, 300, 
443.258, 443.258, 443.248, 443.227, 443.195, 443.152, 443.095, 443.025, 442.94, 442.84, 442.724, 442.591, 442.439, 442.268, 442.077, 441.863, 441.626, 441.364, 441.076, 440.759, 440.414, 440.036, 439.625, 439.178, 438.694, 438.169, 437.601, 436.988, 436.327, 435.614, 434.847, 434.032, 433.167, 432.247, 431.27, 430.231, 429.129, 427.957, 426.712, 425.389, 423.984, 422.491, 420.905, 419.22, 417.43, 415.528, 413.508, 411.361, 409.081, 406.658, 404.084, 401.349, 398.443, 395.357, 392.077, 388.593, 384.892, 380.959, 376.781, 372.343, 367.627, 362.617, 357.295, 351.64, 345.632, 339.25, 332.469, 325.265, 317.611, 309.48, 300.841, 300.075, 300.007, 300.001, 300, 300, 300, 300, 300, 300, 300, 300, 300, 300, 300, 300, 300, 300, 300, 300, 300, 300, 300, 300, 300, 300, 300, 300, 300, 300, 
443.258, 443.258, 443.248, 443.227, 443.196, 443.152, 443.095, 443.025, 442.94, 442.84, 442.724, 442.591, 442.439, 442.268, 442.077, 441.863, 441.626, 441.364, 441.076, 440.759, 440.414, 440.036, 439.625, 439.178, 438.694, 438.169, 437.601, 436.988, 436.327, 435.614, 434.847, 434.032, 433.167, 432.247, 431.27, 430.232, 429.129, 427.957, 426.712, 425.389, 423.984, 422.491, 420.905, 419.22, 417.43, 415.528, 413.508, 411.361, 409.081, 406.658, 404.084, 401.349, 398.443, 395.357, 392.077, 388.593, 384.892, 380.959, 376.781, 372.343, 367.627, 362.617, 357.295, 351.64, 345.632, 339.25, 332.469, 325.265, 317.611, 309.48, 300.841, 300.075, 300.007, 300.001, 300, 300, 300, 300, 300, 300, 300, 300, 300, 300, 300, 300, 300, 300, 300, 300, 300, 300, 300, 300, 300, 300, 300, 300, 300, 300, 
443.258, 443.258, 443.248, 443.227, 443.196, 443.152, 443.095, 443.025, 442.94, 442.84, 442.724, 442.591, 442.439, 442.268, 442.077, 441.863, 441.626, 441.364, 441.076, 440.759, 440.414, 440.036, 439.625, 439.178, 438.694, 438.169, 437.601, 436.988, 436.327, 435.614, 434.847, 434.032, 433.167, 432.247, 431.27, 430.232, 429.129, 427.957, 426.712, 425.389, 423.984, 422.491, 420.905, 419.22, 417.43, 415.528, 413.508, 411.361, 409.081, 406.658, 404.084, 401.349, 398.443, 395.357, 392.077, 388.593, 384.892, 380.959, 376.781, 372.343, 367.627, 362.617, 357.295, 351.64, 345.632, 339.25, 332.469, 325.265, 317.611, 309.48, 300.841, 300.075, 300.007, 300.001, 300, 300, 300, 300, 300, 300, 300, 300, 300, 300, 300, 300, 300, 300, 300, 300, 300, 300, 300, 300, 300, 300, 300, 300, 300, 300, 
443.258, 443.258, 443.248, 443.227, 443.196, 443.152, 443.095, 443.025, 442.94, 442.84, 442.724, 442.591, 442.439, 442.268, 442.077, 441.863, 441.626, 441.364, 441.076, 440.759, 440.414, 440.036, 439.625, 439.178, 438.694, 438.169, 437.601, 436.988, 436.327, 435.614, 434.847, 434.032, 433.167, 432.247, 431.27, 430.232, 429.129, 427.957, 426.712, 425.389, 423.984, 422.491, 420.905, 419.22, 417.43, 415.528, 413.508, 411.361, 409.081, 406.658, 404.084, 401.349, 398.443, 395.357, 392.077, 388.593, 384.892, 380.959, 376.781, 372.343, 367.627, 362.617, 357.295, 351.64, 345.632, 339.25, 332.469, 325.265, 317.611, 309.48, 300.841, 300.075, 300.007, 300.001, 300, 300, 300, 300, 300, 300, 300, 300, 300, 300, 300, 300, 300, 300, 300, 300, 300, 300, 300, 300, 300, 300, 300, 300, 300, 300, 
443.258, 443.258, 443.248, 443.227, 443.196, 443.152, 443.095, 443.025, 442.94, 442.84, 442.724, 442.591, 442.439, 442.268, 442.077, 441.863, 441.626, 441.364, 441.076, 440.759, 440.414, 440.036, 439.625, 439.178, 438.694, 438.169, 437.601, 436.988, 436.327, 435.614, 434.847, 434.032, 433.167, 432.247, 431.27, 430.232, 429.129, 427.957, 426.712, 425.389, 423.984, 422.491, 420.905, 419.22, 417.43, 415.528, 413.508, 411.361, 409.081, 406.658, 404.084, 401.349, 398.443, 395.357, 392.077, 388.593, 384.892, 380.959, 376.781, 372.343, 367.627, 362.617, 357.295, 351.64, 345.632, 339.25, 332.469, 325.265, 317.611, 309.48, 300.841, 300.075, 300.007, 300.001, 300, 300, 300, 300, 300, 300, 300, 300, 300, 300, 300, 300, 300, 300, 300, 300, 300, 300, 300, 300, 300, 300, 300, 300, 300, 300, 
443.258, 443.258, 443.248, 443.227, 443.196, 443.152, 443.095, 443.025, 442.94, 442.84, 442.724, 442.591, 442.439, 442.268, 442.077, 441.863, 441.626, 441.364, 441.076, 440.76, 440.414, 440.036, 439.625, 439.178, 438.694, 438.169, 437.601, 436.988, 436.327, 435.614, 434.847, 434.032, 433.167, 432.247, 431.27, 430.232, 429.129, 427.957, 426.712, 425.389, 423.984, 422.491, 420.905, 419.22, 417.43, 415.528, 413.508, 411.361, 409.081, 406.658, 404.084, 401.349, 398.443, 395.357, 392.077, 388.593, 384.892, 380.959, 376.781, 372.343, 367.627, 362.617, 357.295, 351.64, 345.632, 339.25, 332.469, 325.265, 317.611, 309.48, 300.841, 300.075, 300.007, 300.001, 300, 300, 300, 300, 300, 300, 300, 300, 300, 300, 300, 300, 300, 300, 300, 300, 300, 300, 300, 300, 300, 300, 300, 300, 300, 300, 
443.258, 443.258, 443.248, 443.227, 443.196, 443.152, 443.095, 443.025, 442.94, 442.84, 442.724, 442.591, 442.439, 442.268, 442.077, 441.863, 441.626, 441.364, 441.076, 440.76, 440.414, 440.036, 439.625, 439.178, 438.694, 438.169, 437.601, 436.988, 436.327, 435.614, 434.847, 434.032, 433.167, 432.247, 431.27, 430.232, 429.129, 427.957, 426.712, 425.389, 423.984, 422.491, 420.905, 419.22, 417.43, 415.528, 413.508, 411.361, 409.081, 406.658, 404.084, 401.349, 398.443, 395.357, 392.077, 388.593, 384.892, 380.959, 376.781, 372.343, 367.627, 362.617, 357.295, 351.64, 345.632, 339.25, 332.469, 325.265, 317.611, 309.48, 300.841, 300.075, 300.007, 300.001, 300, 300, 300, 300, 300, 300, 300, 300, 300, 300, 300, 300, 300, 300, 300, 300, 300, 300, 300, 300, 300, 300, 300, 300, 300, 300, 
443.258, 443.258, 443.248, 443.227, 443.196, 443.152, 443.095, 443.025, 442.94, 442.84, 442.724, 442.591, 442.439, 442.268, 442.077, 441.863, 441.626, 441.364, 441.076, 440.76, 440.414, 440.036, 439.625, 439.178, 438.694, 438.169, 437.601, 436.988, 436.327, 435.614, 434.847, 434.032, 433.167, 432.247, 431.27, 430.232, 429.129, 427.957, 426.712, 425.389, 423.984, 422.491, 420.905, 419.22, 417.43, 415.528, 413.508, 411.361, 409.081, 406.658, 404.084, 401.349, 398.443, 395.357, 392.077, 388.593, 384.892, 380.959, 376.781, 372.343, 367.627, 362.617, 357.295, 351.64, 345.632, 339.25, 332.469, 325.265, 317.611, 309.48, 300.841, 300.075, 300.007, 300.001, 300, 300, 300, 300, 300, 300, 300, 300, 300, 300, 300, 300, 300, 300, 300, 300, 300, 300, 300, 300, 300, 300, 300, 300, 300, 300, 
443.258, 443.258, 443.248, 443.227, 443.196, 443.152, 443.095, 443.025, 442.94, 442.84, 442.724, 442.591, 442.439, 442.268, 442.077, 441.863, 441.626, 441.364, 441.076, 440.76, 440.414, 440.036, 439.625, 439.178, 438.694, 438.169, 437.601, 436.988, 436.327, 435.614, 434.847, 434.032, 433.167, 432.247, 431.27, 430.232, 429.129, 427.957, 426.712, 425.389, 423.984, 422.491, 420.905, 419.22, 417.43, 415.528, 413.508, 411.361, 409.081, 406.658, 404.084, 401.349, 398.443, 395.357, 392.077, 388.593, 384.892, 380.959, 376.781, 372.343, 367.627, 362.617, 357.295, 351.64, 345.632, 339.25, 332.469, 325.265, 317.611, 309.48, 300.841, 300.075, 300.007, 300.001, 300, 300, 300, 300, 300, 300, 300, 300, 300, 300, 300, 300, 300, 300, 300, 300, 300, 300, 300, 300, 300, 300, 300, 300, 300, 300, 
443.258, 443.258, 443.248, 443.227, 443.196, 443.152, 443.095, 443.025, 442.94, 442.84, 442.724, 442.591, 442.439, 442.268, 442.077, 441.863, 441.626, 441.364, 441.076, 440.76, 440.414, 440.036, 439.625, 439.178, 438.694, 438.169, 437.601, 436.988, 436.327, 435.614, 434.847, 434.032, 433.167, 432.247, 431.27, 430.232, 429.129, 427.957, 426.712, 425.389, 423.984, 422.491, 420.905, 419.22, 417.43, 415.528, 413.508, 411.361, 409.081, 406.658, 404.084, 401.349, 398.443, 395.357, 392.077, 388.593, 384.892, 380.959, 376.781, 372.343, 367.627, 362.617, 357.295, 351.64, 345.632, 339.25, 332.469, 325.265, 317.611, 309.48, 300.841, 300.075, 300.007, 300.001, 300, 300, 300, 300, 300, 300, 300, 300, 300, 300, 300, 300, 300, 300, 300, 300, 300, 300, 300, 300, 300, 300, 300, 300, 300, 300, 
443.258, 443.258, 443.248, 443.228, 443.196, 443.152, 443.095, 443.025, 442.94, 442.84, 442.724, 442.591, 442.439, 442.268, 442.077, 441.863, 441.626, 441.364, 441.076, 440.76, 440.414, 440.036, 439.625, 439.178, 438.694, 438.169, 437.601, 436.988, 436.327, 435.614, 434.847, 434.032, 433.167, 432.247, 431.27, 430.232, 429.129, 427.957, 426.712, 425.389, 423.984, 422.491, 420.905, 419.22, 417.43, 415.528, 413.508, 411.361, 409.081, 406.658, 404.084, 401.349, 398.443, 395.357, 392.077, 388.593, 384.892, 380.959, 376.781, 372.343, 367.627, 362.617, 357.295, 351.64, 345.632, 339.25, 332.469, 325.265, 317.611, 309.48, 300.841, 300.075, 300.007, 300.001, 300, 300, 300, 300, 300, 300, 300, 300, 300, 300, 300, 300, 300, 300, 300, 300, 300, 300, 300, 300, 300, 300, 300, 300, 300, 300, 
443.258, 443.258, 443.248, 443.228, 443.196, 443.152, 443.095, 443.025, 442.94, 442.84, 442.724, 442.591, 442.439, 442.268, 442.077, 441.863, 441.626, 441.364, 441.076, 440.76, 440.414, 440.036, 439.625, 439.178, 438.694, 438.169, 437.601, 436.988, 436.327, 435.614, 434.847, 434.032, 433.167, 432.247, 431.27, 430.232, 429.129, 427.957, 426.712, 425.389, 423.984, 422.491, 420.905, 419.22, 417.43, 415.528, 413.508, 411.361, 409.081, 406.658, 404.084, 401.349, 398.443, 395.357, 392.077, 388.593, 384.892, 380.959, 376.781, 372.343, 367.627, 362.617, 357.295, 351.64, 345.632, 339.25, 332.469, 325.265, 317.611, 309.48, 300.841, 300.075, 300.007, 300.001, 300, 300, 300, 300, 300, 300, 300, 300, 300, 300, 300, 300, 300, 300, 300, 300, 300, 300, 300, 300, 300, 300, 300, 300, 300, 300, 
443.258, 443.258, 443.248, 443.228, 443.196, 443.152, 443.095, 443.025, 442.94, 442.841, 442.724, 442.591, 442.44, 442.268, 442.077, 441.863, 441.626, 441.364, 441.076, 440.76, 440.414, 440.036, 439.625, 439.178, 438.694, 438.169, 437.601, 436.988, 436.327, 435.614, 434.847, 434.032, 433.167, 432.247, 431.27, 430.232, 429.129, 427.957, 426.712, 425.389, 423.984, 422.491, 420.905, 419.22, 417.43, 415.528, 413.508, 411.361, 409.081, 406.658, 404.084, 401.349, 398.443, 395.357, 392.077, 388.593, 384.892, 380.959, 376.781, 372.343, 367.627, 362.617, 357.295, 351.64, 345.632, 339.25, 332.469, 325.265, 317.611, 309.48, 300.841, 300.075, 300.007, 300.001, 300, 300, 300, 300, 300, 300, 300, 300, 300, 300, 300, 300, 300, 300, 300, 300, 300, 300, 300, 300, 300, 300, 300, 300, 300, 300, 
443.258, 443.258, 443.248, 443.228, 443.196, 443.152, 443.095, 443.025, 442.94, 442.841, 442.724, 442.591, 442.44, 442.268, 442.077, 441.863, 441.626, 441.364, 441.076, 440.76, 440.414, 440.036, 439.625, 439.178, 438.694, 438.169, 437.601, 436.988, 436.327, 435.614, 434.847, 434.032, 433.167, 432.247, 431.27, 430.232, 429.129, 427.957, 426.712, 425.389, 423.984, 422.491, 420.905, 419.22, 417.43, 415.528, 413.508, 411.361, 409.081, 406.658, 404.084, 401.349, 398.443, 395.357, 392.077, 388.593, 384.892, 380.959, 376.781, 372.343, 367.627, 362.617, 357.295, 351.64, 345.632, 339.25, 332.469, 325.265, 317.611, 309.48, 300.841, 300.075, 300.007, 300.001, 300, 300, 300, 300, 300, 300, 300, 300, 300, 300, 300, 300, 300, 300, 300, 300, 300, 300, 300, 300, 300, 300, 300, 300, 300, 300, 
443.258, 443.258, 443.248, 443.228, 443.196, 443.152, 443.095, 443.025, 442.94, 442.841, 442.724, 442.591, 442.44, 442.268, 442.077, 441.863, 441.626, 441.364, 441.076, 440.76, 440.414, 440.036, 439.625, 439.178, 438.694, 438.169, 437.601, 436.988, 436.327, 435.614, 434.847, 434.032, 433.167, 432.247, 431.27, 430.232, 429.129, 427.957, 426.712, 425.389, 423.984, 422.491, 420.905, 419.22, 417.43, 415.528, 413.508, 411.361, 409.081, 406.658, 404.084, 401.349, 398.443, 395.357, 392.077, 388.593, 384.892, 380.959, 376.781, 372.343, 367.627, 362.617, 357.295, 351.64, 345.632, 339.25, 332.469, 325.265, 317.611, 309.48, 300.841, 300.075, 300.007, 300.001, 300, 300, 300, 300, 300, 300, 300, 300, 300, 300, 300, 300, 300, 300, 300, 300, 300, 300, 300, 300, 300, 300, 300, 300, 300, 300, 
443.258, 443.258, 443.248, 443.228, 443.196, 443.152, 443.095, 443.025, 442.94, 442.841, 442.724, 442.591, 442.44, 442.268, 442.077, 441.863, 441.626, 441.364, 441.076, 440.76, 440.414, 440.036, 439.625, 439.178, 438.694, 438.169, 437.601, 436.988, 436.327, 435.614, 434.847, 434.032, 433.167, 432.247, 431.27, 430.232, 429.129, 427.957, 426.712, 425.389, 423.984, 422.491, 420.905, 419.22, 417.43, 415.528, 413.508, 411.361, 409.081, 406.658, 404.084, 401.349, 398.443, 395.357, 392.077, 388.593, 384.892, 380.959, 376.781, 372.343, 367.627, 362.617, 357.295, 351.64, 345.632, 339.25, 332.469, 325.265, 317.611, 309.48, 300.841, 300.075, 300.007, 300.001, 300, 300, 300, 300, 300, 300, 300, 300, 300, 300, 300, 300, 300, 300, 300, 300, 300, 300, 300, 300, 300, 300, 300, 300, 300, 300, 
443.258, 443.258, 443.248, 443.228, 443.196, 443.152, 443.095, 443.025, 442.94, 442.841, 442.724, 442.591, 442.44, 442.268, 442.077, 441.863, 441.626, 441.364, 441.076, 440.76, 440.414, 440.036, 439.625, 439.178, 438.694, 438.169, 437.601, 436.988, 436.327, 435.614, 434.847, 434.033, 433.167, 432.247, 431.27, 430.232, 429.129, 427.957, 426.712, 425.389, 423.984, 422.491, 420.905, 419.22, 417.43, 415.528, 413.508, 411.361, 409.081, 406.658, 404.084, 401.349, 398.443, 395.357, 392.077, 388.593, 384.892, 380.959, 376.781, 372.343, 367.627, 362.617, 357.295, 351.64, 345.632, 339.25, 332.469, 325.265, 317.611, 309.48, 300.841, 300.075, 300.007, 300.001, 300, 300, 300, 300, 300, 300, 300, 300, 300, 300, 300, 300, 300, 300, 300, 300, 300, 300, 300, 300, 300, 300, 300, 300, 300, 300, 
443.258, 443.258, 443.248, 443.228, 443.196, 443.152, 443.095, 443.025, 442.94, 442.841, 442.724, 442.591, 442.44, 442.268, 442.077, 441.863, 441.626, 441.364, 441.076, 440.76, 440.414, 440.036, 439.625, 439.178, 438.694, 438.169, 437.601, 436.988, 436.327, 435.614, 434.847, 434.033, 433.167, 432.247, 431.27, 430.232, 429.129, 427.957, 426.712, 425.389, 423.984, 422.491, 420.905, 419.22, 417.43, 415.529, 413.508, 411.361, 409.081, 406.658, 404.084, 401.349, 398.444, 395.357, 392.077, 388.593, 384.892, 380.959, 376.781, 372.343, 367.627, 362.617, 357.295, 351.64, 345.632, 339.25, 332.469, 325.265, 317.611, 309.48, 300.841, 300.075, 300.007, 300.001, 300, 300, 300, 300, 300, 300, 300, 300, 300, 300, 300, 300, 300, 300, 300, 300, 300, 300, 300, 300, 300, 300, 300, 300, 300, 300, 
443.258, 443.258, 443.248, 443.228, 443.196, 443.152, 443.095, 443.025, 442.94, 442.841, 442.724, 442.591, 442.44, 442.268, 442.077, 441.863, 441.626, 441.364, 441.076, 440.76, 440.414, 440.036, 439.625, 439.178, 438.694, 438.169, 437.601, 436.988, 436.327, 435.614, 434.847, 434.033, 433.167, 432.247, 431.27, 430.232, 429.129, 427.957, 426.712, 425.389, 423.984, 422.491, 420.905, 419.22, 417.43, 415.529, 413.508, 411.361, 409.081, 406.658, 404.084, 401.349, 398.444, 395.357, 392.077, 388.593, 384.892, 380.959, 376.781, 372.343, 367.627, 362.617, 357.295, 351.64, 345.632, 339.25, 332.469, 325.265, 317.611, 309.48, 300.841, 300.075, 300.007, 300.001, 300, 300, 300, 300, 300, 300, 300, 300, 300, 300, 300, 300, 300, 300, 300, 300, 300, 300, 300, 300, 300, 300, 300, 300, 300, 300, 
443.258, 443.258, 443.248, 443.228, 443.196, 443.152, 443.095, 443.025, 442.94, 442.841, 442.724, 442.591, 442.44, 442.268, 442.077, 441.863, 441.626, 441.364, 441.076, 440.76, 440.414, 440.036, 439.625, 439.178, 438.694, 438.169, 437.601, 436.988, 436.327, 435.614, 434.847, 434.033, 433.167, 432.247, 431.27, 430.232, 429.129, 427.957, 426.712, 425.389, 423.984, 422.491, 420.905, 419.22, 417.43, 415.529, 413.508, 411.361, 409.081, 406.658, 404.084, 401.349, 398.444, 395.357, 392.077, 388.593, 384.892, 380.959, 376.781, 372.343, 367.627, 362.617, 357.295, 351.64, 345.632, 339.25, 332.469, 325.265, 317.611, 309.48, 300.841, 300.075, 300.007, 300.001, 300, 300, 300, 300, 300, 300, 300, 300, 300, 300, 300, 300, 300, 300, 300, 300, 300, 300, 300, 300, 300, 300, 300, 300, 300, 300, 
443.258, 443.258, 443.248, 443.228, 443.196, 443.152, 443.095, 443.025, 442.94, 442.841, 442.725, 442.591, 442.44, 442.268, 442.077, 441.863, 441.626, 441.364, 441.076, 440.76, 440.414, 440.036, 439.625, 439.178, 438.694, 438.169, 437.601, 436.988, 436.327, 435.614, 434.847, 434.033, 433.167, 432.247, 431.27, 430.232, 429.129, 427.957, 426.712, 425.389, 423.984, 422.491, 420.905, 419.22, 417.43, 415.529, 413.508, 411.361, 409.081, 406.658, 404.084, 401.349, 398.444, 395.357, 392.077, 388.593, 384.892, 380.959, 376.781, 372.343, 367.627, 362.617, 357.295, 351.64, 345.632, 339.25, 332.469, 325.265, 317.611, 309.48, 300.841, 300.075, 300.007, 300.001, 300, 300, 300, 300, 300, 300, 300, 300, 300, 300, 300, 300, 300, 300, 300, 300, 300, 300, 300, 300, 300, 300, 300, 300, 300, 300, 
443.258, 443.258, 443.248, 443.228, 443.196, 443.152, 443.095, 443.025, 442.94, 442.841, 442.725, 442.591, 442.44, 442.268, 442.077, 441.863, 441.626, 441.364, 441.076, 440.76, 440.414, 440.036, 439.625, 439.178, 438.694, 438.169, 437.601, 436.988, 436.327, 435.614, 434.847, 434.033, 433.167, 432.247, 431.27, 430.232, 429.129, 427.957, 426.712, 425.389, 423.984, 422.491, 420.905, 419.22, 417.43, 415.529, 413.508, 411.361, 409.081, 406.658, 404.084, 401.349, 398.444, 395.357, 392.077, 388.593, 384.892, 380.959, 376.781, 372.343, 367.627, 362.617, 357.295, 351.64, 345.632, 339.25, 332.469, 325.265, 317.611, 309.48, 300.841, 300.075, 300.007, 300.001, 300, 300, 300, 300, 300, 300, 300, 300, 300, 300, 300, 300, 300, 300, 300, 300, 300, 300, 300, 300, 300, 300, 300, 300, 300, 300, 
443.258, 443.258, 443.248, 443.228, 443.196, 443.152, 443.095, 443.025, 442.94, 442.841, 442.725, 442.591, 442.44, 442.269, 442.077, 441.863, 441.626, 441.364, 441.076, 440.76, 440.414, 440.036, 439.625, 439.178, 438.694, 438.169, 437.601, 436.988, 436.327, 435.614, 434.847, 434.033, 433.167, 432.247, 431.27, 430.232, 429.129, 427.957, 426.712, 425.389, 423.984, 422.491, 420.905, 419.221, 417.43, 415.529, 413.508, 411.361, 409.081, 406.658, 404.084, 401.349, 398.444, 395.357, 392.077, 388.593, 384.892, 380.959, 376.781, 372.343, 367.627, 362.617, 357.295, 351.64, 345.632, 339.25, 332.469, 325.265, 317.611, 309.48, 300.841, 300.075, 300.007, 300.001, 300, 300, 300, 300, 300, 300, 300, 300, 300, 300, 300, 300, 300, 300, 300, 300, 300, 300, 300, 300, 300, 300, 300, 300, 300, 300, 
443.258, 443.258, 443.248, 443.228, 443.196, 443.152, 443.095, 443.025, 442.94, 442.841, 442.725, 442.591, 442.44, 442.269, 442.077, 441.863, 441.626, 441.364, 441.076, 440.76, 440.414, 440.036, 439.625, 439.178, 438.694, 438.169, 437.601, 436.988, 436.327, 435.614, 434.847, 434.033, 433.167, 432.247, 431.27, 430.232, 429.129, 427.957, 426.712, 425.389, 423.984, 422.491, 420.905, 419.221, 417.43, 415.529, 413.508, 411.361, 409.081, 406.658, 404.084, 401.349, 398.444, 395.357, 392.077, 388.593, 384.892, 380.959, 376.781, 372.343, 367.627, 362.617, 357.295, 351.64, 345.632, 339.25, 332.469, 325.265, 317.611, 309.48, 300.841, 300.075, 300.007, 300.001, 300, 300, 300, 300, 300, 300, 300, 300, 300, 300, 300, 300, 300, 300, 300, 300, 300, 300, 300, 300, 300, 300, 300, 300, 300, 300, 
443.258, 443.258, 443.248, 443.228, 443.196, 443.152, 443.095, 443.025, 442.94, 442.841, 442.725, 442.591, 442.44, 442.269, 442.077, 441.863, 441.626, 441.364, 441.076, 440.76, 440.414, 440.036, 439.625, 439.178, 438.694, 438.169, 437.601, 436.988, 436.327, 435.614, 434.847, 434.033, 433.167, 432.247, 431.27, 430.232, 429.129, 427.957, 426.712, 425.389, 423.984, 422.491, 420.905, 419.221, 417.43, 415.529, 413.508, 411.361, 409.081, 406.658, 404.084, 401.349, 398.444, 395.357, 392.077, 388.593, 384.892, 380.959, 376.781, 372.343, 367.627, 362.617, 357.295, 351.64, 345.632, 339.25, 332.469, 325.265, 317.611, 309.48, 300.841, 300.075, 300.007, 300.001, 300, 300, 300, 300, 300, 300, 300, 300, 300, 300, 300, 300, 300, 300, 300, 300, 300, 300, 300, 300, 300, 300, 300, 300, 300, 300, 
443.258, 443.258, 443.248, 443.228, 443.196, 443.152, 443.095, 443.025, 442.94, 442.841, 442.725, 442.591, 442.44, 442.269, 442.077, 441.863, 441.626, 441.364, 441.076, 440.76, 440.414, 440.036, 439.625, 439.178, 438.694, 438.169, 437.601, 436.988, 436.327, 435.614, 434.847, 434.033, 433.167, 432.247, 431.27, 430.232, 429.129, 427.957, 426.712, 425.389, 423.984, 422.491, 420.905, 419.221, 417.43, 415.529, 413.508, 411.361, 409.081, 406.658, 404.084, 401.349, 398.444, 395.357, 392.077, 388.593, 384.892, 380.959, 376.781, 372.343, 367.627, 362.617, 357.295, 351.64, 345.632, 339.25, 332.469, 325.265, 317.611, 309.48, 300.841, 300.075, 300.007, 300.001, 300, 300, 300, 300, 300, 300, 300, 300, 300, 300, 300, 300, 300, 300, 300, 300, 300, 300, 300, 300, 300, 300, 300, 300, 300, 300, 
443.258, 443.258, 443.248, 443.228, 443.196, 443.152, 443.095, 443.025, 442.94, 442.841, 442.725, 442.591, 442.44, 442.269, 442.077, 441.863, 441.626, 441.364, 441.076, 440.76, 440.414, 440.036, 439.625, 439.178, 438.694, 438.169, 437.601, 436.988, 436.327, 435.614, 434.847, 434.033, 433.167, 432.247, 431.27, 430.232, 429.129, 427.957, 426.712, 425.389, 423.984, 422.491, 420.905, 419.221, 417.43, 415.529, 413.508, 411.361, 409.081, 406.658, 404.084, 401.349, 398.444, 395.357, 392.077, 388.593, 384.892, 380.959, 376.781, 372.343, 367.627, 362.617, 357.295, 351.64, 345.632, 339.25, 332.469, 325.265, 317.611, 309.48, 300.841, 300.075, 300.007, 300.001, 300, 300, 300, 300, 300, 300, 300, 300, 300, 300, 300, 300, 300, 300, 300, 300, 300, 300, 300, 300, 300, 300, 300, 300, 300, 300, 
443.258, 443.258, 443.248, 443.228, 443.196, 443.152, 443.095, 443.025, 442.94, 442.841, 442.725, 442.591, 442.44, 442.269, 442.077, 441.863, 441.626, 441.364, 441.076, 440.76, 440.414, 440.036, 439.625, 439.178, 438.694, 438.169, 437.601, 436.988, 436.327, 435.614, 434.847, 434.033, 433.167, 432.247, 431.27, 430.232, 429.129, 427.957, 426.712, 425.389, 423.984, 422.491, 420.906, 419.221, 417.43, 415.529, 413.508, 411.361, 409.081, 406.658, 404.084, 401.349, 398.444, 395.357, 392.077, 388.593, 384.892, 380.959, 376.781, 372.343, 367.627, 362.617, 357.295, 351.64, 345.632, 339.25, 332.469, 325.265, 317.611, 309.48, 300.841, 300.075, 300.007, 300.001, 300, 300, 300, 300, 300, 300, 300, 300, 300, 300, 300, 300, 300, 300, 300, 300, 300, 300, 300, 300, 300, 300, 300, 300, 300, 300, 
443.258, 443.258, 443.248, 443.228, 443.196, 443.152, 443.095, 443.025, 442.94, 442.841, 442.725, 442.591, 442.44, 442.269, 442.077, 441.863, 441.626, 441.364, 441.076, 440.76, 440.414, 440.036, 439.625, 439.178, 438.694, 438.169, 437.601, 436.988, 436.327, 435.615, 434.847, 434.033, 433.167, 432.247, 431.27, 430.232, 429.129, 427.957, 426.712, 425.389, 423.984, 422.492, 420.906, 419.221, 417.43, 415.529, 413.508, 411.361, 409.081, 406.658, 404.084, 401.349, 398.444, 395.357, 392.077, 388.593, 384.892, 380.959, 376.781, 372.343, 367.627, 362.617, 357.295, 351.64, 345.632, 339.25, 332.469, 325.265, 317.611, 309.48, 300.841, 300.075, 300.007, 300.001, 300, 300, 300, 300, 300, 300, 300, 300, 300, 300, 300, 300, 300, 300, 300, 300, 300, 300, 300, 300, 300, 300, 300, 300, 300, 300, 
443.258, 443.258, 443.248, 443.228, 443.196, 443.152, 443.095, 443.025, 442.94, 442.841, 442.725, 442.591, 442.44, 442.269, 442.077, 441.863, 441.626, 441.364, 441.076, 440.76, 440.414, 440.036, 439.625, 439.178, 438.694, 438.169, 437.601, 436.988, 436.327, 435.615, 434.847, 434.033, 433.167, 432.247, 431.27, 430.232, 429.129, 427.957, 426.712, 425.389, 423.984, 422.492, 420.906, 419.221, 417.43, 415.529, 413.508, 411.361, 409.081, 406.658, 404.084, 401.349, 398.444, 395.357, 392.077, 388.593, 384.892, 380.959, 376.781, 372.343, 367.627, 362.617, 357.295, 351.64, 345.632, 339.25, 332.469, 325.265, 317.611, 309.48, 300.841, 300.075, 300.007, 300.001, 300, 300, 300, 300, 300, 300, 300, 300, 300, 300, 300, 300, 300, 300, 300, 300, 300, 300, 300, 300, 300, 300, 300, 300, 300, 300, 
443.258, 443.258, 443.248, 443.228, 443.196, 443.152, 443.095, 443.025, 442.94, 442.841, 442.725, 442.591, 442.44, 442.269, 442.077, 441.863, 441.626, 441.364, 441.076, 440.76, 440.414, 440.036, 439.625, 439.178, 438.694, 438.169, 437.601, 436.988, 436.327, 435.615, 434.847, 434.033, 433.167, 432.247, 431.27, 430.232, 429.129, 427.957, 426.712, 425.389, 423.984, 422.492, 420.906, 419.221, 417.43, 415.529, 413.508, 411.361, 409.081, 406.658, 404.084, 401.349, 398.444, 395.357, 392.077, 388.593, 384.892, 380.959, 376.781, 372.343, 367.627, 362.617, 357.295, 351.64, 345.632, 339.25, 332.469, 325.265, 317.611, 309.48, 300.841, 300.075, 300.007, 300.001, 300, 300, 300, 300, 300, 300, 300, 300, 300, 300, 300, 300, 300, 300, 300, 300, 300, 300, 300, 300, 300, 300, 300, 300, 300, 300, 
443.258, 443.258, 443.248, 443.228, 443.196, 443.152, 443.095, 443.025, 442.94, 442.841, 442.725, 442.591, 442.44, 442.269, 442.077, 441.863, 441.626, 441.364, 441.076, 440.76, 440.414, 440.036, 439.625, 439.178, 438.694, 438.169, 437.601, 436.988, 436.327, 435.615, 434.847, 434.033, 433.167, 432.247, 431.27, 430.232, 429.129, 427.957, 426.712, 425.389, 423.984, 422.492, 420.906, 419.221, 417.43, 415.529, 413.508, 411.361, 409.081, 406.658, 404.084, 401.349, 398.444, 395.357, 392.077, 388.593, 384.892, 380.959, 376.781, 372.343, 367.627, 362.617, 357.295, 351.64, 345.632, 339.25, 332.469, 325.265, 317.611, 309.48, 300.841, 300.075, 300.007, 300.001, 300, 300, 300, 300, 300, 300, 300, 300, 300, 300, 300, 300, 300, 300, 300, 300, 300, 300, 300, 300, 300, 300, 300, 300, 300, 300, 
443.258, 443.258, 443.248, 443.228, 443.196, 443.152, 443.095, 443.025, 442.94, 442.841, 442.725, 442.591, 442.44, 442.269, 442.077, 441.863, 441.626, 441.364, 441.076, 440.76, 440.414, 440.036, 439.625, 439.178, 438.694, 438.169, 437.601, 436.988, 436.327, 435.615, 434.848, 434.033, 433.167, 432.247, 431.27, 430.232, 429.129, 427.957, 426.712, 425.389, 423.984, 422.492, 420.906, 419.221, 417.43, 415.529, 413.508, 411.361, 409.081, 406.658, 404.084, 401.349, 398.444, 395.357, 392.077, 388.593, 384.892, 380.959, 376.781, 372.343, 367.627, 362.617, 357.295, 351.64, 345.632, 339.25, 332.469, 325.265, 317.611, 309.48, 300.841, 300.075, 300.007, 300.001, 300, 300, 300, 300, 300, 300, 300, 300, 300, 300, 300, 300, 300, 300, 300, 300, 300, 300, 300, 300, 300, 300, 300, 300, 300, 300, 
443.258, 443.258, 443.248, 443.228, 443.196, 443.152, 443.095, 443.025, 442.94, 442.841, 442.725, 442.591, 442.44, 442.269, 442.077, 441.863, 441.626, 441.364, 441.076, 440.76, 440.414, 440.036, 439.625, 439.178, 438.694, 438.169, 437.601, 436.988, 436.327, 435.615, 434.848, 434.033, 433.167, 432.247, 431.27, 430.232, 429.129, 427.957, 426.712, 425.39, 423.984, 422.492, 420.906, 419.221, 417.43, 415.529, 413.508, 411.361, 409.081, 406.658, 404.084, 401.349, 398.444, 395.357, 392.077, 388.593, 384.892, 380.959, 376.781, 372.343, 367.627, 362.617, 357.295, 351.64, 345.632, 339.25, 332.469, 325.265, 317.611, 309.48, 300.841, 300.075, 300.007, 300.001, 300, 300, 300, 300, 300, 300, 300, 300, 300, 300, 300, 300, 300, 300, 300, 300, 300, 300, 300, 300, 300, 300, 300, 300, 300, 300, 
443.258, 443.258, 443.248, 443.228, 443.196, 443.152, 443.095, 443.025, 442.941, 442.841, 442.725, 442.591, 442.44, 442.269, 442.077, 441.863, 441.626, 441.364, 441.076, 440.76, 440.414, 440.036, 439.625, 439.178, 438.694, 438.169, 437.601, 436.988, 436.327, 435.615, 434.848, 434.033, 433.167, 432.247, 431.27, 430.232, 429.129, 427.957, 426.712, 425.39, 423.984, 422.492, 420.906, 419.221, 417.43, 415.529, 413.508, 411.361, 409.081, 406.658, 404.084, 401.349, 398.444, 395.357, 392.077, 388.593, 384.892, 380.959, 376.781, 372.343, 367.627, 362.617, 357.295, 351.64, 345.632, 339.25, 332.469, 325.265, 317.611, 309.48, 300.841, 300.075, 300.007, 300.001, 300, 300, 300, 300, 300, 300, 300, 300, 300, 300, 300, 300, 300, 300, 300, 300, 300, 300, 300, 300, 300, 300, 300, 300, 300, 300, 
443.258, 443.258, 443.248, 443.228, 443.196, 443.152, 443.095, 443.025, 442.941, 442.841, 442.725, 442.591, 442.44, 442.269, 442.077, 441.863, 441.626, 441.364, 441.076, 440.76, 440.414, 440.036, 439.625, 439.178, 438.694, 438.169, 437.601, 436.988, 436.327, 435.615, 434.848, 434.033, 433.167, 432.247, 431.27, 430.232, 429.129, 427.957, 426.712, 425.39, 423.984, 422.492, 420.906, 419.221, 417.43, 415.529, 413.508, 411.361, 409.081, 406.658, 404.084, 401.349, 398.444, 395.357, 392.077, 388.593, 384.892, 380.959, 376.781, 372.343, 367.627, 362.617, 357.295, 351.64, 345.632, 339.25, 332.469, 325.265, 317.611, 309.48, 300.841, 300.075, 300.007, 300.001, 300, 300, 300, 300, 300, 300, 300, 300, 300, 300, 300, 300, 300, 300, 300, 300, 300, 300, 300, 300, 300, 300, 300, 300, 300, 300, 
443.258, 443.258, 443.248, 443.228, 443.196, 443.152, 443.095, 443.025, 442.941, 442.841, 442.725, 442.591, 442.44, 442.269, 442.077, 441.863, 441.626, 441.364, 441.076, 440.76, 440.414, 440.036, 439.625, 439.178, 438.694, 438.169, 437.601, 436.988, 436.327, 435.615, 434.848, 434.033, 433.167, 432.247, 431.27, 430.232, 429.129, 427.957, 426.712, 425.39, 423.984, 422.492, 420.906, 419.221, 417.43, 415.529, 413.508, 411.361, 409.081, 406.658, 404.084, 401.349, 398.444, 395.357, 392.077, 388.593, 384.892, 380.959, 376.781, 372.343, 367.627, 362.617, 357.295, 351.64, 345.632, 339.25, 332.469, 325.265, 317.611, 309.48, 300.841, 300.075, 300.007, 300.001, 300, 300, 300, 300, 300, 300, 300, 300, 300, 300, 300, 300, 300, 300, 300, 300, 300, 300, 300, 300, 300, 300, 300, 300, 300, 300, 
443.258, 443.258, 443.248, 443.228, 443.196, 443.152, 443.095, 443.025, 442.941, 442.841, 442.725, 442.591, 442.44, 442.269, 442.077, 441.863, 441.626, 441.364, 441.076, 440.76, 440.414, 440.036, 439.625, 439.179, 438.694, 438.169, 437.601, 436.988, 436.327, 435.615, 434.848, 434.033, 433.167, 432.247, 431.27, 430.232, 429.129, 427.957, 426.712, 425.39, 423.984, 422.492, 420.906, 419.221, 417.43, 415.529, 413.508, 411.361, 409.081, 406.658, 404.084, 401.349, 398.444, 395.357, 392.077, 388.593, 384.892, 380.959, 376.781, 372.343, 367.627, 362.617, 357.295, 351.64, 345.632, 339.25, 332.469, 325.265, 317.611, 309.48, 300.841, 300.075, 300.007, 300.001, 300, 300, 300, 300, 300, 300, 300, 300, 300, 300, 300, 300, 300, 300, 300, 300, 300, 300, 300, 300, 300, 300, 300, 300, 300, 300, 
443.258, 443.258, 443.248, 443.228, 443.196, 443.152, 443.095, 443.025, 442.941, 442.841, 442.725, 442.591, 442.44, 442.269, 442.077, 441.863, 441.626, 441.364, 441.076, 440.76, 440.414, 440.036, 439.625, 439.179, 438.694, 438.169, 437.601, 436.988, 436.327, 435.615, 434.848, 434.033, 433.167, 432.247, 431.27, 430.232, 429.129, 427.957, 426.712, 425.39, 423.984, 422.492, 420.906, 419.221, 417.43, 415.529, 413.508, 411.361, 409.081, 406.658, 404.084, 401.349, 398.444, 395.357, 392.077, 388.593, 384.892, 380.959, 376.781, 372.343, 367.627, 362.617, 357.295, 351.64, 345.632, 339.25, 332.469, 325.265, 317.611, 309.48, 300.841, 300.075, 300.007, 300.001, 300, 300, 300, 300, 300, 300, 300, 300, 300, 300, 300, 300, 300, 300, 300, 300, 300, 300, 300, 300, 300, 300, 300, 300, 300, 300, 
443.258, 443.258, 443.248, 443.228, 443.196, 443.152, 443.095, 443.025, 442.941, 442.841, 442.725, 442.591, 442.44, 442.269, 442.077, 441.863, 441.626, 441.364, 441.076, 440.76, 440.414, 440.036, 439.625, 439.179, 438.694, 438.169, 437.601, 436.988, 436.327, 435.615, 434.848, 434.033, 433.167, 432.247, 431.27, 430.232, 429.129, 427.957, 426.712, 425.39, 423.984, 422.492, 420.906, 419.221, 417.43, 415.529, 413.508, 411.361, 409.081, 406.658, 404.084, 401.349, 398.444, 395.357, 392.077, 388.593, 384.892, 380.959, 376.781, 372.343, 367.627, 362.617, 357.295, 351.64, 345.632, 339.25, 332.469, 325.265, 317.611, 309.48, 300.841, 300.075, 300.007, 300.001, 300, 300, 300, 300, 300, 300, 300, 300, 300, 300, 300, 300, 300, 300, 300, 300, 300, 300, 300, 300, 300, 300, 300, 300, 300, 300, 
443.258, 443.258, 443.248, 443.228, 443.196, 443.152, 443.095, 443.025, 442.941, 442.841, 442.725, 442.591, 442.44, 442.269, 442.077, 441.863, 441.626, 441.364, 441.076, 440.76, 440.414, 440.036, 439.625, 439.179, 438.694, 438.169, 437.601, 436.988, 436.327, 435.615, 434.848, 434.033, 433.167, 432.247, 431.27, 430.232, 429.129, 427.957, 426.712, 425.39, 423.984, 422.492, 420.906, 419.221, 417.43, 415.529, 413.508, 411.361, 409.081, 406.658, 404.084, 401.349, 398.444, 395.357, 392.077, 388.593, 384.892, 380.959, 376.782, 372.343, 367.627, 362.617, 357.295, 351.64, 345.632, 339.25, 332.469, 325.265, 317.611, 309.48, 300.841, 300.075, 300.007, 300.001, 300, 300, 300, 300, 300, 300, 300, 300, 300, 300, 300, 300, 300, 300, 300, 300, 300, 300, 300, 300, 300, 300, 300, 300, 300, 300, 
443.258, 443.258, 443.248, 443.228, 443.196, 443.152, 443.095, 443.025, 442.941, 442.841, 442.725, 442.591, 442.44, 442.269, 442.077, 441.863, 441.626, 441.364, 441.076, 440.76, 440.414, 440.036, 439.625, 439.179, 438.694, 438.169, 437.601, 436.988, 436.327, 435.615, 434.848, 434.033, 433.167, 432.247, 431.27, 430.232, 429.129, 427.957, 426.712, 425.39, 423.984, 422.492, 420.906, 419.221, 417.43, 415.529, 413.508, 411.361, 409.081, 406.658, 404.084, 401.349, 398.444, 395.357, 392.077, 388.593, 384.892, 380.959, 376.782, 372.343, 367.627, 362.617, 357.295, 351.64, 345.632, 339.25, 332.469, 325.265, 317.611, 309.48, 300.841, 300.075, 300.007, 300.001, 300, 300, 300, 300, 300, 300, 300, 300, 300, 300, 300, 300, 300, 300, 300, 300, 300, 300, 300, 300, 300, 300, 300, 300, 300, 300, 
443.258, 443.258, 443.248, 443.228, 443.196, 443.152, 443.095, 443.025, 442.941, 442.841, 442.725, 442.591, 442.44, 442.269, 442.077, 441.863, 441.626, 441.364, 441.076, 440.76, 440.414, 440.036, 439.625, 439.179, 438.694, 438.169, 437.601, 436.988, 436.327, 435.615, 434.848, 434.033, 433.167, 432.247, 431.27, 430.232, 429.129, 427.957, 426.712, 425.39, 423.984, 422.492, 420.906, 419.221, 417.43, 415.529, 413.508, 411.361, 409.081, 406.658, 404.084, 401.349, 398.444, 395.357, 392.077, 388.593, 384.892, 380.959, 376.782, 372.343, 367.627, 362.617, 357.295, 351.64, 345.632, 339.25, 332.469, 325.265, 317.611, 309.48, 300.841, 300.075, 300.007, 300.001, 300, 300, 300, 300, 300, 300, 300, 300, 300, 300, 300, 300, 300, 300, 300, 300, 300, 300, 300, 300, 300, 300, 300, 300, 300, 300, 
443.258, 443.258, 443.248, 443.228, 443.196, 443.152, 443.095, 443.025, 442.941, 442.841, 442.725, 442.591, 442.44, 442.269, 442.077, 441.863, 441.626, 441.364, 441.076, 440.76, 440.414, 440.036, 439.625, 439.179, 438.694, 438.169, 437.601, 436.988, 436.327, 435.615, 434.848, 434.033, 433.167, 432.247, 431.27, 430.232, 429.129, 427.957, 426.712, 425.39, 423.984, 422.492, 420.906, 419.221, 417.43, 415.529, 413.508, 411.361, 409.081, 406.658, 404.084, 401.349, 398.444, 395.357, 392.077, 388.593, 384.892, 380.959, 376.782, 372.343, 367.627, 362.617, 357.295, 351.64, 345.632, 339.25, 332.469, 325.265, 317.611, 309.48, 300.841, 300.075, 300.007, 300.001, 300, 300, 300, 300, 300, 300, 300, 300, 300, 300, 300, 300, 300, 300, 300, 300, 300, 300, 300, 300, 300, 300, 300, 300, 300, 300, 
443.258, 443.258, 443.248, 443.228, 443.196, 443.152, 443.095, 443.025, 442.941, 442.841, 442.725, 442.591, 442.44, 442.269, 442.077, 441.863, 441.626, 441.364, 441.076, 440.76, 440.414, 440.036, 439.625, 439.179, 438.694, 438.169, 437.601, 436.988, 436.327, 435.615, 434.848, 434.033, 433.167, 432.247, 431.27, 430.232, 429.129, 427.957, 426.712, 425.39, 423.984, 422.492, 420.906, 419.221, 417.43, 415.529, 413.508, 411.361, 409.081, 406.658, 404.084, 401.349, 398.444, 395.357, 392.077, 388.593, 384.892, 380.959, 376.782, 372.343, 367.627, 362.617, 357.295, 351.64, 345.632, 339.25, 332.469, 325.265, 317.611, 309.48, 300.841, 300.075, 300.007, 300.001, 300, 300, 300, 300, 300, 300, 300, 300, 300, 300, 300, 300, 300, 300, 300, 300, 300, 300, 300, 300, 300, 300, 300, 300, 300, 300, 
443.258, 443.258, 443.248, 443.228, 443.196, 443.152, 443.095, 443.025, 442.941, 442.841, 442.725, 442.591, 442.44, 442.269, 442.077, 441.863, 441.626, 441.364, 441.076, 440.76, 440.414, 440.036, 439.625, 439.179, 438.694, 438.169, 437.601, 436.988, 436.327, 435.615, 434.848, 434.033, 433.167, 432.247, 431.27, 430.232, 429.129, 427.957, 426.712, 425.39, 423.984, 422.492, 420.906, 419.221, 417.43, 415.529, 413.508, 411.361, 409.081, 406.658, 404.084, 401.349, 398.444, 395.357, 392.077, 388.593, 384.892, 380.959, 376.782, 372.343, 367.627, 362.617, 357.295, 351.64, 345.632, 339.25, 332.469, 325.265, 317.611, 309.48, 300.841, 300.075, 300.007, 300.001, 300, 300, 300, 300, 300, 300, 300, 300, 300, 300, 300, 300, 300, 300, 300, 300, 300, 300, 300, 300, 300, 300, 300, 300, 300, 300, 
443.258, 443.258, 443.248, 443.228, 443.196, 443.152, 443.095, 443.025, 442.941, 442.841, 442.725, 442.591, 442.44, 442.269, 442.077, 441.863, 441.626, 441.364, 441.076, 440.76, 440.414, 440.036, 439.625, 439.179, 438.694, 438.169, 437.601, 436.988, 436.327, 435.615, 434.848, 434.033, 433.167, 432.247, 431.27, 430.232, 429.129, 427.957, 426.712, 425.39, 423.984, 422.492, 420.906, 419.221, 417.43, 415.529, 413.508, 411.361, 409.081, 406.658, 404.084, 401.349, 398.444, 395.357, 392.077, 388.593, 384.892, 380.959, 376.782, 372.343, 367.627, 362.617, 357.295, 351.64, 345.632, 339.25, 332.469, 325.265, 317.611, 309.48, 300.841, 300.075, 300.007, 300.001, 300, 300, 300, 300, 300, 300, 300, 300, 300, 300, 300, 300, 300, 300, 300, 300, 300, 300, 300, 300, 300, 300, 300, 300, 300, 300, 
443.258, 443.258, 443.248, 443.228, 443.196, 443.152, 443.095, 443.025, 442.941, 442.841, 442.725, 442.591, 442.44, 442.269, 442.077, 441.863, 441.626, 441.364, 441.076, 440.76, 440.414, 440.036, 439.625, 439.179, 438.694, 438.169, 437.601, 436.988, 436.327, 435.615, 434.848, 434.033, 433.167, 432.247, 431.27, 430.232, 429.129, 427.957, 426.712, 425.39, 423.984, 422.492, 420.906, 419.221, 417.43, 415.529, 413.508, 411.361, 409.081, 406.658, 404.084, 401.349, 398.444, 395.357, 392.077, 388.593, 384.892, 380.959, 376.782, 372.343, 367.627, 362.617, 357.295, 351.64, 345.632, 339.25, 332.469, 325.265, 317.611, 309.48, 300.841, 300.075, 300.007, 300.001, 300, 300, 300, 300, 300, 300, 300, 300, 300, 300, 300, 300, 300, 300, 300, 300, 300, 300, 300, 300, 300, 300, 300, 300, 300, 300, 
443.258, 443.258, 443.248, 443.228, 443.196, 443.152, 443.095, 443.025, 442.941, 442.841, 442.725, 442.591, 442.44, 442.269, 442.077, 441.863, 441.626, 441.364, 441.076, 440.76, 440.414, 440.036, 439.625, 439.179, 438.694, 438.169, 437.601, 436.988, 436.327, 435.615, 434.848, 434.033, 433.167, 432.247, 431.27, 430.232, 429.129, 427.957, 426.712, 425.39, 423.984, 422.492, 420.906, 419.221, 417.43, 415.529, 413.508, 411.361, 409.081, 406.658, 404.084, 401.349, 398.444, 395.357, 392.077, 388.593, 384.892, 380.959, 376.782, 372.343, 367.627, 362.617, 357.295, 351.64, 345.632, 339.25, 332.469, 325.265, 317.611, 309.48, 300.841, 300.075, 300.007, 300.001, 300, 300, 300, 300, 300, 300, 300, 300, 300, 300, 300, 300, 300, 300, 300, 300, 300, 300, 300, 300, 300, 300, 300, 300, 300, 300, 
443.258, 443.258, 443.248, 443.228, 443.196, 443.152, 443.095, 443.025, 442.941, 442.841, 442.725, 442.591, 442.44, 442.269, 442.077, 441.863, 441.626, 441.364, 441.076, 440.76, 440.414, 440.036, 439.625, 439.179, 438.694, 438.169, 437.601, 436.988, 436.327, 435.615, 434.848, 434.033, 433.167, 432.247, 431.27, 430.232, 429.129, 427.957, 426.712, 425.39, 423.984, 422.492, 420.906, 419.221, 417.431, 415.529, 413.508, 411.361, 409.081, 406.658, 404.084, 401.349, 398.444, 395.357, 392.077, 388.593, 384.892, 380.959, 376.782, 372.343, 367.627, 362.617, 357.295, 351.64, 345.632, 339.25, 332.469, 325.265, 317.611, 309.48, 300.841, 300.075, 300.007, 300.001, 300, 300, 300, 300, 300, 300, 300, 300, 300, 300, 300, 300, 300, 300, 300, 300, 300, 300, 300, 300, 300, 300, 300, 300, 300, 300, 
443.258, 443.258, 443.248, 443.228, 443.196, 443.152, 443.095, 443.025, 442.941, 442.841, 442.725, 442.591, 442.44, 442.269, 442.077, 441.863, 441.626, 441.364, 441.076, 440.76, 440.414, 440.036, 439.625, 439.179, 438.694, 438.169, 437.601, 436.988, 436.327, 435.615, 434.848, 434.033, 433.167, 432.247, 431.27, 430.232, 429.129, 427.957, 426.712, 425.39, 423.984, 422.492, 420.906, 419.221, 417.431, 415.529, 413.508, 411.361, 409.081, 406.658, 404.084, 401.349, 398.444, 395.357, 392.077, 388.593, 384.892, 380.959, 376.782, 372.343, 367.627, 362.617, 357.295, 351.64, 345.632, 339.25, 332.469, 325.265, 317.611, 309.48, 300.841, 300.075, 300.007, 300.001, 300, 300, 300, 300, 300, 300, 300, 300, 300, 300, 300, 300, 300, 300, 300, 300, 300, 300, 300, 300, 300, 300, 300, 300, 300, 300, 
443.258, 443.258, 443.248, 443.228, 443.196, 443.152, 443.095, 443.025, 442.941, 442.841, 442.725, 442.591, 442.44, 442.269, 442.077, 441.863, 441.626, 441.364, 441.076, 440.76, 440.414, 440.036, 439.625, 439.179, 438.694, 438.169, 437.601, 436.988, 436.327, 435.615, 434.848, 434.033, 433.167, 432.247, 431.27, 430.232, 429.129, 427.957, 426.712, 425.39, 423.984, 422.492, 420.906, 419.221, 417.431, 415.529, 413.508, 411.361, 409.081, 406.658, 404.084, 401.349, 398.444, 395.357, 392.077, 388.593, 384.892, 380.959, 376.782, 372.343, 367.627, 362.617, 357.295, 351.64, 345.632, 339.25, 332.469, 325.265, 317.611, 309.48, 300.841, 300.075, 300.007, 300.001, 300, 300, 300, 300, 300, 300, 300, 300, 300, 300, 300, 300, 300, 300, 300, 300, 300, 300, 300, 300, 300, 300, 300, 300, 300, 300, 
443.258, 443.258, 443.248, 443.228, 443.196, 443.152, 443.095, 443.025, 442.941, 442.841, 442.725, 442.591, 442.44, 442.269, 442.077, 441.863, 441.626, 441.364, 441.076, 440.76, 440.414, 440.036, 439.625, 439.179, 438.694, 438.169, 437.602, 436.988, 436.327, 435.615, 434.848, 434.033, 433.167, 432.247, 431.27, 430.232, 429.129, 427.957, 426.712, 425.39, 423.984, 422.492, 420.906, 419.221, 417.431, 415.529, 413.508, 411.361, 409.081, 406.658, 404.084, 401.349, 398.444, 395.357, 392.077, 388.593, 384.892, 380.959, 376.782, 372.343, 367.627, 362.617, 357.295, 351.64, 345.632, 339.25, 332.469, 325.265, 317.611, 309.48, 300.841, 300.075, 300.007, 300.001, 300, 300, 300, 300, 300, 300, 300, 300, 300, 300, 300, 300, 300, 300, 300, 300, 300, 300, 300, 300, 300, 300, 300, 300, 300, 300, 
443.258, 443.258, 443.248, 443.228, 443.196, 443.152, 443.095, 443.025, 442.941, 442.841, 442.725, 442.591, 442.44, 442.269, 442.077, 441.863, 441.626, 441.364, 441.076, 440.76, 440.414, 440.036, 439.625, 439.179, 438.694, 438.169, 437.602, 436.988, 436.327, 435.615, 434.848, 434.033, 433.167, 432.247, 431.27, 430.232, 429.129, 427.957, 426.712, 425.39, 423.984, 422.492, 420.906, 419.221, 417.431, 415.529, 413.508, 411.362, 409.081, 406.658, 404.084, 401.349, 398.444, 395.357, 392.077, 388.593, 384.892, 380.959, 376.782, 372.343, 367.627, 362.617, 357.295, 351.64, 345.632, 339.25, 332.469, 325.265, 317.611, 309.48, 300.841, 300.075, 300.007, 300.001, 300, 300, 300, 300, 300, 300, 300, 300, 300, 300, 300, 300, 300, 300, 300, 300, 300, 300, 300, 300, 300, 300, 300, 300, 300, 300, 
443.258, 443.258, 443.248, 443.228, 443.196, 443.152, 443.095, 443.025, 442.941, 442.841, 442.725, 442.591, 442.44, 442.269, 442.077, 441.863, 441.626, 441.364, 441.076, 440.76, 440.414, 440.036, 439.625, 439.179, 438.694, 438.169, 437.602, 436.988, 436.327, 435.615, 434.848, 434.033, 433.167, 432.247, 431.27, 430.232, 429.129, 427.957, 426.712, 425.39, 423.984, 422.492, 420.906, 419.221, 417.431, 415.529, 413.508, 411.362, 409.081, 406.658, 404.084, 401.349, 398.444, 395.357, 392.077, 388.593, 384.892, 380.959, 376.782, 372.343, 367.627, 362.617, 357.295, 351.64, 345.632, 339.25, 332.469, 325.265, 317.611, 309.48, 300.841, 300.075, 300.007, 300.001, 300, 300, 300, 300, 300, 300, 300, 300, 300, 300, 300, 300, 300, 300, 300, 300, 300, 300, 300, 300, 300, 300, 300, 300, 300, 300, 
443.258, 443.258, 443.248, 443.228, 443.196, 443.152, 443.095, 443.025, 442.941, 442.841, 442.725, 442.591, 442.44, 442.269, 442.077, 441.863, 441.626, 441.364, 441.076, 440.76, 440.414, 440.036, 439.625, 439.179, 438.694, 438.169, 437.602, 436.988, 436.327, 435.615, 434.848, 434.033, 433.167, 432.247, 431.27, 430.232, 429.129, 427.957, 426.712, 425.39, 423.984, 422.492, 420.906, 419.221, 417.431, 415.529, 413.508, 411.362, 409.081, 406.658, 404.084, 401.349, 398.444, 395.357, 392.077, 388.593, 384.892, 380.959, 376.782, 372.343, 367.627, 362.617, 357.295, 351.64, 345.632, 339.25, 332.469, 325.265, 317.611, 309.48, 300.841, 300.075, 300.007, 300.001, 300, 300, 300, 300, 300, 300, 300, 300, 300, 300, 300, 300, 300, 300, 300, 300, 300, 300, 300, 300, 300, 300, 300, 300, 300, 300, 
443.258, 443.258, 443.248, 443.228, 443.196, 443.152, 443.095, 443.025, 442.941, 442.841, 442.725, 442.591, 442.44, 442.269, 442.077, 441.863, 441.626, 441.364, 441.076, 440.76, 440.414, 440.036, 439.625, 439.179, 438.694, 438.169, 437.602, 436.988, 436.327, 435.615, 434.848, 434.033, 433.167, 432.247, 431.27, 430.232, 429.129, 427.957, 426.712, 425.39, 423.984, 422.492, 420.906, 419.221, 417.431, 415.529, 413.508, 411.362, 409.081, 406.658, 404.084, 401.349, 398.444, 395.357, 392.077, 388.593, 384.892, 380.959, 376.782, 372.343, 367.627, 362.617, 357.295, 351.64, 345.632, 339.25, 332.469, 325.265, 317.611, 309.48, 300.841, 300.075, 300.007, 300.001, 300, 300, 300, 300, 300, 300, 300, 300, 300, 300, 300, 300, 300, 300, 300, 300, 300, 300, 300, 300, 300, 300, 300, 300, 300, 300, 
443.258, 443.258, 443.248, 443.228, 443.196, 443.152, 443.095, 443.025, 442.941, 442.841, 442.725, 442.591, 442.44, 442.269, 442.077, 441.863, 441.626, 441.364, 441.076, 440.76, 440.414, 440.036, 439.625, 439.179, 438.694, 438.169, 437.602, 436.988, 436.327, 435.615, 434.848, 434.033, 433.167, 432.247, 431.27, 430.232, 429.129, 427.957, 426.712, 425.39, 423.984, 422.492, 420.906, 419.221, 417.431, 415.529, 413.508, 411.362, 409.081, 406.658, 404.084, 401.349, 398.444, 395.357, 392.077, 388.593, 384.892, 380.959, 376.782, 372.343, 367.627, 362.617, 357.295, 351.64, 345.632, 339.25, 332.469, 325.265, 317.611, 309.48, 300.841, 300.075, 300.007, 300.001, 300, 300, 300, 300, 300, 300, 300, 300, 300, 300, 300, 300, 300, 300, 300, 300, 300, 300, 300, 300, 300, 300, 300, 300, 300, 300, 
443.258, 443.258, 443.248, 443.228, 443.196, 443.152, 443.095, 443.025, 442.941, 442.841, 442.725, 442.591, 442.44, 442.269, 442.077, 441.863, 441.626, 441.364, 441.076, 440.76, 440.414, 440.036, 439.625, 439.179, 438.694, 438.169, 437.602, 436.988, 436.327, 435.615, 434.848, 434.033, 433.167, 432.247, 431.27, 430.232, 429.129, 427.957, 426.712, 425.39, 423.984, 422.492, 420.906, 419.221, 417.431, 415.529, 413.508, 411.362, 409.081, 406.658, 404.084, 401.349, 398.444, 395.357, 392.077, 388.593, 384.892, 380.959, 376.782, 372.343, 367.627, 362.617, 357.295, 351.64, 345.632, 339.25, 332.469, 325.265, 317.611, 309.48, 300.841, 300.075, 300.007, 300.001, 300, 300, 300, 300, 300, 300, 300, 300, 300, 300, 300, 300, 300, 300, 300, 300, 300, 300, 300, 300, 300, 300, 300, 300, 300, 300, 
443.258, 443.258, 443.248, 443.228, 443.196, 443.152, 443.095, 443.025, 442.941, 442.841, 442.725, 442.591, 442.44, 442.269, 442.077, 441.863, 441.626, 441.364, 441.076, 440.76, 440.414, 440.036, 439.625, 439.179, 438.694, 438.169, 437.602, 436.988, 436.327, 435.615, 434.848, 434.033, 433.167, 432.247, 431.27, 430.232, 429.129, 427.957, 426.712, 425.39, 423.984, 422.492, 420.906, 419.221, 417.431, 415.529, 413.508, 411.362, 409.081, 406.658, 404.084, 401.349, 398.444, 395.357, 392.077, 388.593, 384.892, 380.959, 376.782, 372.343, 367.627, 362.617, 357.295, 351.64, 345.632, 339.25, 332.469, 325.265, 317.611, 309.48, 300.841, 300.075, 300.007, 300.001, 300, 300, 300, 300, 300, 300, 300, 300, 300, 300, 300, 300, 300, 300, 300, 300, 300, 300, 300, 300, 300, 300, 300, 300, 300, 300, 
443.258, 443.258, 443.248, 443.228, 443.196, 443.152, 443.095, 443.025, 442.941, 442.841, 442.725, 442.591, 442.44, 442.269, 442.077, 441.863, 441.626, 441.364, 441.076, 440.76, 440.414, 440.036, 439.625, 439.179, 438.694, 438.169, 437.602, 436.989, 436.327, 435.615, 434.848, 434.033, 433.167, 432.247, 431.27, 430.232, 429.129, 427.957, 426.712, 425.39, 423.984, 422.492, 420.906, 419.221, 417.431, 415.529, 413.508, 411.362, 409.081, 406.658, 404.084, 401.349, 398.444, 395.357, 392.077, 388.593, 384.892, 380.959, 376.782, 372.343, 367.627, 362.617, 357.295, 351.64, 345.632, 339.25, 332.469, 325.265, 317.611, 309.48, 300.841, 300.075, 300.007, 300.001, 300, 300, 300, 300, 300, 300, 300, 300, 300, 300, 300, 300, 300, 300, 300, 300, 300, 300, 300, 300, 300, 300, 300, 300, 300, 300, 
443.258, 443.258, 443.248, 443.228, 443.196, 443.152, 443.095, 443.025, 442.941, 442.841, 442.725, 442.591, 442.44, 442.269, 442.077, 441.863, 441.626, 441.364, 441.076, 440.76, 440.414, 440.036, 439.625, 439.179, 438.694, 438.169, 437.602, 436.989, 436.327, 435.615, 434.848, 434.033, 433.167, 432.247, 431.27, 430.232, 429.129, 427.957, 426.712, 425.39, 423.984, 422.492, 420.906, 419.221, 417.431, 415.529, 413.508, 411.362, 409.081, 406.658, 404.084, 401.349, 398.444, 395.357, 392.077, 388.593, 384.892, 380.959, 376.782, 372.343, 367.627, 362.617, 357.295, 351.64, 345.632, 339.25, 332.469, 325.265, 317.611, 309.48, 300.841, 300.075, 300.007, 300.001, 300, 300, 300, 300, 300, 300, 300, 300, 300, 300, 300, 300, 300, 300, 300, 300, 300, 300, 300, 300, 300, 300, 300, 300, 300, 300, 
443.258, 443.258, 443.248, 443.228, 443.196, 443.152, 443.095, 443.025, 442.941, 442.841, 442.725, 442.591, 442.44, 442.269, 442.077, 441.863, 441.626, 441.364, 441.076, 440.76, 440.414, 440.036, 439.625, 439.179, 438.694, 438.169, 437.602, 436.989, 436.327, 435.615, 434.848, 434.033, 433.167, 432.247, 431.27, 430.232, 429.129, 427.957, 426.712, 425.39, 423.984, 422.492, 420.906, 419.221, 417.431, 415.529, 413.508, 411.362, 409.081, 406.658, 404.084, 401.349, 398.444, 395.357, 392.077, 388.593, 384.892, 380.959, 376.782, 372.343, 367.627, 362.617, 357.295, 351.64, 345.632, 339.25, 332.469, 325.265, 317.611, 309.48, 300.841, 300.075, 300.007, 300.001, 300, 300, 300, 300, 300, 300, 300, 300, 300, 300, 300, 300, 300, 300, 300, 300, 300, 300, 300, 300, 300, 300, 300, 300, 300, 300, 
443.258, 443.258, 443.248, 443.228, 443.196, 443.152, 443.095, 443.025, 442.941, 442.841, 442.725, 442.591, 442.44, 442.269, 442.077, 441.863, 441.626, 441.364, 441.076, 440.76, 440.414, 440.036, 439.625, 439.179, 438.694, 438.169, 437.602, 436.989, 436.327, 435.615, 434.848, 434.033, 433.167, 432.247, 431.27, 430.232, 429.129, 427.957, 426.712, 425.39, 423.984, 422.492, 420.906, 419.221, 417.431, 415.529, 413.508, 411.362, 409.081, 406.658, 404.084, 401.349, 398.444, 395.357, 392.077, 388.593, 384.892, 380.959, 376.782, 372.343, 367.627, 362.617, 357.295, 351.64, 345.632, 339.25, 332.469, 325.265, 317.611, 309.48, 300.841, 300.075, 300.007, 300.001, 300, 300, 300, 300, 300, 300, 300, 300, 300, 300, 300, 300, 300, 300, 300, 300, 300, 300, 300, 300, 300, 300, 300, 300, 300, 300, 
443.258, 443.258, 443.248, 443.228, 443.196, 443.152, 443.095, 443.025, 442.941, 442.841, 442.725, 442.591, 442.44, 442.269, 442.077, 441.863, 441.626, 441.364, 441.076, 440.76, 440.414, 440.036, 439.625, 439.179, 438.694, 438.169, 437.602, 436.989, 436.327, 435.615, 434.848, 434.033, 433.167, 432.247, 431.27, 430.232, 429.129, 427.957, 426.712, 425.39, 423.984, 422.492, 420.906, 419.221, 417.431, 415.529, 413.508, 411.362, 409.081, 406.658, 404.084, 401.349, 398.444, 395.357, 392.077, 388.593, 384.892, 380.959, 376.782, 372.343, 367.627, 362.617, 357.295, 351.64, 345.632, 339.25, 332.469, 325.265, 317.611, 309.48, 300.841, 300.075, 300.007, 300.001, 300, 300, 300, 300, 300, 300, 300, 300, 300, 300, 300, 300, 300, 300, 300, 300, 300, 300, 300, 300, 300, 300, 300, 300, 300, 300, 
443.258, 443.258, 443.248, 443.228, 443.196, 443.152, 443.095, 443.025, 442.941, 442.841, 442.725, 442.591, 442.44, 442.269, 442.077, 441.863, 441.626, 441.364, 441.076, 440.76, 440.414, 440.036, 439.625, 439.179, 438.694, 438.169, 437.602, 436.989, 436.327, 435.615, 434.848, 434.033, 433.167, 432.247, 431.27, 430.232, 429.129, 427.957, 426.712, 425.39, 423.984, 422.492, 420.906, 419.221, 417.431, 415.529, 413.508, 411.362, 409.081, 406.658, 404.084, 401.349, 398.444, 395.357, 392.077, 388.593, 384.892, 380.959, 376.782, 372.343, 367.627, 362.617, 357.295, 351.64, 345.632, 339.25, 332.469, 325.265, 317.611, 309.48, 300.841, 300.075, 300.007, 300.001, 300, 300, 300, 300, 300, 300, 300, 300, 300, 300, 300, 300, 300, 300, 300, 300, 300, 300, 300, 300, 300, 300, 300, 300, 300, 300, 
443.258, 443.258, 443.248, 443.228, 443.196, 443.152, 443.095, 443.025, 442.941, 442.841, 442.725, 442.591, 442.44, 442.269, 442.077, 441.863, 441.626, 441.364, 441.076, 440.76, 440.414, 440.036, 439.625, 439.179, 438.694, 438.169, 437.602, 436.989, 436.327, 435.615, 434.848, 434.033, 433.167, 432.247, 431.27, 430.232, 429.129, 427.957, 426.712, 425.39, 423.984, 422.492, 420.906, 419.221, 417.431, 415.529, 413.508, 411.362, 409.081, 406.658, 404.084, 401.349, 398.444, 395.357, 392.078, 388.593, 384.892, 380.959, 376.782, 372.343, 367.627, 362.617, 357.295, 351.64, 345.632, 339.25, 332.469, 325.265, 317.611, 309.48, 300.841, 300.075, 300.007, 300.001, 300, 300, 300, 300, 300, 300, 300, 300, 300, 300, 300, 300, 300, 300, 300, 300, 300, 300, 300, 300, 300, 300, 300, 300, 300, 300, 
443.258, 443.258, 443.248, 443.228, 443.196, 443.152, 443.095, 443.025, 442.941, 442.841, 442.725, 442.591, 442.44, 442.269, 442.077, 441.863, 441.626, 441.364, 441.076, 440.76, 440.414, 440.036, 439.625, 439.179, 438.694, 438.169, 437.602, 436.989, 436.327, 435.615, 434.848, 434.033, 433.167, 432.247, 431.27, 430.232, 429.129, 427.957, 426.712, 425.39, 423.984, 422.492, 420.906, 419.221, 417.431, 415.529, 413.508, 411.362, 409.081, 406.658, 404.084, 401.349, 398.444, 395.357, 392.078, 388.593, 384.892, 380.959, 376.782, 372.343, 367.627, 362.617, 357.295, 351.64, 345.632, 339.25, 332.469, 325.265, 317.611, 309.48, 300.841, 300.075, 300.007, 300.001, 300, 300, 300, 300, 300, 300, 300, 300, 300, 300, 300, 300, 300, 300, 300, 300, 300, 300, 300, 300, 300, 300, 300, 300, 300, 300, 
443.258, 443.258, 443.248, 443.228, 443.196, 443.152, 443.095, 443.025, 442.941, 442.841, 442.725, 442.591, 442.44, 442.269, 442.077, 441.863, 441.626, 441.364, 441.076, 440.76, 440.414, 440.036, 439.625, 439.179, 438.694, 438.169, 437.602, 436.989, 436.327, 435.615, 434.848, 434.033, 433.167, 432.247, 431.27, 430.232, 429.129, 427.957, 426.712, 425.39, 423.984, 422.492, 420.906, 419.221, 417.431, 415.529, 413.508, 411.362, 409.081, 406.658, 404.084, 401.349, 398.444, 395.357, 392.078, 388.593, 384.892, 380.959, 376.782, 372.343, 367.627, 362.617, 357.295, 351.64, 345.632, 339.25, 332.469, 325.265, 317.611, 309.48, 300.841, 300.075, 300.007, 300.001, 300, 300, 300, 300, 300, 300, 300, 300, 300, 300, 300, 300, 300, 300, 300, 300, 300, 300, 300, 300, 300, 300, 300, 300, 300, 300, 
443.258, 443.258, 443.248, 443.228, 443.196, 443.152, 443.095, 443.025, 442.941, 442.841, 442.725, 442.591, 442.44, 442.269, 442.077, 441.863, 441.626, 441.364, 441.076, 440.76, 440.414, 440.036, 439.625, 439.179, 438.694, 438.169, 437.602, 436.989, 436.327, 435.615, 434.848, 434.033, 433.167, 432.247, 431.27, 430.232, 429.129, 427.957, 426.712, 425.39, 423.984, 422.492, 420.906, 419.221, 417.431, 415.529, 413.508, 411.362, 409.081, 406.658, 404.084, 401.349, 398.444, 395.357, 392.078, 388.593, 384.892, 380.959, 376.782, 372.343, 367.627, 362.617, 357.295, 351.64, 345.632, 339.25, 332.469, 325.265, 317.611, 309.48, 300.841, 300.075, 300.007, 300.001, 300, 300, 300, 300, 300, 300, 300, 300, 300, 300, 300, 300, 300, 300, 300, 300, 300, 300, 300, 300, 300, 300, 300, 300, 300, 300, 
443.258, 443.258, 443.248, 443.228, 443.196, 443.152, 443.095, 443.025, 442.941, 442.841, 442.725, 442.591, 442.44, 442.269, 442.077, 441.863, 441.626, 441.364, 441.076, 440.76, 440.414, 440.036, 439.625, 439.179, 438.694, 438.169, 437.602, 436.989, 436.327, 435.615, 434.848, 434.033, 433.167, 432.247, 431.27, 430.232, 429.129, 427.957, 426.712, 425.39, 423.985, 422.492, 420.906, 419.221, 417.431, 415.529, 413.508, 411.362, 409.081, 406.658, 404.084, 401.349, 398.444, 395.357, 392.078, 388.593, 384.892, 380.959, 376.782, 372.343, 367.627, 362.617, 357.295, 351.64, 345.632, 339.25, 332.469, 325.265, 317.611, 309.48, 300.841, 300.075, 300.007, 300.001, 300, 300, 300, 300, 300, 300, 300, 300, 300, 300, 300, 300, 300, 300, 300, 300, 300, 300, 300, 300, 300, 300, 300, 300, 300, 300, 
443.258, 443.258, 443.248, 443.228, 443.196, 443.152, 443.095, 443.025, 442.941, 442.841, 442.725, 442.591, 442.44, 442.269, 442.077, 441.863, 441.626, 441.364, 441.076, 440.76, 440.414, 440.036, 439.625, 439.179, 438.694, 438.169, 437.602, 436.989, 436.327, 435.615, 434.848, 434.033, 433.167, 432.247, 431.27, 430.232, 429.129, 427.957, 426.712, 425.39, 423.985, 422.492, 420.906, 419.221, 417.431, 415.529, 413.508, 411.362, 409.081, 406.658, 404.084, 401.349, 398.444, 395.357, 392.078, 388.593, 384.892, 380.959, 376.782, 372.343, 367.627, 362.617, 357.295, 351.64, 345.632, 339.25, 332.469, 325.265, 317.611, 309.48, 300.841, 300.075, 300.007, 300.001, 300, 300, 300, 300, 300, 300, 300, 300, 300, 300, 300, 300, 300, 300, 300, 300, 300, 300, 300, 300, 300, 300, 300, 300, 300, 300, 
443.258, 443.258, 443.248, 443.228, 443.196, 443.152, 443.095, 443.025, 442.941, 442.841, 442.725, 442.591, 442.44, 442.269, 442.077, 441.863, 441.626, 441.364, 441.076, 440.76, 440.414, 440.036, 439.625, 439.179, 438.694, 438.169, 437.602, 436.989, 436.327, 435.615, 434.848, 434.033, 433.167, 432.247, 431.27, 430.232, 429.129, 427.957, 426.712, 425.39, 423.985, 422.492, 420.906, 419.221, 417.431, 415.529, 413.508, 411.362, 409.081, 406.658, 404.084, 401.349, 398.444, 395.357, 392.078, 388.593, 384.892, 380.959, 376.782, 372.343, 367.627, 362.617, 357.295, 351.64, 345.632, 339.25, 332.469, 325.265, 317.611, 309.48, 300.841, 300.075, 300.007, 300.001, 300, 300, 300, 300, 300, 300, 300, 300, 300, 300, 300, 300, 300, 300, 300, 300, 300, 300, 300, 300, 300, 300, 300, 300, 300, 300, 
443.258, 443.258, 443.248, 443.228, 443.196, 443.152, 443.095, 443.025, 442.941, 442.841, 442.725, 442.591, 442.44, 442.269, 442.077, 441.863, 441.626, 441.364, 441.076, 440.76, 440.414, 440.036, 439.625, 439.179, 438.694, 438.169, 437.602, 436.989, 436.327, 435.615, 434.848, 434.033, 433.167, 432.247, 431.27, 430.232, 429.129, 427.957, 426.712, 425.39, 423.985, 422.492, 420.906, 419.221, 417.431, 415.529, 413.508, 411.362, 409.081, 406.658, 404.084, 401.349, 398.444, 395.357, 392.078, 388.593, 384.892, 380.959, 376.782, 372.343, 367.627, 362.617, 357.295, 351.64, 345.632, 339.25, 332.469, 325.265, 317.611, 309.48, 300.841, 300.075, 300.007, 300.001, 300, 300, 300, 300, 300, 300, 300, 300, 300, 300, 300, 300, 300, 300, 300, 300, 300, 300, 300, 300, 300, 300, 300, 300, 300, 300, 
443.258, 443.258, 443.248, 443.228, 443.196, 443.152, 443.095, 443.025, 442.941, 442.841, 442.725, 442.591, 442.44, 442.269, 442.077, 441.863, 441.626, 441.364, 441.076, 440.76, 440.414, 440.036, 439.625, 439.179, 438.694, 438.169, 437.602, 436.989, 436.327, 435.615, 434.848, 434.033, 433.167, 432.247, 431.27, 430.232, 429.129, 427.957, 426.712, 425.39, 423.985, 422.492, 420.906, 419.221, 417.431, 415.529, 413.508, 411.362, 409.081, 406.658, 404.084, 401.349, 398.444, 395.357, 392.078, 388.593, 384.892, 380.959, 376.782, 372.343, 367.627, 362.617, 357.295, 351.64, 345.632, 339.25, 332.469, 325.265, 317.611, 309.48, 300.841, 300.075, 300.007, 300.001, 300, 300, 300, 300, 300, 300, 300, 300, 300, 300, 300, 300, 300, 300, 300, 300, 300, 300, 300, 300, 300, 300, 300, 300, 300, 300, 
443.258, 443.258, 443.248, 443.228, 443.196, 443.152, 443.095, 443.025, 442.941, 442.841, 442.725, 442.591, 442.44, 442.269, 442.077, 441.863, 441.626, 441.364, 441.076, 440.76, 440.414, 440.036, 439.625, 439.179, 438.694, 438.169, 437.602, 436.989, 436.327, 435.615, 434.848, 434.033, 433.167, 432.247, 431.27, 430.232, 429.129, 427.957, 426.712, 425.39, 423.985, 422.492, 420.906, 419.221, 417.431, 415.529, 413.508, 411.362, 409.081, 406.658, 404.084, 401.349, 398.444, 395.357, 392.078, 388.593, 384.892, 380.959, 376.782, 372.343, 367.627, 362.617, 357.295, 351.64, 345.632, 339.25, 332.469, 325.265, 317.611, 309.48, 300.841, 300.075, 300.007, 300.001, 300, 300, 300, 300, 300, 300, 300, 300, 300, 300, 300, 300, 300, 300, 300, 300, 300, 300, 300, 300, 300, 300, 300, 300, 300, 300, 
443.258, 443.258, 443.248, 443.228, 443.196, 443.152, 443.095, 443.025, 442.941, 442.841, 442.725, 442.591, 442.44, 442.269, 442.077, 441.863, 441.626, 441.364, 441.076, 440.76, 440.414, 440.036, 439.625, 439.179, 438.694, 438.169, 437.602, 436.989, 436.327, 435.615, 434.848, 434.033, 433.167, 432.247, 431.27, 430.232, 429.129, 427.957, 426.712, 425.39, 423.985, 422.492, 420.906, 419.221, 417.431, 415.529, 413.508, 411.362, 409.081, 406.658, 404.084, 401.349, 398.444, 395.357, 392.078, 388.593, 384.892, 380.959, 376.782, 372.343, 367.627, 362.617, 357.295, 351.64, 345.632, 339.25, 332.469, 325.265, 317.611, 309.48, 300.841, 300.075, 300.007, 300.001, 300, 300, 300, 300, 300, 300, 300, 300, 300, 300, 300, 300, 300, 300, 300, 300, 300, 300, 300, 300, 300, 300, 300, 300, 300, 300, 
443.258, 443.258, 443.248, 443.228, 443.196, 443.152, 443.095, 443.025, 442.941, 442.841, 442.725, 442.591, 442.44, 442.269, 442.077, 441.863, 441.626, 441.364, 441.076, 440.76, 440.414, 440.036, 439.625, 439.179, 438.694, 438.169, 437.602, 436.989, 436.327, 435.615, 434.848, 434.033, 433.167, 432.247, 431.27, 430.232, 429.129, 427.957, 426.712, 425.39, 423.985, 422.492, 420.906, 419.221, 417.431, 415.529, 413.508, 411.362, 409.081, 406.658, 404.084, 401.349, 398.444, 395.357, 392.078, 388.593, 384.892, 380.959, 376.782, 372.343, 367.627, 362.617, 357.295, 351.64, 345.632, 339.25, 332.469, 325.265, 317.611, 309.48, 300.841, 300.075, 300.007, 300.001, 300, 300, 300, 300, 300, 300, 300, 300, 300, 300, 300, 300, 300, 300, 300, 300, 300, 300, 300, 300, 300, 300, 300, 300, 300, 300, 
443.259, 443.259, 443.249, 443.228, 443.196, 443.152, 443.095, 443.025, 442.941, 442.841, 442.725, 442.591, 442.44, 442.269, 442.077, 441.863, 441.626, 441.364, 441.076, 440.76, 440.414, 440.036, 439.625, 439.179, 438.694, 438.169, 437.602, 436.989, 436.327, 435.615, 434.848, 434.033, 433.167, 432.247, 431.27, 430.232, 429.129, 427.957, 426.712, 425.39, 423.985, 422.492, 420.906, 419.221, 417.431, 415.529, 413.508, 411.362, 409.081, 406.658, 404.084, 401.349, 398.444, 395.357, 392.078, 388.593, 384.892, 380.959, 376.782, 372.343, 367.627, 362.617, 357.295, 351.64, 345.632, 339.25, 332.469, 325.265, 317.611, 309.48, 300.841, 300.075, 300.007, 300.001, 300, 300, 300, 300, 300, 300, 300, 300, 300, 300, 300, 300, 300, 300, 300, 300, 300, 300, 300, 300, 300, 300, 300, 300, 300, 300, 
443.259, 443.259, 443.249, 443.228, 443.196, 443.152, 443.095, 443.025, 442.941, 442.841, 442.725, 442.591, 442.44, 442.269, 442.077, 441.863, 441.626, 441.364, 441.076, 440.76, 440.414, 440.036, 439.625, 439.179, 438.694, 438.169, 437.602, 436.989, 436.327, 435.615, 434.848, 434.033, 433.167, 432.247, 431.27, 430.232, 429.129, 427.957, 426.712, 425.39, 423.985, 422.492, 420.906, 419.221, 417.431, 415.529, 413.508, 411.362, 409.081, 406.658, 404.084, 401.349, 398.444, 395.357, 392.078, 388.593, 384.892, 380.959, 376.782, 372.343, 367.627, 362.617, 357.295, 351.64, 345.632, 339.25, 332.469, 325.265, 317.611, 309.48, 300.841, 300.075, 300.007, 300.001, 300, 300, 300, 300, 300, 300, 300, 300, 300, 300, 300, 300, 300, 300, 300, 300, 300, 300, 300, 300, 300, 300, 300, 300, 300, 300, 
443.259, 443.259, 443.249, 443.228, 443.196, 443.152, 443.095, 443.025, 442.941, 442.841, 442.725, 442.591, 442.44, 442.269, 442.077, 441.863, 441.626, 441.364, 441.076, 440.76, 440.414, 440.036, 439.625, 439.179, 438.694, 438.169, 437.602, 436.989, 436.327, 435.615, 434.848, 434.033, 433.167, 432.247, 431.27, 430.232, 429.129, 427.957, 426.712, 425.39, 423.985, 422.492, 420.906, 419.221, 417.431, 415.529, 413.508, 411.362, 409.081, 406.658, 404.084, 401.349, 398.444, 395.357, 392.078, 388.593, 384.892, 380.959, 376.782, 372.343, 367.627, 362.617, 357.295, 351.64, 345.632, 339.25, 332.469, 325.265, 317.611, 309.48, 300.841, 300.075, 300.007, 300.001, 300, 300, 300, 300, 300, 300, 300, 300, 300, 300, 300, 300, 300, 300, 300, 300, 300, 300, 300, 300, 300, 300, 300, 300, 300, 300, 
443.259, 443.259, 443.249, 443.228, 443.196, 443.152, 443.095, 443.025, 442.941, 442.841, 442.725, 442.591, 442.44, 442.269, 442.077, 441.863, 441.626, 441.364, 441.076, 440.76, 440.414, 440.036, 439.625, 439.179, 438.694, 438.169, 437.602, 436.989, 436.327, 435.615, 434.848, 434.033, 433.167, 432.247, 431.27, 430.232, 429.129, 427.957, 426.712, 425.39, 423.985, 422.492, 420.906, 419.221, 417.431, 415.529, 413.508, 411.362, 409.081, 406.658, 404.084, 401.349, 398.444, 395.357, 392.078, 388.593, 384.892, 380.959, 376.782, 372.343, 367.627, 362.617, 357.295, 351.64, 345.632, 339.25, 332.469, 325.265, 317.611, 309.48, 300.841, 300.075, 300.007, 300.001, 300, 300, 300, 300, 300, 300, 300, 300, 300, 300, 300, 300, 300, 300, 300, 300, 300, 300, 300, 300, 300, 300, 300, 300, 300, 300, 
443.259, 443.259, 443.249, 443.228, 443.196, 443.152, 443.095, 443.025, 442.941, 442.841, 442.725, 442.591, 442.44, 442.269, 442.077, 441.863, 441.626, 441.364, 441.076, 440.76, 440.414, 440.036, 439.625, 439.179, 438.694, 438.169, 437.602, 436.989, 436.327, 435.615, 434.848, 434.033, 433.167, 432.247, 431.27, 430.232, 429.129, 427.957, 426.712, 425.39, 423.985, 422.492, 420.906, 419.221, 417.431, 415.529, 413.508, 411.362, 409.081, 406.658, 404.084, 401.349, 398.444, 395.357, 392.078, 388.593, 384.892, 380.959, 376.782, 372.343, 367.627, 362.617, 357.295, 351.64, 345.632, 339.25, 332.469, 325.265, 317.611, 309.48, 300.841, 300.075, 300.007, 300.001, 300, 300, 300, 300, 300, 300, 300, 300, 300, 300, 300, 300, 300, 300, 300, 300, 300, 300, 300, 300, 300, 300, 300, 300, 300, 300, 
443.259, 443.259, 443.249, 443.228, 443.196, 443.152, 443.095, 443.025, 442.941, 442.841, 442.725, 442.591, 442.44, 442.269, 442.077, 441.863, 441.626, 441.364, 441.076, 440.76, 440.414, 440.036, 439.625, 439.179, 438.694, 438.169, 437.602, 436.989, 436.327, 435.615, 434.848, 434.033, 433.167, 432.247, 431.27, 430.232, 429.129, 427.957, 426.712, 425.39, 423.985, 422.492, 420.906, 419.221, 417.431, 415.529, 413.508, 411.362, 409.081, 406.658, 404.084, 401.349, 398.444, 395.357, 392.078, 388.593, 384.892, 380.959, 376.782, 372.343, 367.627, 362.617, 357.295, 351.64, 345.632, 339.25, 332.469, 325.265, 317.611, 309.48, 300.841, 300.075, 300.007, 300.001, 300, 300, 300, 300, 300, 300, 300, 300, 300, 300, 300, 300, 300, 300, 300, 300, 300, 300, 300, 300, 300, 300, 300, 300, 300, 300, 
443.259, 443.259, 443.249, 443.228, 443.196, 443.152, 443.095, 443.025, 442.941, 442.841, 442.725, 442.591, 442.44, 442.269, 442.077, 441.863, 441.626, 441.364, 441.076, 440.76, 440.414, 440.036, 439.625, 439.179, 438.694, 438.169, 437.602, 436.989, 436.327, 435.615, 434.848, 434.033, 433.167, 432.247, 431.27, 430.232, 429.129, 427.957, 426.712, 425.39, 423.985, 422.492, 420.906, 419.221, 417.431, 415.529, 413.508, 411.362, 409.081, 406.658, 404.084, 401.349, 398.444, 395.357, 392.078, 388.593, 384.892, 380.959, 376.782, 372.343, 367.627, 362.617, 357.295, 351.64, 345.632, 339.25, 332.469, 325.265, 317.611, 309.48, 300.841, 300.075, 300.007, 300.001, 300, 300, 300, 300, 300, 300, 300, 300, 300, 300, 300, 300, 300, 300, 300, 300, 300, 300, 300, 300, 300, 300, 300, 300, 300, 300, 
443.259, 443.259, 443.249, 443.228, 443.196, 443.152, 443.095, 443.025, 442.941, 442.841, 442.725, 442.591, 442.44, 442.269, 442.077, 441.863, 441.626, 441.364, 441.076, 440.76, 440.414, 440.036, 439.625, 439.179, 438.694, 438.169, 437.602, 436.989, 436.327, 435.615, 434.848, 434.033, 433.167, 432.247, 431.27, 430.232, 429.129, 427.957, 426.712, 425.39, 423.985, 422.492, 420.906, 419.221, 417.431, 415.529, 413.508, 411.362, 409.081, 406.658, 404.084, 401.349, 398.444, 395.357, 392.078, 388.593, 384.892, 380.959, 376.782, 372.343, 367.627, 362.617, 357.295, 351.64, 345.632, 339.25, 332.469, 325.265, 317.611, 309.48, 300.841, 300.075, 300.007, 300.001, 300, 300, 300, 300, 300, 300, 300, 300, 300, 300, 300, 300, 300, 300, 300, 300, 300, 300, 300, 300, 300, 300, 300, 300, 300, 300, 
443.259, 443.259, 443.249, 443.228, 443.196, 443.152, 443.095, 443.025, 442.941, 442.841, 442.725, 442.592, 442.44, 442.269, 442.077, 441.863, 441.626, 441.364, 441.076, 440.76, 440.414, 440.036, 439.625, 439.179, 438.694, 438.169, 437.602, 436.989, 436.327, 435.615, 434.848, 434.033, 433.167, 432.247, 431.27, 430.232, 429.129, 427.957, 426.712, 425.39, 423.985, 422.492, 420.906, 419.221, 417.431, 415.529, 413.508, 411.362, 409.081, 406.658, 404.084, 401.349, 398.444, 395.357, 392.078, 388.593, 384.892, 380.959, 376.782, 372.343, 367.627, 362.617, 357.295, 351.64, 345.632, 339.25, 332.469, 325.265, 317.611, 309.48, 300.841, 300.075, 300.007, 300.001, 300, 300, 300, 300, 300, 300, 300, 300, 300, 300, 300, 300, 300, 300, 300, 300, 300, 300, 300, 300, 300, 300, 300, 300, 300, 300, 
443.259, 443.259, 443.249, 443.228, 443.196, 443.152, 443.095, 443.025, 442.941, 442.841, 442.725, 442.592, 442.44, 442.269, 442.077, 441.863, 441.626, 441.364, 441.076, 440.76, 440.414, 440.036, 439.625, 439.179, 438.694, 438.169, 437.602, 436.989, 436.327, 435.615, 434.848, 434.033, 433.167, 432.247, 431.27, 430.232, 429.129, 427.957, 426.712, 425.39, 423.985, 422.492, 420.906, 419.221, 417.431, 415.529, 413.508, 411.362, 409.081, 406.658, 404.084, 401.349, 398.444, 395.357, 392.078, 388.593, 384.892, 380.959, 376.782, 372.343, 367.627, 362.617, 357.295, 351.64, 345.632, 339.25, 332.469, 325.265, 317.611, 309.48, 300.841, 300.075, 300.007, 300.001, 300, 300, 300, 300, 300, 300, 300, 300, 300, 300, 300, 300, 300, 300, 300, 300, 300, 300, 300, 300, 300, 300, 300, 300, 300, 300, 
443.259, 443.259, 443.249, 443.228, 443.196, 443.152, 443.095, 443.025, 442.941, 442.841, 442.725, 442.592, 442.44, 442.269, 442.077, 441.863, 441.626, 441.364, 441.076, 440.76, 440.414, 440.036, 439.625, 439.179, 438.694, 438.169, 437.602, 436.989, 436.327, 435.615, 434.848, 434.033, 433.167, 432.247, 431.27, 430.232, 429.129, 427.957, 426.712, 425.39, 423.985, 422.492, 420.906, 419.221, 417.431, 415.529, 413.508, 411.362, 409.081, 406.658, 404.084, 401.349, 398.444, 395.357, 392.078, 388.593, 384.892, 380.959, 376.782, 372.343, 367.627, 362.617, 357.295, 351.64, 345.632, 339.25, 332.469, 325.265, 317.611, 309.48, 300.841, 300.075, 300.007, 300.001, 300, 300, 300, 300, 300, 300, 300, 300, 300, 300, 300, 300, 300, 300, 300, 300, 300, 300, 300, 300, 300, 300, 300, 300, 300, 300, 
443.259, 443.259, 443.249, 443.228, 443.196, 443.152, 443.095, 443.025, 442.941, 442.841, 442.725, 442.592, 442.44, 442.269, 442.077, 441.863, 441.626, 441.364, 441.076, 440.76, 440.414, 440.036, 439.625, 439.179, 438.694, 438.169, 437.602, 436.989, 436.327, 435.615, 434.848, 434.033, 433.167, 432.247, 431.27, 430.232, 429.129, 427.957, 426.712, 425.39, 423.985, 422.492, 420.906, 419.221, 417.431, 415.529, 413.508, 411.362, 409.081, 406.658, 404.084, 401.349, 398.444, 395.357, 392.078, 388.593, 384.892, 380.959, 376.782, 372.343, 367.627, 362.617, 357.295, 351.64, 345.632, 339.25, 332.469, 325.265, 317.611, 309.48, 300.841, 300.075, 300.007, 300.001, 300, 300, 300, 300, 300, 300, 300, 300, 300, 300, 300, 300, 300, 300, 300, 300, 300, 300, 300, 300, 300, 300, 300, 300, 300, 300, 
443.259, 443.259, 443.249, 443.228, 443.196, 443.152, 443.095, 443.025, 442.941, 442.841, 442.725, 442.592, 442.44, 442.269, 442.077, 441.863, 441.626, 441.364, 441.076, 440.76, 440.414, 440.037, 439.625, 439.179, 438.694, 438.169, 437.602, 436.989, 436.327, 435.615, 434.848, 434.033, 433.167, 432.247, 431.27, 430.232, 429.129, 427.957, 426.712, 425.39, 423.985, 422.492, 420.906, 419.221, 417.431, 415.529, 413.508, 411.362, 409.081, 406.658, 404.084, 401.349, 398.444, 395.357, 392.078, 388.593, 384.892, 380.959, 376.782, 372.343, 367.627, 362.617, 357.295, 351.64, 345.632, 339.25, 332.469, 325.265, 317.611, 309.48, 300.841, 300.075, 300.007, 300.001, 300, 300, 300, 300, 300, 300, 300, 300, 300, 300, 300, 300, 300, 300, 300, 300, 300, 300, 300, 300, 300, 300, 300, 300, 300, 300, 
443.259, 443.259, 443.249, 443.228, 443.196, 443.152, 443.095, 443.025, 442.941, 442.841, 442.725, 442.592, 442.44, 442.269, 442.077, 441.863, 441.626, 441.364, 441.076, 440.76, 440.414, 440.037, 439.625, 439.179, 438.694, 438.169, 437.602, 436.989, 436.327, 435.615, 434.848, 434.033, 433.167, 432.247, 431.27, 430.232, 429.129, 427.957, 426.712, 425.39, 423.985, 422.492, 420.906, 419.221, 417.431, 415.529, 413.508, 411.362, 409.081, 406.658, 404.084, 401.349, 398.444, 395.357, 392.078, 388.593, 384.892, 380.959, 376.782, 372.343, 367.627, 362.617, 357.295, 351.64, 345.632, 339.25, 332.469, 325.265, 317.611, 309.48, 300.841, 300.075, 300.007, 300.001, 300, 300, 300, 300, 300, 300, 300, 300, 300, 300, 300, 300, 300, 300, 300, 300, 300, 300, 300, 300, 300, 300, 300, 300, 300, 300, 
443.259, 443.259, 443.249, 443.228, 443.196, 443.152, 443.095, 443.025, 442.941, 442.841, 442.725, 442.592, 442.44, 442.269, 442.077, 441.863, 441.626, 441.364, 441.076, 440.76, 440.414, 440.037, 439.625, 439.179, 438.694, 438.169, 437.602, 436.989, 436.327, 435.615, 434.848, 434.033, 433.167, 432.247, 431.27, 430.232, 429.129, 427.957, 426.712, 425.39, 423.985, 422.492, 420.906, 419.221, 417.431, 415.529, 413.508, 411.362, 409.081, 406.658, 404.084, 401.349, 398.444, 395.357, 392.078, 388.593, 384.892, 380.959, 376.782, 372.343, 367.627, 362.617, 357.295, 351.64, 345.632, 339.25, 332.469, 325.265, 317.611, 309.48, 300.841, 300.075, 300.007, 300.001, 300, 300, 300, 300, 300, 300, 300, 300, 300, 300, 300, 300, 300, 300, 300, 300, 300, 300, 300, 300, 300, 300, 300, 300, 300, 300, 
443.259, 443.259, 443.249, 443.228, 443.196, 443.152, 443.095, 443.025, 442.941, 442.841, 442.725, 442.592, 442.44, 442.269, 442.077, 441.863, 441.626, 441.364, 441.076, 440.76, 440.414, 440.037, 439.625, 439.179, 438.694, 438.169, 437.602, 436.989, 436.327, 435.615, 434.848, 434.033, 433.167, 432.247, 431.27, 430.232, 429.129, 427.957, 426.712, 425.39, 423.985, 422.492, 420.906, 419.221, 417.431, 415.529, 413.508, 411.362, 409.081, 406.658, 404.084, 401.349, 398.444, 395.357, 392.078, 388.593, 384.892, 380.959, 376.782, 372.343, 367.627, 362.617, 357.295, 351.64, 345.632, 339.25, 332.469, 325.265, 317.611, 309.48, 300.841, 300.075, 300.007, 300.001, 300, 300, 300, 300, 300, 300, 300, 300, 300, 300, 300, 300, 300, 300, 300, 300, 300, 300, 300, 300, 300, 300, 300, 300, 300, 300, 
443.259, 443.259, 443.249, 443.228, 443.196, 443.152, 443.095, 443.025, 442.941, 442.841, 442.725, 442.592, 442.44, 442.269, 442.077, 441.863, 441.626, 441.364, 441.076, 440.76, 440.414, 440.037, 439.625, 439.179, 438.694, 438.169, 437.602, 436.989, 436.327, 435.615, 434.848, 434.033, 433.167, 432.247, 431.27, 430.232, 429.129, 427.957, 426.712, 425.39, 423.985, 422.492, 420.906, 419.221, 417.431, 415.529, 413.508, 411.362, 409.081, 406.658, 404.084, 401.349, 398.444, 395.357, 392.078, 388.593, 384.892, 380.959, 376.782, 372.343, 367.627, 362.617, 357.295, 351.64, 345.632, 339.25, 332.469, 325.265, 317.611, 309.48, 300.841, 300.075, 300.007, 300.001, 300, 300, 300, 300, 300, 300, 300, 300, 300, 300, 300, 300, 300, 300, 300, 300, 300, 300, 300, 300, 300, 300, 300, 300, 300, 300, 
443.259, 443.259, 443.249, 443.228, 443.196, 443.152, 443.095, 443.025, 442.941, 442.841, 442.725, 442.592, 442.44, 442.269, 442.077, 441.863, 441.626, 441.364, 441.076, 440.76, 440.414, 440.037, 439.625, 439.179, 438.694, 438.169, 437.602, 436.989, 436.327, 435.615, 434.848, 434.033, 433.167, 432.247, 431.27, 430.232, 429.129, 427.957, 426.712, 425.39, 423.985, 422.492, 420.906, 419.221, 417.431, 415.529, 413.508, 411.362, 409.081, 406.658, 404.084, 401.349, 398.444, 395.357, 392.078, 388.593, 384.892, 380.959, 376.782, 372.343, 367.627, 362.617, 357.295, 351.64, 345.632, 339.25, 332.469, 325.265, 317.611, 309.48, 300.841, 300.075, 300.007, 300.001, 300, 300, 300, 300, 300, 300, 300, 300, 300, 300, 300, 300, 300, 300, 300, 300, 300, 300, 300, 300, 300, 300, 300, 300, 300, 300, 
443.259, 443.259, 443.249, 443.228, 443.196, 443.152, 443.095, 443.025, 442.941, 442.841, 442.725, 442.592, 442.44, 442.269, 442.077, 441.863, 441.626, 441.364, 441.076, 440.76, 440.414, 440.037, 439.625, 439.179, 438.694, 438.169, 437.602, 436.989, 436.327, 435.615, 434.848, 434.033, 433.167, 432.247, 431.27, 430.232, 429.129, 427.957, 426.712, 425.39, 423.985, 422.492, 420.906, 419.221, 417.431, 415.529, 413.508, 411.362, 409.081, 406.658, 404.084, 401.349, 398.444, 395.357, 392.078, 388.593, 384.892, 380.959, 376.782, 372.343, 367.627, 362.617, 357.295, 351.64, 345.632, 339.25, 332.469, 325.265, 317.611, 309.48, 300.841, 300.075, 300.007, 300.001, 300, 300, 300, 300, 300, 300, 300, 300, 300, 300, 300, 300, 300, 300, 300, 300, 300, 300, 300, 300, 300, 300, 300, 300, 300, 300, 
443.259, 443.259, 443.249, 443.228, 443.196, 443.152, 443.095, 443.025, 442.941, 442.841, 442.725, 442.592, 442.44, 442.269, 442.077, 441.863, 441.626, 441.364, 441.076, 440.76, 440.414, 440.037, 439.625, 439.179, 438.694, 438.169, 437.602, 436.989, 436.327, 435.615, 434.848, 434.033, 433.167, 432.247, 431.27, 430.232, 429.129, 427.957, 426.712, 425.39, 423.985, 422.492, 420.906, 419.221, 417.431, 415.529, 413.508, 411.362, 409.081, 406.658, 404.084, 401.349, 398.444, 395.357, 392.078, 388.593, 384.892, 380.959, 376.782, 372.343, 367.627, 362.617, 357.295, 351.64, 345.632, 339.25, 332.469, 325.265, 317.611, 309.48, 300.841, 300.075, 300.007, 300.001, 300, 300, 300, 300, 300, 300, 300, 300, 300, 300, 300, 300, 300, 300, 300, 300, 300, 300, 300, 300, 300, 300, 300, 300, 300, 300, 
443.259, 443.259, 443.249, 443.228, 443.196, 443.152, 443.095, 443.025, 442.941, 442.841, 442.725, 442.592, 442.44, 442.269, 442.077, 441.863, 441.626, 441.364, 441.076, 440.76, 440.414, 440.037, 439.625, 439.179, 438.694, 438.169, 437.602, 436.989, 436.327, 435.615, 434.848, 434.033, 433.167, 432.247, 431.27, 430.232, 429.129, 427.957, 426.712, 425.39, 423.985, 422.492, 420.906, 419.221, 417.431, 415.529, 413.508, 411.362, 409.081, 406.658, 404.084, 401.349, 398.444, 395.357, 392.078, 388.593, 384.892, 380.96, 376.782, 372.343, 367.627, 362.617, 357.295, 351.64, 345.632, 339.25, 332.469, 325.265, 317.611, 309.48, 300.841, 300.075, 300.007, 300.001, 300, 300, 300, 300, 300, 300, 300, 300, 300, 300, 300, 300, 300, 300, 300, 300, 300, 300, 300, 300, 300, 300, 300, 300, 300, 300, 
443.259, 443.259, 443.249, 443.228, 443.196, 443.152, 443.095, 443.025, 442.941, 442.841, 442.725, 442.592, 442.44, 442.269, 442.077, 441.863, 441.626, 441.364, 441.076, 440.76, 440.414, 440.037, 439.625, 439.179, 438.694, 438.169, 437.602, 436.989, 436.327, 435.615, 434.848, 434.033, 433.167, 432.247, 431.27, 430.232, 429.129, 427.957, 426.712, 425.39, 423.985, 422.492, 420.906, 419.221, 417.431, 415.529, 413.508, 411.362, 409.081, 406.658, 404.084, 401.349, 398.444, 395.357, 392.078, 388.593, 384.892, 380.96, 376.782, 372.343, 367.627, 362.617, 357.295, 351.64, 345.632, 339.25, 332.469, 325.265, 317.611, 309.48, 300.841, 300.075, 300.007, 300.001, 300, 300, 300, 300, 300, 300, 300, 300, 300, 300, 300, 300, 300, 300, 300, 300, 300, 300, 300, 300, 300, 300, 300, 300, 300, 300, 
443.259, 443.259, 443.249, 443.228, 443.196, 443.152, 443.095, 443.025, 442.941, 442.841, 442.725, 442.592, 442.44, 442.269, 442.077, 441.863, 441.626, 441.364, 441.076, 440.76, 440.414, 440.037, 439.625, 439.179, 438.694, 438.169, 437.602, 436.989, 436.327, 435.615, 434.848, 434.033, 433.167, 432.247, 431.27, 430.232, 429.129, 427.957, 426.712, 425.39, 423.985, 422.492, 420.906, 419.221, 417.431, 415.529, 413.508, 411.362, 409.081, 406.658, 404.084, 401.349, 398.444, 395.357, 392.078, 388.593, 384.892, 380.96, 376.782, 372.343, 367.627, 362.617, 357.295, 351.64, 345.632, 339.25, 332.469, 325.265, 317.611, 309.48, 300.841, 300.075, 300.007, 300.001, 300, 300, 300, 300, 300, 300, 300, 300, 300, 300, 300, 300, 300, 300, 300, 300, 300, 300, 300, 300, 300, 300, 300, 300, 300, 300, 
443.259, 443.259, 443.249, 443.228, 443.196, 443.152, 443.095, 443.025, 442.941, 442.841, 442.725, 442.592, 442.44, 442.269, 442.077, 441.863, 441.626, 441.364, 441.076, 440.76, 440.414, 440.037, 439.625, 439.179, 438.694, 438.169, 437.602, 436.989, 436.327, 435.615, 434.848, 434.033, 433.167, 432.247, 431.27, 430.232, 429.129, 427.957, 426.712, 425.39, 423.985, 422.492, 420.906, 419.221, 417.431, 415.529, 413.508, 411.362, 409.081, 406.658, 404.084, 401.349, 398.444, 395.357, 392.078, 388.593, 384.892, 380.96, 376.782, 372.343, 367.627, 362.617, 357.295, 351.64, 345.632, 339.25, 332.469, 325.265, 317.611, 309.48, 300.841, 300.075, 300.007, 300.001, 300, 300, 300, 300, 300, 300, 300, 300, 300, 300, 300, 300, 300, 300, 300, 300, 300, 300, 300, 300, 300, 300, 300, 300, 300, 300, 
443.259, 443.259, 443.249, 443.228, 443.196, 443.152, 443.095, 443.025, 442.941, 442.841, 442.725, 442.592, 442.44, 442.269, 442.077, 441.863, 441.626, 441.364, 441.076, 440.76, 440.414, 440.037, 439.625, 439.179, 438.694, 438.169, 437.602, 436.989, 436.327, 435.615, 434.848, 434.033, 433.167, 432.247, 431.27, 430.232, 429.129, 427.957, 426.712, 425.39, 423.985, 422.492, 420.906, 419.221, 417.431, 415.529, 413.508, 411.362, 409.081, 406.658, 404.084, 401.349, 398.444, 395.357, 392.078, 388.593, 384.892, 380.96, 376.782, 372.343, 367.627, 362.617, 357.295, 351.64, 345.632, 339.25, 332.469, 325.265, 317.611, 309.48, 300.841, 300.075, 300.007, 300.001, 300, 300, 300, 300, 300, 300, 300, 300, 300, 300, 300, 300, 300, 300, 300, 300, 300, 300, 300, 300, 300, 300, 300, 300, 300, 300, 
443.259, 443.259, 443.249, 443.228, 443.196, 443.152, 443.095, 443.025, 442.941, 442.841, 442.725, 442.592, 442.44, 442.269, 442.077, 441.863, 441.626, 441.364, 441.076, 440.76, 440.414, 440.037, 439.625, 439.179, 438.694, 438.169, 437.602, 436.989, 436.327, 435.615, 434.848, 434.033, 433.167, 432.247, 431.27, 430.232, 429.129, 427.957, 426.712, 425.39, 423.985, 422.492, 420.906, 419.221, 417.431, 415.529, 413.508, 411.362, 409.081, 406.658, 404.084, 401.349, 398.444, 395.357, 392.078, 388.593, 384.892, 380.96, 376.782, 372.343, 367.627, 362.617, 357.295, 351.64, 345.632, 339.25, 332.469, 325.265, 317.611, 309.48, 300.841, 300.075, 300.007, 300.001, 300, 300, 300, 300, 300, 300, 300, 300, 300, 300, 300, 300, 300, 300, 300, 300, 300, 300, 300, 300, 300, 300, 300, 300, 300, 300, 
443.259, 443.259, 443.249, 443.228, 443.196, 443.152, 443.095, 443.025, 442.941, 442.841, 442.725, 442.592, 442.44, 442.269, 442.077, 441.863, 441.626, 441.364, 441.076, 440.76, 440.414, 440.037, 439.625, 439.179, 438.694, 438.169, 437.602, 436.989, 436.327, 435.615, 434.848, 434.033, 433.167, 432.247, 431.27, 430.232, 429.129, 427.957, 426.712, 425.39, 423.985, 422.492, 420.906, 419.221, 417.431, 415.529, 413.508, 411.362, 409.081, 406.658, 404.084, 401.349, 398.444, 395.357, 392.078, 388.593, 384.892, 380.96, 376.782, 372.343, 367.627, 362.617, 357.295, 351.64, 345.632, 339.25, 332.469, 325.265, 317.611, 309.48, 300.841, 300.075, 300.007, 300.001, 300, 300, 300, 300, 300, 300, 300, 300, 300, 300, 300, 300, 300, 300, 300, 300, 300, 300, 300, 300, 300, 300, 300, 300, 300, 300, 
443.259, 443.259, 443.249, 443.228, 443.196, 443.152, 443.095, 443.025, 442.941, 442.841, 442.725, 442.592, 442.44, 442.269, 442.077, 441.863, 441.626, 441.364, 441.076, 440.76, 440.414, 440.037, 439.625, 439.179, 438.694, 438.169, 437.602, 436.989, 436.327, 435.615, 434.848, 434.033, 433.167, 432.247, 431.27, 430.232, 429.129, 427.957, 426.712, 425.39, 423.985, 422.492, 420.906, 419.221, 417.431, 415.529, 413.508, 411.362, 409.081, 406.658, 404.084, 401.349, 398.444, 395.357, 392.078, 388.593, 384.892, 380.96, 376.782, 372.343, 367.627, 362.617, 357.295, 351.64, 345.632, 339.25, 332.469, 325.265, 317.611, 309.48, 300.841, 300.075, 300.007, 300.001, 300, 300, 300, 300, 300, 300, 300, 300, 300, 300, 300, 300, 300, 300, 300, 300, 300, 300, 300, 300, 300, 300, 300, 300, 300, 300, 
443.259, 443.259, 443.249, 443.228, 443.196, 443.152, 443.095, 443.025, 442.941, 442.841, 442.725, 442.592, 442.44, 442.269, 442.077, 441.863, 441.626, 441.364, 441.076, 440.76, 440.414, 440.037, 439.625, 439.179, 438.694, 438.169, 437.602, 436.989, 436.327, 435.615, 434.848, 434.033, 433.167, 432.247, 431.27, 430.232, 429.129, 427.957, 426.712, 425.39, 423.985, 422.492, 420.906, 419.221, 417.431, 415.529, 413.508, 411.362, 409.081, 406.658, 404.084, 401.349, 398.444, 395.357, 392.078, 388.593, 384.892, 380.96, 376.782, 372.343, 367.627, 362.617, 357.295, 351.64, 345.632, 339.25, 332.469, 325.265, 317.611, 309.48, 300.841, 300.075, 300.007, 300.001, 300, 300, 300, 300, 300, 300, 300, 300, 300, 300, 300, 300, 300, 300, 300, 300, 300, 300, 300, 300, 300, 300, 300, 300, 300, 300, 
443.259, 443.259, 443.249, 443.228, 443.196, 443.152, 443.095, 443.025, 442.941, 442.841, 442.725, 442.592, 442.44, 442.269, 442.077, 441.863, 441.626, 441.364, 441.076, 440.76, 440.414, 440.037, 439.625, 439.179, 438.694, 438.169, 437.602, 436.989, 436.327, 435.615, 434.848, 434.033, 433.167, 432.247, 431.27, 430.232, 429.129, 427.957, 426.712, 425.39, 423.985, 422.492, 420.906, 419.221, 417.431, 415.529, 413.508, 411.362, 409.081, 406.658, 404.084, 401.349, 398.444, 395.357, 392.078, 388.593, 384.892, 380.96, 376.782, 372.343, 367.627, 362.617, 357.295, 351.64, 345.632, 339.25, 332.469, 325.265, 317.611, 309.48, 300.841, 300.075, 300.007, 300.001, 300, 300, 300, 300, 300, 300, 300, 300, 300, 300, 300, 300, 300, 300, 300, 300, 300, 300, 300, 300, 300, 300, 300, 300, 300, 300, 
443.259, 443.259, 443.249, 443.228, 443.196, 443.152, 443.095, 443.025, 442.941, 442.841, 442.725, 442.592, 442.44, 442.269, 442.077, 441.863, 441.626, 441.364, 441.076, 440.76, 440.414, 440.037, 439.625, 439.179, 438.694, 438.169, 437.602, 436.989, 436.327, 435.615, 434.848, 434.033, 433.167, 432.247, 431.27, 430.232, 429.129, 427.957, 426.712, 425.39, 423.985, 422.492, 420.906, 419.221, 417.431, 415.529, 413.508, 411.362, 409.081, 406.658, 404.084, 401.349, 398.444, 395.357, 392.078, 388.593, 384.892, 380.96, 376.782, 372.343, 367.627, 362.617, 357.295, 351.64, 345.632, 339.25, 332.469, 325.265, 317.611, 309.48, 300.841, 300.075, 300.007, 300.001, 300, 300, 300, 300, 300, 300, 300, 300, 300, 300, 300, 300, 300, 300, 300, 300, 300, 300, 300, 300, 300, 300, 300, 300, 300, 300, 
443.259, 443.259, 443.249, 443.228, 443.196, 443.152, 443.095, 443.025, 442.941, 442.841, 442.725, 442.592, 442.44, 442.269, 442.077, 441.863, 441.626, 441.364, 441.076, 440.76, 440.414, 440.037, 439.625, 439.179, 438.694, 438.169, 437.602, 436.989, 436.327, 435.615, 434.848, 434.033, 433.167, 432.247, 431.27, 430.232, 429.129, 427.957, 426.712, 425.39, 423.985, 422.492, 420.906, 419.221, 417.431, 415.529, 413.508, 411.362, 409.081, 406.658, 404.084, 401.349, 398.444, 395.357, 392.078, 388.593, 384.892, 380.96, 376.782, 372.343, 367.627, 362.617, 357.295, 351.64, 345.632, 339.25, 332.469, 325.265, 317.611, 309.48, 300.841, 300.075, 300.007, 300.001, 300, 300, 300, 300, 300, 300, 300, 300, 300, 300, 300, 300, 300, 300, 300, 300, 300, 300, 300, 300, 300, 300, 300, 300, 300, 300, 
443.259, 443.259, 443.249, 443.228, 443.196, 443.152, 443.095, 443.025, 442.941, 442.841, 442.725, 442.592, 442.44, 442.269, 442.077, 441.863, 441.626, 441.364, 441.076, 440.76, 440.414, 440.037, 439.625, 439.179, 438.694, 438.169, 437.602, 436.989, 436.327, 435.615, 434.848, 434.033, 433.167, 432.247, 431.27, 430.232, 429.129, 427.957, 426.712, 425.39, 423.985, 422.492, 420.906, 419.221, 417.431, 415.529, 413.508, 411.362, 409.081, 406.658, 404.084, 401.349, 398.444, 395.357, 392.078, 388.593, 384.892, 380.96, 376.782, 372.343, 367.627, 362.617, 357.295, 351.64, 345.632, 339.25, 332.469, 325.265, 317.611, 309.48, 300.841, 300.075, 300.007, 300.001, 300, 300, 300, 300, 300, 300, 300, 300, 300, 300, 300, 300, 300, 300, 300, 300, 300, 300, 300, 300, 300, 300, 300, 300, 300, 300, 
443.259, 443.259, 443.249, 443.228, 443.196, 443.152, 443.095, 443.025, 442.941, 442.841, 442.725, 442.592, 442.44, 442.269, 442.077, 441.863, 441.626, 441.364, 441.076, 440.76, 440.414, 440.037, 439.625, 439.179, 438.694, 438.169, 437.602, 436.989, 436.327, 435.615, 434.848, 434.033, 433.167, 432.247, 431.27, 430.232, 429.129, 427.957, 426.712, 425.39, 423.985, 422.492, 420.906, 419.221, 417.431, 415.529, 413.508, 411.362, 409.081, 406.658, 404.084, 401.349, 398.444, 395.357, 392.078, 388.593, 384.892, 380.96, 376.782, 372.343, 367.627, 362.617, 357.295, 351.64, 345.632, 339.25, 332.469, 325.265, 317.611, 309.48, 300.841, 300.075, 300.007, 300.001, 300, 300, 300, 300, 300, 300, 300, 300, 300, 300, 300, 300, 300, 300, 300, 300, 300, 300, 300, 300, 300, 300, 300, 300, 300, 300, 
443.259, 443.259, 443.249, 443.228, 443.196, 443.152, 443.095, 443.025, 442.941, 442.841, 442.725, 442.592, 442.44, 442.269, 442.077, 441.863, 441.626, 441.364, 441.076, 440.76, 440.414, 440.037, 439.625, 439.179, 438.694, 438.169, 437.602, 436.989, 436.327, 435.615, 434.848, 434.033, 433.167, 432.247, 431.27, 430.232, 429.129, 427.957, 426.712, 425.39, 423.985, 422.492, 420.906, 419.221, 417.431, 415.529, 413.508, 411.362, 409.081, 406.658, 404.084, 401.349, 398.444, 395.357, 392.078, 388.593, 384.892, 380.96, 376.782, 372.343, 367.627, 362.617, 357.295, 351.64, 345.632, 339.25, 332.469, 325.265, 317.611, 309.48, 300.841, 300.075, 300.007, 300.001, 300, 300, 300, 300, 300, 300, 300, 300, 300, 300, 300, 300, 300, 300, 300, 300, 300, 300, 300, 300, 300, 300, 300, 300, 300, 300, 
443.259, 443.259, 443.249, 443.228, 443.196, 443.152, 443.095, 443.025, 442.941, 442.841, 442.725, 442.592, 442.44, 442.269, 442.077, 441.863, 441.626, 441.364, 441.076, 440.76, 440.414, 440.037, 439.625, 439.179, 438.694, 438.169, 437.602, 436.989, 436.327, 435.615, 434.848, 434.033, 433.167, 432.247, 431.27, 430.232, 429.129, 427.957, 426.712, 425.39, 423.985, 422.492, 420.906, 419.221, 417.431, 415.529, 413.508, 411.362, 409.081, 406.658, 404.084, 401.349, 398.444, 395.357, 392.078, 388.593, 384.892, 380.96, 376.782, 372.343, 367.627, 362.617, 357.295, 351.64, 345.632, 339.25, 332.469, 325.265, 317.611, 309.48, 300.841, 300.075, 300.007, 300.001, 300, 300, 300, 300, 300, 300, 300, 300, 300, 300, 300, 300, 300, 300, 300, 300, 300, 300, 300, 300, 300, 300, 300, 300, 300, 300, 
443.259, 443.259, 443.249, 443.228, 443.196, 443.152, 443.095, 443.025, 442.941, 442.841, 442.725, 442.592, 442.44, 442.269, 442.077, 441.863, 441.626, 441.364, 441.076, 440.76, 440.414, 440.037, 439.625, 439.179, 438.694, 438.169, 437.602, 436.989, 436.327, 435.615, 434.848, 434.033, 433.167, 432.247, 431.27, 430.232, 429.129, 427.957, 426.712, 425.39, 423.985, 422.492, 420.906, 419.221, 417.431, 415.529, 413.508, 411.362, 409.081, 406.658, 404.084, 401.349, 398.444, 395.357, 392.078, 388.593, 384.892, 380.96, 376.782, 372.343, 367.627, 362.617, 357.295, 351.64, 345.632, 339.25, 332.469, 325.265, 317.611, 309.48, 300.841, 300.075, 300.007, 300.001, 300, 300, 300, 300, 300, 300, 300, 300, 300, 300, 300, 300, 300, 300, 300, 300, 300, 300, 300, 300, 300, 300, 300, 300, 300, 300, 
443.259, 443.259, 443.249, 443.228, 443.196, 443.152, 443.095, 443.025, 442.941, 442.841, 442.725, 442.592, 442.44, 442.269, 442.077, 441.863, 441.626, 441.364, 441.076, 440.76, 440.414, 440.037, 439.625, 439.179, 438.694, 438.169, 437.602, 436.989, 436.327, 435.615, 434.848, 434.033, 433.167, 432.247, 431.27, 430.232, 429.129, 427.957, 426.712, 425.39, 423.985, 422.492, 420.906, 419.221, 417.431, 415.529, 413.508, 411.362, 409.081, 406.658, 404.084, 401.349, 398.444, 395.357, 392.078, 388.594, 384.892, 380.96, 376.782, 372.343, 367.627, 362.617, 357.295, 351.64, 345.632, 339.25, 332.469, 325.265, 317.611, 309.48, 300.841, 300.075, 300.007, 300.001, 300, 300, 300, 300, 300, 300, 300, 300, 300, 300, 300, 300, 300, 300, 300, 300, 300, 300, 300, 300, 300, 300, 300, 300, 300, 300, 
443.259, 443.259, 443.249, 443.228, 443.196, 443.152, 443.095, 443.025, 442.941, 442.841, 442.725, 442.592, 442.44, 442.269, 442.077, 441.863, 441.626, 441.364, 441.076, 440.76, 440.414, 440.037, 439.625, 439.179, 438.694, 438.169, 437.602, 436.989, 436.327, 435.615, 434.848, 434.033, 433.167, 432.247, 431.27, 430.232, 429.129, 427.957, 426.712, 425.39, 423.985, 422.492, 420.906, 419.221, 417.431, 415.529, 413.508, 411.362, 409.081, 406.658, 404.084, 401.349, 398.444, 395.357, 392.078, 388.594, 384.892, 380.96, 376.782, 372.343, 367.627, 362.617, 357.295, 351.64, 345.632, 339.25, 332.469, 325.265, 317.611, 309.48, 300.841, 300.075, 300.007, 300.001, 300, 300, 300, 300, 300, 300, 300, 300, 300, 300, 300, 300, 300, 300, 300, 300, 300, 300, 300, 300, 300, 300, 300, 300, 300, 300, 
443.259, 443.259, 443.249, 443.228, 443.196, 443.152, 443.095, 443.025, 442.941, 442.841, 442.725, 442.592, 442.44, 442.269, 442.077, 441.863, 441.626, 441.364, 441.076, 440.76, 440.414, 440.037, 439.625, 439.179, 438.694, 438.169, 437.602, 436.989, 436.327, 435.615, 434.848, 434.033, 433.167, 432.247, 431.27, 430.232, 429.129, 427.957, 426.712, 425.39, 423.985, 422.492, 420.906, 419.221, 417.431, 415.529, 413.508, 411.362, 409.081, 406.658, 404.084, 401.349, 398.444, 395.357, 392.078, 388.594, 384.892, 380.96, 376.782, 372.343, 367.627, 362.617, 357.295, 351.64, 345.632, 339.25, 332.469, 325.265, 317.611, 309.48, 300.841, 300.075, 300.007, 300.001, 300, 300, 300, 300, 300, 300, 300, 300, 300, 300, 300, 300, 300, 300, 300, 300, 300, 300, 300, 300, 300, 300, 300, 300, 300, 300, 
443.259, 443.259, 443.249, 443.228, 443.196, 443.152, 443.095, 443.025, 442.941, 442.841, 442.725, 442.592, 442.44, 442.269, 442.077, 441.863, 441.626, 441.364, 441.076, 440.76, 440.414, 440.037, 439.625, 439.179, 438.694, 438.169, 437.602, 436.989, 436.327, 435.615, 434.848, 434.033, 433.167, 432.247, 431.27, 430.232, 429.129, 427.957, 426.712, 425.39, 423.985, 422.492, 420.906, 419.221, 417.431, 415.529, 413.508, 411.362, 409.081, 406.658, 404.084, 401.349, 398.444, 395.357, 392.078, 388.594, 384.892, 380.96, 376.782, 372.343, 367.627, 362.617, 357.295, 351.64, 345.632, 339.25, 332.469, 325.265, 317.611, 309.48, 300.841, 300.075, 300.007, 300.001, 300, 300, 300, 300, 300, 300, 300, 300, 300, 300, 300, 300, 300, 300, 300, 300, 300, 300, 300, 300, 300, 300, 300, 300, 300, 300, 
443.259, 443.259, 443.249, 443.228, 443.196, 443.152, 443.095, 443.025, 442.941, 442.841, 442.725, 442.592, 442.44, 442.269, 442.077, 441.863, 441.626, 441.364, 441.076, 440.76, 440.414, 440.037, 439.625, 439.179, 438.694, 438.169, 437.602, 436.989, 436.327, 435.615, 434.848, 434.033, 433.167, 432.247, 431.27, 430.232, 429.129, 427.957, 426.712, 425.39, 423.985, 422.492, 420.906, 419.221, 417.431, 415.529, 413.508, 411.362, 409.081, 406.658, 404.084, 401.349, 398.444, 395.357, 392.078, 388.594, 384.892, 380.96, 376.782, 372.343, 367.627, 362.617, 357.295, 351.64, 345.632, 339.25, 332.469, 325.265, 317.611, 309.48, 300.841, 300.075, 300.007, 300.001, 300, 300, 300, 300, 300, 300, 300, 300, 300, 300, 300, 300, 300, 300, 300, 300, 300, 300, 300, 300, 300, 300, 300, 300, 300, 300, 
443.259, 443.259, 443.249, 443.228, 443.196, 443.152, 443.096, 443.025, 442.941, 442.841, 442.725, 442.592, 442.44, 442.269, 442.077, 441.863, 441.626, 441.364, 441.076, 440.76, 440.414, 440.037, 439.625, 439.179, 438.694, 438.169, 437.602, 436.989, 436.327, 435.615, 434.848, 434.033, 433.167, 432.247, 431.27, 430.232, 429.129, 427.957, 426.712, 425.39, 423.985, 422.492, 420.906, 419.221, 417.431, 415.529, 413.508, 411.362, 409.081, 406.658, 404.084, 401.349, 398.444, 395.357, 392.078, 388.594, 384.892, 380.96, 376.782, 372.343, 367.627, 362.617, 357.295, 351.64, 345.632, 339.25, 332.469, 325.265, 317.611, 309.48, 300.841, 300.075, 300.007, 300.001, 300, 300, 300, 300, 300, 300, 300, 300, 300, 300, 300, 300, 300, 300, 300, 300, 300, 300, 300, 300, 300, 300, 300, 300, 300, 300, 
443.259, 443.259, 443.249, 443.228, 443.196, 443.152, 443.096, 443.025, 442.941, 442.841, 442.725, 442.592, 442.44, 442.269, 442.077, 441.863, 441.626, 441.364, 441.076, 440.76, 440.414, 440.037, 439.625, 439.179, 438.694, 438.169, 437.602, 436.989, 436.327, 435.615, 434.848, 434.033, 433.167, 432.247, 431.27, 430.232, 429.129, 427.957, 426.712, 425.39, 423.985, 422.492, 420.906, 419.221, 417.431, 415.529, 413.508, 411.362, 409.081, 406.658, 404.084, 401.349, 398.444, 395.357, 392.078, 388.594, 384.892, 380.96, 376.782, 372.343, 367.627, 362.617, 357.295, 351.64, 345.632, 339.25, 332.469, 325.265, 317.611, 309.48, 300.841, 300.075, 300.007, 300.001, 300, 300, 300, 300, 300, 300, 300, 300, 300, 300, 300, 300, 300, 300, 300, 300, 300, 300, 300, 300, 300, 300, 300, 300, 300, 300, 
443.259, 443.259, 443.249, 443.228, 443.196, 443.152, 443.096, 443.025, 442.941, 442.841, 442.725, 442.592, 442.44, 442.269, 442.077, 441.863, 441.626, 441.364, 441.076, 440.76, 440.414, 440.037, 439.625, 439.179, 438.694, 438.169, 437.602, 436.989, 436.327, 435.615, 434.848, 434.033, 433.167, 432.247, 431.27, 430.232, 429.129, 427.957, 426.712, 425.39, 423.985, 422.492, 420.906, 419.221, 417.431, 415.529, 413.508, 411.362, 409.081, 406.658, 404.084, 401.349, 398.444, 395.357, 392.078, 388.594, 384.892, 380.96, 376.782, 372.343, 367.627, 362.617, 357.295, 351.64, 345.632, 339.25, 332.469, 325.265, 317.611, 309.48, 300.841, 300.075, 300.007, 300.001, 300, 300, 300, 300, 300, 300, 300, 300, 300, 300, 300, 300, 300, 300, 300, 300, 300, 300, 300, 300, 300, 300, 300, 300, 300, 300, 
443.259, 443.259, 443.249, 443.228, 443.196, 443.152, 443.096, 443.025, 442.941, 442.841, 442.725, 442.592, 442.44, 442.269, 442.077, 441.863, 441.626, 441.364, 441.076, 440.76, 440.414, 440.037, 439.625, 439.179, 438.694, 438.169, 437.602, 436.989, 436.327, 435.615, 434.848, 434.033, 433.167, 432.247, 431.27, 430.232, 429.129, 427.957, 426.712, 425.39, 423.985, 422.492, 420.906, 419.221, 417.431, 415.529, 413.508, 411.362, 409.081, 406.658, 404.084, 401.349, 398.444, 395.357, 392.078, 388.594, 384.892, 380.96, 376.782, 372.343, 367.627, 362.617, 357.295, 351.64, 345.632, 339.25, 332.469, 325.265, 317.611, 309.48, 300.841, 300.075, 300.007, 300.001, 300, 300, 300, 300, 300, 300, 300, 300, 300, 300, 300, 300, 300, 300, 300, 300, 300, 300, 300, 300, 300, 300, 300, 300, 300, 300, 
443.259, 443.259, 443.249, 443.228, 443.196, 443.152, 443.096, 443.025, 442.941, 442.841, 442.725, 442.592, 442.44, 442.269, 442.077, 441.863, 441.626, 441.364, 441.076, 440.76, 440.414, 440.037, 439.625, 439.179, 438.694, 438.169, 437.602, 436.989, 436.327, 435.615, 434.848, 434.033, 433.167, 432.247, 431.27, 430.232, 429.129, 427.957, 426.712, 425.39, 423.985, 422.492, 420.906, 419.221, 417.431, 415.529, 413.508, 411.362, 409.081, 406.658, 404.084, 401.349, 398.444, 395.357, 392.078, 388.594, 384.892, 380.96, 376.782, 372.343, 367.627, 362.617, 357.295, 351.64, 345.632, 339.25, 332.469, 325.265, 317.611, 309.48, 300.841, 300.075, 300.007, 300.001, 300, 300, 300, 300, 300, 300, 300, 300, 300, 300, 300, 300, 300, 300, 300, 300, 300, 300, 300, 300, 300, 300, 300, 300, 300, 300, 
443.259, 443.259, 443.249, 443.228, 443.196, 443.152, 443.096, 443.025, 442.941, 442.841, 442.725, 442.592, 442.44, 442.269, 442.077, 441.863, 441.626, 441.364, 441.076, 440.76, 440.414, 440.037, 439.625, 439.179, 438.694, 438.169, 437.602, 436.989, 436.327, 435.615, 434.848, 434.033, 433.167, 432.247, 431.27, 430.232, 429.129, 427.957, 426.712, 425.39, 423.985, 422.492, 420.906, 419.221, 417.431, 415.529, 413.508, 411.362, 409.081, 406.658, 404.084, 401.349, 398.444, 395.357, 392.078, 388.594, 384.892, 380.96, 376.782, 372.343, 367.627, 362.617, 357.295, 351.64, 345.632, 339.25, 332.469, 325.265, 317.611, 309.48, 300.841, 300.075, 300.007, 300.001, 300, 300, 300, 300, 300, 300, 300, 300, 300, 300, 300, 300, 300, 300, 300, 300, 300, 300, 300, 300, 300, 300, 300, 300, 300, 300, 
443.259, 443.259, 443.249, 443.228, 443.196, 443.152, 443.096, 443.025, 442.941, 442.841, 442.725, 442.592, 442.44, 442.269, 442.077, 441.863, 441.626, 441.364, 441.076, 440.76, 440.414, 440.037, 439.625, 439.179, 438.694, 438.169, 437.602, 436.989, 436.327, 435.615, 434.848, 434.033, 433.167, 432.247, 431.27, 430.232, 429.129, 427.957, 426.712, 425.39, 423.985, 422.492, 420.906, 419.221, 417.431, 415.529, 413.508, 411.362, 409.081, 406.658, 404.084, 401.349, 398.444, 395.357, 392.078, 388.594, 384.892, 380.96, 376.782, 372.343, 367.627, 362.617, 357.295, 351.64, 345.632, 339.25, 332.469, 325.265, 317.611, 309.48, 300.841, 300.075, 300.007, 300.001, 300, 300, 300, 300, 300, 300, 300, 300, 300, 300, 300, 300, 300, 300, 300, 300, 300, 300, 300, 300, 300, 300, 300, 300, 300, 300, 
443.259, 443.259, 443.249, 443.228, 443.196, 443.152, 443.096, 443.025, 442.941, 442.841, 442.725, 442.592, 442.44, 442.269, 442.077, 441.863, 441.626, 441.364, 441.076, 440.76, 440.414, 440.037, 439.625, 439.179, 438.694, 438.169, 437.602, 436.989, 436.327, 435.615, 434.848, 434.033, 433.167, 432.247, 431.27, 430.232, 429.129, 427.957, 426.712, 425.39, 423.985, 422.492, 420.906, 419.221, 417.431, 415.529, 413.508, 411.362, 409.081, 406.658, 404.084, 401.349, 398.444, 395.357, 392.078, 388.594, 384.892, 380.96, 376.782, 372.343, 367.627, 362.617, 357.295, 351.64, 345.632, 339.25, 332.469, 325.265, 317.611, 309.48, 300.841, 300.075, 300.007, 300.001, 300, 300, 300, 300, 300, 300, 300, 300, 300, 300, 300, 300, 300, 300, 300, 300, 300, 300, 300, 300, 300, 300, 300, 300, 300, 300, 
443.259, 443.259, 443.249, 443.228, 443.196, 443.152, 443.096, 443.025, 442.941, 442.841, 442.725, 442.592, 442.44, 442.269, 442.077, 441.863, 441.626, 441.364, 441.076, 440.76, 440.414, 440.037, 439.625, 439.179, 438.694, 438.169, 437.602, 436.989, 436.327, 435.615, 434.848, 434.033, 433.167, 432.247, 431.27, 430.232, 429.129, 427.957, 426.712, 425.39, 423.985, 422.492, 420.906, 419.221, 417.431, 415.529, 413.508, 411.362, 409.081, 406.658, 404.084, 401.349, 398.444, 395.357, 392.078, 388.594, 384.892, 380.96, 376.782, 372.343, 367.627, 362.617, 357.295, 351.64, 345.632, 339.25, 332.469, 325.265, 317.611, 309.48, 300.841, 300.075, 300.007, 300.001, 300, 300, 300, 300, 300, 300, 300, 300, 300, 300, 300, 300, 300, 300, 300, 300, 300, 300, 300, 300, 300, 300, 300, 300, 300, 300, 
443.259, 443.259, 443.249, 443.228, 443.196, 443.152, 443.096, 443.025, 442.941, 442.841, 442.725, 442.592, 442.44, 442.269, 442.077, 441.863, 441.626, 441.364, 441.076, 440.76, 440.414, 440.037, 439.625, 439.179, 438.694, 438.169, 437.602, 436.989, 436.327, 435.615, 434.848, 434.033, 433.167, 432.247, 431.27, 430.232, 429.129, 427.957, 426.712, 425.39, 423.985, 422.492, 420.906, 419.221, 417.431, 415.529, 413.508, 411.362, 409.081, 406.658, 404.084, 401.349, 398.444, 395.357, 392.078, 388.594, 384.892, 380.96, 376.782, 372.343, 367.627, 362.617, 357.295, 351.64, 345.632, 339.25, 332.469, 325.265, 317.611, 309.48, 300.841, 300.075, 300.007, 300.001, 300, 300, 300, 300, 300, 300, 300, 300, 300, 300, 300, 300, 300, 300, 300, 300, 300, 300, 300, 300, 300, 300, 300, 300, 300, 300, 
443.259, 443.259, 443.249, 443.228, 443.196, 443.152, 443.096, 443.025, 442.941, 442.841, 442.725, 442.592, 442.44, 442.269, 442.077, 441.863, 441.626, 441.364, 441.076, 440.76, 440.414, 440.037, 439.625, 439.179, 438.694, 438.169, 437.602, 436.989, 436.327, 435.615, 434.848, 434.033, 433.167, 432.247, 431.27, 430.232, 429.129, 427.957, 426.712, 425.39, 423.985, 422.492, 420.906, 419.221, 417.431, 415.529, 413.508, 411.362, 409.081, 406.658, 404.084, 401.349, 398.444, 395.357, 392.078, 388.594, 384.892, 380.96, 376.782, 372.343, 367.627, 362.617, 357.295, 351.64, 345.632, 339.25, 332.469, 325.265, 317.611, 309.48, 300.841, 300.075, 300.007, 300.001, 300, 300, 300, 300, 300, 300, 300, 300, 300, 300, 300, 300, 300, 300, 300, 300, 300, 300, 300, 300, 300, 300, 300, 300, 300, 300, 
443.259, 443.259, 443.249, 443.228, 443.196, 443.152, 443.096, 443.025, 442.941, 442.841, 442.725, 442.592, 442.44, 442.269, 442.077, 441.863, 441.626, 441.364, 441.076, 440.76, 440.414, 440.037, 439.625, 439.179, 438.694, 438.169, 437.602, 436.989, 436.327, 435.615, 434.848, 434.033, 433.167, 432.247, 431.27, 430.232, 429.129, 427.957, 426.712, 425.39, 423.985, 422.492, 420.906, 419.221, 417.431, 415.529, 413.508, 411.362, 409.081, 406.658, 404.084, 401.349, 398.444, 395.357, 392.078, 388.594, 384.892, 380.96, 376.782, 372.343, 367.627, 362.617, 357.295, 351.64, 345.632, 339.25, 332.469, 325.265, 317.611, 309.48, 300.841, 300.075, 300.007, 300.001, 300, 300, 300, 300, 300, 300, 300, 300, 300, 300, 300, 300, 300, 300, 300, 300, 300, 300, 300, 300, 300, 300, 300, 300, 300, 300, 
443.259, 443.259, 443.249, 443.228, 443.196, 443.152, 443.096, 443.025, 442.941, 442.841, 442.725, 442.592, 442.44, 442.269, 442.077, 441.863, 441.626, 441.364, 441.076, 440.76, 440.414, 440.037, 439.625, 439.179, 438.694, 438.169, 437.602, 436.989, 436.327, 435.615, 434.848, 434.033, 433.167, 432.247, 431.27, 430.232, 429.129, 427.957, 426.712, 425.39, 423.985, 422.492, 420.906, 419.221, 417.431, 415.529, 413.508, 411.362, 409.081, 406.658, 404.084, 401.349, 398.444, 395.357, 392.078, 388.594, 384.892, 380.96, 376.782, 372.343, 367.627, 362.617, 357.295, 351.64, 345.632, 339.25, 332.469, 325.265, 317.611, 309.48, 300.841, 300.075, 300.007, 300.001, 300, 300, 300, 300, 300, 300, 300, 300, 300, 300, 300, 300, 300, 300, 300, 300, 300, 300, 300, 300, 300, 300, 300, 300, 300, 300, 
443.259, 443.259, 443.249, 443.228, 443.196, 443.152, 443.096, 443.025, 442.941, 442.841, 442.725, 442.592, 442.44, 442.269, 442.077, 441.863, 441.626, 441.364, 441.076, 440.76, 440.414, 440.037, 439.625, 439.179, 438.694, 438.169, 437.602, 436.989, 436.327, 435.615, 434.848, 434.033, 433.167, 432.247, 431.27, 430.232, 429.129, 427.957, 426.712, 425.39, 423.985, 422.492, 420.906, 419.221, 417.431, 415.529, 413.508, 411.362, 409.081, 406.658, 404.084, 401.349, 398.444, 395.357, 392.078, 388.594, 384.892, 380.96, 376.782, 372.343, 367.627, 362.617, 357.295, 351.64, 345.632, 339.25, 332.469, 325.265, 317.611, 309.48, 300.841, 300.075, 300.007, 300.001, 300, 300, 300, 300, 300, 300, 300, 300, 300, 300, 300, 300, 300, 300, 300, 300, 300, 300, 300, 300, 300, 300, 300, 300, 300, 300, 
443.259, 443.259, 443.249, 443.228, 443.196, 443.152, 443.096, 443.025, 442.941, 442.841, 442.725, 442.592, 442.44, 442.269, 442.077, 441.863, 441.626, 441.364, 441.076, 440.76, 440.414, 440.037, 439.625, 439.179, 438.694, 438.169, 437.602, 436.989, 436.327, 435.615, 434.848, 434.033, 433.167, 432.247, 431.27, 430.232, 429.129, 427.957, 426.712, 425.39, 423.985, 422.492, 420.906, 419.221, 417.431, 415.529, 413.508, 411.362, 409.081, 406.658, 404.084, 401.349, 398.444, 395.357, 392.078, 388.594, 384.892, 380.96, 376.782, 372.343, 367.627, 362.617, 357.295, 351.64, 345.632, 339.25, 332.469, 325.265, 317.611, 309.48, 300.841, 300.075, 300.007, 300.001, 300, 300, 300, 300, 300, 300, 300, 300, 300, 300, 300, 300, 300, 300, 300, 300, 300, 300, 300, 300, 300, 300, 300, 300, 300, 300, 
443.259, 443.259, 443.249, 443.228, 443.196, 443.152, 443.096, 443.025, 442.941, 442.841, 442.725, 442.592, 442.44, 442.269, 442.077, 441.863, 441.626, 441.364, 441.076, 440.76, 440.414, 440.037, 439.625, 439.179, 438.694, 438.169, 437.602, 436.989, 436.327, 435.615, 434.848, 434.033, 433.167, 432.247, 431.27, 430.232, 429.129, 427.957, 426.712, 425.39, 423.985, 422.492, 420.906, 419.221, 417.431, 415.529, 413.508, 411.362, 409.081, 406.658, 404.084, 401.349, 398.444, 395.357, 392.078, 388.594, 384.892, 380.96, 376.782, 372.343, 367.627, 362.617, 357.295, 351.64, 345.632, 339.25, 332.469, 325.265, 317.611, 309.48, 300.841, 300.075, 300.007, 300.001, 300, 300, 300, 300, 300, 300, 300, 300, 300, 300, 300, 300, 300, 300, 300, 300, 300, 300, 300, 300, 300, 300, 300, 300, 300, 300, 
443.259, 443.259, 443.249, 443.228, 443.196, 443.152, 443.096, 443.025, 442.941, 442.841, 442.725, 442.592, 442.44, 442.269, 442.077, 441.863, 441.626, 441.364, 441.076, 440.76, 440.414, 440.037, 439.625, 439.179, 438.694, 438.169, 437.602, 436.989, 436.327, 435.615, 434.848, 434.033, 433.167, 432.247, 431.27, 430.232, 429.129, 427.957, 426.712, 425.39, 423.985, 422.492, 420.906, 419.221, 417.431, 415.529, 413.508, 411.362, 409.081, 406.658, 404.084, 401.349, 398.444, 395.357, 392.078, 388.594, 384.892, 380.96, 376.782, 372.343, 367.627, 362.617, 357.295, 351.64, 345.632, 339.25, 332.469, 325.265, 317.611, 309.48, 300.841, 300.075, 300.007, 300.001, 300, 300, 300, 300, 300, 300, 300, 300, 300, 300, 300, 300, 300, 300, 300, 300, 300, 300, 300, 300, 300, 300, 300, 300, 300, 300, 
443.259, 443.259, 443.249, 443.228, 443.196, 443.152, 443.096, 443.025, 442.941, 442.841, 442.725, 442.592, 442.44, 442.269, 442.077, 441.863, 441.626, 441.364, 441.076, 440.76, 440.414, 440.037, 439.625, 439.179, 438.694, 438.169, 437.602, 436.989, 436.327, 435.615, 434.848, 434.033, 433.167, 432.247, 431.27, 430.232, 429.129, 427.957, 426.712, 425.39, 423.985, 422.492, 420.906, 419.221, 417.431, 415.529, 413.508, 411.362, 409.081, 406.658, 404.084, 401.349, 398.444, 395.357, 392.078, 388.594, 384.892, 380.96, 376.782, 372.343, 367.627, 362.617, 357.295, 351.64, 345.632, 339.25, 332.469, 325.265, 317.611, 309.48, 300.841, 300.075, 300.007, 300.001, 300, 300, 300, 300, 300, 300, 300, 300, 300, 300, 300, 300, 300, 300, 300, 300, 300, 300, 300, 300, 300, 300, 300, 300, 300, 300, 
443.259, 443.259, 443.249, 443.228, 443.196, 443.152, 443.096, 443.025, 442.941, 442.841, 442.725, 442.592, 442.44, 442.269, 442.077, 441.863, 441.626, 441.364, 441.076, 440.76, 440.414, 440.037, 439.625, 439.179, 438.694, 438.169, 437.602, 436.989, 436.327, 435.615, 434.848, 434.033, 433.167, 432.247, 431.27, 430.232, 429.129, 427.957, 426.712, 425.39, 423.985, 422.492, 420.906, 419.221, 417.431, 415.529, 413.508, 411.362, 409.081, 406.658, 404.084, 401.349, 398.444, 395.357, 392.078, 388.594, 384.892, 380.96, 376.782, 372.343, 367.627, 362.617, 357.295, 351.64, 345.632, 339.25, 332.469, 325.265, 317.611, 309.48, 300.841, 300.075, 300.007, 300.001, 300, 300, 300, 300, 300, 300, 300, 300, 300, 300, 300, 300, 300, 300, 300, 300, 300, 300, 300, 300, 300, 300, 300, 300, 300, 300, 
443.259, 443.259, 443.249, 443.228, 443.196, 443.152, 443.096, 443.025, 442.941, 442.841, 442.725, 442.592, 442.44, 442.269, 442.077, 441.863, 441.626, 441.364, 441.076, 440.76, 440.414, 440.037, 439.625, 439.179, 438.694, 438.169, 437.602, 436.989, 436.327, 435.615, 434.848, 434.033, 433.167, 432.247, 431.27, 430.232, 429.129, 427.957, 426.712, 425.39, 423.985, 422.492, 420.906, 419.221, 417.431, 415.529, 413.508, 411.362, 409.081, 406.658, 404.084, 401.349, 398.444, 395.357, 392.078, 388.594, 384.892, 380.96, 376.782, 372.343, 367.627, 362.617, 357.295, 351.64, 345.632, 339.25, 332.469, 325.265, 317.611, 309.48, 300.841, 300.075, 300.007, 300.001, 300, 300, 300, 300, 300, 300, 300, 300, 300, 300, 300, 300, 300, 300, 300, 300, 300, 300, 300, 300, 300, 300, 300, 300, 300, 300, 
443.259, 443.259, 443.249, 443.228, 443.196, 443.152, 443.096, 443.025, 442.941, 442.841, 442.725, 442.592, 442.44, 442.269, 442.077, 441.863, 441.626, 441.364, 441.076, 440.76, 440.414, 440.037, 439.625, 439.179, 438.694, 438.169, 437.602, 436.989, 436.327, 435.615, 434.848, 434.033, 433.167, 432.247, 431.27, 430.232, 429.129, 427.957, 426.712, 425.39, 423.985, 422.492, 420.906, 419.221, 417.431, 415.529, 413.508, 411.362, 409.081, 406.658, 404.084, 401.349, 398.444, 395.357, 392.078, 388.594, 384.892, 380.96, 376.782, 372.343, 367.627, 362.617, 357.295, 351.64, 345.632, 339.25, 332.469, 325.265, 317.611, 309.48, 300.841, 300.075, 300.007, 300.001, 300, 300, 300, 300, 300, 300, 300, 300, 300, 300, 300, 300, 300, 300, 300, 300, 300, 300, 300, 300, 300, 300, 300, 300, 300, 300, 
443.259, 443.259, 443.249, 443.228, 443.196, 443.152, 443.096, 443.025, 442.941, 442.841, 442.725, 442.592, 442.44, 442.269, 442.077, 441.863, 441.626, 441.364, 441.076, 440.76, 440.414, 440.037, 439.625, 439.179, 438.694, 438.169, 437.602, 436.989, 436.327, 435.615, 434.848, 434.033, 433.167, 432.247, 431.27, 430.232, 429.129, 427.957, 426.712, 425.39, 423.985, 422.492, 420.906, 419.221, 417.431, 415.529, 413.508, 411.362, 409.081, 406.658, 404.084, 401.349, 398.444, 395.357, 392.078, 388.594, 384.892, 380.96, 376.782, 372.343, 367.627, 362.617, 357.295, 351.64, 345.632, 339.25, 332.469, 325.265, 317.611, 309.48, 300.841, 300.075, 300.007, 300.001, 300, 300, 300, 300, 300, 300, 300, 300, 300, 300, 300, 300, 300, 300, 300, 300, 300, 300, 300, 300, 300, 300, 300, 300, 300, 300, 
443.259, 443.259, 443.249, 443.228, 443.196, 443.152, 443.096, 443.025, 442.941, 442.841, 442.725, 442.592, 442.44, 442.269, 442.077, 441.863, 441.626, 441.364, 441.076, 440.76, 440.414, 440.037, 439.625, 439.179, 438.694, 438.169, 437.602, 436.989, 436.327, 435.615, 434.848, 434.033, 433.167, 432.247, 431.27, 430.232, 429.129, 427.957, 426.712, 425.39, 423.985, 422.492, 420.906, 419.221, 417.431, 415.529, 413.508, 411.362, 409.081, 406.658, 404.084, 401.349, 398.444, 395.357, 392.078, 388.594, 384.892, 380.96, 376.782, 372.343, 367.627, 362.617, 357.295, 351.64, 345.632, 339.25, 332.469, 325.265, 317.611, 309.48, 300.841, 300.075, 300.007, 300.001, 300, 300, 300, 300, 300, 300, 300, 300, 300, 300, 300, 300, 300, 300, 300, 300, 300, 300, 300, 300, 300, 300, 300, 300, 300, 300, 
443.259, 443.259, 443.249, 443.228, 443.196, 443.152, 443.096, 443.025, 442.941, 442.841, 442.725, 442.592, 442.44, 442.269, 442.077, 441.863, 441.626, 441.364, 441.076, 440.76, 440.414, 440.037, 439.625, 439.179, 438.694, 438.169, 437.602, 436.989, 436.327, 435.615, 434.848, 434.033, 433.167, 432.247, 431.27, 430.232, 429.129, 427.957, 426.712, 425.39, 423.985, 422.492, 420.906, 419.221, 417.431, 415.529, 413.508, 411.362, 409.081, 406.658, 404.084, 401.349, 398.444, 395.357, 392.078, 388.594, 384.892, 380.96, 376.782, 372.343, 367.627, 362.617, 357.295, 351.64, 345.632, 339.25, 332.469, 325.265, 317.611, 309.48, 300.841, 300.075, 300.007, 300.001, 300, 300, 300, 300, 300, 300, 300, 300, 300, 300, 300, 300, 300, 300, 300, 300, 300, 300, 300, 300, 300, 300, 300, 300, 300, 300, 
443.259, 443.259, 443.249, 443.228, 443.196, 443.152, 443.096, 443.025, 442.941, 442.841, 442.725, 442.592, 442.44, 442.269, 442.077, 441.863, 441.626, 441.364, 441.076, 440.76, 440.414, 440.037, 439.625, 439.179, 438.694, 438.169, 437.602, 436.989, 436.327, 435.615, 434.848, 434.033, 433.167, 432.247, 431.27, 430.232, 429.129, 427.957, 426.712, 425.39, 423.985, 422.492, 420.906, 419.221, 417.431, 415.529, 413.508, 411.362, 409.081, 406.658, 404.084, 401.349, 398.444, 395.357, 392.078, 388.594, 384.892, 380.96, 376.782, 372.343, 367.627, 362.617, 357.295, 351.64, 345.632, 339.25, 332.469, 325.265, 317.611, 309.48, 300.841, 300.075, 300.007, 300.001, 300, 300, 300, 300, 300, 300, 300, 300, 300, 300, 300, 300, 300, 300, 300, 300, 300, 300, 300, 300, 300, 300, 300, 300, 300, 300, 
443.259, 443.259, 443.249, 443.228, 443.196, 443.152, 443.096, 443.025, 442.941, 442.841, 442.725, 442.592, 442.44, 442.269, 442.077, 441.863, 441.626, 441.364, 441.076, 440.76, 440.414, 440.037, 439.625, 439.179, 438.694, 438.169, 437.602, 436.989, 436.327, 435.615, 434.848, 434.033, 433.167, 432.247, 431.27, 430.232, 429.129, 427.957, 426.712, 425.39, 423.985, 422.492, 420.906, 419.221, 417.431, 415.529, 413.508, 411.362, 409.081, 406.658, 404.084, 401.349, 398.444, 395.357, 392.078, 388.594, 384.892, 380.96, 376.782, 372.343, 367.627, 362.617, 357.295, 351.64, 345.632, 339.25, 332.469, 325.265, 317.611, 309.48, 300.841, 300.075, 300.007, 300.001, 300, 300, 300, 300, 300, 300, 300, 300, 300, 300, 300, 300, 300, 300, 300, 300, 300, 300, 300, 300, 300, 300, 300, 300, 300, 300, 
443.259, 443.259, 443.249, 443.228, 443.196, 443.152, 443.096, 443.025, 442.941, 442.841, 442.725, 442.592, 442.44, 442.269, 442.077, 441.863, 441.626, 441.364, 441.076, 440.76, 440.414, 440.037, 439.625, 439.179, 438.694, 438.169, 437.602, 436.989, 436.327, 435.615, 434.848, 434.033, 433.167, 432.247, 431.27, 430.232, 429.129, 427.957, 426.712, 425.39, 423.985, 422.492, 420.906, 419.221, 417.431, 415.529, 413.508, 411.362, 409.081, 406.658, 404.084, 401.349, 398.444, 395.357, 392.078, 388.594, 384.892, 380.96, 376.782, 372.343, 367.627, 362.617, 357.295, 351.64, 345.632, 339.25, 332.469, 325.265, 317.611, 309.48, 300.841, 300.075, 300.007, 300.001, 300, 300, 300, 300, 300, 300, 300, 300, 300, 300, 300, 300, 300, 300, 300, 300, 300, 300, 300, 300, 300, 300, 300, 300, 300, 300, 
443.259, 443.259, 443.249, 443.228, 443.196, 443.152, 443.096, 443.025, 442.941, 442.841, 442.725, 442.592, 442.44, 442.269, 442.077, 441.863, 441.626, 441.364, 441.076, 440.76, 440.414, 440.037, 439.625, 439.179, 438.694, 438.169, 437.602, 436.989, 436.327, 435.615, 434.848, 434.033, 433.167, 432.247, 431.27, 430.232, 429.129, 427.957, 426.712, 425.39, 423.985, 422.492, 420.906, 419.221, 417.431, 415.529, 413.508, 411.362, 409.081, 406.658, 404.084, 401.349, 398.444, 395.357, 392.078, 388.594, 384.892, 380.96, 376.782, 372.343, 367.627, 362.617, 357.295, 351.64, 345.632, 339.25, 332.469, 325.265, 317.611, 309.48, 300.841, 300.075, 300.007, 300.001, 300, 300, 300, 300, 300, 300, 300, 300, 300, 300, 300, 300, 300, 300, 300, 300, 300, 300, 300, 300, 300, 300, 300, 300, 300, 300, 
443.259, 443.259, 443.249, 443.228, 443.196, 443.152, 443.096, 443.025, 442.941, 442.841, 442.725, 442.592, 442.44, 442.269, 442.077, 441.863, 441.626, 441.364, 441.076, 440.76, 440.414, 440.037, 439.625, 439.179, 438.694, 438.169, 437.602, 436.989, 436.327, 435.615, 434.848, 434.033, 433.167, 432.247, 431.27, 430.232, 429.129, 427.957, 426.712, 425.39, 423.985, 422.492, 420.906, 419.221, 417.431, 415.529, 413.508, 411.362, 409.081, 406.658, 404.084, 401.349, 398.444, 395.357, 392.078, 388.594, 384.892, 380.96, 376.782, 372.343, 367.627, 362.617, 357.295, 351.64, 345.632, 339.25, 332.469, 325.265, 317.611, 309.48, 300.841, 300.075, 300.007, 300.001, 300, 300, 300, 300, 300, 300, 300, 300, 300, 300, 300, 300, 300, 300, 300, 300, 300, 300, 300, 300, 300, 300, 300, 300, 300, 300, 
443.259, 443.259, 443.249, 443.228, 443.196, 443.152, 443.096, 443.025, 442.941, 442.841, 442.725, 442.592, 442.44, 442.269, 442.077, 441.863, 441.626, 441.364, 441.076, 440.76, 440.414, 440.037, 439.625, 439.179, 438.694, 438.169, 437.602, 436.989, 436.327, 435.615, 434.848, 434.033, 433.167, 432.247, 431.27, 430.232, 429.129, 427.957, 426.712, 425.39, 423.985, 422.492, 420.906, 419.221, 417.431, 415.529, 413.508, 411.362, 409.081, 406.658, 404.084, 401.349, 398.444, 395.357, 392.078, 388.594, 384.892, 380.96, 376.782, 372.343, 367.627, 362.617, 357.295, 351.64, 345.632, 339.25, 332.469, 325.265, 317.611, 309.48, 300.841, 300.075, 300.007, 300.001, 300, 300, 300, 300, 300, 300, 300, 300, 300, 300, 300, 300, 300, 300, 300, 300, 300, 300, 300, 300, 300, 300, 300, 300, 300, 300, 
443.259, 443.259, 443.249, 443.228, 443.196, 443.152, 443.096, 443.025, 442.941, 442.841, 442.725, 442.592, 442.44, 442.269, 442.077, 441.863, 441.626, 441.364, 441.076, 440.76, 440.414, 440.037, 439.625, 439.179, 438.694, 438.169, 437.602, 436.989, 436.327, 435.615, 434.848, 434.033, 433.167, 432.247, 431.27, 430.232, 429.129, 427.957, 426.712, 425.39, 423.985, 422.492, 420.906, 419.221, 417.431, 415.529, 413.508, 411.362, 409.081, 406.658, 404.084, 401.349, 398.444, 395.357, 392.078, 388.594, 384.892, 380.96, 376.782, 372.343, 367.627, 362.617, 357.295, 351.64, 345.632, 339.25, 332.469, 325.265, 317.611, 309.48, 300.841, 300.075, 300.007, 300.001, 300, 300, 300, 300, 300, 300, 300, 300, 300, 300, 300, 300, 300, 300, 300, 300, 300, 300, 300, 300, 300, 300, 300, 300, 300, 300, 
443.259, 443.259, 443.249, 443.228, 443.196, 443.152, 443.096, 443.025, 442.941, 442.841, 442.725, 442.592, 442.44, 442.269, 442.077, 441.863, 441.626, 441.364, 441.076, 440.76, 440.414, 440.037, 439.626, 439.179, 438.694, 438.169, 437.602, 436.989, 436.327, 435.615, 434.848, 434.033, 433.167, 432.247, 431.27, 430.232, 429.129, 427.957, 426.712, 425.39, 423.985, 422.492, 420.906, 419.221, 417.431, 415.529, 413.508, 411.362, 409.081, 406.658, 404.084, 401.349, 398.444, 395.357, 392.078, 388.594, 384.892, 380.96, 376.782, 372.343, 367.627, 362.617, 357.295, 351.64, 345.632, 339.25, 332.469, 325.265, 317.611, 309.48, 300.841, 300.075, 300.007, 300.001, 300, 300, 300, 300, 300, 300, 300, 300, 300, 300, 300, 300, 300, 300, 300, 300, 300, 300, 300, 300, 300, 300, 300, 300, 300, 300, 
443.259, 443.259, 443.249, 443.228, 443.196, 443.152, 443.096, 443.025, 442.941, 442.841, 442.725, 442.592, 442.44, 442.269, 442.077, 441.863, 441.626, 441.364, 441.076, 440.76, 440.414, 440.037, 439.626, 439.179, 438.694, 438.169, 437.602, 436.989, 436.327, 435.615, 434.848, 434.033, 433.167, 432.247, 431.27, 430.232, 429.129, 427.957, 426.712, 425.39, 423.985, 422.492, 420.906, 419.221, 417.431, 415.529, 413.508, 411.362, 409.081, 406.658, 404.084, 401.349, 398.444, 395.357, 392.078, 388.594, 384.892, 380.96, 376.782, 372.343, 367.627, 362.617, 357.295, 351.64, 345.632, 339.25, 332.469, 325.265, 317.611, 309.48, 300.841, 300.075, 300.007, 300.001, 300, 300, 300, 300, 300, 300, 300, 300, 300, 300, 300, 300, 300, 300, 300, 300, 300, 300, 300, 300, 300, 300, 300, 300, 300, 300, 
443.259, 443.259, 443.249, 443.228, 443.196, 443.152, 443.096, 443.025, 442.941, 442.841, 442.725, 442.592, 442.44, 442.269, 442.077, 441.863, 441.626, 441.364, 441.076, 440.76, 440.414, 440.037, 439.626, 439.179, 438.694, 438.169, 437.602, 436.989, 436.327, 435.615, 434.848, 434.033, 433.167, 432.247, 431.27, 430.232, 429.129, 427.957, 426.712, 425.39, 423.985, 422.492, 420.906, 419.221, 417.431, 415.529, 413.508, 411.362, 409.081, 406.658, 404.084, 401.349, 398.444, 395.357, 392.078, 388.594, 384.892, 380.96, 376.782, 372.343, 367.627, 362.617, 357.295, 351.64, 345.632, 339.25, 332.469, 325.265, 317.611, 309.48, 300.841, 300.075, 300.007, 300.001, 300, 300, 300, 300, 300, 300, 300, 300, 300, 300, 300, 300, 300, 300, 300, 300, 300, 300, 300, 300, 300, 300, 300, 300, 300, 300, 
443.259, 443.259, 443.249, 443.228, 443.196, 443.152, 443.096, 443.025, 442.941, 442.841, 442.725, 442.592, 442.44, 442.269, 442.077, 441.863, 441.626, 441.364, 441.076, 440.76, 440.414, 440.037, 439.626, 439.179, 438.694, 438.169, 437.602, 436.989, 436.327, 435.615, 434.848, 434.033, 433.167, 432.247, 431.27, 430.232, 429.129, 427.957, 426.712, 425.39, 423.985, 422.492, 420.906, 419.221, 417.431, 415.529, 413.508, 411.362, 409.081, 406.658, 404.084, 401.349, 398.444, 395.357, 392.078, 388.594, 384.892, 380.96, 376.782, 372.343, 367.627, 362.617, 357.295, 351.64, 345.632, 339.25, 332.469, 325.265, 317.611, 309.48, 300.841, 300.075, 300.007, 300.001, 300, 300, 300, 300, 300, 300, 300, 300, 300, 300, 300, 300, 300, 300, 300, 300, 300, 300, 300, 300, 300, 300, 300, 300, 300, 300, 
443.259, 443.259, 443.249, 443.228, 443.196, 443.152, 443.096, 443.025, 442.941, 442.841, 442.725, 442.592, 442.44, 442.269, 442.077, 441.863, 441.626, 441.364, 441.076, 440.76, 440.414, 440.037, 439.626, 439.179, 438.694, 438.169, 437.602, 436.989, 436.327, 435.615, 434.848, 434.033, 433.167, 432.247, 431.27, 430.232, 429.129, 427.957, 426.712, 425.39, 423.985, 422.492, 420.906, 419.221, 417.431, 415.529, 413.508, 411.362, 409.081, 406.658, 404.084, 401.349, 398.444, 395.357, 392.078, 388.594, 384.892, 380.96, 376.782, 372.343, 367.627, 362.617, 357.295, 351.64, 345.632, 339.25, 332.469, 325.265, 317.611, 309.48, 300.841, 300.075, 300.007, 300.001, 300, 300, 300, 300, 300, 300, 300, 300, 300, 300, 300, 300, 300, 300, 300, 300, 300, 300, 300, 300, 300, 300, 300, 300, 300, 300, 
443.259, 443.259, 443.249, 443.228, 443.196, 443.152, 443.096, 443.025, 442.941, 442.841, 442.725, 442.592, 442.44, 442.269, 442.077, 441.863, 441.626, 441.364, 441.076, 440.76, 440.414, 440.037, 439.626, 439.179, 438.694, 438.169, 437.602, 436.989, 436.327, 435.615, 434.848, 434.033, 433.167, 432.247, 431.27, 430.232, 429.129, 427.957, 426.712, 425.39, 423.985, 422.492, 420.906, 419.221, 417.431, 415.529, 413.508, 411.362, 409.081, 406.658, 404.084, 401.349, 398.444, 395.357, 392.078, 388.594, 384.892, 380.96, 376.782, 372.343, 367.627, 362.617, 357.295, 351.64, 345.632, 339.25, 332.469, 325.265, 317.611, 309.48, 300.841, 300.075, 300.007, 300.001, 300, 300, 300, 300, 300, 300, 300, 300, 300, 300, 300, 300, 300, 300, 300, 300, 300, 300, 300, 300, 300, 300, 300, 300, 300, 300, 
443.259, 443.259, 443.249, 443.228, 443.196, 443.152, 443.096, 443.025, 442.941, 442.841, 442.725, 442.592, 442.44, 442.269, 442.077, 441.863, 441.626, 441.364, 441.076, 440.76, 440.414, 440.037, 439.626, 439.179, 438.694, 438.169, 437.602, 436.989, 436.327, 435.615, 434.848, 434.033, 433.167, 432.247, 431.27, 430.232, 429.129, 427.957, 426.712, 425.39, 423.985, 422.492, 420.906, 419.221, 417.431, 415.529, 413.508, 411.362, 409.081, 406.658, 404.084, 401.349, 398.444, 395.357, 392.078, 388.594, 384.892, 380.96, 376.782, 372.343, 367.627, 362.617, 357.295, 351.64, 345.632, 339.25, 332.469, 325.265, 317.611, 309.48, 300.841, 300.075, 300.007, 300.001, 300, 300, 300, 300, 300, 300, 300, 300, 300, 300, 300, 300, 300, 300, 300, 300, 300, 300, 300, 300, 300, 300, 300, 300, 300, 300, 
443.259, 443.259, 443.249, 443.228, 443.196, 443.152, 443.096, 443.025, 442.941, 442.841, 442.725, 442.592, 442.44, 442.269, 442.077, 441.863, 441.626, 441.364, 441.076, 440.76, 440.414, 440.037, 439.626, 439.179, 438.694, 438.169, 437.602, 436.989, 436.327, 435.615, 434.848, 434.033, 433.167, 432.247, 431.27, 430.232, 429.129, 427.957, 426.712, 425.39, 423.985, 422.492, 420.906, 419.221, 417.431, 415.529, 413.508, 411.362, 409.081, 406.658, 404.084, 401.349, 398.444, 395.357, 392.078, 388.594, 384.892, 380.96, 376.782, 372.343, 367.627, 362.617, 357.295, 351.64, 345.632, 339.25, 332.469, 325.265, 317.611, 309.48, 300.841, 300.075, 300.007, 300.001, 300, 300, 300, 300, 300, 300, 300, 300, 300, 300, 300, 300, 300, 300, 300, 300, 300, 300, 300, 300, 300, 300, 300, 300, 300, 300, 
443.259, 443.259, 443.249, 443.228, 443.196, 443.152, 443.096, 443.025, 442.941, 442.841, 442.725, 442.592, 442.44, 442.269, 442.077, 441.863, 441.626, 441.364, 441.076, 440.76, 440.414, 440.037, 439.626, 439.179, 438.694, 438.169, 437.602, 436.989, 436.327, 435.615, 434.848, 434.033, 433.167, 432.247, 431.27, 430.232, 429.129, 427.957, 426.712, 425.39, 423.985, 422.492, 420.906, 419.221, 417.431, 415.529, 413.508, 411.362, 409.081, 406.658, 404.084, 401.349, 398.444, 395.357, 392.078, 388.594, 384.892, 380.96, 376.782, 372.343, 367.627, 362.617, 357.295, 351.64, 345.632, 339.25, 332.469, 325.265, 317.611, 309.48, 300.841, 300.075, 300.007, 300.001, 300, 300, 300, 300, 300, 300, 300, 300, 300, 300, 300, 300, 300, 300, 300, 300, 300, 300, 300, 300, 300, 300, 300, 300, 300, 300, 
443.259, 443.259, 443.249, 443.228, 443.196, 443.152, 443.096, 443.025, 442.941, 442.841, 442.725, 442.592, 442.44, 442.269, 442.077, 441.863, 441.626, 441.364, 441.076, 440.76, 440.414, 440.037, 439.626, 439.179, 438.694, 438.169, 437.602, 436.989, 436.327, 435.615, 434.848, 434.033, 433.167, 432.247, 431.27, 430.232, 429.129, 427.957, 426.712, 425.39, 423.985, 422.492, 420.906, 419.221, 417.431, 415.529, 413.508, 411.362, 409.081, 406.658, 404.084, 401.349, 398.444, 395.357, 392.078, 388.594, 384.892, 380.96, 376.782, 372.343, 367.627, 362.617, 357.295, 351.64, 345.632, 339.25, 332.469, 325.265, 317.611, 309.48, 300.841, 300.075, 300.007, 300.001, 300, 300, 300, 300, 300, 300, 300, 300, 300, 300, 300, 300, 300, 300, 300, 300, 300, 300, 300, 300, 300, 300, 300, 300, 300, 300, 
443.259, 443.259, 443.249, 443.228, 443.196, 443.152, 443.096, 443.025, 442.941, 442.841, 442.725, 442.592, 442.44, 442.269, 442.077, 441.863, 441.626, 441.364, 441.076, 440.76, 440.414, 440.037, 439.626, 439.179, 438.694, 438.169, 437.602, 436.989, 436.327, 435.615, 434.848, 434.033, 433.167, 432.247, 431.27, 430.232, 429.129, 427.957, 426.712, 425.39, 423.985, 422.492, 420.906, 419.221, 417.431, 415.529, 413.508, 411.362, 409.081, 406.658, 404.084, 401.349, 398.444, 395.357, 392.078, 388.594, 384.892, 380.96, 376.782, 372.343, 367.627, 362.617, 357.295, 351.64, 345.632, 339.25, 332.469, 325.265, 317.611, 309.48, 300.841, 300.075, 300.007, 300.001, 300, 300, 300, 300, 300, 300, 300, 300, 300, 300, 300, 300, 300, 300, 300, 300, 300, 300, 300, 300, 300, 300, 300, 300, 300, 300, 
443.259, 443.259, 443.249, 443.228, 443.196, 443.152, 443.096, 443.025, 442.941, 442.841, 442.725, 442.592, 442.44, 442.269, 442.077, 441.863, 441.626, 441.364, 441.076, 440.76, 440.414, 440.037, 439.626, 439.179, 438.694, 438.169, 437.602, 436.989, 436.327, 435.615, 434.848, 434.033, 433.167, 432.247, 431.27, 430.232, 429.129, 427.957, 426.712, 425.39, 423.985, 422.492, 420.906, 419.221, 417.431, 415.529, 413.508, 411.362, 409.081, 406.658, 404.084, 401.349, 398.444, 395.357, 392.078, 388.594, 384.892, 380.96, 376.782, 372.343, 367.627, 362.617, 357.295, 351.64, 345.632, 339.25, 332.469, 325.265, 317.611, 309.48, 300.841, 300.075, 300.007, 300.001, 300, 300, 300, 300, 300, 300, 300, 300, 300, 300, 300, 300, 300, 300, 300, 300, 300, 300, 300, 300, 300, 300, 300, 300, 300, 300, 
443.259, 443.259, 443.249, 443.228, 443.196, 443.152, 443.096, 443.025, 442.941, 442.841, 442.725, 442.592, 442.44, 442.269, 442.077, 441.863, 441.626, 441.364, 441.076, 440.76, 440.414, 440.037, 439.626, 439.179, 438.694, 438.169, 437.602, 436.989, 436.327, 435.615, 434.848, 434.033, 433.167, 432.247, 431.27, 430.232, 429.129, 427.957, 426.712, 425.39, 423.985, 422.492, 420.906, 419.221, 417.431, 415.529, 413.508, 411.362, 409.081, 406.658, 404.084, 401.349, 398.444, 395.357, 392.078, 388.594, 384.892, 380.96, 376.782, 372.343, 367.627, 362.617, 357.295, 351.64, 345.632, 339.25, 332.469, 325.265, 317.611, 309.48, 300.841, 300.075, 300.007, 300.001, 300, 300, 300, 300, 300, 300, 300, 300, 300, 300, 300, 300, 300, 300, 300, 300, 300, 300, 300, 300, 300, 300, 300, 300, 300, 300, 
443.259, 443.259, 443.249, 443.228, 443.196, 443.152, 443.096, 443.025, 442.941, 442.841, 442.725, 442.592, 442.44, 442.269, 442.077, 441.863, 441.626, 441.364, 441.076, 440.76, 440.414, 440.037, 439.626, 439.179, 438.694, 438.169, 437.602, 436.989, 436.327, 435.615, 434.848, 434.033, 433.167, 432.247, 431.27, 430.232, 429.129, 427.957, 426.712, 425.39, 423.985, 422.492, 420.906, 419.221, 417.431, 415.529, 413.508, 411.362, 409.081, 406.658, 404.084, 401.349, 398.444, 395.357, 392.078, 388.594, 384.892, 380.96, 376.782, 372.343, 367.627, 362.617, 357.295, 351.64, 345.632, 339.25, 332.469, 325.265, 317.611, 309.48, 300.841, 300.075, 300.007, 300.001, 300, 300, 300, 300, 300, 300, 300, 300, 300, 300, 300, 300, 300, 300, 300, 300, 300, 300, 300, 300, 300, 300, 300, 300, 300, 300, 
443.259, 443.259, 443.249, 443.228, 443.196, 443.152, 443.096, 443.025, 442.941, 442.841, 442.725, 442.592, 442.44, 442.269, 442.077, 441.863, 441.626, 441.364, 441.076, 440.76, 440.414, 440.037, 439.626, 439.179, 438.694, 438.169, 437.602, 436.989, 436.327, 435.615, 434.848, 434.033, 433.167, 432.247, 431.27, 430.232, 429.129, 427.957, 426.712, 425.39, 423.985, 422.492, 420.906, 419.221, 417.431, 415.529, 413.508, 411.362, 409.081, 406.658, 404.084, 401.349, 398.444, 395.357, 392.078, 388.594, 384.892, 380.96, 376.782, 372.343, 367.627, 362.617, 357.295, 351.64, 345.632, 339.25, 332.469, 325.265, 317.611, 309.48, 300.841, 300.075, 300.007, 300.001, 300, 300, 300, 300, 300, 300, 300, 300, 300, 300, 300, 300, 300, 300, 300, 300, 300, 300, 300, 300, 300, 300, 300, 300, 300, 300, 
443.259, 443.259, 443.249, 443.228, 443.196, 443.152, 443.096, 443.025, 442.941, 442.841, 442.725, 442.592, 442.44, 442.269, 442.077, 441.863, 441.626, 441.364, 441.076, 440.76, 440.414, 440.037, 439.626, 439.179, 438.694, 438.169, 437.602, 436.989, 436.327, 435.615, 434.848, 434.033, 433.167, 432.247, 431.27, 430.232, 429.129, 427.957, 426.712, 425.39, 423.985, 422.492, 420.906, 419.221, 417.431, 415.529, 413.508, 411.362, 409.081, 406.658, 404.084, 401.349, 398.444, 395.357, 392.078, 388.594, 384.892, 380.96, 376.782, 372.343, 367.627, 362.617, 357.295, 351.64, 345.632, 339.25, 332.469, 325.265, 317.611, 309.48, 300.841, 300.075, 300.007, 300.001, 300, 300, 300, 300, 300, 300, 300, 300, 300, 300, 300, 300, 300, 300, 300, 300, 300, 300, 300, 300, 300, 300, 300, 300, 300, 300, 
443.259, 443.259, 443.249, 443.228, 443.196, 443.152, 443.096, 443.025, 442.941, 442.841, 442.725, 442.592, 442.44, 442.269, 442.077, 441.863, 441.626, 441.364, 441.076, 440.76, 440.414, 440.037, 439.626, 439.179, 438.694, 438.169, 437.602, 436.989, 436.327, 435.615, 434.848, 434.033, 433.167, 432.247, 431.27, 430.232, 429.129, 427.957, 426.712, 425.39, 423.985, 422.492, 420.906, 419.221, 417.431, 415.529, 413.508, 411.362, 409.081, 406.658, 404.084, 401.349, 398.444, 395.357, 392.078, 388.594, 384.892, 380.96, 376.782, 372.343, 367.627, 362.617, 357.295, 351.64, 345.632, 339.25, 332.469, 325.265, 317.611, 309.48, 300.841, 300.075, 300.007, 300.001, 300, 300, 300, 300, 300, 300, 300, 300, 300, 300, 300, 300, 300, 300, 300, 300, 300, 300, 300, 300, 300, 300, 300, 300, 300, 300, 
443.259, 443.259, 443.249, 443.228, 443.196, 443.152, 443.096, 443.025, 442.941, 442.841, 442.725, 442.592, 442.44, 442.269, 442.077, 441.863, 441.626, 441.364, 441.076, 440.76, 440.414, 440.037, 439.626, 439.179, 438.694, 438.169, 437.602, 436.989, 436.327, 435.615, 434.848, 434.033, 433.167, 432.247, 431.27, 430.232, 429.129, 427.957, 426.712, 425.39, 423.985, 422.492, 420.906, 419.221, 417.431, 415.529, 413.508, 411.362, 409.081, 406.658, 404.084, 401.349, 398.444, 395.357, 392.078, 388.594, 384.892, 380.96, 376.782, 372.343, 367.627, 362.617, 357.295, 351.64, 345.632, 339.25, 332.469, 325.265, 317.611, 309.48, 300.841, 300.075, 300.007, 300.001, 300, 300, 300, 300, 300, 300, 300, 300, 300, 300, 300, 300, 300, 300, 300, 300, 300, 300, 300, 300, 300, 300, 300, 300, 300, 300, 
443.259, 443.259, 443.249, 443.228, 443.196, 443.152, 443.096, 443.025, 442.941, 442.841, 442.725, 442.592, 442.44, 442.269, 442.077, 441.863, 441.626, 441.364, 441.076, 440.76, 440.414, 440.037, 439.626, 439.179, 438.694, 438.169, 437.602, 436.989, 436.327, 435.615, 434.848, 434.033, 433.167, 432.247, 431.27, 430.232, 429.129, 427.957, 426.712, 425.39, 423.985, 422.492, 420.906, 419.221, 417.431, 415.529, 413.508, 411.362, 409.081, 406.658, 404.084, 401.349, 398.444, 395.357, 392.078, 388.594, 384.892, 380.96, 376.782, 372.343, 367.627, 362.617, 357.295, 351.64, 345.632, 339.25, 332.469, 325.265, 317.611, 309.48, 300.841, 300.075, 300.007, 300.001, 300, 300, 300, 300, 300, 300, 300, 300, 300, 300, 300, 300, 300, 300, 300, 300, 300, 300, 300, 300, 300, 300, 300, 300, 300, 300, 
443.259, 443.259, 443.249, 443.228, 443.196, 443.152, 443.096, 443.025, 442.941, 442.841, 442.725, 442.592, 442.44, 442.269, 442.077, 441.863, 441.626, 441.364, 441.076, 440.76, 440.414, 440.037, 439.626, 439.179, 438.694, 438.169, 437.602, 436.989, 436.327, 435.615, 434.848, 434.033, 433.167, 432.247, 431.27, 430.232, 429.129, 427.957, 426.712, 425.39, 423.985, 422.492, 420.906, 419.221, 417.431, 415.529, 413.508, 411.362, 409.081, 406.658, 404.084, 401.349, 398.444, 395.357, 392.078, 388.594, 384.892, 380.96, 376.782, 372.343, 367.627, 362.617, 357.295, 351.64, 345.632, 339.25, 332.469, 325.265, 317.611, 309.48, 300.841, 300.075, 300.007, 300.001, 300, 300, 300, 300, 300, 300, 300, 300, 300, 300, 300, 300, 300, 300, 300, 300, 300, 300, 300, 300, 300, 300, 300, 300, 300, 300, 
443.259, 443.259, 443.249, 443.228, 443.196, 443.152, 443.096, 443.025, 442.941, 442.841, 442.725, 442.592, 442.44, 442.269, 442.077, 441.863, 441.626, 441.364, 441.076, 440.76, 440.414, 440.037, 439.626, 439.179, 438.694, 438.169, 437.602, 436.989, 436.327, 435.615, 434.848, 434.033, 433.167, 432.247, 431.27, 430.232, 429.129, 427.957, 426.712, 425.39, 423.985, 422.492, 420.906, 419.221, 417.431, 415.529, 413.508, 411.362, 409.081, 406.658, 404.084, 401.349, 398.444, 395.357, 392.078, 388.594, 384.892, 380.96, 376.782, 372.343, 367.627, 362.617, 357.295, 351.64, 345.632, 339.25, 332.469, 325.265, 317.611, 309.48, 300.841, 300.075, 300.007, 300.001, 300, 300, 300, 300, 300, 300, 300, 300, 300, 300, 300, 300, 300, 300, 300, 300, 300, 300, 300, 300, 300, 300, 300, 300, 300, 300, 
443.259, 443.259, 443.249, 443.228, 443.196, 443.152, 443.096, 443.025, 442.941, 442.841, 442.725, 442.592, 442.44, 442.269, 442.077, 441.863, 441.626, 441.364, 441.076, 440.76, 440.414, 440.037, 439.626, 439.179, 438.694, 438.169, 437.602, 436.989, 436.327, 435.615, 434.848, 434.033, 433.167, 432.247, 431.27, 430.232, 429.129, 427.957, 426.712, 425.39, 423.985, 422.492, 420.906, 419.221, 417.431, 415.529, 413.508, 411.362, 409.081, 406.658, 404.084, 401.349, 398.444, 395.357, 392.078, 388.594, 384.892, 380.96, 376.782, 372.343, 367.627, 362.617, 357.295, 351.64, 345.632, 339.25, 332.469, 325.265, 317.611, 309.48, 300.841, 300.075, 300.007, 300.001, 300, 300, 300, 300, 300, 300, 300, 300, 300, 300, 300, 300, 300, 300, 300, 300, 300, 300, 300, 300, 300, 300, 300, 300, 300, 300, 
443.259, 443.259, 443.249, 443.228, 443.196, 443.152, 443.096, 443.025, 442.941, 442.841, 442.725, 442.592, 442.44, 442.269, 442.077, 441.863, 441.626, 441.364, 441.076, 440.76, 440.414, 440.037, 439.626, 439.179, 438.694, 438.169, 437.602, 436.989, 436.327, 435.615, 434.848, 434.033, 433.167, 432.247, 431.27, 430.232, 429.129, 427.957, 426.712, 425.39, 423.985, 422.492, 420.906, 419.221, 417.431, 415.529, 413.508, 411.362, 409.081, 406.658, 404.084, 401.349, 398.444, 395.357, 392.078, 388.594, 384.892, 380.96, 376.782, 372.343, 367.627, 362.617, 357.295, 351.64, 345.632, 339.25, 332.469, 325.265, 317.611, 309.48, 300.841, 300.075, 300.007, 300.001, 300, 300, 300, 300, 300, 300, 300, 300, 300, 300, 300, 300, 300, 300, 300, 300, 300, 300, 300, 300, 300, 300, 300, 300, 300, 300, 
443.259, 443.259, 443.249, 443.228, 443.196, 443.152, 443.096, 443.025, 442.941, 442.841, 442.725, 442.592, 442.44, 442.269, 442.077, 441.863, 441.626, 441.364, 441.076, 440.76, 440.414, 440.037, 439.626, 439.179, 438.694, 438.169, 437.602, 436.989, 436.327, 435.615, 434.848, 434.033, 433.167, 432.247, 431.27, 430.232, 429.129, 427.957, 426.712, 425.39, 423.985, 422.492, 420.906, 419.221, 417.431, 415.529, 413.508, 411.362, 409.081, 406.658, 404.084, 401.349, 398.444, 395.357, 392.078, 388.594, 384.892, 380.96, 376.782, 372.343, 367.627, 362.617, 357.295, 351.64, 345.632, 339.25, 332.469, 325.265, 317.611, 309.48, 300.841, 300.075, 300.007, 300.001, 300, 300, 300, 300, 300, 300, 300, 300, 300, 300, 300, 300, 300, 300, 300, 300, 300, 300, 300, 300, 300, 300, 300, 300, 300, 300, 
443.259, 443.259, 443.249, 443.228, 443.196, 443.152, 443.096, 443.025, 442.941, 442.841, 442.725, 442.592, 442.44, 442.269, 442.077, 441.863, 441.626, 441.364, 441.076, 440.76, 440.414, 440.037, 439.626, 439.179, 438.694, 438.169, 437.602, 436.989, 436.327, 435.615, 434.848, 434.033, 433.167, 432.247, 431.27, 430.232, 429.129, 427.957, 426.712, 425.39, 423.985, 422.492, 420.906, 419.221, 417.431, 415.529, 413.508, 411.362, 409.081, 406.658, 404.084, 401.349, 398.444, 395.357, 392.078, 388.594, 384.892, 380.96, 376.782, 372.343, 367.627, 362.617, 357.295, 351.64, 345.632, 339.25, 332.469, 325.265, 317.611, 309.48, 300.841, 300.075, 300.007, 300.001, 300, 300, 300, 300, 300, 300, 300, 300, 300, 300, 300, 300, 300, 300, 300, 300, 300, 300, 300, 300, 300, 300, 300, 300, 300, 300, 
443.259, 443.259, 443.249, 443.228, 443.196, 443.152, 443.096, 443.025, 442.941, 442.841, 442.725, 442.592, 442.44, 442.269, 442.077, 441.863, 441.626, 441.364, 441.076, 440.76, 440.414, 440.037, 439.626, 439.179, 438.694, 438.169, 437.602, 436.989, 436.327, 435.615, 434.848, 434.033, 433.167, 432.247, 431.27, 430.232, 429.129, 427.957, 426.712, 425.39, 423.985, 422.492, 420.906, 419.221, 417.431, 415.529, 413.508, 411.362, 409.081, 406.658, 404.084, 401.349, 398.444, 395.357, 392.078, 388.594, 384.892, 380.96, 376.782, 372.343, 367.627, 362.617, 357.295, 351.64, 345.632, 339.25, 332.469, 325.265, 317.611, 309.48, 300.841, 300.075, 300.007, 300.001, 300, 300, 300, 300, 300, 300, 300, 300, 300, 300, 300, 300, 300, 300, 300, 300, 300, 300, 300, 300, 300, 300, 300, 300, 300, 300, 
443.259, 443.259, 443.249, 443.228, 443.196, 443.152, 443.096, 443.025, 442.941, 442.841, 442.725, 442.592, 442.44, 442.269, 442.077, 441.863, 441.626, 441.364, 441.076, 440.76, 440.414, 440.037, 439.626, 439.179, 438.694, 438.169, 437.602, 436.989, 436.327, 435.615, 434.848, 434.033, 433.167, 432.247, 431.27, 430.232, 429.129, 427.957, 426.712, 425.39, 423.985, 422.492, 420.906, 419.221, 417.431, 415.529, 413.508, 411.362, 409.081, 406.658, 404.084, 401.349, 398.444, 395.357, 392.078, 388.594, 384.892, 380.96, 376.782, 372.343, 367.627, 362.617, 357.295, 351.64, 345.632, 339.25, 332.469, 325.265, 317.611, 309.48, 300.841, 300.075, 300.007, 300.001, 300, 300, 300, 300, 300, 300, 300, 300, 300, 300, 300, 300, 300, 300, 300, 300, 300, 300, 300, 300, 300, 300, 300, 300, 300, 300, 
443.259, 443.259, 443.249, 443.228, 443.196, 443.152, 443.096, 443.025, 442.941, 442.841, 442.725, 442.592, 442.44, 442.269, 442.077, 441.863, 441.626, 441.364, 441.076, 440.76, 440.414, 440.037, 439.626, 439.179, 438.694, 438.169, 437.602, 436.989, 436.327, 435.615, 434.848, 434.033, 433.167, 432.247, 431.27, 430.232, 429.129, 427.957, 426.712, 425.39, 423.985, 422.492, 420.906, 419.221, 417.431, 415.529, 413.508, 411.362, 409.081, 406.658, 404.084, 401.349, 398.444, 395.357, 392.078, 388.594, 384.892, 380.96, 376.782, 372.343, 367.627, 362.617, 357.295, 351.64, 345.632, 339.25, 332.469, 325.265, 317.611, 309.48, 300.841, 300.075, 300.007, 300.001, 300, 300, 300, 300, 300, 300, 300, 300, 300, 300, 300, 300, 300, 300, 300, 300, 300, 300, 300, 300, 300, 300, 300, 300, 300, 300, 
443.259, 443.259, 443.249, 443.228, 443.196, 443.152, 443.096, 443.025, 442.941, 442.841, 442.725, 442.592, 442.44, 442.269, 442.077, 441.863, 441.626, 441.364, 441.076, 440.76, 440.414, 440.037, 439.626, 439.179, 438.694, 438.169, 437.602, 436.989, 436.327, 435.615, 434.848, 434.033, 433.167, 432.247, 431.27, 430.232, 429.129, 427.957, 426.712, 425.39, 423.985, 422.492, 420.906, 419.221, 417.431, 415.529, 413.508, 411.362, 409.081, 406.658, 404.084, 401.349, 398.444, 395.357, 392.078, 388.594, 384.892, 380.96, 376.782, 372.343, 367.627, 362.617, 357.295, 351.64, 345.632, 339.25, 332.469, 325.265, 317.611, 309.48, 300.841, 300.075, 300.007, 300.001, 300, 300, 300, 300, 300, 300, 300, 300, 300, 300, 300, 300, 300, 300, 300, 300, 300, 300, 300, 300, 300, 300, 300, 300, 300, 300, 
443.259, 443.259, 443.249, 443.228, 443.196, 443.152, 443.096, 443.025, 442.941, 442.841, 442.725, 442.592, 442.44, 442.269, 442.077, 441.863, 441.626, 441.364, 441.076, 440.76, 440.414, 440.037, 439.626, 439.179, 438.694, 438.169, 437.602, 436.989, 436.327, 435.615, 434.848, 434.033, 433.167, 432.247, 431.27, 430.232, 429.129, 427.957, 426.712, 425.39, 423.985, 422.492, 420.906, 419.221, 417.431, 415.529, 413.508, 411.362, 409.081, 406.658, 404.084, 401.349, 398.444, 395.357, 392.078, 388.594, 384.892, 380.96, 376.782, 372.343, 367.627, 362.617, 357.295, 351.64, 345.632, 339.25, 332.469, 325.265, 317.611, 309.48, 300.841, 300.075, 300.007, 300.001, 300, 300, 300, 300, 300, 300, 300, 300, 300, 300, 300, 300, 300, 300, 300, 300, 300, 300, 300, 300, 300, 300, 300, 300, 300, 300, 
443.259, 443.259, 443.249, 443.228, 443.196, 443.152, 443.096, 443.025, 442.941, 442.841, 442.725, 442.592, 442.44, 442.269, 442.077, 441.863, 441.626, 441.364, 441.076, 440.76, 440.414, 440.037, 439.626, 439.179, 438.694, 438.169, 437.602, 436.989, 436.327, 435.615, 434.848, 434.033, 433.167, 432.247, 431.27, 430.232, 429.129, 427.957, 426.712, 425.39, 423.985, 422.492, 420.906, 419.221, 417.431, 415.529, 413.508, 411.362, 409.081, 406.658, 404.084, 401.349, 398.444, 395.357, 392.078, 388.594, 384.892, 380.96, 376.782, 372.343, 367.627, 362.617, 357.295, 351.64, 345.632, 339.25, 332.469, 325.265, 317.611, 309.48, 300.841, 300.075, 300.007, 300.001, 300, 300, 300, 300, 300, 300, 300, 300, 300, 300, 300, 300, 300, 300, 300, 300, 300, 300, 300, 300, 300, 300, 300, 300, 300, 300, 
443.259, 443.259, 443.249, 443.228, 443.196, 443.152, 443.096, 443.025, 442.941, 442.841, 442.725, 442.592, 442.44, 442.269, 442.077, 441.863, 441.626, 441.364, 441.076, 440.76, 440.414, 440.037, 439.626, 439.179, 438.694, 438.169, 437.602, 436.989, 436.327, 435.615, 434.848, 434.033, 433.167, 432.247, 431.27, 430.232, 429.129, 427.957, 426.712, 425.39, 423.985, 422.492, 420.906, 419.221, 417.431, 415.529, 413.508, 411.362, 409.081, 406.658, 404.084, 401.349, 398.444, 395.357, 392.078, 388.594, 384.892, 380.96, 376.782, 372.343, 367.627, 362.617, 357.295, 351.64, 345.632, 339.25, 332.469, 325.265, 317.611, 309.48, 300.841, 300.075, 300.007, 300.001, 300, 300, 300, 300, 300, 300, 300, 300, 300, 300, 300, 300, 300, 300, 300, 300, 300, 300, 300, 300, 300, 300, 300, 300, 300, 300, 
443.259, 443.259, 443.249, 443.228, 443.196, 443.152, 443.096, 443.025, 442.941, 442.841, 442.725, 442.592, 442.44, 442.269, 442.077, 441.863, 441.626, 441.364, 441.076, 440.76, 440.414, 440.037, 439.626, 439.179, 438.694, 438.169, 437.602, 436.989, 436.327, 435.615, 434.848, 434.033, 433.167, 432.247, 431.27, 430.232, 429.129, 427.957, 426.712, 425.39, 423.985, 422.492, 420.906, 419.221, 417.431, 415.529, 413.508, 411.362, 409.081, 406.658, 404.084, 401.349, 398.444, 395.357, 392.078, 388.594, 384.892, 380.96, 376.782, 372.343, 367.627, 362.617, 357.295, 351.64, 345.632, 339.25, 332.469, 325.265, 317.611, 309.48, 300.841, 300.075, 300.007, 300.001, 300, 300, 300, 300, 300, 300, 300, 300, 300, 300, 300, 300, 300, 300, 300, 300, 300, 300, 300, 300, 300, 300, 300, 300, 300, 300, 
443.259, 443.259, 443.249, 443.228, 443.196, 443.152, 443.096, 443.025, 442.941, 442.841, 442.725, 442.592, 442.44, 442.269, 442.077, 441.863, 441.626, 441.364, 441.076, 440.76, 440.414, 440.037, 439.626, 439.179, 438.694, 438.169, 437.602, 436.989, 436.327, 435.615, 434.848, 434.033, 433.167, 432.247, 431.27, 430.232, 429.129, 427.957, 426.712, 425.39, 423.985, 422.492, 420.906, 419.221, 417.431, 415.529, 413.508, 411.362, 409.081, 406.658, 404.084, 401.349, 398.444, 395.357, 392.078, 388.594, 384.892, 380.96, 376.782, 372.343, 367.627, 362.617, 357.295, 351.64, 345.632, 339.25, 332.469, 325.265, 317.611, 309.48, 300.841, 300.075, 300.007, 300.001, 300, 300, 300, 300, 300, 300, 300, 300, 300, 300, 300, 300, 300, 300, 300, 300, 300, 300, 300, 300, 300, 300, 300, 300, 300, 300, 
443.259, 443.259, 443.249, 443.228, 443.196, 443.152, 443.096, 443.025, 442.941, 442.841, 442.725, 442.592, 442.44, 442.269, 442.077, 441.863, 441.626, 441.364, 441.076, 440.76, 440.414, 440.037, 439.626, 439.179, 438.694, 438.169, 437.602, 436.989, 436.327, 435.615, 434.848, 434.033, 433.167, 432.247, 431.27, 430.232, 429.129, 427.957, 426.712, 425.39, 423.985, 422.492, 420.906, 419.221, 417.431, 415.529, 413.508, 411.362, 409.081, 406.658, 404.084, 401.349, 398.444, 395.357, 392.078, 388.594, 384.892, 380.96, 376.782, 372.343, 367.627, 362.617, 357.295, 351.64, 345.632, 339.25, 332.469, 325.265, 317.611, 309.48, 300.841, 300.075, 300.007, 300.001, 300, 300, 300, 300, 300, 300, 300, 300, 300, 300, 300, 300, 300, 300, 300, 300, 300, 300, 300, 300, 300, 300, 300, 300, 300, 300, 
443.259, 443.259, 443.249, 443.228, 443.196, 443.152, 443.096, 443.025, 442.941, 442.841, 442.725, 442.592, 442.44, 442.269, 442.077, 441.863, 441.626, 441.364, 441.076, 440.76, 440.414, 440.037, 439.626, 439.179, 438.694, 438.169, 437.602, 436.989, 436.327, 435.615, 434.848, 434.033, 433.167, 432.247, 431.27, 430.232, 429.129, 427.957, 426.712, 425.39, 423.985, 422.492, 420.906, 419.221, 417.431, 415.529, 413.508, 411.362, 409.081, 406.658, 404.084, 401.349, 398.444, 395.357, 392.078, 388.594, 384.892, 380.96, 376.782, 372.343, 367.627, 362.617, 357.295, 351.64, 345.632, 339.25, 332.469, 325.265, 317.611, 309.48, 300.841, 300.075, 300.007, 300.001, 300, 300, 300, 300, 300, 300, 300, 300, 300, 300, 300, 300, 300, 300, 300, 300, 300, 300, 300, 300, 300, 300, 300, 300, 300, 300, 
443.259, 443.259, 443.249, 443.228, 443.196, 443.152, 443.096, 443.025, 442.941, 442.841, 442.725, 442.592, 442.44, 442.269, 442.077, 441.863, 441.626, 441.364, 441.076, 440.76, 440.414, 440.037, 439.626, 439.179, 438.694, 438.169, 437.602, 436.989, 436.327, 435.615, 434.848, 434.033, 433.167, 432.247, 431.27, 430.232, 429.129, 427.957, 426.712, 425.39, 423.985, 422.492, 420.906, 419.221, 417.431, 415.529, 413.508, 411.362, 409.081, 406.658, 404.084, 401.349, 398.444, 395.357, 392.078, 388.594, 384.892, 380.96, 376.782, 372.343, 367.627, 362.617, 357.295, 351.64, 345.632, 339.25, 332.469, 325.265, 317.611, 309.48, 300.841, 300.075, 300.007, 300.001, 300, 300, 300, 300, 300, 300, 300, 300, 300, 300, 300, 300, 300, 300, 300, 300, 300, 300, 300, 300, 300, 300, 300, 300, 300, 300, 
443.259, 443.259, 443.249, 443.228, 443.196, 443.152, 443.096, 443.025, 442.941, 442.841, 442.725, 442.592, 442.44, 442.269, 442.077, 441.863, 441.626, 441.364, 441.076, 440.76, 440.414, 440.037, 439.626, 439.179, 438.694, 438.169, 437.602, 436.989, 436.327, 435.615, 434.848, 434.033, 433.167, 432.247, 431.27, 430.232, 429.129, 427.957, 426.712, 425.39, 423.985, 422.492, 420.906, 419.221, 417.431, 415.529, 413.508, 411.362, 409.081, 406.658, 404.084, 401.349, 398.444, 395.357, 392.078, 388.594, 384.892, 380.96, 376.782, 372.343, 367.627, 362.617, 357.295, 351.64, 345.632, 339.25, 332.469, 325.265, 317.611, 309.48, 300.841, 300.075, 300.007, 300.001, 300, 300, 300, 300, 300, 300, 300, 300, 300, 300, 300, 300, 300, 300, 300, 300, 300, 300, 300, 300, 300, 300, 300, 300, 300, 300, 
443.259, 443.259, 443.249, 443.228, 443.196, 443.152, 443.096, 443.025, 442.941, 442.841, 442.725, 442.592, 442.44, 442.269, 442.077, 441.863, 441.626, 441.364, 441.076, 440.76, 440.414, 440.037, 439.626, 439.179, 438.694, 438.169, 437.602, 436.989, 436.327, 435.615, 434.848, 434.033, 433.167, 432.247, 431.27, 430.232, 429.129, 427.957, 426.712, 425.39, 423.985, 422.492, 420.906, 419.221, 417.431, 415.529, 413.508, 411.362, 409.081, 406.658, 404.084, 401.349, 398.444, 395.357, 392.078, 388.594, 384.892, 380.96, 376.782, 372.343, 367.627, 362.617, 357.295, 351.64, 345.632, 339.25, 332.469, 325.265, 317.611, 309.48, 300.841, 300.075, 300.007, 300.001, 300, 300, 300, 300, 300, 300, 300, 300, 300, 300, 300, 300, 300, 300, 300, 300, 300, 300, 300, 300, 300, 300, 300, 300, 300, 300, 
443.259, 443.259, 443.249, 443.228, 443.196, 443.152, 443.096, 443.025, 442.941, 442.841, 442.725, 442.592, 442.44, 442.269, 442.077, 441.863, 441.626, 441.364, 441.076, 440.76, 440.414, 440.037, 439.626, 439.179, 438.694, 438.169, 437.602, 436.989, 436.327, 435.615, 434.848, 434.033, 433.167, 432.247, 431.27, 430.232, 429.129, 427.957, 426.712, 425.39, 423.985, 422.492, 420.906, 419.221, 417.431, 415.529, 413.508, 411.362, 409.081, 406.658, 404.084, 401.349, 398.444, 395.357, 392.078, 388.594, 384.892, 380.96, 376.782, 372.343, 367.627, 362.617, 357.295, 351.64, 345.632, 339.25, 332.469, 325.265, 317.611, 309.48, 300.841, 300.075, 300.007, 300.001, 300, 300, 300, 300, 300, 300, 300, 300, 300, 300, 300, 300, 300, 300, 300, 300, 300, 300, 300, 300, 300, 300, 300, 300, 300, 300, 
443.259, 443.259, 443.249, 443.228, 443.196, 443.152, 443.096, 443.025, 442.941, 442.841, 442.725, 442.592, 442.44, 442.269, 442.077, 441.863, 441.626, 441.364, 441.076, 440.76, 440.414, 440.037, 439.626, 439.179, 438.694, 438.169, 437.602, 436.989, 436.327, 435.615, 434.848, 434.033, 433.167, 432.247, 431.27, 430.232, 429.129, 427.957, 426.712, 425.39, 423.985, 422.492, 420.906, 419.221, 417.431, 415.529, 413.508, 411.362, 409.081, 406.658, 404.084, 401.349, 398.444, 395.357, 392.078, 388.594, 384.892, 380.96, 376.782, 372.343, 367.627, 362.617, 357.295, 351.64, 345.632, 339.25, 332.469, 325.265, 317.611, 309.48, 300.841, 300.075, 300.007, 300.001, 300, 300, 300, 300, 300, 300, 300, 300, 300, 300, 300, 300, 300, 300, 300, 300, 300, 300, 300, 300, 300, 300, 300, 300, 300, 300, 
443.259, 443.259, 443.249, 443.228, 443.196, 443.152, 443.096, 443.025, 442.941, 442.841, 442.725, 442.592, 442.44, 442.269, 442.077, 441.863, 441.626, 441.364, 441.076, 440.76, 440.414, 440.037, 439.626, 439.179, 438.694, 438.169, 437.602, 436.989, 436.327, 435.615, 434.848, 434.033, 433.167, 432.247, 431.27, 430.232, 429.129, 427.957, 426.712, 425.39, 423.985, 422.492, 420.906, 419.221, 417.431, 415.529, 413.508, 411.362, 409.081, 406.658, 404.084, 401.349, 398.444, 395.357, 392.078, 388.594, 384.892, 380.96, 376.782, 372.343, 367.627, 362.617, 357.295, 351.64, 345.632, 339.25, 332.469, 325.265, 317.611, 309.48, 300.841, 300.075, 300.007, 300.001, 300, 300, 300, 300, 300, 300, 300, 300, 300, 300, 300, 300, 300, 300, 300, 300, 300, 300, 300, 300, 300, 300, 300, 300, 300, 300, 
443.259, 443.259, 443.249, 443.228, 443.196, 443.152, 443.096, 443.025, 442.941, 442.841, 442.725, 442.592, 442.44, 442.269, 442.077, 441.863, 441.626, 441.364, 441.076, 440.76, 440.414, 440.037, 439.626, 439.179, 438.694, 438.169, 437.602, 436.989, 436.327, 435.615, 434.848, 434.033, 433.167, 432.247, 431.27, 430.232, 429.129, 427.957, 426.712, 425.39, 423.985, 422.492, 420.906, 419.221, 417.431, 415.529, 413.508, 411.362, 409.081, 406.658, 404.084, 401.349, 398.444, 395.357, 392.078, 388.594, 384.892, 380.96, 376.782, 372.343, 367.627, 362.617, 357.295, 351.64, 345.632, 339.25, 332.469, 325.265, 317.611, 309.48, 300.841, 300.075, 300.007, 300.001, 300, 300, 300, 300, 300, 300, 300, 300, 300, 300, 300, 300, 300, 300, 300, 300, 300, 300, 300, 300, 300, 300, 300, 300, 300, 300, 
443.259, 443.259, 443.249, 443.228, 443.196, 443.152, 443.096, 443.025, 442.941, 442.841, 442.725, 442.592, 442.44, 442.269, 442.077, 441.863, 441.626, 441.364, 441.076, 440.76, 440.414, 440.037, 439.626, 439.179, 438.694, 438.169, 437.602, 436.989, 436.327, 435.615, 434.848, 434.033, 433.167, 432.247, 431.27, 430.232, 429.129, 427.957, 426.712, 425.39, 423.985, 422.492, 420.906, 419.221, 417.431, 415.529, 413.508, 411.362, 409.081, 406.658, 404.084, 401.349, 398.444, 395.357, 392.078, 388.594, 384.892, 380.96, 376.782, 372.343, 367.627, 362.617, 357.295, 351.64, 345.632, 339.25, 332.469, 325.265, 317.611, 309.48, 300.841, 300.075, 300.007, 300.001, 300, 300, 300, 300, 300, 300, 300, 300, 300, 300, 300, 300, 300, 300, 300, 300, 300, 300, 300, 300, 300, 300, 300, 300, 300, 300, 
443.259, 443.259, 443.249, 443.228, 443.196, 443.152, 443.096, 443.025, 442.941, 442.841, 442.725, 442.592, 442.44, 442.269, 442.077, 441.863, 441.626, 441.364, 441.076, 440.76, 440.414, 440.037, 439.626, 439.179, 438.694, 438.169, 437.602, 436.989, 436.327, 435.615, 434.848, 434.033, 433.167, 432.247, 431.27, 430.232, 429.129, 427.957, 426.712, 425.39, 423.985, 422.492, 420.906, 419.221, 417.431, 415.529, 413.508, 411.362, 409.081, 406.658, 404.084, 401.349, 398.444, 395.357, 392.078, 388.594, 384.892, 380.96, 376.782, 372.343, 367.627, 362.617, 357.295, 351.64, 345.632, 339.25, 332.469, 325.265, 317.611, 309.48, 300.841, 300.075, 300.007, 300.001, 300, 300, 300, 300, 300, 300, 300, 300, 300, 300, 300, 300, 300, 300, 300, 300, 300, 300, 300, 300, 300, 300, 300, 300, 300, 300, 
443.259, 443.259, 443.249, 443.228, 443.196, 443.152, 443.096, 443.025, 442.941, 442.841, 442.725, 442.592, 442.44, 442.269, 442.077, 441.863, 441.626, 441.364, 441.076, 440.76, 440.414, 440.037, 439.626, 439.179, 438.694, 438.169, 437.602, 436.989, 436.327, 435.615, 434.848, 434.033, 433.167, 432.247, 431.27, 430.232, 429.129, 427.957, 426.712, 425.39, 423.985, 422.492, 420.906, 419.221, 417.431, 415.529, 413.508, 411.362, 409.081, 406.658, 404.084, 401.349, 398.444, 395.357, 392.078, 388.594, 384.892, 380.96, 376.782, 372.343, 367.627, 362.617, 357.295, 351.64, 345.632, 339.25, 332.469, 325.265, 317.611, 309.48, 300.841, 300.075, 300.007, 300.001, 300, 300, 300, 300, 300, 300, 300, 300, 300, 300, 300, 300, 300, 300, 300, 300, 300, 300, 300, 300, 300, 300, 300, 300, 300, 300, 
443.259, 443.259, 443.249, 443.228, 443.196, 443.152, 443.096, 443.025, 442.941, 442.841, 442.725, 442.592, 442.44, 442.269, 442.077, 441.863, 441.626, 441.364, 441.076, 440.76, 440.414, 440.037, 439.626, 439.179, 438.694, 438.169, 437.602, 436.989, 436.327, 435.615, 434.848, 434.033, 433.167, 432.247, 431.27, 430.232, 429.129, 427.957, 426.712, 425.39, 423.985, 422.492, 420.906, 419.221, 417.431, 415.529, 413.508, 411.362, 409.081, 406.658, 404.084, 401.349, 398.444, 395.357, 392.078, 388.594, 384.892, 380.96, 376.782, 372.343, 367.627, 362.617, 357.295, 351.64, 345.632, 339.25, 332.469, 325.265, 317.611, 309.48, 300.841, 300.075, 300.007, 300.001, 300, 300, 300, 300, 300, 300, 300, 300, 300, 300, 300, 300, 300, 300, 300, 300, 300, 300, 300, 300, 300, 300, 300, 300, 300, 300, 
443.259, 443.259, 443.249, 443.228, 443.196, 443.152, 443.096, 443.025, 442.941, 442.841, 442.725, 442.592, 442.44, 442.269, 442.077, 441.863, 441.626, 441.364, 441.076, 440.76, 440.414, 440.037, 439.626, 439.179, 438.694, 438.169, 437.602, 436.989, 436.327, 435.615, 434.848, 434.033, 433.167, 432.247, 431.27, 430.232, 429.129, 427.957, 426.712, 425.39, 423.985, 422.492, 420.906, 419.221, 417.431, 415.529, 413.508, 411.362, 409.081, 406.658, 404.084, 401.349, 398.444, 395.357, 392.078, 388.594, 384.892, 380.96, 376.782, 372.343, 367.627, 362.617, 357.295, 351.64, 345.632, 339.25, 332.469, 325.265, 317.611, 309.48, 300.841, 300.075, 300.007, 300.001, 300, 300, 300, 300, 300, 300, 300, 300, 300, 300, 300, 300, 300, 300, 300, 300, 300, 300, 300, 300, 300, 300, 300, 300, 300, 300, 
443.259, 443.259, 443.249, 443.228, 443.196, 443.152, 443.096, 443.025, 442.941, 442.841, 442.725, 442.592, 442.44, 442.269, 442.077, 441.863, 441.626, 441.364, 441.076, 440.76, 440.414, 440.037, 439.626, 439.179, 438.694, 438.169, 437.602, 436.989, 436.327, 435.615, 434.848, 434.033, 433.167, 432.247, 431.27, 430.232, 429.129, 427.957, 426.712, 425.39, 423.985, 422.492, 420.906, 419.221, 417.431, 415.529, 413.508, 411.362, 409.081, 406.658, 404.084, 401.349, 398.444, 395.357, 392.078, 388.594, 384.892, 380.96, 376.782, 372.343, 367.627, 362.617, 357.295, 351.64, 345.632, 339.25, 332.469, 325.265, 317.611, 309.48, 300.841, 300.075, 300.007, 300.001, 300, 300, 300, 300, 300, 300, 300, 300, 300, 300, 300, 300, 300, 300, 300, 300, 300, 300, 300, 300, 300, 300, 300, 300, 300, 300, 
443.259, 443.259, 443.249, 443.228, 443.196, 443.152, 443.096, 443.025, 442.941, 442.841, 442.725, 442.592, 442.44, 442.269, 442.077, 441.863, 441.626, 441.364, 441.076, 440.76, 440.414, 440.037, 439.626, 439.179, 438.694, 438.169, 437.602, 436.989, 436.327, 435.615, 434.848, 434.033, 433.167, 432.247, 431.27, 430.232, 429.129, 427.957, 426.712, 425.39, 423.985, 422.492, 420.906, 419.221, 417.431, 415.529, 413.508, 411.362, 409.081, 406.658, 404.084, 401.349, 398.444, 395.357, 392.078, 388.594, 384.892, 380.96, 376.782, 372.343, 367.627, 362.617, 357.295, 351.64, 345.632, 339.25, 332.469, 325.265, 317.611, 309.48, 300.841, 300.075, 300.007, 300.001, 300, 300, 300, 300, 300, 300, 300, 300, 300, 300, 300, 300, 300, 300, 300, 300, 300, 300, 300, 300, 300, 300, 300, 300, 300, 300, 
443.259, 443.259, 443.249, 443.228, 443.196, 443.152, 443.096, 443.025, 442.941, 442.841, 442.725, 442.592, 442.44, 442.269, 442.077, 441.863, 441.626, 441.364, 441.076, 440.76, 440.414, 440.037, 439.626, 439.179, 438.694, 438.169, 437.602, 436.989, 436.327, 435.615, 434.848, 434.033, 433.167, 432.247, 431.27, 430.232, 429.129, 427.957, 426.712, 425.39, 423.985, 422.492, 420.906, 419.221, 417.431, 415.529, 413.508, 411.362, 409.081, 406.658, 404.084, 401.349, 398.444, 395.357, 392.078, 388.594, 384.892, 380.96, 376.782, 372.343, 367.627, 362.617, 357.295, 351.64, 345.632, 339.25, 332.469, 325.265, 317.611, 309.48, 300.841, 300.075, 300.007, 300.001, 300, 300, 300, 300, 300, 300, 300, 300, 300, 300, 300, 300, 300, 300, 300, 300, 300, 300, 300, 300, 300, 300, 300, 300, 300, 300, 
443.259, 443.259, 443.249, 443.228, 443.196, 443.152, 443.096, 443.025, 442.941, 442.841, 442.725, 442.592, 442.44, 442.269, 442.077, 441.863, 441.626, 441.364, 441.076, 440.76, 440.414, 440.037, 439.626, 439.179, 438.694, 438.169, 437.602, 436.989, 436.327, 435.615, 434.848, 434.033, 433.167, 432.247, 431.27, 430.232, 429.129, 427.957, 426.712, 425.39, 423.985, 422.492, 420.906, 419.221, 417.431, 415.529, 413.508, 411.362, 409.081, 406.658, 404.084, 401.349, 398.444, 395.357, 392.078, 388.594, 384.892, 380.96, 376.782, 372.343, 367.627, 362.617, 357.295, 351.64, 345.632, 339.25, 332.469, 325.265, 317.611, 309.48, 300.841, 300.075, 300.007, 300.001, 300, 300, 300, 300, 300, 300, 300, 300, 300, 300, 300, 300, 300, 300, 300, 300, 300, 300, 300, 300, 300, 300, 300, 300, 300, 300, 
443.259, 443.259, 443.249, 443.228, 443.196, 443.152, 443.096, 443.025, 442.941, 442.841, 442.725, 442.592, 442.44, 442.269, 442.077, 441.863, 441.626, 441.364, 441.076, 440.76, 440.414, 440.037, 439.626, 439.179, 438.694, 438.169, 437.602, 436.989, 436.327, 435.615, 434.848, 434.033, 433.167, 432.247, 431.27, 430.232, 429.129, 427.957, 426.712, 425.39, 423.985, 422.492, 420.906, 419.221, 417.431, 415.529, 413.508, 411.362, 409.081, 406.658, 404.084, 401.349, 398.444, 395.357, 392.078, 388.594, 384.892, 380.96, 376.782, 372.343, 367.627, 362.617, 357.295, 351.64, 345.632, 339.25, 332.469, 325.265, 317.611, 309.48, 300.841, 300.075, 300.007, 300.001, 300, 300, 300, 300, 300, 300, 300, 300, 300, 300, 300, 300, 300, 300, 300, 300, 300, 300, 300, 300, 300, 300, 300, 300, 300, 300, 
443.259, 443.259, 443.249, 443.228, 443.196, 443.152, 443.096, 443.025, 442.941, 442.841, 442.725, 442.592, 442.44, 442.269, 442.077, 441.863, 441.626, 441.364, 441.076, 440.76, 440.414, 440.037, 439.626, 439.179, 438.694, 438.169, 437.602, 436.989, 436.327, 435.615, 434.848, 434.033, 433.167, 432.247, 431.27, 430.232, 429.129, 427.957, 426.712, 425.39, 423.985, 422.492, 420.906, 419.221, 417.431, 415.529, 413.508, 411.362, 409.081, 406.658, 404.084, 401.349, 398.444, 395.357, 392.078, 388.594, 384.892, 380.96, 376.782, 372.343, 367.627, 362.617, 357.295, 351.64, 345.632, 339.25, 332.469, 325.265, 317.611, 309.48, 300.841, 300.075, 300.007, 300.001, 300, 300, 300, 300, 300, 300, 300, 300, 300, 300, 300, 300, 300, 300, 300, 300, 300, 300, 300, 300, 300, 300, 300, 300, 300, 300, 
443.259, 443.259, 443.249, 443.228, 443.196, 443.152, 443.096, 443.025, 442.941, 442.841, 442.725, 442.592, 442.44, 442.269, 442.077, 441.863, 441.626, 441.364, 441.076, 440.76, 440.414, 440.037, 439.626, 439.179, 438.694, 438.169, 437.602, 436.989, 436.327, 435.615, 434.848, 434.033, 433.167, 432.247, 431.27, 430.232, 429.129, 427.957, 426.712, 425.39, 423.985, 422.492, 420.906, 419.221, 417.431, 415.529, 413.508, 411.362, 409.081, 406.658, 404.084, 401.349, 398.444, 395.357, 392.078, 388.594, 384.892, 380.96, 376.782, 372.343, 367.627, 362.617, 357.295, 351.64, 345.632, 339.25, 332.469, 325.265, 317.611, 309.48, 300.841, 300.075, 300.007, 300.001, 300, 300, 300, 300, 300, 300, 300, 300, 300, 300, 300, 300, 300, 300, 300, 300, 300, 300, 300, 300, 300, 300, 300, 300, 300, 300, 
443.259, 443.259, 443.249, 443.228, 443.196, 443.152, 443.096, 443.025, 442.941, 442.841, 442.725, 442.592, 442.44, 442.269, 442.077, 441.863, 441.626, 441.364, 441.076, 440.76, 440.414, 440.037, 439.626, 439.179, 438.694, 438.169, 437.602, 436.989, 436.327, 435.615, 434.848, 434.033, 433.167, 432.247, 431.27, 430.232, 429.129, 427.957, 426.712, 425.39, 423.985, 422.492, 420.906, 419.221, 417.431, 415.529, 413.508, 411.362, 409.081, 406.658, 404.084, 401.349, 398.444, 395.357, 392.078, 388.594, 384.892, 380.96, 376.782, 372.343, 367.627, 362.617, 357.295, 351.64, 345.632, 339.25, 332.469, 325.265, 317.611, 309.48, 300.841, 300.075, 300.007, 300.001, 300, 300, 300, 300, 300, 300, 300, 300, 300, 300, 300, 300, 300, 300, 300, 300, 300, 300, 300, 300, 300, 300, 300, 300, 300, 300, 
443.259, 443.259, 443.249, 443.228, 443.196, 443.152, 443.096, 443.025, 442.941, 442.841, 442.725, 442.592, 442.44, 442.269, 442.077, 441.863, 441.626, 441.364, 441.076, 440.76, 440.414, 440.037, 439.626, 439.179, 438.694, 438.169, 437.602, 436.989, 436.327, 435.615, 434.848, 434.033, 433.167, 432.247, 431.27, 430.232, 429.129, 427.957, 426.712, 425.39, 423.985, 422.492, 420.906, 419.221, 417.431, 415.529, 413.508, 411.362, 409.081, 406.658, 404.084, 401.349, 398.444, 395.357, 392.078, 388.594, 384.892, 380.96, 376.782, 372.343, 367.627, 362.617, 357.295, 351.64, 345.632, 339.25, 332.469, 325.265, 317.611, 309.48, 300.841, 300.075, 300.007, 300.001, 300, 300, 300, 300, 300, 300, 300, 300, 300, 300, 300, 300, 300, 300, 300, 300, 300, 300, 300, 300, 300, 300, 300, 300, 300, 300, 
443.259, 443.259, 443.249, 443.228, 443.196, 443.152, 443.096, 443.025, 442.941, 442.841, 442.725, 442.592, 442.44, 442.269, 442.077, 441.863, 441.626, 441.364, 441.076, 440.76, 440.414, 440.037, 439.626, 439.179, 438.694, 438.169, 437.602, 436.989, 436.327, 435.615, 434.848, 434.033, 433.167, 432.247, 431.27, 430.232, 429.129, 427.957, 426.712, 425.39, 423.985, 422.492, 420.906, 419.221, 417.431, 415.529, 413.508, 411.362, 409.081, 406.658, 404.084, 401.349, 398.444, 395.357, 392.078, 388.594, 384.892, 380.96, 376.782, 372.343, 367.627, 362.617, 357.295, 351.64, 345.632, 339.25, 332.469, 325.265, 317.611, 309.48, 300.841, 300.075, 300.007, 300.001, 300, 300, 300, 300, 300, 300, 300, 300, 300, 300, 300, 300, 300, 300, 300, 300, 300, 300, 300, 300, 300, 300, 300, 300, 300, 300, 
443.259, 443.259, 443.249, 443.228, 443.196, 443.152, 443.096, 443.025, 442.941, 442.841, 442.725, 442.592, 442.44, 442.269, 442.077, 441.863, 441.626, 441.364, 441.076, 440.76, 440.414, 440.037, 439.626, 439.179, 438.694, 438.169, 437.602, 436.989, 436.327, 435.615, 434.848, 434.033, 433.167, 432.247, 431.27, 430.232, 429.129, 427.957, 426.712, 425.39, 423.985, 422.492, 420.906, 419.221, 417.431, 415.529, 413.508, 411.362, 409.081, 406.658, 404.084, 401.349, 398.444, 395.357, 392.078, 388.594, 384.892, 380.96, 376.782, 372.343, 367.627, 362.617, 357.295, 351.64, 345.632, 339.25, 332.469, 325.265, 317.611, 309.48, 300.841, 300.075, 300.007, 300.001, 300, 300, 300, 300, 300, 300, 300, 300, 300, 300, 300, 300, 300, 300, 300, 300, 300, 300, 300, 300, 300, 300, 300, 300, 300, 300, 
443.259, 443.259, 443.249, 443.228, 443.196, 443.152, 443.096, 443.025, 442.941, 442.841, 442.725, 442.592, 442.44, 442.269, 442.077, 441.863, 441.626, 441.364, 441.076, 440.76, 440.414, 440.037, 439.626, 439.179, 438.694, 438.169, 437.602, 436.989, 436.327, 435.615, 434.848, 434.033, 433.167, 432.247, 431.27, 430.232, 429.129, 427.957, 426.712, 425.39, 423.985, 422.492, 420.906, 419.221, 417.431, 415.529, 413.508, 411.362, 409.081, 406.658, 404.084, 401.349, 398.444, 395.357, 392.078, 388.594, 384.892, 380.96, 376.782, 372.343, 367.627, 362.617, 357.295, 351.64, 345.632, 339.25, 332.469, 325.265, 317.611, 309.48, 300.841, 300.075, 300.007, 300.001, 300, 300, 300, 300, 300, 300, 300, 300, 300, 300, 300, 300, 300, 300, 300, 300, 300, 300, 300, 300, 300, 300, 300, 300, 300, 300, 
443.259, 443.259, 443.249, 443.228, 443.196, 443.152, 443.096, 443.025, 442.941, 442.841, 442.725, 442.592, 442.44, 442.269, 442.077, 441.863, 441.626, 441.364, 441.076, 440.76, 440.414, 440.037, 439.626, 439.179, 438.694, 438.169, 437.602, 436.989, 436.327, 435.615, 434.848, 434.033, 433.167, 432.247, 431.27, 430.232, 429.129, 427.957, 426.712, 425.39, 423.985, 422.492, 420.906, 419.221, 417.431, 415.529, 413.508, 411.362, 409.081, 406.658, 404.084, 401.349, 398.444, 395.357, 392.078, 388.594, 384.892, 380.96, 376.782, 372.343, 367.627, 362.617, 357.295, 351.64, 345.632, 339.25, 332.469, 325.265, 317.611, 309.48, 300.841, 300.075, 300.007, 300.001, 300, 300, 300, 300, 300, 300, 300, 300, 300, 300, 300, 300, 300, 300, 300, 300, 300, 300, 300, 300, 300, 300, 300, 300, 300, 300, 
443.259, 443.259, 443.249, 443.228, 443.196, 443.152, 443.096, 443.025, 442.941, 442.841, 442.725, 442.592, 442.44, 442.269, 442.077, 441.863, 441.626, 441.364, 441.076, 440.76, 440.414, 440.037, 439.626, 439.179, 438.694, 438.169, 437.602, 436.989, 436.327, 435.615, 434.848, 434.033, 433.167, 432.247, 431.27, 430.232, 429.129, 427.957, 426.712, 425.39, 423.985, 422.492, 420.906, 419.221, 417.431, 415.529, 413.508, 411.362, 409.081, 406.658, 404.084, 401.349, 398.444, 395.357, 392.078, 388.594, 384.892, 380.96, 376.782, 372.343, 367.627, 362.617, 357.295, 351.64, 345.632, 339.25, 332.469, 325.265, 317.611, 309.48, 300.841, 300.075, 300.007, 300.001, 300, 300, 300, 300, 300, 300, 300, 300, 300, 300, 300, 300, 300, 300, 300, 300, 300, 300, 300, 300, 300, 300, 300, 300, 300, 300, 
443.259, 443.259, 443.249, 443.228, 443.196, 443.152, 443.096, 443.025, 442.941, 442.841, 442.725, 442.592, 442.44, 442.269, 442.077, 441.863, 441.626, 441.364, 441.076, 440.76, 440.414, 440.037, 439.626, 439.179, 438.694, 438.169, 437.602, 436.989, 436.327, 435.615, 434.848, 434.033, 433.167, 432.247, 431.27, 430.232, 429.129, 427.957, 426.712, 425.39, 423.985, 422.492, 420.906, 419.221, 417.431, 415.529, 413.508, 411.362, 409.081, 406.658, 404.084, 401.349, 398.444, 395.357, 392.078, 388.594, 384.892, 380.96, 376.782, 372.343, 367.627, 362.617, 357.295, 351.64, 345.632, 339.25, 332.469, 325.265, 317.611, 309.48, 300.841, 300.075, 300.007, 300.001, 300, 300, 300, 300, 300, 300, 300, 300, 300, 300, 300, 300, 300, 300, 300, 300, 300, 300, 300, 300, 300, 300, 300, 300, 300, 300, 
443.259, 443.259, 443.249, 443.228, 443.196, 443.152, 443.096, 443.025, 442.941, 442.841, 442.725, 442.592, 442.44, 442.269, 442.077, 441.863, 441.626, 441.364, 441.076, 440.76, 440.414, 440.037, 439.626, 439.179, 438.694, 438.169, 437.602, 436.989, 436.327, 435.615, 434.848, 434.033, 433.167, 432.247, 431.27, 430.232, 429.129, 427.957, 426.712, 425.39, 423.985, 422.492, 420.906, 419.221, 417.431, 415.529, 413.508, 411.362, 409.081, 406.658, 404.084, 401.349, 398.444, 395.357, 392.078, 388.594, 384.892, 380.96, 376.782, 372.343, 367.627, 362.617, 357.295, 351.64, 345.632, 339.25, 332.469, 325.265, 317.611, 309.48, 300.841, 300.075, 300.007, 300.001, 300, 300, 300, 300, 300, 300, 300, 300, 300, 300, 300, 300, 300, 300, 300, 300, 300, 300, 300, 300, 300, 300, 300, 300, 300, 300, 
443.259, 443.259, 443.249, 443.228, 443.196, 443.152, 443.096, 443.025, 442.941, 442.841, 442.725, 442.592, 442.44, 442.269, 442.077, 441.863, 441.626, 441.364, 441.076, 440.76, 440.414, 440.037, 439.626, 439.179, 438.694, 438.169, 437.602, 436.989, 436.327, 435.615, 434.848, 434.033, 433.167, 432.247, 431.27, 430.232, 429.129, 427.957, 426.712, 425.39, 423.985, 422.492, 420.906, 419.221, 417.431, 415.529, 413.508, 411.362, 409.081, 406.658, 404.084, 401.349, 398.444, 395.357, 392.078, 388.594, 384.892, 380.96, 376.782, 372.343, 367.627, 362.617, 357.295, 351.64, 345.632, 339.25, 332.469, 325.265, 317.611, 309.48, 300.841, 300.075, 300.007, 300.001, 300, 300, 300, 300, 300, 300, 300, 300, 300, 300, 300, 300, 300, 300, 300, 300, 300, 300, 300, 300, 300, 300, 300, 300, 300, 300, 
443.259, 443.259, 443.249, 443.228, 443.196, 443.152, 443.096, 443.025, 442.941, 442.841, 442.725, 442.592, 442.44, 442.269, 442.077, 441.863, 441.626, 441.364, 441.076, 440.76, 440.414, 440.037, 439.626, 439.179, 438.694, 438.169, 437.602, 436.989, 436.327, 435.615, 434.848, 434.033, 433.167, 432.247, 431.27, 430.232, 429.129, 427.957, 426.712, 425.39, 423.985, 422.492, 420.906, 419.221, 417.431, 415.529, 413.508, 411.362, 409.081, 406.658, 404.084, 401.349, 398.444, 395.357, 392.078, 388.594, 384.892, 380.96, 376.782, 372.343, 367.627, 362.617, 357.295, 351.64, 345.632, 339.25, 332.469, 325.265, 317.611, 309.48, 300.841, 300.075, 300.007, 300.001, 300, 300, 300, 300, 300, 300, 300, 300, 300, 300, 300, 300, 300, 300, 300, 300, 300, 300, 300, 300, 300, 300, 300, 300, 300, 300, 
443.259, 443.259, 443.249, 443.228, 443.196, 443.152, 443.096, 443.025, 442.941, 442.841, 442.725, 442.592, 442.44, 442.269, 442.077, 441.863, 441.626, 441.364, 441.076, 440.76, 440.414, 440.037, 439.626, 439.179, 438.694, 438.169, 437.602, 436.989, 436.327, 435.615, 434.848, 434.033, 433.167, 432.247, 431.27, 430.232, 429.129, 427.957, 426.712, 425.39, 423.985, 422.492, 420.906, 419.221, 417.431, 415.529, 413.508, 411.362, 409.081, 406.658, 404.084, 401.349, 398.444, 395.357, 392.078, 388.594, 384.892, 380.96, 376.782, 372.343, 367.627, 362.617, 357.295, 351.64, 345.632, 339.25, 332.469, 325.265, 317.611, 309.48, 300.841, 300.075, 300.007, 300.001, 300, 300, 300, 300, 300, 300, 300, 300, 300, 300, 300, 300, 300, 300, 300, 300, 300, 300, 300, 300, 300, 300, 300, 300, 300, 300, 
443.259, 443.259, 443.249, 443.228, 443.196, 443.152, 443.096, 443.025, 442.941, 442.841, 442.725, 442.592, 442.44, 442.269, 442.077, 441.863, 441.626, 441.364, 441.076, 440.76, 440.414, 440.037, 439.626, 439.179, 438.694, 438.169, 437.602, 436.989, 436.327, 435.615, 434.848, 434.033, 433.167, 432.247, 431.27, 430.232, 429.129, 427.957, 426.712, 425.39, 423.985, 422.492, 420.906, 419.221, 417.431, 415.529, 413.508, 411.362, 409.081, 406.658, 404.084, 401.349, 398.444, 395.357, 392.078, 388.594, 384.892, 380.96, 376.782, 372.343, 367.627, 362.617, 357.295, 351.64, 345.632, 339.25, 332.469, 325.265, 317.611, 309.48, 300.841, 300.075, 300.007, 300.001, 300, 300, 300, 300, 300, 300, 300, 300, 300, 300, 300, 300, 300, 300, 300, 300, 300, 300, 300, 300, 300, 300, 300, 300, 300, 300, 
443.259, 443.259, 443.249, 443.228, 443.196, 443.152, 443.096, 443.025, 442.941, 442.841, 442.725, 442.592, 442.44, 442.269, 442.077, 441.863, 441.626, 441.364, 441.076, 440.76, 440.414, 440.037, 439.626, 439.179, 438.694, 438.169, 437.602, 436.989, 436.327, 435.615, 434.848, 434.033, 433.167, 432.247, 431.27, 430.232, 429.129, 427.957, 426.712, 425.39, 423.985, 422.492, 420.906, 419.221, 417.431, 415.529, 413.508, 411.362, 409.081, 406.658, 404.084, 401.349, 398.444, 395.357, 392.078, 388.594, 384.892, 380.96, 376.782, 372.343, 367.627, 362.617, 357.295, 351.64, 345.632, 339.25, 332.469, 325.265, 317.611, 309.48, 300.841, 300.075, 300.007, 300.001, 300, 300, 300, 300, 300, 300, 300, 300, 300, 300, 300, 300, 300, 300, 300, 300, 300, 300, 300, 300, 300, 300, 300, 300, 300, 300, 
443.259, 443.259, 443.249, 443.228, 443.196, 443.152, 443.096, 443.025, 442.941, 442.841, 442.725, 442.592, 442.44, 442.269, 442.077, 441.863, 441.626, 441.364, 441.076, 440.76, 440.414, 440.037, 439.626, 439.179, 438.694, 438.169, 437.602, 436.989, 436.327, 435.615, 434.848, 434.033, 433.167, 432.247, 431.27, 430.232, 429.129, 427.957, 426.712, 425.39, 423.985, 422.492, 420.906, 419.221, 417.431, 415.529, 413.508, 411.362, 409.081, 406.658, 404.084, 401.349, 398.444, 395.357, 392.078, 388.594, 384.892, 380.96, 376.782, 372.343, 367.627, 362.617, 357.295, 351.64, 345.632, 339.25, 332.469, 325.265, 317.611, 309.48, 300.841, 300.075, 300.007, 300.001, 300, 300, 300, 300, 300, 300, 300, 300, 300, 300, 300, 300, 300, 300, 300, 300, 300, 300, 300, 300, 300, 300, 300, 300, 300, 300, 
443.259, 443.259, 443.249, 443.228, 443.196, 443.152, 443.096, 443.025, 442.941, 442.841, 442.725, 442.592, 442.44, 442.269, 442.077, 441.863, 441.626, 441.364, 441.076, 440.76, 440.414, 440.037, 439.626, 439.179, 438.694, 438.169, 437.602, 436.989, 436.327, 435.615, 434.848, 434.033, 433.167, 432.247, 431.27, 430.232, 429.129, 427.957, 426.712, 425.39, 423.985, 422.492, 420.906, 419.221, 417.431, 415.529, 413.508, 411.362, 409.081, 406.658, 404.084, 401.349, 398.444, 395.357, 392.078, 388.594, 384.892, 380.96, 376.782, 372.343, 367.627, 362.617, 357.295, 351.64, 345.632, 339.25, 332.469, 325.265, 317.611, 309.48, 300.841, 300.075, 300.007, 300.001, 300, 300, 300, 300, 300, 300, 300, 300, 300, 300, 300, 300, 300, 300, 300, 300, 300, 300, 300, 300, 300, 300, 300, 300, 300, 300, 
443.259, 443.259, 443.249, 443.228, 443.196, 443.152, 443.096, 443.025, 442.941, 442.841, 442.725, 442.592, 442.44, 442.269, 442.077, 441.863, 441.626, 441.364, 441.076, 440.76, 440.414, 440.037, 439.626, 439.179, 438.694, 438.169, 437.602, 436.989, 436.327, 435.615, 434.848, 434.033, 433.167, 432.247, 431.27, 430.232, 429.129, 427.957, 426.712, 425.39, 423.985, 422.492, 420.906, 419.221, 417.431, 415.529, 413.508, 411.362, 409.081, 406.658, 404.084, 401.349, 398.444, 395.357, 392.078, 388.594, 384.892, 380.96, 376.782, 372.343, 367.627, 362.617, 357.295, 351.64, 345.632, 339.25, 332.469, 325.265, 317.611, 309.48, 300.841, 300.075, 300.007, 300.001, 300, 300, 300, 300, 300, 300, 300, 300, 300, 300, 300, 300, 300, 300, 300, 300, 300, 300, 300, 300, 300, 300, 300, 300, 300, 300, 
443.259, 443.259, 443.249, 443.228, 443.196, 443.152, 443.096, 443.025, 442.941, 442.841, 442.725, 442.592, 442.44, 442.269, 442.077, 441.863, 441.626, 441.364, 441.076, 440.76, 440.414, 440.037, 439.626, 439.179, 438.694, 438.169, 437.602, 436.989, 436.327, 435.615, 434.848, 434.033, 433.167, 432.247, 431.27, 430.232, 429.129, 427.957, 426.712, 425.39, 423.985, 422.492, 420.906, 419.221, 417.431, 415.529, 413.508, 411.362, 409.081, 406.658, 404.084, 401.349, 398.444, 395.357, 392.078, 388.594, 384.892, 380.96, 376.782, 372.343, 367.627, 362.617, 357.295, 351.64, 345.632, 339.25, 332.469, 325.265, 317.611, 309.48, 300.841, 300.075, 300.007, 300.001, 300, 300, 300, 300, 300, 300, 300, 300, 300, 300, 300, 300, 300, 300, 300, 300, 300, 300, 300, 300, 300, 300, 300, 300, 300, 300, 
443.259, 443.259, 443.249, 443.228, 443.196, 443.152, 443.096, 443.025, 442.941, 442.841, 442.725, 442.592, 442.44, 442.269, 442.077, 441.863, 441.626, 441.364, 441.076, 440.76, 440.414, 440.037, 439.626, 439.179, 438.694, 438.169, 437.602, 436.989, 436.327, 435.615, 434.848, 434.033, 433.167, 432.247, 431.27, 430.232, 429.129, 427.957, 426.712, 425.39, 423.985, 422.492, 420.906, 419.221, 417.431, 415.529, 413.508, 411.362, 409.081, 406.658, 404.084, 401.349, 398.444, 395.357, 392.078, 388.594, 384.892, 380.96, 376.782, 372.343, 367.627, 362.617, 357.295, 351.64, 345.632, 339.25, 332.469, 325.265, 317.611, 309.48, 300.841, 300.075, 300.007, 300.001, 300, 300, 300, 300, 300, 300, 300, 300, 300, 300, 300, 300, 300, 300, 300, 300, 300, 300, 300, 300, 300, 300, 300, 300, 300, 300, 
443.259, 443.259, 443.249, 443.228, 443.196, 443.152, 443.096, 443.025, 442.941, 442.841, 442.725, 442.592, 442.44, 442.269, 442.077, 441.863, 441.626, 441.364, 441.076, 440.76, 440.414, 440.037, 439.626, 439.179, 438.694, 438.169, 437.602, 436.989, 436.327, 435.615, 434.848, 434.033, 433.167, 432.247, 431.27, 430.232, 429.129, 427.957, 426.712, 425.39, 423.985, 422.492, 420.906, 419.221, 417.431, 415.529, 413.508, 411.362, 409.081, 406.658, 404.084, 401.349, 398.444, 395.357, 392.078, 388.594, 384.892, 380.96, 376.782, 372.343, 367.627, 362.617, 357.295, 351.64, 345.632, 339.25, 332.469, 325.265, 317.611, 309.48, 300.841, 300.075, 300.007, 300.001, 300, 300, 300, 300, 300, 300, 300, 300, 300, 300, 300, 300, 300, 300, 300, 300, 300, 300, 300, 300, 300, 300, 300, 300, 300, 300, 
443.259, 443.259, 443.249, 443.228, 443.196, 443.152, 443.096, 443.025, 442.941, 442.841, 442.725, 442.592, 442.44, 442.269, 442.077, 441.863, 441.626, 441.364, 441.076, 440.76, 440.414, 440.037, 439.626, 439.179, 438.694, 438.169, 437.602, 436.989, 436.327, 435.615, 434.848, 434.033, 433.167, 432.247, 431.27, 430.232, 429.129, 427.957, 426.712, 425.39, 423.985, 422.492, 420.906, 419.221, 417.431, 415.529, 413.508, 411.362, 409.081, 406.658, 404.084, 401.349, 398.444, 395.357, 392.078, 388.594, 384.892, 380.96, 376.782, 372.343, 367.627, 362.617, 357.295, 351.64, 345.632, 339.25, 332.469, 325.265, 317.611, 309.48, 300.841, 300.075, 300.007, 300.001, 300, 300, 300, 300, 300, 300, 300, 300, 300, 300, 300, 300, 300, 300, 300, 300, 300, 300, 300, 300, 300, 300, 300, 300, 300, 300, 
443.259, 443.259, 443.249, 443.228, 443.196, 443.152, 443.096, 443.025, 442.941, 442.841, 442.725, 442.592, 442.44, 442.269, 442.077, 441.863, 441.626, 441.364, 441.076, 440.76, 440.414, 440.037, 439.626, 439.179, 438.694, 438.169, 437.602, 436.989, 436.327, 435.615, 434.848, 434.033, 433.167, 432.247, 431.27, 430.232, 429.129, 427.957, 426.712, 425.39, 423.985, 422.492, 420.906, 419.221, 417.431, 415.529, 413.508, 411.362, 409.081, 406.658, 404.084, 401.349, 398.444, 395.357, 392.078, 388.594, 384.892, 380.96, 376.782, 372.343, 367.627, 362.617, 357.295, 351.64, 345.632, 339.25, 332.469, 325.265, 317.611, 309.48, 300.841, 300.075, 300.007, 300.001, 300, 300, 300, 300, 300, 300, 300, 300, 300, 300, 300, 300, 300, 300, 300, 300, 300, 300, 300, 300, 300, 300, 300, 300, 300, 300, 
443.259, 443.259, 443.249, 443.228, 443.196, 443.152, 443.096, 443.025, 442.941, 442.841, 442.725, 442.592, 442.44, 442.269, 442.077, 441.863, 441.626, 441.364, 441.076, 440.76, 440.414, 440.037, 439.626, 439.179, 438.694, 438.169, 437.602, 436.989, 436.327, 435.615, 434.848, 434.033, 433.167, 432.247, 431.27, 430.232, 429.129, 427.957, 426.712, 425.39, 423.985, 422.492, 420.906, 419.221, 417.431, 415.529, 413.508, 411.362, 409.081, 406.658, 404.084, 401.349, 398.444, 395.357, 392.078, 388.594, 384.892, 380.96, 376.782, 372.343, 367.627, 362.617, 357.295, 351.64, 345.632, 339.25, 332.469, 325.265, 317.611, 309.48, 300.841, 300.075, 300.007, 300.001, 300, 300, 300, 300, 300, 300, 300, 300, 300, 300, 300, 300, 300, 300, 300, 300, 300, 300, 300, 300, 300, 300, 300, 300, 300, 300, 
443.259, 443.259, 443.249, 443.228, 443.196, 443.152, 443.096, 443.025, 442.941, 442.841, 442.725, 442.592, 442.44, 442.269, 442.077, 441.863, 441.626, 441.364, 441.076, 440.76, 440.414, 440.037, 439.626, 439.179, 438.694, 438.169, 437.602, 436.989, 436.327, 435.615, 434.848, 434.033, 433.167, 432.247, 431.27, 430.232, 429.129, 427.957, 426.712, 425.39, 423.985, 422.492, 420.906, 419.221, 417.431, 415.529, 413.508, 411.362, 409.081, 406.658, 404.084, 401.349, 398.444, 395.357, 392.078, 388.594, 384.892, 380.96, 376.782, 372.343, 367.627, 362.617, 357.295, 351.64, 345.632, 339.25, 332.469, 325.265, 317.611, 309.48, 300.841, 300.075, 300.007, 300.001, 300, 300, 300, 300, 300, 300, 300, 300, 300, 300, 300, 300, 300, 300, 300, 300, 300, 300, 300, 300, 300, 300, 300, 300, 300, 300, 
443.259, 443.259, 443.249, 443.228, 443.196, 443.152, 443.096, 443.025, 442.941, 442.841, 442.725, 442.592, 442.44, 442.269, 442.077, 441.863, 441.626, 441.364, 441.076, 440.76, 440.414, 440.037, 439.626, 439.179, 438.694, 438.169, 437.602, 436.989, 436.327, 435.615, 434.848, 434.033, 433.167, 432.247, 431.27, 430.232, 429.129, 427.957, 426.712, 425.39, 423.985, 422.492, 420.906, 419.221, 417.431, 415.529, 413.508, 411.362, 409.081, 406.658, 404.084, 401.349, 398.444, 395.357, 392.078, 388.594, 384.892, 380.96, 376.782, 372.343, 367.627, 362.617, 357.295, 351.64, 345.632, 339.25, 332.469, 325.265, 317.611, 309.48, 300.841, 300.075, 300.007, 300.001, 300, 300, 300, 300, 300, 300, 300, 300, 300, 300, 300, 300, 300, 300, 300, 300, 300, 300, 300, 300, 300, 300, 300, 300, 300, 300, 
443.259, 443.259, 443.249, 443.228, 443.196, 443.152, 443.096, 443.025, 442.941, 442.841, 442.725, 442.592, 442.44, 442.269, 442.077, 441.863, 441.626, 441.364, 441.076, 440.76, 440.414, 440.037, 439.626, 439.179, 438.694, 438.169, 437.602, 436.989, 436.327, 435.615, 434.848, 434.033, 433.167, 432.247, 431.27, 430.232, 429.129, 427.957, 426.712, 425.39, 423.985, 422.492, 420.906, 419.221, 417.431, 415.529, 413.508, 411.362, 409.081, 406.658, 404.084, 401.349, 398.444, 395.357, 392.078, 388.594, 384.892, 380.96, 376.782, 372.343, 367.627, 362.617, 357.295, 351.64, 345.632, 339.25, 332.469, 325.265, 317.611, 309.48, 300.841, 300.075, 300.007, 300.001, 300, 300, 300, 300, 300, 300, 300, 300, 300, 300, 300, 300, 300, 300, 300, 300, 300, 300, 300, 300, 300, 300, 300, 300, 300, 300, 
443.259, 443.259, 443.249, 443.228, 443.196, 443.152, 443.096, 443.025, 442.941, 442.841, 442.725, 442.592, 442.44, 442.269, 442.077, 441.863, 441.626, 441.364, 441.076, 440.76, 440.414, 440.037, 439.626, 439.179, 438.694, 438.169, 437.602, 436.989, 436.327, 435.615, 434.848, 434.033, 433.167, 432.247, 431.27, 430.232, 429.129, 427.957, 426.712, 425.39, 423.985, 422.492, 420.906, 419.221, 417.431, 415.529, 413.508, 411.362, 409.081, 406.658, 404.084, 401.349, 398.444, 395.357, 392.078, 388.594, 384.892, 380.96, 376.782, 372.343, 367.627, 362.617, 357.295, 351.64, 345.632, 339.25, 332.469, 325.265, 317.611, 309.48, 300.841, 300.075, 300.007, 300.001, 300, 300, 300, 300, 300, 300, 300, 300, 300, 300, 300, 300, 300, 300, 300, 300, 300, 300, 300, 300, 300, 300, 300, 300, 300, 300, 
443.259, 443.259, 443.249, 443.228, 443.196, 443.152, 443.096, 443.025, 442.941, 442.841, 442.725, 442.592, 442.44, 442.269, 442.077, 441.863, 441.626, 441.364, 441.076, 440.76, 440.414, 440.037, 439.626, 439.179, 438.694, 438.169, 437.602, 436.989, 436.327, 435.615, 434.848, 434.033, 433.167, 432.247, 431.27, 430.232, 429.129, 427.957, 426.712, 425.39, 423.985, 422.492, 420.906, 419.221, 417.431, 415.529, 413.508, 411.362, 409.081, 406.658, 404.084, 401.349, 398.444, 395.357, 392.078, 388.594, 384.892, 380.96, 376.782, 372.343, 367.627, 362.617, 357.295, 351.64, 345.632, 339.25, 332.469, 325.265, 317.611, 309.48, 300.841, 300.075, 300.007, 300.001, 300, 300, 300, 300, 300, 300, 300, 300, 300, 300, 300, 300, 300, 300, 300, 300, 300, 300, 300, 300, 300, 300, 300, 300, 300, 300, 
443.259, 443.259, 443.249, 443.228, 443.196, 443.152, 443.096, 443.025, 442.941, 442.841, 442.725, 442.592, 442.44, 442.269, 442.077, 441.863, 441.626, 441.364, 441.076, 440.76, 440.414, 440.037, 439.626, 439.179, 438.694, 438.169, 437.602, 436.989, 436.327, 435.615, 434.848, 434.033, 433.167, 432.247, 431.27, 430.232, 429.129, 427.957, 426.712, 425.39, 423.985, 422.492, 420.906, 419.221, 417.431, 415.529, 413.508, 411.362, 409.081, 406.658, 404.084, 401.349, 398.444, 395.357, 392.078, 388.594, 384.892, 380.96, 376.782, 372.343, 367.627, 362.617, 357.295, 351.64, 345.632, 339.25, 332.469, 325.265, 317.611, 309.48, 300.841, 300.075, 300.007, 300.001, 300, 300, 300, 300, 300, 300, 300, 300, 300, 300, 300, 300, 300, 300, 300, 300, 300, 300, 300, 300, 300, 300, 300, 300, 300, 300, 
443.259, 443.259, 443.249, 443.228, 443.196, 443.152, 443.096, 443.025, 442.941, 442.841, 442.725, 442.592, 442.44, 442.269, 442.077, 441.863, 441.626, 441.364, 441.076, 440.76, 440.414, 440.037, 439.626, 439.179, 438.694, 438.169, 437.602, 436.989, 436.327, 435.615, 434.848, 434.033, 433.167, 432.247, 431.27, 430.232, 429.129, 427.957, 426.712, 425.39, 423.985, 422.492, 420.906, 419.221, 417.431, 415.529, 413.508, 411.362, 409.081, 406.658, 404.084, 401.349, 398.444, 395.357, 392.078, 388.594, 384.892, 380.96, 376.782, 372.343, 367.627, 362.617, 357.295, 351.64, 345.632, 339.25, 332.469, 325.265, 317.611, 309.48, 300.841, 300.075, 300.007, 300.001, 300, 300, 300, 300, 300, 300, 300, 300, 300, 300, 300, 300, 300, 300, 300, 300, 300, 300, 300, 300, 300, 300, 300, 300, 300, 300, 
443.259, 443.259, 443.249, 443.228, 443.196, 443.152, 443.096, 443.025, 442.941, 442.841, 442.725, 442.592, 442.44, 442.269, 442.077, 441.863, 441.626, 441.364, 441.076, 440.76, 440.414, 440.037, 439.626, 439.179, 438.694, 438.169, 437.602, 436.989, 436.327, 435.615, 434.848, 434.033, 433.167, 432.247, 431.27, 430.232, 429.129, 427.957, 426.712, 425.39, 423.985, 422.492, 420.906, 419.221, 417.431, 415.529, 413.508, 411.362, 409.081, 406.658, 404.084, 401.349, 398.444, 395.357, 392.078, 388.594, 384.892, 380.96, 376.782, 372.343, 367.627, 362.617, 357.295, 351.64, 345.632, 339.25, 332.469, 325.265, 317.611, 309.48, 300.841, 300.075, 300.007, 300.001, 300, 300, 300, 300, 300, 300, 300, 300, 300, 300, 300, 300, 300, 300, 300, 300, 300, 300, 300, 300, 300, 300, 300, 300, 300, 300, 
443.259, 443.259, 443.249, 443.228, 443.196, 443.152, 443.096, 443.025, 442.941, 442.841, 442.725, 442.592, 442.44, 442.269, 442.077, 441.863, 441.626, 441.364, 441.076, 440.76, 440.414, 440.037, 439.626, 439.179, 438.694, 438.169, 437.602, 436.989, 436.327, 435.615, 434.848, 434.033, 433.167, 432.247, 431.27, 430.232, 429.129, 427.957, 426.712, 425.39, 423.985, 422.492, 420.906, 419.221, 417.431, 415.529, 413.508, 411.362, 409.081, 406.658, 404.084, 401.349, 398.444, 395.357, 392.078, 388.594, 384.892, 380.96, 376.782, 372.343, 367.627, 362.617, 357.295, 351.64, 345.632, 339.25, 332.469, 325.265, 317.611, 309.48, 300.841, 300.075, 300.007, 300.001, 300, 300, 300, 300, 300, 300, 300, 300, 300, 300, 300, 300, 300, 300, 300, 300, 300, 300, 300, 300, 300, 300, 300, 300, 300, 300, 
443.259, 443.259, 443.249, 443.228, 443.196, 443.152, 443.096, 443.025, 442.941, 442.841, 442.725, 442.592, 442.44, 442.269, 442.077, 441.863, 441.626, 441.364, 441.076, 440.76, 440.414, 440.037, 439.626, 439.179, 438.694, 438.169, 437.602, 436.989, 436.327, 435.615, 434.848, 434.033, 433.167, 432.247, 431.27, 430.232, 429.129, 427.957, 426.712, 425.39, 423.985, 422.492, 420.906, 419.221, 417.431, 415.529, 413.508, 411.362, 409.081, 406.658, 404.084, 401.349, 398.444, 395.357, 392.078, 388.594, 384.892, 380.96, 376.782, 372.343, 367.627, 362.617, 357.295, 351.64, 345.632, 339.25, 332.469, 325.265, 317.611, 309.48, 300.841, 300.075, 300.007, 300.001, 300, 300, 300, 300, 300, 300, 300, 300, 300, 300, 300, 300, 300, 300, 300, 300, 300, 300, 300, 300, 300, 300, 300, 300, 300, 300, 
443.259, 443.259, 443.249, 443.228, 443.196, 443.152, 443.096, 443.025, 442.941, 442.841, 442.725, 442.592, 442.44, 442.269, 442.077, 441.863, 441.626, 441.364, 441.076, 440.76, 440.414, 440.037, 439.626, 439.179, 438.694, 438.169, 437.602, 436.989, 436.327, 435.615, 434.848, 434.033, 433.167, 432.247, 431.27, 430.232, 429.129, 427.957, 426.712, 425.39, 423.985, 422.492, 420.906, 419.221, 417.431, 415.529, 413.508, 411.362, 409.081, 406.658, 404.084, 401.349, 398.444, 395.357, 392.078, 388.594, 384.892, 380.96, 376.782, 372.343, 367.627, 362.617, 357.295, 351.64, 345.632, 339.25, 332.469, 325.265, 317.611, 309.48, 300.841, 300.075, 300.007, 300.001, 300, 300, 300, 300, 300, 300, 300, 300, 300, 300, 300, 300, 300, 300, 300, 300, 300, 300, 300, 300, 300, 300, 300, 300, 300, 300, 
443.259, 443.259, 443.249, 443.228, 443.196, 443.152, 443.096, 443.025, 442.941, 442.841, 442.725, 442.592, 442.44, 442.269, 442.077, 441.863, 441.626, 441.364, 441.076, 440.76, 440.414, 440.037, 439.626, 439.179, 438.694, 438.169, 437.602, 436.989, 436.327, 435.615, 434.848, 434.033, 433.167, 432.247, 431.27, 430.232, 429.129, 427.957, 426.712, 425.39, 423.985, 422.492, 420.906, 419.221, 417.431, 415.529, 413.508, 411.362, 409.081, 406.658, 404.084, 401.349, 398.444, 395.357, 392.078, 388.594, 384.892, 380.96, 376.782, 372.343, 367.627, 362.617, 357.295, 351.64, 345.632, 339.25, 332.469, 325.265, 317.611, 309.48, 300.841, 300.075, 300.007, 300.001, 300, 300, 300, 300, 300, 300, 300, 300, 300, 300, 300, 300, 300, 300, 300, 300, 300, 300, 300, 300, 300, 300, 300, 300, 300, 300, 
443.259, 443.259, 443.249, 443.228, 443.196, 443.152, 443.096, 443.025, 442.941, 442.841, 442.725, 442.592, 442.44, 442.269, 442.077, 441.863, 441.626, 441.364, 441.076, 440.76, 440.414, 440.037, 439.626, 439.179, 438.694, 438.169, 437.602, 436.989, 436.327, 435.615, 434.848, 434.033, 433.167, 432.247, 431.27, 430.232, 429.129, 427.957, 426.712, 425.39, 423.985, 422.492, 420.906, 419.221, 417.431, 415.529, 413.508, 411.362, 409.081, 406.658, 404.084, 401.349, 398.444, 395.357, 392.078, 388.594, 384.892, 380.96, 376.782, 372.343, 367.627, 362.617, 357.295, 351.64, 345.632, 339.25, 332.469, 325.265, 317.611, 309.48, 300.841, 300.075, 300.007, 300.001, 300, 300, 300, 300, 300, 300, 300, 300, 300, 300, 300, 300, 300, 300, 300, 300, 300, 300, 300, 300, 300, 300, 300, 300, 300, 300, 
443.259, 443.259, 443.249, 443.228, 443.196, 443.152, 443.096, 443.025, 442.941, 442.841, 442.725, 442.592, 442.44, 442.269, 442.077, 441.863, 441.626, 441.364, 441.076, 440.76, 440.414, 440.037, 439.626, 439.179, 438.694, 438.169, 437.602, 436.989, 436.327, 435.615, 434.848, 434.033, 433.167, 432.247, 431.27, 430.232, 429.129, 427.957, 426.712, 425.39, 423.985, 422.492, 420.906, 419.221, 417.431, 415.529, 413.508, 411.362, 409.081, 406.658, 404.084, 401.349, 398.444, 395.357, 392.078, 388.594, 384.892, 380.96, 376.782, 372.343, 367.627, 362.617, 357.295, 351.64, 345.632, 339.25, 332.469, 325.265, 317.611, 309.48, 300.841, 300.075, 300.007, 300.001, 300, 300, 300, 300, 300, 300, 300, 300, 300, 300, 300, 300, 300, 300, 300, 300, 300, 300, 300, 300, 300, 300, 300, 300, 300, 300, 
443.259, 443.259, 443.249, 443.228, 443.196, 443.152, 443.096, 443.025, 442.941, 442.841, 442.725, 442.592, 442.44, 442.269, 442.077, 441.863, 441.626, 441.364, 441.076, 440.76, 440.414, 440.037, 439.626, 439.179, 438.694, 438.169, 437.602, 436.989, 436.327, 435.615, 434.848, 434.033, 433.167, 432.247, 431.27, 430.232, 429.129, 427.957, 426.712, 425.39, 423.985, 422.492, 420.906, 419.221, 417.431, 415.529, 413.508, 411.362, 409.081, 406.658, 404.084, 401.349, 398.444, 395.357, 392.078, 388.594, 384.892, 380.96, 376.782, 372.343, 367.627, 362.617, 357.295, 351.64, 345.632, 339.25, 332.469, 325.265, 317.611, 309.48, 300.841, 300.075, 300.007, 300.001, 300, 300, 300, 300, 300, 300, 300, 300, 300, 300, 300, 300, 300, 300, 300, 300, 300, 300, 300, 300, 300, 300, 300, 300, 300, 300, 
443.259, 443.259, 443.249, 443.228, 443.196, 443.152, 443.096, 443.025, 442.941, 442.841, 442.725, 442.592, 442.44, 442.269, 442.077, 441.863, 441.626, 441.364, 441.076, 440.76, 440.414, 440.037, 439.626, 439.179, 438.694, 438.169, 437.602, 436.989, 436.327, 435.615, 434.848, 434.033, 433.167, 432.247, 431.27, 430.232, 429.129, 427.957, 426.712, 425.39, 423.985, 422.492, 420.906, 419.221, 417.431, 415.529, 413.508, 411.362, 409.081, 406.658, 404.084, 401.349, 398.444, 395.357, 392.078, 388.594, 384.892, 380.96, 376.782, 372.343, 367.627, 362.617, 357.295, 351.64, 345.632, 339.25, 332.469, 325.265, 317.611, 309.48, 300.841, 300.075, 300.007, 300.001, 300, 300, 300, 300, 300, 300, 300, 300, 300, 300, 300, 300, 300, 300, 300, 300, 300, 300, 300, 300, 300, 300, 300, 300, 300, 300, 
443.259, 443.259, 443.249, 443.228, 443.196, 443.152, 443.096, 443.025, 442.941, 442.841, 442.725, 442.592, 442.44, 442.269, 442.077, 441.863, 441.626, 441.364, 441.076, 440.76, 440.414, 440.037, 439.626, 439.179, 438.694, 438.169, 437.602, 436.989, 436.327, 435.615, 434.848, 434.033, 433.167, 432.247, 431.27, 430.232, 429.129, 427.957, 426.712, 425.39, 423.985, 422.492, 420.906, 419.221, 417.431, 415.529, 413.508, 411.362, 409.081, 406.658, 404.084, 401.349, 398.444, 395.357, 392.078, 388.594, 384.892, 380.96, 376.782, 372.343, 367.627, 362.617, 357.295, 351.64, 345.632, 339.25, 332.469, 325.265, 317.611, 309.48, 300.841, 300.075, 300.007, 300.001, 300, 300, 300, 300, 300, 300, 300, 300, 300, 300, 300, 300, 300, 300, 300, 300, 300, 300, 300, 300, 300, 300, 300, 300, 300, 300, 
443.259, 443.259, 443.249, 443.228, 443.196, 443.152, 443.096, 443.025, 442.941, 442.841, 442.725, 442.592, 442.44, 442.269, 442.077, 441.863, 441.626, 441.364, 441.076, 440.76, 440.414, 440.037, 439.626, 439.179, 438.694, 438.169, 437.602, 436.989, 436.327, 435.615, 434.848, 434.033, 433.167, 432.247, 431.27, 430.232, 429.129, 427.957, 426.712, 425.39, 423.985, 422.492, 420.906, 419.221, 417.431, 415.529, 413.508, 411.362, 409.081, 406.658, 404.084, 401.349, 398.444, 395.357, 392.078, 388.594, 384.892, 380.96, 376.782, 372.343, 367.627, 362.617, 357.295, 351.64, 345.632, 339.25, 332.469, 325.265, 317.611, 309.48, 300.841, 300.075, 300.007, 300.001, 300, 300, 300, 300, 300, 300, 300, 300, 300, 300, 300, 300, 300, 300, 300, 300, 300, 300, 300, 300, 300, 300, 300, 300, 300, 300, 
443.259, 443.259, 443.249, 443.228, 443.196, 443.152, 443.096, 443.025, 442.941, 442.841, 442.725, 442.592, 442.44, 442.269, 442.077, 441.863, 441.626, 441.364, 441.076, 440.76, 440.414, 440.037, 439.626, 439.179, 438.694, 438.169, 437.602, 436.989, 436.327, 435.615, 434.848, 434.033, 433.167, 432.247, 431.27, 430.232, 429.129, 427.957, 426.712, 425.39, 423.985, 422.492, 420.906, 419.221, 417.431, 415.529, 413.508, 411.362, 409.081, 406.658, 404.084, 401.349, 398.444, 395.357, 392.078, 388.594, 384.892, 380.96, 376.782, 372.343, 367.627, 362.617, 357.295, 351.64, 345.632, 339.25, 332.469, 325.265, 317.611, 309.48, 300.841, 300.075, 300.007, 300.001, 300, 300, 300, 300, 300, 300, 300, 300, 300, 300, 300, 300, 300, 300, 300, 300, 300, 300, 300, 300, 300, 300, 300, 300, 300, 300, 
443.259, 443.259, 443.249, 443.228, 443.196, 443.152, 443.096, 443.025, 442.941, 442.841, 442.725, 442.592, 442.44, 442.269, 442.077, 441.863, 441.626, 441.364, 441.076, 440.76, 440.414, 440.037, 439.626, 439.179, 438.694, 438.169, 437.602, 436.989, 436.327, 435.615, 434.848, 434.033, 433.167, 432.247, 431.27, 430.232, 429.129, 427.957, 426.712, 425.39, 423.985, 422.492, 420.906, 419.221, 417.431, 415.529, 413.508, 411.362, 409.081, 406.658, 404.084, 401.349, 398.444, 395.357, 392.078, 388.594, 384.892, 380.96, 376.782, 372.343, 367.627, 362.617, 357.295, 351.64, 345.632, 339.25, 332.469, 325.265, 317.611, 309.48, 300.841, 300.075, 300.007, 300.001, 300, 300, 300, 300, 300, 300, 300, 300, 300, 300, 300, 300, 300, 300, 300, 300, 300, 300, 300, 300, 300, 300, 300, 300, 300, 300, 
443.259, 443.259, 443.249, 443.228, 443.196, 443.152, 443.096, 443.025, 442.941, 442.841, 442.725, 442.592, 442.44, 442.269, 442.077, 441.863, 441.626, 441.364, 441.076, 440.76, 440.414, 440.037, 439.626, 439.179, 438.694, 438.169, 437.602, 436.989, 436.327, 435.615, 434.848, 434.033, 433.167, 432.247, 431.27, 430.232, 429.129, 427.957, 426.712, 425.39, 423.985, 422.492, 420.906, 419.221, 417.431, 415.529, 413.508, 411.362, 409.081, 406.658, 404.084, 401.349, 398.444, 395.357, 392.078, 388.594, 384.892, 380.96, 376.782, 372.343, 367.627, 362.617, 357.295, 351.64, 345.632, 339.25, 332.469, 325.265, 317.611, 309.48, 300.841, 300.075, 300.007, 300.001, 300, 300, 300, 300, 300, 300, 300, 300, 300, 300, 300, 300, 300, 300, 300, 300, 300, 300, 300, 300, 300, 300, 300, 300, 300, 300, 
443.259, 443.259, 443.249, 443.228, 443.196, 443.152, 443.096, 443.025, 442.941, 442.841, 442.725, 442.592, 442.44, 442.269, 442.077, 441.863, 441.626, 441.364, 441.076, 440.76, 440.414, 440.037, 439.626, 439.179, 438.694, 438.169, 437.602, 436.989, 436.327, 435.615, 434.848, 434.033, 433.167, 432.247, 431.27, 430.232, 429.129, 427.957, 426.712, 425.39, 423.985, 422.492, 420.906, 419.221, 417.431, 415.529, 413.508, 411.362, 409.081, 406.658, 404.084, 401.349, 398.444, 395.357, 392.078, 388.594, 384.892, 380.96, 376.782, 372.343, 367.627, 362.617, 357.295, 351.64, 345.632, 339.25, 332.469, 325.265, 317.611, 309.48, 300.841, 300.075, 300.007, 300.001, 300, 300, 300, 300, 300, 300, 300, 300, 300, 300, 300, 300, 300, 300, 300, 300, 300, 300, 300, 300, 300, 300, 300, 300, 300, 300, 
443.259, 443.259, 443.249, 443.228, 443.196, 443.152, 443.096, 443.025, 442.941, 442.841, 442.725, 442.592, 442.44, 442.269, 442.077, 441.863, 441.626, 441.364, 441.076, 440.76, 440.414, 440.037, 439.626, 439.179, 438.694, 438.169, 437.602, 436.989, 436.327, 435.615, 434.848, 434.033, 433.167, 432.247, 431.27, 430.232, 429.129, 427.957, 426.712, 425.39, 423.985, 422.492, 420.906, 419.221, 417.431, 415.529, 413.508, 411.362, 409.081, 406.658, 404.084, 401.349, 398.444, 395.357, 392.078, 388.594, 384.892, 380.96, 376.782, 372.343, 367.627, 362.617, 357.295, 351.64, 345.632, 339.25, 332.469, 325.265, 317.611, 309.48, 300.841, 300.075, 300.007, 300.001, 300, 300, 300, 300, 300, 300, 300, 300, 300, 300, 300, 300, 300, 300, 300, 300, 300, 300, 300, 300, 300, 300, 300, 300, 300, 300, 
443.259, 443.259, 443.249, 443.228, 443.196, 443.152, 443.096, 443.025, 442.941, 442.841, 442.725, 442.592, 442.44, 442.269, 442.077, 441.863, 441.626, 441.364, 441.076, 440.76, 440.414, 440.037, 439.626, 439.179, 438.694, 438.169, 437.602, 436.989, 436.327, 435.615, 434.848, 434.033, 433.167, 432.247, 431.27, 430.232, 429.129, 427.957, 426.712, 425.39, 423.985, 422.492, 420.906, 419.221, 417.431, 415.529, 413.508, 411.362, 409.081, 406.658, 404.084, 401.349, 398.444, 395.357, 392.078, 388.594, 384.892, 380.96, 376.782, 372.343, 367.627, 362.617, 357.295, 351.64, 345.632, 339.25, 332.469, 325.265, 317.611, 309.48, 300.841, 300.075, 300.007, 300.001, 300, 300, 300, 300, 300, 300, 300, 300, 300, 300, 300, 300, 300, 300, 300, 300, 300, 300, 300, 300, 300, 300, 300, 300, 300, 300, 
443.259, 443.259, 443.249, 443.228, 443.196, 443.152, 443.096, 443.025, 442.941, 442.841, 442.725, 442.592, 442.44, 442.269, 442.077, 441.863, 441.626, 441.364, 441.076, 440.76, 440.414, 440.037, 439.626, 439.179, 438.694, 438.169, 437.602, 436.989, 436.327, 435.615, 434.848, 434.033, 433.167, 432.247, 431.27, 430.232, 429.129, 427.957, 426.712, 425.39, 423.985, 422.492, 420.906, 419.221, 417.431, 415.529, 413.508, 411.362, 409.081, 406.658, 404.084, 401.349, 398.444, 395.357, 392.078, 388.594, 384.892, 380.96, 376.782, 372.343, 367.627, 362.617, 357.295, 351.64, 345.632, 339.25, 332.469, 325.265, 317.611, 309.48, 300.841, 300.075, 300.007, 300.001, 300, 300, 300, 300, 300, 300, 300, 300, 300, 300, 300, 300, 300, 300, 300, 300, 300, 300, 300, 300, 300, 300, 300, 300, 300, 300, 
443.259, 443.259, 443.249, 443.228, 443.196, 443.152, 443.096, 443.025, 442.941, 442.841, 442.725, 442.592, 442.44, 442.269, 442.077, 441.863, 441.626, 441.364, 441.076, 440.76, 440.414, 440.037, 439.626, 439.179, 438.694, 438.169, 437.602, 436.989, 436.327, 435.615, 434.848, 434.033, 433.167, 432.247, 431.27, 430.232, 429.129, 427.957, 426.712, 425.39, 423.985, 422.492, 420.906, 419.221, 417.431, 415.529, 413.508, 411.362, 409.081, 406.658, 404.084, 401.349, 398.444, 395.357, 392.078, 388.594, 384.892, 380.96, 376.782, 372.343, 367.627, 362.617, 357.295, 351.64, 345.632, 339.25, 332.469, 325.265, 317.611, 309.48, 300.841, 300.075, 300.007, 300.001, 300, 300, 300, 300, 300, 300, 300, 300, 300, 300, 300, 300, 300, 300, 300, 300, 300, 300, 300, 300, 300, 300, 300, 300, 300, 300, 
443.259, 443.259, 443.249, 443.228, 443.196, 443.152, 443.096, 443.025, 442.941, 442.841, 442.725, 442.592, 442.44, 442.269, 442.077, 441.863, 441.626, 441.364, 441.076, 440.76, 440.414, 440.037, 439.626, 439.179, 438.694, 438.169, 437.602, 436.989, 436.327, 435.615, 434.848, 434.033, 433.167, 432.247, 431.27, 430.232, 429.129, 427.957, 426.712, 425.39, 423.985, 422.492, 420.906, 419.221, 417.431, 415.529, 413.508, 411.362, 409.081, 406.658, 404.084, 401.349, 398.444, 395.357, 392.078, 388.594, 384.892, 380.96, 376.782, 372.343, 367.627, 362.617, 357.295, 351.64, 345.632, 339.25, 332.469, 325.265, 317.611, 309.48, 300.841, 300.075, 300.007, 300.001, 300, 300, 300, 300, 300, 300, 300, 300, 300, 300, 300, 300, 300, 300, 300, 300, 300, 300, 300, 300, 300, 300, 300, 300, 300, 300, 
443.259, 443.259, 443.249, 443.228, 443.196, 443.152, 443.096, 443.025, 442.941, 442.841, 442.725, 442.592, 442.44, 442.269, 442.077, 441.863, 441.626, 441.364, 441.076, 440.76, 440.414, 440.037, 439.626, 439.179, 438.694, 438.169, 437.602, 436.989, 436.327, 435.615, 434.848, 434.033, 433.167, 432.247, 431.27, 430.232, 429.129, 427.957, 426.712, 425.39, 423.985, 422.492, 420.906, 419.221, 417.431, 415.529, 413.508, 411.362, 409.081, 406.658, 404.084, 401.349, 398.444, 395.357, 392.078, 388.594, 384.892, 380.96, 376.782, 372.343, 367.627, 362.617, 357.295, 351.64, 345.632, 339.25, 332.469, 325.265, 317.611, 309.48, 300.841, 300.075, 300.007, 300.001, 300, 300, 300, 300, 300, 300, 300, 300, 300, 300, 300, 300, 300, 300, 300, 300, 300, 300, 300, 300, 300, 300, 300, 300, 300, 300, 
443.259, 443.259, 443.249, 443.228, 443.196, 443.152, 443.096, 443.025, 442.941, 442.841, 442.725, 442.592, 442.44, 442.269, 442.077, 441.863, 441.626, 441.364, 441.076, 440.76, 440.414, 440.037, 439.626, 439.179, 438.694, 438.169, 437.602, 436.989, 436.327, 435.615, 434.848, 434.033, 433.167, 432.247, 431.27, 430.232, 429.129, 427.957, 426.712, 425.39, 423.985, 422.492, 420.906, 419.221, 417.431, 415.529, 413.508, 411.362, 409.081, 406.658, 404.084, 401.349, 398.444, 395.357, 392.078, 388.594, 384.892, 380.96, 376.782, 372.343, 367.627, 362.617, 357.295, 351.64, 345.632, 339.25, 332.469, 325.265, 317.611, 309.48, 300.841, 300.075, 300.007, 300.001, 300, 300, 300, 300, 300, 300, 300, 300, 300, 300, 300, 300, 300, 300, 300, 300, 300, 300, 300, 300, 300, 300, 300, 300, 300, 300, 
443.259, 443.259, 443.249, 443.228, 443.196, 443.152, 443.096, 443.025, 442.941, 442.841, 442.725, 442.592, 442.44, 442.269, 442.077, 441.863, 441.626, 441.364, 441.076, 440.76, 440.414, 440.037, 439.626, 439.179, 438.694, 438.169, 437.602, 436.989, 436.327, 435.615, 434.848, 434.033, 433.167, 432.247, 431.27, 430.232, 429.129, 427.957, 426.712, 425.39, 423.985, 422.492, 420.906, 419.221, 417.431, 415.529, 413.508, 411.362, 409.081, 406.658, 404.084, 401.349, 398.444, 395.357, 392.078, 388.594, 384.892, 380.96, 376.782, 372.343, 367.627, 362.617, 357.295, 351.64, 345.632, 339.25, 332.469, 325.265, 317.611, 309.48, 300.841, 300.075, 300.007, 300.001, 300, 300, 300, 300, 300, 300, 300, 300, 300, 300, 300, 300, 300, 300, 300, 300, 300, 300, 300, 300, 300, 300, 300, 300, 300, 300, 
443.259, 443.259, 443.249, 443.228, 443.196, 443.152, 443.096, 443.025, 442.941, 442.841, 442.725, 442.592, 442.44, 442.269, 442.077, 441.863, 441.626, 441.364, 441.076, 440.76, 440.414, 440.037, 439.626, 439.179, 438.694, 438.169, 437.602, 436.989, 436.327, 435.615, 434.848, 434.033, 433.167, 432.247, 431.27, 430.232, 429.129, 427.957, 426.712, 425.39, 423.985, 422.492, 420.906, 419.221, 417.431, 415.529, 413.508, 411.362, 409.081, 406.658, 404.084, 401.349, 398.444, 395.357, 392.078, 388.594, 384.892, 380.96, 376.782, 372.343, 367.627, 362.617, 357.295, 351.64, 345.632, 339.25, 332.469, 325.265, 317.611, 309.48, 300.841, 300.075, 300.007, 300.001, 300, 300, 300, 300, 300, 300, 300, 300, 300, 300, 300, 300, 300, 300, 300, 300, 300, 300, 300, 300, 300, 300, 300, 300, 300, 300, 
443.259, 443.259, 443.249, 443.228, 443.196, 443.152, 443.096, 443.025, 442.941, 442.841, 442.725, 442.592, 442.44, 442.269, 442.077, 441.863, 441.626, 441.364, 441.076, 440.76, 440.414, 440.037, 439.626, 439.179, 438.694, 438.169, 437.602, 436.989, 436.327, 435.615, 434.848, 434.033, 433.167, 432.247, 431.27, 430.232, 429.129, 427.957, 426.712, 425.39, 423.985, 422.492, 420.906, 419.221, 417.431, 415.529, 413.508, 411.362, 409.081, 406.658, 404.084, 401.349, 398.444, 395.357, 392.078, 388.594, 384.892, 380.96, 376.782, 372.343, 367.627, 362.617, 357.295, 351.64, 345.632, 339.25, 332.469, 325.265, 317.611, 309.48, 300.841, 300.075, 300.007, 300.001, 300, 300, 300, 300, 300, 300, 300, 300, 300, 300, 300, 300, 300, 300, 300, 300, 300, 300, 300, 300, 300, 300, 300, 300, 300, 300, 
443.259, 443.259, 443.249, 443.228, 443.196, 443.152, 443.096, 443.025, 442.941, 442.841, 442.725, 442.592, 442.44, 442.269, 442.077, 441.863, 441.626, 441.364, 441.076, 440.76, 440.414, 440.037, 439.626, 439.179, 438.694, 438.169, 437.602, 436.989, 436.327, 435.615, 434.848, 434.033, 433.167, 432.247, 431.27, 430.232, 429.129, 427.957, 426.712, 425.39, 423.985, 422.492, 420.906, 419.221, 417.431, 415.529, 413.508, 411.362, 409.081, 406.658, 404.084, 401.349, 398.444, 395.357, 392.078, 388.594, 384.892, 380.96, 376.782, 372.343, 367.627, 362.617, 357.295, 351.64, 345.632, 339.25, 332.469, 325.265, 317.611, 309.48, 300.841, 300.075, 300.007, 300.001, 300, 300, 300, 300, 300, 300, 300, 300, 300, 300, 300, 300, 300, 300, 300, 300, 300, 300, 300, 300, 300, 300, 300, 300, 300, 300, 
443.259, 443.259, 443.249, 443.228, 443.196, 443.152, 443.096, 443.025, 442.941, 442.841, 442.725, 442.592, 442.44, 442.269, 442.077, 441.863, 441.626, 441.364, 441.076, 440.76, 440.414, 440.037, 439.626, 439.179, 438.694, 438.169, 437.602, 436.989, 436.327, 435.615, 434.848, 434.033, 433.167, 432.247, 431.27, 430.232, 429.129, 427.957, 426.712, 425.39, 423.985, 422.492, 420.906, 419.221, 417.431, 415.529, 413.508, 411.362, 409.081, 406.658, 404.084, 401.349, 398.444, 395.357, 392.078, 388.594, 384.892, 380.96, 376.782, 372.343, 367.627, 362.617, 357.295, 351.64, 345.632, 339.25, 332.469, 325.265, 317.611, 309.48, 300.841, 300.075, 300.007, 300.001, 300, 300, 300, 300, 300, 300, 300, 300, 300, 300, 300, 300, 300, 300, 300, 300, 300, 300, 300, 300, 300, 300, 300, 300, 300, 300, 
443.259, 443.259, 443.249, 443.228, 443.196, 443.152, 443.096, 443.025, 442.941, 442.841, 442.725, 442.592, 442.44, 442.269, 442.077, 441.863, 441.626, 441.364, 441.076, 440.76, 440.414, 440.037, 439.626, 439.179, 438.694, 438.169, 437.602, 436.989, 436.327, 435.615, 434.848, 434.033, 433.167, 432.247, 431.27, 430.232, 429.129, 427.957, 426.712, 425.39, 423.985, 422.492, 420.906, 419.221, 417.431, 415.529, 413.508, 411.362, 409.081, 406.658, 404.084, 401.349, 398.444, 395.357, 392.078, 388.594, 384.892, 380.96, 376.782, 372.343, 367.627, 362.617, 357.295, 351.64, 345.632, 339.25, 332.469, 325.265, 317.611, 309.48, 300.841, 300.075, 300.007, 300.001, 300, 300, 300, 300, 300, 300, 300, 300, 300, 300, 300, 300, 300, 300, 300, 300, 300, 300, 300, 300, 300, 300, 300, 300, 300, 300, 
443.259, 443.259, 443.249, 443.228, 443.196, 443.152, 443.096, 443.025, 442.941, 442.841, 442.725, 442.592, 442.44, 442.269, 442.077, 441.863, 441.626, 441.364, 441.076, 440.76, 440.414, 440.037, 439.626, 439.179, 438.694, 438.169, 437.602, 436.989, 436.327, 435.615, 434.848, 434.033, 433.167, 432.247, 431.27, 430.232, 429.129, 427.957, 426.712, 425.39, 423.985, 422.492, 420.906, 419.221, 417.431, 415.529, 413.508, 411.362, 409.081, 406.658, 404.084, 401.349, 398.444, 395.357, 392.078, 388.594, 384.892, 380.96, 376.782, 372.343, 367.627, 362.617, 357.295, 351.64, 345.632, 339.25, 332.469, 325.265, 317.611, 309.48, 300.841, 300.075, 300.007, 300.001, 300, 300, 300, 300, 300, 300, 300, 300, 300, 300, 300, 300, 300, 300, 300, 300, 300, 300, 300, 300, 300, 300, 300, 300, 300, 300, 
443.259, 443.259, 443.249, 443.228, 443.196, 443.152, 443.096, 443.025, 442.941, 442.841, 442.725, 442.592, 442.44, 442.269, 442.077, 441.863, 441.626, 441.364, 441.076, 440.76, 440.414, 440.037, 439.626, 439.179, 438.694, 438.169, 437.602, 436.989, 436.327, 435.615, 434.848, 434.033, 433.167, 432.247, 431.27, 430.232, 429.129, 427.957, 426.712, 425.39, 423.985, 422.492, 420.906, 419.221, 417.431, 415.529, 413.508, 411.362, 409.081, 406.658, 404.084, 401.349, 398.444, 395.357, 392.078, 388.594, 384.892, 380.96, 376.782, 372.343, 367.627, 362.617, 357.295, 351.64, 345.632, 339.25, 332.469, 325.265, 317.611, 309.48, 300.841, 300.075, 300.007, 300.001, 300, 300, 300, 300, 300, 300, 300, 300, 300, 300, 300, 300, 300, 300, 300, 300, 300, 300, 300, 300, 300, 300, 300, 300, 300, 300, 
443.259, 443.259, 443.249, 443.228, 443.196, 443.152, 443.096, 443.025, 442.941, 442.841, 442.725, 442.592, 442.44, 442.269, 442.077, 441.863, 441.626, 441.364, 441.076, 440.76, 440.414, 440.037, 439.626, 439.179, 438.694, 438.169, 437.602, 436.989, 436.327, 435.615, 434.848, 434.033, 433.167, 432.247, 431.27, 430.232, 429.129, 427.957, 426.712, 425.39, 423.985, 422.492, 420.906, 419.221, 417.431, 415.529, 413.508, 411.362, 409.081, 406.658, 404.084, 401.349, 398.444, 395.357, 392.078, 388.594, 384.892, 380.96, 376.782, 372.343, 367.627, 362.617, 357.295, 351.64, 345.632, 339.25, 332.469, 325.265, 317.611, 309.48, 300.841, 300.075, 300.007, 300.001, 300, 300, 300, 300, 300, 300, 300, 300, 300, 300, 300, 300, 300, 300, 300, 300, 300, 300, 300, 300, 300, 300, 300, 300, 300, 300, 
443.259, 443.259, 443.249, 443.228, 443.196, 443.152, 443.096, 443.025, 442.941, 442.841, 442.725, 442.592, 442.44, 442.269, 442.077, 441.863, 441.626, 441.364, 441.076, 440.76, 440.414, 440.037, 439.626, 439.179, 438.694, 438.169, 437.602, 436.989, 436.327, 435.615, 434.848, 434.033, 433.167, 432.247, 431.27, 430.232, 429.129, 427.957, 426.712, 425.39, 423.985, 422.492, 420.906, 419.221, 417.431, 415.529, 413.508, 411.362, 409.081, 406.658, 404.084, 401.349, 398.444, 395.357, 392.078, 388.594, 384.892, 380.96, 376.782, 372.343, 367.627, 362.617, 357.295, 351.64, 345.632, 339.25, 332.469, 325.265, 317.611, 309.48, 300.841, 300.075, 300.007, 300.001, 300, 300, 300, 300, 300, 300, 300, 300, 300, 300, 300, 300, 300, 300, 300, 300, 300, 300, 300, 300, 300, 300, 300, 300, 300, 300, 
443.259, 443.259, 443.249, 443.228, 443.196, 443.152, 443.096, 443.025, 442.941, 442.841, 442.725, 442.592, 442.44, 442.269, 442.077, 441.863, 441.626, 441.364, 441.076, 440.76, 440.414, 440.037, 439.626, 439.179, 438.694, 438.169, 437.602, 436.989, 436.327, 435.615, 434.848, 434.033, 433.167, 432.247, 431.27, 430.232, 429.129, 427.957, 426.712, 425.39, 423.985, 422.492, 420.906, 419.221, 417.431, 415.529, 413.508, 411.362, 409.081, 406.658, 404.084, 401.349, 398.444, 395.357, 392.078, 388.594, 384.892, 380.96, 376.782, 372.343, 367.627, 362.617, 357.295, 351.64, 345.632, 339.25, 332.469, 325.265, 317.611, 309.48, 300.841, 300.075, 300.007, 300.001, 300, 300, 300, 300, 300, 300, 300, 300, 300, 300, 300, 300, 300, 300, 300, 300, 300, 300, 300, 300, 300, 300, 300, 300, 300, 300, 
443.259, 443.259, 443.249, 443.228, 443.196, 443.152, 443.096, 443.025, 442.941, 442.841, 442.725, 442.592, 442.44, 442.269, 442.077, 441.863, 441.626, 441.364, 441.076, 440.76, 440.414, 440.037, 439.626, 439.179, 438.694, 438.169, 437.602, 436.989, 436.327, 435.615, 434.848, 434.033, 433.167, 432.247, 431.27, 430.232, 429.129, 427.957, 426.712, 425.39, 423.985, 422.492, 420.906, 419.221, 417.431, 415.529, 413.508, 411.362, 409.081, 406.658, 404.084, 401.349, 398.444, 395.357, 392.078, 388.594, 384.892, 380.96, 376.782, 372.343, 367.627, 362.617, 357.295, 351.64, 345.632, 339.25, 332.469, 325.265, 317.611, 309.48, 300.841, 300.075, 300.007, 300.001, 300, 300, 300, 300, 300, 300, 300, 300, 300, 300, 300, 300, 300, 300, 300, 300, 300, 300, 300, 300, 300, 300, 300, 300, 300, 300, 
