1, 0.999952, 0.99983, 0.999693, 0.999555, 0.999417, 0.999278, 0.999139, 0.999, 0.99886, 0.998721, 0.99858, 0.998439, 0.998298, 0.998156, 0.998014, 0.997871, 0.997727, 0.997583, 0.997437, 0.997291, 0.997144, 0.996997, 0.996848, 0.996698, 0.996547, 0.996395, 0.996242, 0.996088, 0.995933, 0.995776, 0.995618, 0.995458, 0.995298, 0.995135, 0.994971, 0.994806, 0.994639, 0.99447, 0.9943, 0.994128, 0.993954, 0.993778, 0.9936, 0.993421, 0.993239, 0.993055, 0.99287, 0.992682, 0.992491, 0.992299, 0.992104, 0.991907, 0.991707, 0.991505, 0.9913, 0.991093, 0.990883, 0.99067, 0.990454, 0.990236, 0.990015, 0.98979, 0.989563, 0.989333, 0.989099, 0.988863, 0.988623, 0.98838, 0.988133, 0.987883, 0.987629, 0.987372, 0.987111, 0.986847, 0.986578, 0.986306, 0.98603, 0.98575, 0.985465, 0.985177, 0.984885, 0.984588, 0.984287, 0.983981, 0.983671, 0.983356, 0.983037, 0.982713, 0.982384, 0.98205, 0.981711, 0.981368, 0.981019, 0.980665, 0.980305, 0.97994, 0.979563, 0.980349, 0.981814, 
1, 1, 1, 0.999998, 0.999996, 0.999993, 0.999991, 0.999988, 0.999986, 0.999983, 0.999979, 0.999973, 0.999966, 0.999956, 0.999944, 0.999929, 0.999911, 0.999889, 0.999863, 0.999832, 0.999796, 0.999752, 0.999702, 0.999642, 0.999573, 0.999493, 0.999399, 0.999291, 0.999166, 0.999025, 0.998856, 0.998678, 0.998515, 0.998359, 0.998211, 0.998071, 0.997939, 0.997815, 0.997699, 0.99759, 0.997488, 0.997393, 0.997305, 0.997223, 0.997148, 0.997079, 0.997015, 0.996957, 0.996904, 0.996856, 0.996813, 0.996773, 0.996738, 0.996706, 0.996678, 0.996653, 0.996631, 0.996611, 0.996593, 0.996578, 0.996565, 0.996553, 0.996543, 0.996534, 0.996526, 0.99652, 0.996514, 0.996508, 0.996503, 0.996498, 0.996492, 0.996489, 0.996488, 0.996489, 0.996489, 0.996489, 0.99649, 0.996491, 0.996491, 0.996492, 0.996493, 0.996494, 0.996494, 0.996495, 0.996496, 0.996496, 0.996497, 0.996498, 0.996498, 0.996499, 0.996499, 0.9965, 0.9965, 0.996501, 0.996501, 0.9965, 0.996504, 0.996501, 0.996501, 0.996502, 
1, 1, 1, 0.999998, 0.999995, 0.99999, 0.999984, 0.999976, 0.999965, 0.999953, 0.999938, 0.999919, 0.999898, 0.999873, 0.999844, 0.99981, 0.99977, 0.999725, 0.999673, 0.999614, 0.999546, 0.99947, 0.999384, 0.999286, 0.999176, 0.999052, 0.998912, 0.998756, 0.998578, 0.998383, 0.998157, 0.99792, 0.997695, 0.997475, 0.99726, 0.997052, 0.996849, 0.996652, 0.996461, 0.996277, 0.996098, 0.995925, 0.995759, 0.995598, 0.995444, 0.995295, 0.995152, 0.995015, 0.994884, 0.994759, 0.994638, 0.994524, 0.994414, 0.994309, 0.99421, 0.994114, 0.994023, 0.993937, 0.993853, 0.993774, 0.993697, 0.993623, 0.993551, 0.993481, 0.993411, 0.993342, 0.993272, 0.993201, 0.993125, 0.993054, 0.992955, 0.992904, 0.992906, 0.992908, 0.992908, 0.992907, 0.992907, 0.992907, 0.992908, 0.992908, 0.992908, 0.992908, 0.992908, 0.992908, 0.992908, 0.992908, 0.992908, 0.992908, 0.992908, 0.992908, 0.992908, 0.992908, 0.992908, 0.992908, 0.992908, 0.992907, 0.992909, 0.992904, 0.992915, 0.992915, 
1, 1, 1, 0.999997, 0.999993, 0.999986, 0.999977, 0.999965, 0.99995, 0.999932, 0.999911, 0.999885, 0.999856, 0.999822, 0.999782, 0.999737, 0.999685, 0.999627, 0.99956, 0.999485, 0.999401, 0.999306, 0.9992, 0.99908, 0.998947, 0.998798, 0.998632, 0.998448, 0.998241, 0.998015, 0.997757, 0.997485, 0.997225, 0.996967, 0.996713, 0.996463, 0.996218, 0.995977, 0.99574, 0.995508, 0.99528, 0.995057, 0.994838, 0.994624, 0.994414, 0.994209, 0.994008, 0.993811, 0.993619, 0.993431, 0.993247, 0.993067, 0.99289, 0.992717, 0.992546, 0.992379, 0.992213, 0.992049, 0.991887, 0.991725, 0.991563, 0.991399, 0.991234, 0.991065, 0.990891, 0.990712, 0.990523, 0.99033, 0.990112, 0.989909, 0.98962, 0.989464, 0.989495, 0.989493, 0.989491, 0.989492, 0.989492, 0.989492, 0.989492, 0.989492, 0.989492, 0.989492, 0.989492, 0.989492, 0.989492, 0.989492, 0.989492, 0.989492, 0.989492, 0.989492, 0.989492, 0.989492, 0.989492, 0.989492, 0.989493, 0.989492, 0.989494, 0.98949, 0.989499, 0.989499, 
1, 1, 1, 0.999997, 0.999991, 0.999983, 0.999972, 0.999958, 0.999941, 0.99992, 0.999895, 0.999866, 0.999831, 0.999791, 0.999746, 0.999694, 0.999635, 0.999568, 0.999492, 0.999407, 0.999312, 0.999205, 0.999086, 0.998953, 0.998805, 0.99864, 0.998457, 0.998255, 0.99803, 0.997783, 0.997504, 0.99721, 0.996926, 0.996643, 0.996363, 0.996085, 0.995811, 0.995539, 0.99527, 0.995004, 0.994741, 0.99448, 0.994223, 0.993968, 0.993715, 0.993466, 0.993218, 0.992973, 0.992729, 0.992488, 0.992248, 0.992008, 0.99177, 0.991531, 0.991293, 0.991053, 0.990811, 0.990566, 0.990318, 0.990065, 0.989805, 0.989538, 0.989261, 0.988974, 0.988672, 0.988356, 0.988017, 0.987666, 0.987265, 0.986891, 0.986356, 0.986065, 0.986133, 0.986122, 0.986121, 0.986122, 0.986122, 0.986122, 0.986122, 0.986122, 0.986122, 0.986122, 0.986122, 0.986122, 0.986122, 0.986122, 0.986122, 0.986122, 0.986122, 0.986122, 0.986122, 0.986122, 0.986122, 0.986122, 0.986122, 0.986121, 0.986123, 0.986119, 0.986128, 0.986128, 
1, 1, 1, 0.999996, 0.99999, 0.999981, 0.999969, 0.999954, 0.999935, 0.999912, 0.999885, 0.999853, 0.999815, 0.999772, 0.999722, 0.999666, 0.999601, 0.999529, 0.999447, 0.999356, 0.999253, 0.999138, 0.999011, 0.998869, 0.998711, 0.998535, 0.998341, 0.998127, 0.997888, 0.997628, 0.997333, 0.997024, 0.996723, 0.996422, 0.996122, 0.995825, 0.995528, 0.995233, 0.99494, 0.994648, 0.994357, 0.994067, 0.993778, 0.99349, 0.993202, 0.992914, 0.992627, 0.992339, 0.992051, 0.991761, 0.991469, 0.991175, 0.990878, 0.990577, 0.990271, 0.98996, 0.989641, 0.989314, 0.988977, 0.988628, 0.988265, 0.987887, 0.987491, 0.987074, 0.986631, 0.986164, 0.985657, 0.985132, 0.984527, 0.983962, 0.98315, 0.982706, 0.982817, 0.982796, 0.982797, 0.982798, 0.982798, 0.982798, 0.982798, 0.982798, 0.982798, 0.982798, 0.982798, 0.982798, 0.982798, 0.982798, 0.982798, 0.982798, 0.982798, 0.982798, 0.982798, 0.982798, 0.982798, 0.982797, 0.982798, 0.982797, 0.982799, 0.982795, 0.982804, 0.982804, 
1, 1, 1, 0.999996, 0.99999, 0.99998, 0.999967, 0.999951, 0.999931, 0.999907, 0.999878, 0.999843, 0.999804, 0.999758, 0.999705, 0.999646, 0.999578, 0.999501, 0.999415, 0.999319, 0.999211, 0.999091, 0.998957, 0.998808, 0.998642, 0.998459, 0.998256, 0.998033, 0.997784, 0.997513, 0.997207, 0.996885, 0.996571, 0.996256, 0.995941, 0.995627, 0.995313, 0.994999, 0.994685, 0.994371, 0.994056, 0.993741, 0.993424, 0.993107, 0.992787, 0.992466, 0.992142, 0.991815, 0.991485, 0.99115, 0.990809, 0.990463, 0.990109, 0.989747, 0.989375, 0.988992, 0.988596, 0.988185, 0.987758, 0.987312, 0.986843, 0.986351, 0.985829, 0.985277, 0.984687, 0.984062, 0.98338, 0.982672, 0.98185, 0.981085, 0.979981, 0.979378, 0.979534, 0.979502, 0.979505, 0.979505, 0.979505, 0.979505, 0.979505, 0.979505, 0.979505, 0.979505, 0.979505, 0.979505, 0.979505, 0.979505, 0.979505, 0.979505, 0.979505, 0.979505, 0.979505, 0.979505, 0.979505, 0.979505, 0.979505, 0.979504, 0.979506, 0.979502, 0.979511, 0.979511, 
1, 1, 1, 0.999996, 0.999989, 0.999979, 0.999966, 0.999949, 0.999928, 0.999902, 0.999872, 0.999836, 0.999795, 0.999747, 0.999692, 0.99963, 0.999559, 0.99948, 0.99939, 0.99929, 0.999178, 0.999053, 0.998914, 0.998759, 0.998588, 0.998398, 0.998188, 0.997957, 0.9977, 0.99742, 0.997105, 0.996772, 0.996447, 0.996119, 0.995791, 0.995462, 0.995133, 0.994802, 0.99447, 0.994135, 0.993799, 0.993461, 0.993119, 0.992775, 0.992426, 0.992073, 0.991714, 0.99135, 0.990979, 0.9906, 0.990212, 0.989814, 0.989405, 0.988982, 0.988545, 0.988091, 0.987618, 0.987124, 0.986606, 0.986061, 0.985485, 0.984876, 0.984228, 0.983539, 0.982799, 0.982012, 0.981151, 0.980255, 0.979214, 0.978244, 0.976841, 0.976075, 0.976277, 0.976234, 0.976238, 0.976238, 0.976238, 0.976238, 0.976238, 0.976238, 0.976238, 0.976238, 0.976238, 0.976238, 0.976238, 0.976238, 0.976238, 0.976238, 0.976238, 0.976238, 0.976238, 0.976238, 0.976238, 0.976238, 0.976238, 0.976237, 0.976239, 0.976235, 0.976244, 0.976244, 
1, 1, 1, 0.999996, 0.999989, 0.999978, 0.999965, 0.999947, 0.999925, 0.999899, 0.999867, 0.99983, 0.999787, 0.999738, 0.999681, 0.999616, 0.999543, 0.999461, 0.999368, 0.999265, 0.999149, 0.99902, 0.998876, 0.998717, 0.99854, 0.998345, 0.998129, 0.997891, 0.997626, 0.997338, 0.997014, 0.996673, 0.996337, 0.995998, 0.995658, 0.995316, 0.994972, 0.994625, 0.994275, 0.993923, 0.993566, 0.993206, 0.99284, 0.992469, 0.992092, 0.991708, 0.991316, 0.990916, 0.990505, 0.990083, 0.989649, 0.9892, 0.988736, 0.988253, 0.987751, 0.987226, 0.986676, 0.986098, 0.985489, 0.984845, 0.984162, 0.983436, 0.982661, 0.981834, 0.980943, 0.979993, 0.978952, 0.977867, 0.976604, 0.975428, 0.973725, 0.972794, 0.973043, 0.972989, 0.972994, 0.972995, 0.972994, 0.972994, 0.972994, 0.972994, 0.972994, 0.972994, 0.972994, 0.972994, 0.972994, 0.972994, 0.972994, 0.972994, 0.972994, 0.972994, 0.972994, 0.972994, 0.972994, 0.972994, 0.972995, 0.972994, 0.972996, 0.972992, 0.973, 0.973, 
1, 1, 1, 0.999995, 0.999988, 0.999978, 0.999963, 0.999945, 0.999923, 0.999895, 0.999863, 0.999825, 0.99978, 0.999729, 0.999671, 0.999604, 0.999529, 0.999444, 0.999349, 0.999242, 0.999123, 0.99899, 0.998842, 0.998678, 0.998497, 0.998296, 0.998074, 0.997829, 0.997558, 0.997263, 0.996931, 0.99658, 0.996234, 0.995885, 0.995533, 0.995178, 0.99482, 0.994458, 0.994092, 0.993721, 0.993345, 0.992963, 0.992574, 0.992178, 0.991773, 0.991359, 0.990934, 0.990498, 0.990048, 0.989584, 0.989103, 0.988604, 0.988085, 0.987543, 0.986975, 0.98638, 0.985754, 0.985092, 0.984392, 0.98365, 0.982859, 0.982017, 0.981114, 0.980149, 0.979107, 0.977995, 0.976773, 0.975499, 0.974014, 0.972632, 0.97063, 0.969536, 0.969831, 0.969765, 0.969772, 0.969773, 0.969772, 0.969773, 0.969773, 0.969773, 0.969773, 0.969772, 0.969772, 0.969772, 0.969772, 0.969772, 0.969772, 0.969772, 0.969772, 0.969772, 0.969772, 0.969772, 0.969773, 0.969772, 0.969773, 0.969772, 0.969774, 0.96977, 0.969778, 0.969778, 
1, 1, 1, 0.999995, 0.999988, 0.999977, 0.999962, 0.999944, 0.99992, 0.999892, 0.999859, 0.999819, 0.999774, 0.999721, 0.999661, 0.999592, 0.999515, 0.999428, 0.99933, 0.99922, 0.999098, 0.998961, 0.99881, 0.998641, 0.998455, 0.998249, 0.998021, 0.997771, 0.997493, 0.99719, 0.99685, 0.99649, 0.996136, 0.995776, 0.995412, 0.995045, 0.994673, 0.994297, 0.993914, 0.993526, 0.99313, 0.992727, 0.992315, 0.991893, 0.991461, 0.991017, 0.990559, 0.990087, 0.989599, 0.989092, 0.988566, 0.988017, 0.987443, 0.986841, 0.98621, 0.985544, 0.984841, 0.984097, 0.983307, 0.982466, 0.981568, 0.980609, 0.97958, 0.978477, 0.977284, 0.97601, 0.974608, 0.973147, 0.971442, 0.969856, 0.967556, 0.966298, 0.96664, 0.966563, 0.966572, 0.966572, 0.966571, 0.966572, 0.966572, 0.966572, 0.966572, 0.966572, 0.966572, 0.966572, 0.966572, 0.966572, 0.966572, 0.966572, 0.966572, 0.966572, 0.966572, 0.966572, 0.966572, 0.966571, 0.966572, 0.966571, 0.966573, 0.966569, 0.966577, 0.966577, 
1, 1, 1, 0.999995, 0.999988, 0.999976, 0.999961, 0.999942, 0.999918, 0.999889, 0.999854, 0.999814, 0.999767, 0.999713, 0.999651, 0.999581, 0.999501, 0.999412, 0.999311, 0.999199, 0.999073, 0.998933, 0.998778, 0.998605, 0.998414, 0.998203, 0.99797, 0.997713, 0.997428, 0.997118, 0.996771, 0.996402, 0.996038, 0.995668, 0.995293, 0.994914, 0.994529, 0.994137, 0.993738, 0.993332, 0.992917, 0.992493, 0.992058, 0.991611, 0.991152, 0.990678, 0.990188, 0.98968, 0.989153, 0.988605, 0.988032, 0.987433, 0.986805, 0.986145, 0.985449, 0.984713, 0.983934, 0.983107, 0.982227, 0.981288, 0.980283, 0.979208, 0.978053, 0.976813, 0.975471, 0.974036, 0.972456, 0.970809, 0.968885, 0.967096, 0.964501, 0.963082, 0.963469, 0.963381, 0.963392, 0.963392, 0.963391, 0.963391, 0.963391, 0.963391, 0.963391, 0.963391, 0.963391, 0.963391, 0.963391, 0.963391, 0.963391, 0.963391, 0.963391, 0.963391, 0.963391, 0.963391, 0.963391, 0.963391, 0.963392, 0.963391, 0.963393, 0.963389, 0.963397, 0.963397, 
1, 1, 1, 0.999995, 0.999987, 0.999976, 0.99996, 0.99994, 0.999916, 0.999886, 0.99985, 0.999809, 0.999761, 0.999705, 0.999642, 0.999569, 0.999488, 0.999396, 0.999293, 0.999177, 0.999048, 0.998905, 0.998746, 0.998569, 0.998373, 0.998157, 0.997918, 0.997655, 0.997364, 0.997047, 0.996691, 0.996315, 0.995941, 0.995561, 0.995175, 0.994783, 0.994384, 0.993978, 0.993563, 0.993139, 0.992705, 0.99226, 0.991802, 0.99133, 0.990843, 0.990339, 0.989817, 0.989274, 0.988709, 0.988118, 0.9875, 0.986851, 0.986169, 0.98545, 0.98469, 0.983885, 0.98303, 0.98212, 0.98115, 0.980113, 0.979003, 0.977813, 0.976532, 0.975157, 0.973666, 0.972072, 0.970315, 0.968482, 0.966342, 0.964352, 0.961464, 0.959886, 0.960319, 0.960219, 0.960232, 0.960232, 0.960231, 0.960232, 0.960232, 0.960232, 0.960232, 0.960232, 0.960232, 0.960232, 0.960232, 0.960232, 0.960232, 0.960232, 0.960232, 0.960232, 0.960232, 0.960231, 0.960232, 0.960231, 0.960232, 0.960231, 0.960233, 0.960229, 0.960237, 0.960237, 
1, 1, 1, 0.999995, 0.999987, 0.999975, 0.999959, 0.999939, 0.999913, 0.999883, 0.999846, 0.999804, 0.999754, 0.999697, 0.999632, 0.999558, 0.999474, 0.99938, 0.999274, 0.999156, 0.999024, 0.998877, 0.998714, 0.998533, 0.998333, 0.998111, 0.997867, 0.997598, 0.9973, 0.996976, 0.996612, 0.996227, 0.995844, 0.995453, 0.995056, 0.994652, 0.99424, 0.993819, 0.993388, 0.992946, 0.992493, 0.992026, 0.991545, 0.991048, 0.990534, 0.990001, 0.989446, 0.988868, 0.988264, 0.987631, 0.986968, 0.986269, 0.985533, 0.984755, 0.983931, 0.983057, 0.982126, 0.981135, 0.980075, 0.978942, 0.977726, 0.976422, 0.975016, 0.973506, 0.971868, 0.970116, 0.968183, 0.966168, 0.963812, 0.961624, 0.958447, 0.956711, 0.95719, 0.957078, 0.957093, 0.957093, 0.957092, 0.957092, 0.957092, 0.957092, 0.957092, 0.957092, 0.957092, 0.957092, 0.957092, 0.957092, 0.957092, 0.957092, 0.957092, 0.957092, 0.957092, 0.957092, 0.957092, 0.957092, 0.957092, 0.957091, 0.957093, 0.957089, 0.957098, 0.957098, 
1, 1, 1, 0.999995, 0.999986, 0.999974, 0.999958, 0.999937, 0.999911, 0.99988, 0.999842, 0.999798, 0.999748, 0.999689, 0.999622, 0.999546, 0.999461, 0.999364, 0.999256, 0.999134, 0.998999, 0.998849, 0.998682, 0.998496, 0.998291, 0.998065, 0.997815, 0.99754, 0.997236, 0.996904, 0.996533, 0.996139, 0.995746, 0.995345, 0.994937, 0.99452, 0.994094, 0.993658, 0.993211, 0.992752, 0.992279, 0.991792, 0.991288, 0.990766, 0.990224, 0.989661, 0.989074, 0.98846, 0.987818, 0.987144, 0.986435, 0.985687, 0.984897, 0.98406, 0.983173, 0.982229, 0.981223, 0.98015, 0.979002, 0.977772, 0.976452, 0.975033, 0.973505, 0.97186, 0.970077, 0.968167, 0.966061, 0.963864, 0.961296, 0.958912, 0.955449, 0.953557, 0.954081, 0.953957, 0.953974, 0.953974, 0.953973, 0.953973, 0.953973, 0.953973, 0.953973, 0.953973, 0.953973, 0.953973, 0.953973, 0.953973, 0.953973, 0.953973, 0.953973, 0.953973, 0.953973, 0.953973, 0.953973, 0.953973, 0.953973, 0.953972, 0.953974, 0.95397, 0.953979, 0.953979, 
1, 1, 1, 0.999995, 0.999986, 0.999974, 0.999957, 0.999935, 0.999909, 0.999876, 0.999838, 0.999793, 0.999741, 0.999681, 0.999613, 0.999535, 0.999447, 0.999348, 0.999237, 0.999113, 0.998974, 0.99882, 0.998649, 0.99846, 0.99825, 0.998018, 0.997763, 0.997481, 0.99717, 0.996831, 0.996452, 0.99605, 0.995648, 0.995237, 0.994817, 0.994388, 0.993948, 0.993497, 0.993034, 0.992557, 0.992065, 0.991556, 0.991029, 0.990482, 0.989913, 0.98932, 0.988701, 0.988052, 0.987371, 0.986655, 0.9859, 0.985103, 0.98426, 0.983365, 0.982414, 0.981401, 0.980321, 0.979166, 0.97793, 0.976604, 0.97518, 0.973648, 0.971997, 0.97022, 0.968291, 0.966226, 0.963948, 0.961572, 0.958794, 0.956215, 0.952469, 0.950423, 0.950992, 0.950857, 0.950876, 0.950875, 0.950874, 0.950875, 0.950874, 0.950874, 0.950874, 0.950874, 0.950874, 0.950874, 0.950874, 0.950874, 0.950874, 0.950874, 0.950874, 0.950874, 0.950874, 0.950874, 0.950874, 0.950874, 0.950875, 0.950874, 0.950876, 0.950872, 0.95088, 0.95088, 
1, 1, 1, 0.999994, 0.999986, 0.999973, 0.999956, 0.999934, 0.999906, 0.999873, 0.999834, 0.999788, 0.999734, 0.999673, 0.999603, 0.999523, 0.999433, 0.999332, 0.999218, 0.999091, 0.998949, 0.998791, 0.998616, 0.998423, 0.998208, 0.997971, 0.99771, 0.997423, 0.997105, 0.996758, 0.996371, 0.99596, 0.995549, 0.995127, 0.994696, 0.994254, 0.993801, 0.993335, 0.992855, 0.99236, 0.991849, 0.991319, 0.990769, 0.990197, 0.989601, 0.988978, 0.988326, 0.987642, 0.986923, 0.986165, 0.985365, 0.984519, 0.983621, 0.982668, 0.981654, 0.980573, 0.979418, 0.978182, 0.976858, 0.975437, 0.97391, 0.972266, 0.970493, 0.968584, 0.966512, 0.964293, 0.961844, 0.959291, 0.956305, 0.953534, 0.949508, 0.94731, 0.947924, 0.947777, 0.947798, 0.947797, 0.947796, 0.947796, 0.947796, 0.947796, 0.947796, 0.947796, 0.947796, 0.947796, 0.947796, 0.947796, 0.947796, 0.947796, 0.947796, 0.947796, 0.947796, 0.947796, 0.947796, 0.947796, 0.947796, 0.947796, 0.947797, 0.947794, 0.947802, 0.947802, 
1, 1, 1, 0.999994, 0.999985, 0.999972, 0.999954, 0.999932, 0.999904, 0.99987, 0.99983, 0.999782, 0.999728, 0.999665, 0.999593, 0.999511, 0.999419, 0.999315, 0.999199, 0.999069, 0.998924, 0.998762, 0.998583, 0.998385, 0.998166, 0.997924, 0.997657, 0.997363, 0.997038, 0.996685, 0.99629, 0.99587, 0.995449, 0.995016, 0.994574, 0.994119, 0.993652, 0.993172, 0.992676, 0.992163, 0.991632, 0.991081, 0.990508, 0.98991, 0.989287, 0.988634, 0.98795, 0.98723, 0.986473, 0.985674, 0.984828, 0.983933, 0.982982, 0.981971, 0.980894, 0.979744, 0.978515, 0.977199, 0.975788, 0.974272, 0.972642, 0.970887, 0.968993, 0.966954, 0.96474, 0.962368, 0.95975, 0.957022, 0.953829, 0.950869, 0.946567, 0.944219, 0.944876, 0.944717, 0.94474, 0.944739, 0.944738, 0.944739, 0.944739, 0.944739, 0.944739, 0.944739, 0.944739, 0.944739, 0.944739, 0.944739, 0.944739, 0.944739, 0.944739, 0.944739, 0.944739, 0.944738, 0.944739, 0.944738, 0.944739, 0.944738, 0.94474, 0.944736, 0.944744, 0.944744, 
1, 1, 1, 0.999994, 0.999985, 0.999971, 0.999953, 0.99993, 0.999901, 0.999867, 0.999825, 0.999777, 0.999721, 0.999656, 0.999583, 0.999499, 0.999405, 0.999298, 0.999179, 0.999046, 0.998898, 0.998733, 0.99855, 0.998347, 0.998123, 0.997876, 0.997603, 0.997303, 0.996972, 0.99661, 0.996207, 0.995779, 0.995348, 0.994905, 0.994451, 0.993984, 0.993503, 0.993007, 0.992495, 0.991964, 0.991413, 0.990841, 0.990245, 0.989622, 0.988971, 0.988289, 0.987572, 0.986817, 0.986022, 0.985181, 0.98429, 0.983346, 0.982342, 0.981273, 0.980133, 0.978916, 0.977613, 0.976217, 0.974719, 0.973109, 0.971377, 0.969512, 0.967498, 0.965329, 0.962973, 0.96045, 0.957665, 0.954763, 0.951367, 0.948219, 0.943644, 0.941148, 0.941848, 0.941678, 0.941703, 0.941702, 0.941701, 0.941701, 0.941701, 0.941701, 0.941701, 0.941701, 0.941701, 0.941701, 0.941701, 0.941701, 0.941701, 0.941701, 0.941701, 0.941701, 0.941701, 0.941701, 0.941701, 0.941701, 0.941702, 0.941701, 0.941703, 0.941699, 0.941707, 0.941707, 
1, 1, 1, 0.999994, 0.999985, 0.999971, 0.999952, 0.999928, 0.999899, 0.999863, 0.999821, 0.999771, 0.999714, 0.999648, 0.999572, 0.999487, 0.99939, 0.999281, 0.99916, 0.999023, 0.998872, 0.998703, 0.998516, 0.998309, 0.99808, 0.997827, 0.997549, 0.997242, 0.996904, 0.996535, 0.996124, 0.995687, 0.995246, 0.994792, 0.994327, 0.993847, 0.993352, 0.992841, 0.992312, 0.991764, 0.991194, 0.9906, 0.989981, 0.989333, 0.988654, 0.987942, 0.987193, 0.986403, 0.985569, 0.984686, 0.983751, 0.982757, 0.9817, 0.980574, 0.979372, 0.978086, 0.97671, 0.975235, 0.97365, 0.971947, 0.970113, 0.968139, 0.966006, 0.963709, 0.961214, 0.958541, 0.95559, 0.952516, 0.948918, 0.945585, 0.94074, 0.938098, 0.938842, 0.938659, 0.938687, 0.938685, 0.938685, 0.938685, 0.938685, 0.938685, 0.938685, 0.938685, 0.938685, 0.938685, 0.938685, 0.938685, 0.938685, 0.938685, 0.938685, 0.938685, 0.938685, 0.938685, 0.938685, 0.938685, 0.938685, 0.938684, 0.938686, 0.938682, 0.93869, 0.93869, 
1, 1, 1, 0.999994, 0.999984, 0.99997, 0.999951, 0.999927, 0.999896, 0.99986, 0.999817, 0.999766, 0.999707, 0.999639, 0.999562, 0.999475, 0.999376, 0.999264, 0.99914, 0.999001, 0.998845, 0.998673, 0.998482, 0.99827, 0.998036, 0.997778, 0.997494, 0.997181, 0.996836, 0.99646, 0.99604, 0.995594, 0.995143, 0.994679, 0.994202, 0.993709, 0.993201, 0.992674, 0.992129, 0.991562, 0.990973, 0.990358, 0.989715, 0.989042, 0.988336, 0.987594, 0.986812, 0.985987, 0.985115, 0.984191, 0.98321, 0.982168, 0.981058, 0.979874, 0.97861, 0.977257, 0.975808, 0.974253, 0.972583, 0.970787, 0.968853, 0.966769, 0.964519, 0.962094, 0.95946, 0.956639, 0.953525, 0.950281, 0.946483, 0.942968, 0.937856, 0.935069, 0.935855, 0.935661, 0.935691, 0.935689, 0.935689, 0.935689, 0.935689, 0.935689, 0.935689, 0.935689, 0.935689, 0.935689, 0.935689, 0.935689, 0.935689, 0.935689, 0.935689, 0.935689, 0.935689, 0.935689, 0.935689, 0.935689, 0.935689, 0.935688, 0.93569, 0.935686, 0.935694, 0.935694, 
1, 1, 1, 0.999994, 0.999984, 0.999969, 0.99995, 0.999925, 0.999894, 0.999856, 0.999812, 0.99976, 0.9997, 0.999631, 0.999552, 0.999462, 0.999361, 0.999247, 0.99912, 0.998977, 0.998819, 0.998643, 0.998447, 0.998231, 0.997992, 0.997729, 0.997438, 0.997119, 0.996767, 0.996383, 0.995955, 0.9955, 0.99504, 0.994565, 0.994076, 0.99357, 0.993048, 0.992506, 0.991944, 0.99136, 0.99075, 0.990114, 0.989448, 0.98875, 0.988016, 0.987244, 0.98643, 0.98557, 0.984659, 0.983694, 0.982669, 0.981578, 0.980415, 0.979174, 0.977848, 0.976428, 0.974906, 0.973272, 0.971517, 0.969629, 0.967595, 0.965403, 0.963036, 0.960485, 0.957714, 0.954746, 0.951469, 0.948057, 0.944062, 0.940366, 0.934991, 0.932061, 0.93289, 0.932684, 0.932717, 0.932714, 0.932713, 0.932714, 0.932713, 0.932713, 0.932713, 0.932713, 0.932713, 0.932713, 0.932713, 0.932713, 0.932713, 0.932713, 0.932713, 0.932713, 0.932713, 0.932713, 0.932714, 0.932713, 0.932714, 0.932713, 0.932715, 0.932711, 0.932719, 0.932719, 
1, 1, 1, 0.999994, 0.999983, 0.999969, 0.999948, 0.999923, 0.999891, 0.999853, 0.999808, 0.999754, 0.999693, 0.999622, 0.999541, 0.999449, 0.999346, 0.99923, 0.999099, 0.998954, 0.998792, 0.998612, 0.998413, 0.998192, 0.997948, 0.997679, 0.997383, 0.997057, 0.996698, 0.996306, 0.99587, 0.995406, 0.994936, 0.99445, 0.993949, 0.993431, 0.992894, 0.992337, 0.991759, 0.991156, 0.990527, 0.989869, 0.989179, 0.988456, 0.987695, 0.986893, 0.986047, 0.985151, 0.984203, 0.983196, 0.982126, 0.980986, 0.979771, 0.978473, 0.977085, 0.975599, 0.974004, 0.972293, 0.970453, 0.968473, 0.96634, 0.964041, 0.961557, 0.958881, 0.955974, 0.952861, 0.949423, 0.945845, 0.941655, 0.937781, 0.932145, 0.929074, 0.929945, 0.929727, 0.929762, 0.929759, 0.929759, 0.929759, 0.929759, 0.929759, 0.929759, 0.929759, 0.929759, 0.929759, 0.929759, 0.929759, 0.929759, 0.929759, 0.929759, 0.929759, 0.929759, 0.929759, 0.929759, 0.929759, 0.929759, 0.929758, 0.92976, 0.929756, 0.929764, 0.929764, 
1, 1, 1, 0.999993, 0.999983, 0.999968, 0.999947, 0.999921, 0.999889, 0.999849, 0.999803, 0.999749, 0.999686, 0.999613, 0.99953, 0.999437, 0.999331, 0.999212, 0.999079, 0.99893, 0.998765, 0.998581, 0.998377, 0.998152, 0.997903, 0.997629, 0.997326, 0.996994, 0.996628, 0.996228, 0.995784, 0.995311, 0.994831, 0.994334, 0.993821, 0.99329, 0.992739, 0.992167, 0.991572, 0.990951, 0.990302, 0.989622, 0.98891, 0.988161, 0.987372, 0.986541, 0.985662, 0.984732, 0.983745, 0.982697, 0.981582, 0.980394, 0.979127, 0.977772, 0.976323, 0.974769, 0.973103, 0.971314, 0.96939, 0.967319, 0.965087, 0.962682, 0.960083, 0.957283, 0.954242, 0.950984, 0.947388, 0.943645, 0.939262, 0.935211, 0.929318, 0.926109, 0.927021, 0.926792, 0.926829, 0.926825, 0.926825, 0.926825, 0.926825, 0.926825, 0.926825, 0.926825, 0.926825, 0.926825, 0.926825, 0.926825, 0.926825, 0.926825, 0.926825, 0.926825, 0.926825, 0.926825, 0.926825, 0.926825, 0.926825, 0.926825, 0.926826, 0.926823, 0.926831, 0.926831, 
1, 1, 1, 0.999993, 0.999983, 0.999967, 0.999946, 0.999919, 0.999886, 0.999846, 0.999798, 0.999743, 0.999678, 0.999604, 0.99952, 0.999424, 0.999316, 0.999194, 0.999058, 0.998906, 0.998737, 0.99855, 0.998342, 0.998112, 0.997858, 0.997578, 0.997269, 0.996931, 0.996557, 0.99615, 0.995697, 0.995215, 0.994725, 0.994217, 0.993692, 0.993148, 0.992583, 0.991996, 0.991384, 0.990745, 0.990076, 0.989375, 0.988639, 0.987865, 0.987049, 0.986187, 0.985276, 0.984311, 0.983286, 0.982197, 0.981038, 0.979802, 0.978482, 0.977071, 0.97556, 0.973941, 0.972203, 0.970336, 0.968328, 0.966167, 0.963838, 0.961327, 0.958614, 0.955691, 0.952516, 0.949116, 0.945362, 0.941457, 0.936883, 0.932658, 0.926511, 0.923164, 0.924117, 0.923877, 0.923916, 0.923912, 0.923912, 0.923912, 0.923912, 0.923912, 0.923912, 0.923912, 0.923912, 0.923912, 0.923912, 0.923912, 0.923912, 0.923912, 0.923912, 0.923912, 0.923912, 0.923912, 0.923912, 0.923912, 0.923913, 0.923912, 0.923913, 0.92391, 0.923918, 0.923918, 
1, 1, 1, 0.999993, 0.999982, 0.999966, 0.999945, 0.999917, 0.999883, 0.999842, 0.999794, 0.999737, 0.999671, 0.999595, 0.999509, 0.999411, 0.9993, 0.999176, 0.999037, 0.998882, 0.99871, 0.998518, 0.998306, 0.998071, 0.997812, 0.997527, 0.997212, 0.996867, 0.996486, 0.996071, 0.99561, 0.995118, 0.994618, 0.9941, 0.993563, 0.993006, 0.992427, 0.991824, 0.991195, 0.990537, 0.989849, 0.989126, 0.988367, 0.987567, 0.986724, 0.985833, 0.984889, 0.983889, 0.982826, 0.981696, 0.980492, 0.979208, 0.977836, 0.976369, 0.974797, 0.973112, 0.971303, 0.96936, 0.967269, 0.965018, 0.962592, 0.959976, 0.95715, 0.954106, 0.950798, 0.947257, 0.943347, 0.939281, 0.934519, 0.930122, 0.923723, 0.920241, 0.921235, 0.920982, 0.921025, 0.92102, 0.92102, 0.92102, 0.92102, 0.92102, 0.92102, 0.92102, 0.92102, 0.92102, 0.92102, 0.92102, 0.92102, 0.92102, 0.92102, 0.92102, 0.92102, 0.92102, 0.92102, 0.92102, 0.92102, 0.92102, 0.921021, 0.921018, 0.921026, 0.921026, 
1, 1, 1, 0.999993, 0.999982, 0.999965, 0.999943, 0.999915, 0.999881, 0.999839, 0.999789, 0.999731, 0.999663, 0.999586, 0.999498, 0.999398, 0.999285, 0.999158, 0.999016, 0.998858, 0.998682, 0.998486, 0.99827, 0.99803, 0.997766, 0.997475, 0.997154, 0.996802, 0.996414, 0.995992, 0.995522, 0.995021, 0.994511, 0.993981, 0.993432, 0.992862, 0.992269, 0.991651, 0.991005, 0.990329, 0.98962, 0.988877, 0.988094, 0.987269, 0.986398, 0.985477, 0.984501, 0.983466, 0.982365, 0.981194, 0.979946, 0.978614, 0.97719, 0.975667, 0.974035, 0.972284, 0.970405, 0.968384, 0.966211, 0.963871, 0.961348, 0.95863, 0.955691, 0.952526, 0.949087, 0.945406, 0.941342, 0.937117, 0.932168, 0.927601, 0.920955, 0.917339, 0.918373, 0.918109, 0.918154, 0.918149, 0.918149, 0.918149, 0.918149, 0.918149, 0.918149, 0.918149, 0.918149, 0.918149, 0.918149, 0.918149, 0.918149, 0.918149, 0.918149, 0.918149, 0.918149, 0.918149, 0.918149, 0.918149, 0.918149, 0.918149, 0.91815, 0.918147, 0.918154, 0.918154, 
1, 1, 1, 0.999993, 0.999981, 0.999965, 0.999942, 0.999913, 0.999878, 0.999835, 0.999784, 0.999725, 0.999656, 0.999577, 0.999487, 0.999384, 0.999269, 0.99914, 0.998995, 0.998833, 0.998654, 0.998454, 0.998233, 0.997989, 0.99772, 0.997423, 0.997096, 0.996737, 0.996342, 0.995911, 0.995433, 0.994923, 0.994403, 0.993862, 0.993301, 0.992718, 0.99211, 0.991476, 0.990814, 0.99012, 0.989391, 0.988626, 0.98782, 0.986969, 0.986071, 0.98512, 0.984112, 0.983042, 0.981903, 0.980692, 0.979399, 0.978019, 0.976544, 0.974965, 0.973272, 0.971457, 0.969507, 0.967411, 0.965155, 0.962727, 0.960109, 0.957287, 0.954237, 0.950952, 0.947384, 0.943564, 0.939348, 0.934965, 0.929832, 0.925098, 0.918206, 0.914459, 0.915533, 0.915257, 0.915304, 0.915299, 0.915299, 0.915299, 0.915299, 0.915299, 0.915299, 0.915299, 0.915299, 0.915299, 0.915299, 0.915299, 0.915299, 0.915299, 0.915299, 0.915299, 0.915299, 0.915299, 0.915299, 0.915299, 0.915299, 0.915298, 0.9153, 0.915297, 0.915304, 0.915304, 
1, 1, 1, 0.999993, 0.999981, 0.999964, 0.999941, 0.999911, 0.999875, 0.999831, 0.999779, 0.999719, 0.999648, 0.999567, 0.999475, 0.999371, 0.999253, 0.999121, 0.998974, 0.998809, 0.998625, 0.998422, 0.998197, 0.997948, 0.997673, 0.99737, 0.997037, 0.996672, 0.996269, 0.995831, 0.995344, 0.994824, 0.994294, 0.993742, 0.993169, 0.992573, 0.991951, 0.991301, 0.990622, 0.989909, 0.989161, 0.988374, 0.987544, 0.986669, 0.985743, 0.984762, 0.983722, 0.982617, 0.981441, 0.980188, 0.978852, 0.977424, 0.975898, 0.974263, 0.97251, 0.97063, 0.96861, 0.966439, 0.964102, 0.961585, 0.958873, 0.955949, 0.952789, 0.949385, 0.945688, 0.941732, 0.937365, 0.932826, 0.927511, 0.922611, 0.915477, 0.9116, 0.912713, 0.912426, 0.912476, 0.91247, 0.91247, 0.91247, 0.91247, 0.91247, 0.91247, 0.91247, 0.91247, 0.91247, 0.91247, 0.91247, 0.91247, 0.91247, 0.91247, 0.91247, 0.91247, 0.91247, 0.91247, 0.91247, 0.91247, 0.912469, 0.912471, 0.912467, 0.912475, 0.912475, 
1, 1, 1, 0.999992, 0.99998, 0.999963, 0.999939, 0.999909, 0.999872, 0.999828, 0.999775, 0.999712, 0.999641, 0.999558, 0.999464, 0.999358, 0.999237, 0.999103, 0.998952, 0.998784, 0.998597, 0.998389, 0.99816, 0.997906, 0.997626, 0.997317, 0.996978, 0.996606, 0.996196, 0.995749, 0.995254, 0.994725, 0.994184, 0.993621, 0.993036, 0.992427, 0.99179, 0.991125, 0.990429, 0.989698, 0.98893, 0.988121, 0.987268, 0.986367, 0.985414, 0.984403, 0.983331, 0.982191, 0.980978, 0.979684, 0.978304, 0.976829, 0.975251, 0.973561, 0.971749, 0.969804, 0.967715, 0.965468, 0.96305, 0.960447, 0.95764, 0.954615, 0.951346, 0.947824, 0.944, 0.939908, 0.935392, 0.9307, 0.925204, 0.92014, 0.912768, 0.908762, 0.909915, 0.909615, 0.909668, 0.909662, 0.909662, 0.909662, 0.909662, 0.909662, 0.909662, 0.909662, 0.909662, 0.909662, 0.909662, 0.909662, 0.909662, 0.909662, 0.909662, 0.909662, 0.909662, 0.909662, 0.909662, 0.909662, 0.909662, 0.909661, 0.909663, 0.909659, 0.909667, 0.909667, 
1, 1, 0.999999, 0.999992, 0.99998, 0.999962, 0.999938, 0.999907, 0.99987, 0.999824, 0.99977, 0.999706, 0.999633, 0.999549, 0.999453, 0.999344, 0.999221, 0.999084, 0.99893, 0.998758, 0.998568, 0.998356, 0.998122, 0.997864, 0.997578, 0.997264, 0.996919, 0.996539, 0.996122, 0.995668, 0.995163, 0.994625, 0.994074, 0.9935, 0.992903, 0.99228, 0.991629, 0.990949, 0.990235, 0.989486, 0.988698, 0.987867, 0.986991, 0.986064, 0.985084, 0.984044, 0.982939, 0.981764, 0.980514, 0.97918, 0.977756, 0.976234, 0.974605, 0.97286, 0.970988, 0.968979, 0.966821, 0.9645, 0.962002, 0.959312, 0.956411, 0.953286, 0.949908, 0.94627, 0.94232, 0.938094, 0.93343, 0.928586, 0.922912, 0.917687, 0.910078, 0.905946, 0.907137, 0.906826, 0.906882, 0.906875, 0.906875, 0.906875, 0.906875, 0.906875, 0.906875, 0.906875, 0.906875, 0.906875, 0.906875, 0.906875, 0.906875, 0.906875, 0.906875, 0.906875, 0.906875, 0.906875, 0.906875, 0.906875, 0.906875, 0.906874, 0.906876, 0.906872, 0.90688, 0.90688, 
1, 1, 0.999999, 0.999992, 0.99998, 0.999961, 0.999937, 0.999905, 0.999867, 0.99982, 0.999765, 0.9997, 0.999625, 0.999539, 0.999441, 0.99933, 0.999205, 0.999065, 0.998908, 0.998733, 0.998539, 0.998323, 0.998084, 0.997821, 0.99753, 0.997211, 0.996859, 0.996473, 0.996048, 0.995585, 0.995072, 0.994525, 0.993963, 0.993378, 0.992768, 0.992132, 0.991467, 0.990771, 0.99004, 0.989273, 0.988465, 0.987613, 0.986713, 0.985761, 0.984753, 0.983683, 0.982547, 0.981337, 0.980049, 0.978675, 0.977207, 0.975638, 0.973958, 0.972158, 0.970228, 0.968155, 0.965928, 0.963533, 0.960955, 0.958179, 0.955187, 0.951961, 0.948476, 0.944723, 0.940648, 0.93629, 0.931479, 0.926485, 0.920635, 0.91525, 0.907409, 0.903151, 0.904381, 0.904058, 0.904116, 0.904109, 0.904109, 0.904109, 0.904109, 0.904109, 0.904109, 0.904109, 0.904109, 0.904109, 0.904109, 0.904109, 0.904109, 0.904109, 0.904109, 0.904109, 0.904109, 0.904109, 0.904109, 0.904109, 0.904109, 0.904109, 0.90411, 0.904107, 0.904114, 0.904114, 
1, 1, 0.999999, 0.999992, 0.999979, 0.99996, 0.999935, 0.999903, 0.999864, 0.999816, 0.99976, 0.999694, 0.999617, 0.999529, 0.999429, 0.999316, 0.999189, 0.999046, 0.998886, 0.998707, 0.998509, 0.99829, 0.998047, 0.997778, 0.997482, 0.997156, 0.996798, 0.996405, 0.995973, 0.995502, 0.994981, 0.994424, 0.993852, 0.993255, 0.992633, 0.991984, 0.991305, 0.990592, 0.989845, 0.989059, 0.988231, 0.987357, 0.986434, 0.985457, 0.984421, 0.983322, 0.982153, 0.98091, 0.979584, 0.97817, 0.976659, 0.975042, 0.973312, 0.971458, 0.969468, 0.967332, 0.965037, 0.962568, 0.959911, 0.95705, 0.953966, 0.950642, 0.94705, 0.943183, 0.938984, 0.934494, 0.929539, 0.924396, 0.918372, 0.91283, 0.904759, 0.900377, 0.901645, 0.901311, 0.901372, 0.901364, 0.901364, 0.901365, 0.901365, 0.901365, 0.901365, 0.901365, 0.901365, 0.901365, 0.901365, 0.901365, 0.901365, 0.901365, 0.901365, 0.901365, 0.901365, 0.901365, 0.901365, 0.901364, 0.901365, 0.901364, 0.901366, 0.901362, 0.90137, 0.90137, 
1, 1, 0.999999, 0.999992, 0.999979, 0.99996, 0.999934, 0.999901, 0.999861, 0.999812, 0.999755, 0.999687, 0.999609, 0.99952, 0.999418, 0.999302, 0.999172, 0.999026, 0.998863, 0.998682, 0.99848, 0.998256, 0.998008, 0.997735, 0.997434, 0.997102, 0.996737, 0.996338, 0.995898, 0.995419, 0.994889, 0.994322, 0.99374, 0.993132, 0.992498, 0.991835, 0.991141, 0.990413, 0.989649, 0.988844, 0.987996, 0.987101, 0.986154, 0.985152, 0.984089, 0.98296, 0.981759, 0.980481, 0.979119, 0.977664, 0.97611, 0.974447, 0.972666, 0.970757, 0.96871, 0.966511, 0.964148, 0.961606, 0.95887, 0.955925, 0.952749, 0.949327, 0.94563, 0.94165, 0.937329, 0.932709, 0.927611, 0.922321, 0.916125, 0.910427, 0.902129, 0.897626, 0.898931, 0.898586, 0.898649, 0.898641, 0.898641, 0.898641, 0.898641, 0.898641, 0.898641, 0.898641, 0.898641, 0.898641, 0.898641, 0.898641, 0.898641, 0.898641, 0.898641, 0.898641, 0.898641, 0.898641, 0.898641, 0.898641, 0.898641, 0.898641, 0.898642, 0.898639, 0.898646, 0.898646, 
1, 1, 0.999999, 0.999992, 0.999978, 0.999959, 0.999933, 0.999899, 0.999858, 0.999808, 0.99975, 0.999681, 0.999601, 0.99951, 0.999406, 0.999288, 0.999156, 0.999007, 0.998841, 0.998656, 0.99845, 0.998222, 0.99797, 0.997691, 0.997385, 0.997047, 0.996676, 0.996269, 0.995822, 0.995335, 0.994796, 0.99422, 0.993627, 0.993008, 0.992362, 0.991685, 0.990977, 0.990233, 0.989452, 0.988629, 0.987761, 0.986844, 0.985874, 0.984846, 0.983756, 0.982597, 0.981365, 0.980053, 0.978653, 0.977158, 0.975561, 0.973851, 0.972021, 0.970058, 0.967952, 0.965691, 0.96326, 0.960646, 0.957832, 0.954803, 0.951537, 0.948017, 0.944216, 0.940124, 0.935681, 0.930933, 0.925693, 0.920259, 0.913892, 0.908042, 0.899519, 0.894896, 0.896238, 0.895881, 0.895948, 0.895938, 0.895939, 0.895939, 0.895939, 0.895939, 0.895939, 0.895939, 0.895939, 0.895939, 0.895939, 0.895939, 0.895939, 0.895939, 0.895939, 0.895939, 0.895939, 0.895939, 0.895939, 0.895939, 0.895939, 0.895938, 0.89594, 0.895937, 0.895944, 0.895944, 
1, 1, 0.999999, 0.999991, 0.999978, 0.999958, 0.999931, 0.999897, 0.999855, 0.999804, 0.999744, 0.999674, 0.999593, 0.9995, 0.999394, 0.999274, 0.999139, 0.998987, 0.998818, 0.998629, 0.99842, 0.998188, 0.997931, 0.997648, 0.997336, 0.996992, 0.996615, 0.996201, 0.995746, 0.995251, 0.994703, 0.994117, 0.993514, 0.992883, 0.992225, 0.991535, 0.990812, 0.990053, 0.989254, 0.988412, 0.987524, 0.986586, 0.985593, 0.98454, 0.983422, 0.982234, 0.98097, 0.979623, 0.978187, 0.976652, 0.975012, 0.973256, 0.971376, 0.969359, 0.967196, 0.964872, 0.962374, 0.959688, 0.956797, 0.953684, 0.950329, 0.946713, 0.942808, 0.938605, 0.934043, 0.929167, 0.923788, 0.918209, 0.911675, 0.905673, 0.896928, 0.892187, 0.893566, 0.893198, 0.893267, 0.893257, 0.893258, 0.893258, 0.893258, 0.893258, 0.893258, 0.893258, 0.893258, 0.893258, 0.893258, 0.893258, 0.893258, 0.893258, 0.893258, 0.893258, 0.893258, 0.893258, 0.893258, 0.893258, 0.893258, 0.893257, 0.893259, 0.893256, 0.893263, 0.893263, 
1, 1, 0.999999, 0.999991, 0.999977, 0.999957, 0.99993, 0.999895, 0.999852, 0.9998, 0.999739, 0.999668, 0.999585, 0.99949, 0.999382, 0.99926, 0.999122, 0.998968, 0.998795, 0.998603, 0.99839, 0.998153, 0.997892, 0.997604, 0.997286, 0.996937, 0.996553, 0.996132, 0.99567, 0.995166, 0.994609, 0.994014, 0.9934, 0.992758, 0.992087, 0.991384, 0.990647, 0.989871, 0.989056, 0.988196, 0.987288, 0.986327, 0.985311, 0.984233, 0.983088, 0.981871, 0.980575, 0.979194, 0.97772, 0.976146, 0.974463, 0.972661, 0.970731, 0.968661, 0.96644, 0.964055, 0.961491, 0.958733, 0.955765, 0.952569, 0.949125, 0.945414, 0.941407, 0.937094, 0.932413, 0.927411, 0.921893, 0.916173, 0.909473, 0.903322, 0.894358, 0.8895, 0.890916, 0.890536, 0.890608, 0.890598, 0.890598, 0.890599, 0.890598, 0.890598, 0.890598, 0.890598, 0.890598, 0.890598, 0.890598, 0.890598, 0.890598, 0.890598, 0.890598, 0.890598, 0.890598, 0.890598, 0.890598, 0.890598, 0.890599, 0.890598, 0.8906, 0.890596, 0.890603, 0.890603, 
1, 1, 0.999999, 0.999991, 0.999977, 0.999956, 0.999928, 0.999893, 0.999849, 0.999796, 0.999734, 0.999661, 0.999577, 0.99948, 0.99937, 0.999245, 0.999105, 0.998948, 0.998772, 0.998577, 0.998359, 0.998119, 0.997853, 0.997559, 0.997236, 0.996881, 0.99649, 0.996063, 0.995593, 0.995081, 0.994515, 0.99391, 0.993286, 0.992633, 0.991949, 0.991233, 0.99048, 0.98969, 0.988857, 0.987978, 0.98705, 0.986068, 0.985028, 0.983925, 0.982753, 0.981507, 0.980179, 0.978764, 0.977254, 0.97564, 0.973914, 0.972067, 0.970087, 0.967964, 0.965686, 0.963239, 0.960609, 0.95778, 0.954736, 0.951459, 0.947926, 0.944121, 0.940011, 0.93559, 0.930791, 0.925665, 0.920011, 0.914151, 0.907286, 0.900987, 0.891808, 0.886835, 0.888286, 0.887895, 0.88797, 0.887959, 0.88796, 0.88796, 0.88796, 0.88796, 0.88796, 0.88796, 0.88796, 0.88796, 0.88796, 0.88796, 0.88796, 0.88796, 0.88796, 0.88796, 0.88796, 0.88796, 0.88796, 0.88796, 0.88796, 0.88796, 0.887961, 0.887958, 0.887965, 0.887965, 
1, 1, 0.999999, 0.999991, 0.999976, 0.999955, 0.999927, 0.999891, 0.999846, 0.999792, 0.999729, 0.999654, 0.999568, 0.99947, 0.999358, 0.999231, 0.999088, 0.998928, 0.998749, 0.99855, 0.998329, 0.998084, 0.997813, 0.997515, 0.997186, 0.996825, 0.996428, 0.995993, 0.995515, 0.994995, 0.994421, 0.993806, 0.993171, 0.992506, 0.99181, 0.99108, 0.990314, 0.989507, 0.988657, 0.98776, 0.986812, 0.985809, 0.984746, 0.983617, 0.982418, 0.981142, 0.979783, 0.978334, 0.976787, 0.975134, 0.973366, 0.971473, 0.969444, 0.967269, 0.964934, 0.962425, 0.95973, 0.956831, 0.953711, 0.950352, 0.946732, 0.942833, 0.938623, 0.934094, 0.929179, 0.92393, 0.91814, 0.912142, 0.905115, 0.898671, 0.889278, 0.884191, 0.885679, 0.885276, 0.885354, 0.885342, 0.885343, 0.885343, 0.885343, 0.885343, 0.885343, 0.885343, 0.885343, 0.885343, 0.885343, 0.885343, 0.885343, 0.885343, 0.885343, 0.885343, 0.885343, 0.885343, 0.885343, 0.885343, 0.885343, 0.885343, 0.885344, 0.885341, 0.885348, 0.885348, 
1, 1, 0.999999, 0.999991, 0.999976, 0.999954, 0.999925, 0.999889, 0.999843, 0.999788, 0.999723, 0.999648, 0.99956, 0.99946, 0.999345, 0.999216, 0.999071, 0.998908, 0.998726, 0.998523, 0.998298, 0.998049, 0.997774, 0.99747, 0.997136, 0.996768, 0.996365, 0.995923, 0.995438, 0.994909, 0.994326, 0.993701, 0.993056, 0.99238, 0.991671, 0.990928, 0.990147, 0.989324, 0.988457, 0.987542, 0.986574, 0.985549, 0.984462, 0.983309, 0.982082, 0.980778, 0.979387, 0.977904, 0.976321, 0.974629, 0.972818, 0.97088, 0.968802, 0.966574, 0.964182, 0.961614, 0.958853, 0.955884, 0.952689, 0.949249, 0.945543, 0.941551, 0.937241, 0.932605, 0.927575, 0.922204, 0.916281, 0.910146, 0.902959, 0.896371, 0.886768, 0.88157, 0.883092, 0.882678, 0.882759, 0.882746, 0.882748, 0.882748, 0.882748, 0.882748, 0.882748, 0.882748, 0.882748, 0.882748, 0.882748, 0.882748, 0.882748, 0.882748, 0.882748, 0.882748, 0.882748, 0.882748, 0.882748, 0.882747, 0.882748, 0.882747, 0.882749, 0.882745, 0.882752, 0.882752, 
1, 1, 0.999999, 0.99999, 0.999975, 0.999953, 0.999924, 0.999886, 0.99984, 0.999784, 0.999718, 0.999641, 0.999552, 0.999449, 0.999333, 0.999201, 0.999053, 0.998887, 0.998702, 0.998496, 0.998267, 0.998014, 0.997734, 0.997425, 0.997085, 0.996712, 0.996302, 0.995853, 0.99536, 0.994823, 0.99423, 0.993596, 0.99294, 0.992252, 0.991532, 0.990775, 0.989979, 0.989141, 0.988256, 0.987323, 0.986335, 0.985288, 0.984178, 0.983, 0.981747, 0.980413, 0.978991, 0.977474, 0.975855, 0.974123, 0.972271, 0.970287, 0.968161, 0.96588, 0.963433, 0.960804, 0.957978, 0.95494, 0.95167, 0.948151, 0.944358, 0.940275, 0.935866, 0.931125, 0.925981, 0.920489, 0.914433, 0.908163, 0.900819, 0.894089, 0.884279, 0.878969, 0.880527, 0.880102, 0.880185, 0.880172, 0.880173, 0.880173, 0.880173, 0.880173, 0.880173, 0.880173, 0.880173, 0.880173, 0.880173, 0.880173, 0.880173, 0.880173, 0.880173, 0.880173, 0.880173, 0.880173, 0.880173, 0.880173, 0.880174, 0.880173, 0.880174, 0.880171, 0.880178, 0.880178, 
1, 1, 0.999999, 0.99999, 0.999975, 0.999953, 0.999923, 0.999884, 0.999837, 0.99978, 0.999713, 0.999634, 0.999543, 0.999439, 0.999321, 0.999187, 0.999036, 0.998867, 0.998679, 0.998469, 0.998236, 0.997978, 0.997694, 0.99738, 0.997034, 0.996655, 0.996238, 0.995782, 0.995281, 0.994736, 0.994134, 0.99349, 0.992824, 0.992125, 0.991392, 0.990621, 0.989811, 0.988957, 0.988055, 0.987103, 0.986095, 0.985027, 0.983894, 0.982691, 0.981411, 0.980048, 0.978595, 0.977044, 0.975388, 0.973618, 0.971724, 0.969695, 0.967521, 0.965188, 0.962685, 0.959996, 0.957106, 0.953999, 0.950655, 0.947056, 0.943179, 0.939004, 0.934498, 0.929652, 0.924396, 0.918785, 0.912598, 0.906195, 0.898694, 0.891824, 0.881809, 0.876391, 0.877983, 0.877546, 0.877633, 0.877619, 0.877621, 0.877621, 0.877621, 0.877621, 0.877621, 0.877621, 0.877621, 0.877621, 0.877621, 0.877621, 0.877621, 0.877621, 0.877621, 0.877621, 0.877621, 0.877621, 0.877621, 0.87762, 0.877621, 0.87762, 0.877622, 0.877618, 0.877625, 0.877625, 
1, 1, 0.999999, 0.99999, 0.999974, 0.999952, 0.999921, 0.999882, 0.999834, 0.999776, 0.999707, 0.999627, 0.999535, 0.999429, 0.999308, 0.999172, 0.999018, 0.998847, 0.998655, 0.998441, 0.998205, 0.997943, 0.997653, 0.997334, 0.996983, 0.996598, 0.996174, 0.995711, 0.995202, 0.994649, 0.994038, 0.993385, 0.992708, 0.991997, 0.991251, 0.990467, 0.989642, 0.988772, 0.987854, 0.986883, 0.985855, 0.984766, 0.98361, 0.982381, 0.981074, 0.979682, 0.978198, 0.976614, 0.974922, 0.973113, 0.971177, 0.969104, 0.966882, 0.964498, 0.961939, 0.959191, 0.956237, 0.953061, 0.949644, 0.945967, 0.942005, 0.93774, 0.933137, 0.928188, 0.92282, 0.917091, 0.910775, 0.90424, 0.896585, 0.889577, 0.87936, 0.873834, 0.87546, 0.875013, 0.875102, 0.875088, 0.875089, 0.875089, 0.875089, 0.875089, 0.875089, 0.875089, 0.875089, 0.875089, 0.875089, 0.875089, 0.875089, 0.875089, 0.875089, 0.875089, 0.875089, 0.875089, 0.875089, 0.875089, 0.875089, 0.875089, 0.87509, 0.875087, 0.875094, 0.875094, 
1, 1, 0.999999, 0.99999, 0.999974, 0.999951, 0.99992, 0.99988, 0.999831, 0.999772, 0.999702, 0.99962, 0.999526, 0.999418, 0.999295, 0.999157, 0.999001, 0.998826, 0.998631, 0.998414, 0.998173, 0.997907, 0.997613, 0.997289, 0.996932, 0.99654, 0.99611, 0.99564, 0.995123, 0.994562, 0.993942, 0.993278, 0.992591, 0.991868, 0.99111, 0.990313, 0.989473, 0.988587, 0.987652, 0.986663, 0.985615, 0.984504, 0.983325, 0.982072, 0.980738, 0.979317, 0.977802, 0.976185, 0.974457, 0.972609, 0.970632, 0.968514, 0.966244, 0.963809, 0.961195, 0.958388, 0.955371, 0.952127, 0.948637, 0.944882, 0.940837, 0.936482, 0.931783, 0.926731, 0.921253, 0.915408, 0.908964, 0.902299, 0.894491, 0.887348, 0.876931, 0.871299, 0.872959, 0.8725, 0.872593, 0.872578, 0.872579, 0.872579, 0.872579, 0.872579, 0.872579, 0.872579, 0.872579, 0.872579, 0.872579, 0.872579, 0.872579, 0.872579, 0.872579, 0.872579, 0.872579, 0.872579, 0.872579, 0.872579, 0.872579, 0.872579, 0.87258, 0.872577, 0.872584, 0.872584, 
1, 1, 0.999999, 0.99999, 0.999974, 0.99995, 0.999918, 0.999878, 0.999828, 0.999768, 0.999696, 0.999613, 0.999517, 0.999408, 0.999283, 0.999142, 0.998983, 0.998805, 0.998607, 0.998386, 0.998142, 0.997871, 0.997572, 0.997243, 0.99688, 0.996483, 0.996046, 0.995568, 0.995044, 0.994474, 0.993845, 0.993172, 0.992474, 0.99174, 0.990969, 0.990158, 0.989304, 0.988402, 0.98745, 0.986442, 0.985375, 0.984242, 0.98304, 0.981762, 0.980401, 0.978952, 0.977406, 0.975755, 0.973992, 0.972106, 0.970087, 0.967925, 0.965607, 0.963121, 0.960453, 0.957587, 0.954507, 0.951196, 0.947634, 0.943801, 0.939673, 0.93523, 0.930436, 0.925283, 0.919696, 0.913736, 0.907166, 0.900372, 0.892414, 0.885136, 0.874522, 0.868786, 0.870479, 0.870009, 0.870105, 0.870089, 0.870091, 0.870091, 0.870091, 0.870091, 0.870091, 0.870091, 0.870091, 0.870091, 0.870091, 0.870091, 0.870091, 0.870091, 0.870091, 0.870091, 0.870091, 0.870091, 0.870091, 0.870091, 0.870091, 0.87009, 0.870092, 0.870088, 0.870095, 0.870095, 
1, 1, 0.999999, 0.99999, 0.999973, 0.999949, 0.999917, 0.999875, 0.999824, 0.999763, 0.999691, 0.999606, 0.999509, 0.999397, 0.99927, 0.999127, 0.998965, 0.998784, 0.998583, 0.998359, 0.99811, 0.997835, 0.997531, 0.997197, 0.996829, 0.996425, 0.995981, 0.995496, 0.994964, 0.994386, 0.993748, 0.993065, 0.992356, 0.991611, 0.990827, 0.990003, 0.989134, 0.988217, 0.987247, 0.986221, 0.985134, 0.98398, 0.982755, 0.981452, 0.980065, 0.978587, 0.97701, 0.975326, 0.973527, 0.971603, 0.969543, 0.967337, 0.964972, 0.962435, 0.959713, 0.956789, 0.953647, 0.950269, 0.946635, 0.942726, 0.938516, 0.933985, 0.929097, 0.923844, 0.918149, 0.912075, 0.90538, 0.898459, 0.890352, 0.882941, 0.872133, 0.866295, 0.86802, 0.86754, 0.867639, 0.867622, 0.867624, 0.867624, 0.867624, 0.867624, 0.867624, 0.867624, 0.867624, 0.867624, 0.867624, 0.867624, 0.867624, 0.867624, 0.867624, 0.867624, 0.867624, 0.867624, 0.867624, 0.867623, 0.867624, 0.867623, 0.867625, 0.867621, 0.867628, 0.867628, 
1, 1, 0.999999, 0.999989, 0.999973, 0.999948, 0.999915, 0.999873, 0.999821, 0.999759, 0.999685, 0.999599, 0.9995, 0.999386, 0.999257, 0.999111, 0.998947, 0.998763, 0.998559, 0.998331, 0.998078, 0.997799, 0.99749, 0.99715, 0.996777, 0.996366, 0.995916, 0.995424, 0.994885, 0.994297, 0.993651, 0.992958, 0.992238, 0.991481, 0.990685, 0.989847, 0.988964, 0.988031, 0.987044, 0.986, 0.984893, 0.983718, 0.98247, 0.981142, 0.979728, 0.978221, 0.976614, 0.974897, 0.973063, 0.971101, 0.969, 0.96675, 0.964338, 0.961751, 0.958975, 0.955993, 0.952789, 0.949345, 0.94564, 0.941655, 0.937364, 0.932746, 0.927765, 0.922413, 0.916611, 0.910424, 0.903606, 0.89656, 0.888306, 0.880765, 0.869765, 0.863825, 0.865583, 0.865092, 0.865194, 0.865176, 0.865178, 0.865178, 0.865178, 0.865178, 0.865178, 0.865178, 0.865178, 0.865178, 0.865178, 0.865178, 0.865178, 0.865178, 0.865178, 0.865178, 0.865178, 0.865178, 0.865178, 0.865178, 0.865178, 0.865177, 0.865179, 0.865176, 0.865182, 0.865182, 
1, 1, 0.999999, 0.999989, 0.999972, 0.999947, 0.999913, 0.999871, 0.999818, 0.999755, 0.99968, 0.999592, 0.999491, 0.999376, 0.999244, 0.999096, 0.998929, 0.998742, 0.998534, 0.998303, 0.998046, 0.997762, 0.997449, 0.997104, 0.996724, 0.996308, 0.995851, 0.995352, 0.994804, 0.994209, 0.993553, 0.99285, 0.99212, 0.991351, 0.990543, 0.989692, 0.988793, 0.987845, 0.986841, 0.985778, 0.984652, 0.983455, 0.982184, 0.980832, 0.979392, 0.977857, 0.976219, 0.974469, 0.972599, 0.970599, 0.968458, 0.966165, 0.963706, 0.961069, 0.958239, 0.9552, 0.951935, 0.948425, 0.94465, 0.940589, 0.936218, 0.931514, 0.926441, 0.92099, 0.915083, 0.908785, 0.901845, 0.894675, 0.886276, 0.878606, 0.867417, 0.861377, 0.863168, 0.862665, 0.86277, 0.862751, 0.862754, 0.862754, 0.862754, 0.862754, 0.862754, 0.862754, 0.862754, 0.862754, 0.862754, 0.862754, 0.862754, 0.862754, 0.862754, 0.862754, 0.862754, 0.862754, 0.862754, 0.862754, 0.862754, 0.862753, 0.862755, 0.862751, 0.862758, 0.862758, 
1, 1, 0.999999, 0.999989, 0.999972, 0.999946, 0.999912, 0.999868, 0.999815, 0.99975, 0.999674, 0.999585, 0.999483, 0.999365, 0.999232, 0.999081, 0.998911, 0.998721, 0.99851, 0.998275, 0.998014, 0.997726, 0.997407, 0.997057, 0.996672, 0.99625, 0.995786, 0.995279, 0.994724, 0.99412, 0.993455, 0.992742, 0.992002, 0.991221, 0.990401, 0.989536, 0.988623, 0.987658, 0.986638, 0.985557, 0.98441, 0.983193, 0.981899, 0.980522, 0.979056, 0.977492, 0.975824, 0.974041, 0.972137, 0.970099, 0.967918, 0.965581, 0.963076, 0.960389, 0.957506, 0.95441, 0.951084, 0.947509, 0.943664, 0.939529, 0.935077, 0.930288, 0.925124, 0.919576, 0.913565, 0.907157, 0.900096, 0.892804, 0.884262, 0.876465, 0.865089, 0.858951, 0.860773, 0.86026, 0.860368, 0.860348, 0.860351, 0.860351, 0.860351, 0.860351, 0.860351, 0.860351, 0.860351, 0.860351, 0.860351, 0.860351, 0.860351, 0.860351, 0.860351, 0.860351, 0.860351, 0.860351, 0.860351, 0.860351, 0.860351, 0.86035, 0.860352, 0.860349, 0.860355, 0.860355, 
1, 1, 0.999999, 0.999989, 0.999971, 0.999945, 0.99991, 0.999866, 0.999812, 0.999746, 0.999669, 0.999578, 0.999474, 0.999354, 0.999219, 0.999065, 0.998893, 0.9987, 0.998485, 0.998246, 0.997982, 0.997689, 0.997366, 0.99701, 0.99662, 0.996191, 0.995721, 0.995207, 0.994644, 0.994031, 0.993357, 0.992634, 0.991883, 0.991091, 0.990258, 0.989379, 0.988452, 0.987472, 0.986434, 0.985335, 0.984169, 0.98293, 0.981614, 0.980212, 0.97872, 0.977128, 0.975429, 0.973614, 0.971675, 0.9696, 0.967378, 0.964998, 0.962448, 0.959712, 0.956775, 0.953623, 0.950236, 0.946596, 0.942683, 0.938474, 0.933943, 0.92907, 0.923815, 0.918171, 0.912056, 0.90554, 0.89836, 0.890947, 0.882264, 0.874341, 0.862782, 0.856546, 0.8584, 0.857876, 0.857987, 0.857967, 0.85797, 0.85797, 0.85797, 0.85797, 0.85797, 0.85797, 0.85797, 0.85797, 0.85797, 0.85797, 0.85797, 0.85797, 0.85797, 0.85797, 0.85797, 0.857969, 0.85797, 0.857969, 0.85797, 0.857969, 0.857971, 0.857967, 0.857974, 0.857974, 
1, 1, 0.999999, 0.999989, 0.999971, 0.999944, 0.999909, 0.999864, 0.999808, 0.999742, 0.999663, 0.999571, 0.999465, 0.999343, 0.999206, 0.99905, 0.998875, 0.998679, 0.998461, 0.998218, 0.997949, 0.997652, 0.997324, 0.996963, 0.996567, 0.996132, 0.995655, 0.995134, 0.994563, 0.993942, 0.993258, 0.992526, 0.991764, 0.990961, 0.990115, 0.989223, 0.988281, 0.987285, 0.986231, 0.985113, 0.983928, 0.982668, 0.981329, 0.979903, 0.978384, 0.976764, 0.975035, 0.973188, 0.971214, 0.969101, 0.96684, 0.964417, 0.961821, 0.959036, 0.956047, 0.952839, 0.949392, 0.945688, 0.941706, 0.937424, 0.932815, 0.927858, 0.922514, 0.916775, 0.910558, 0.903934, 0.896637, 0.889105, 0.880282, 0.872236, 0.860495, 0.854164, 0.856049, 0.855514, 0.855628, 0.855607, 0.85561, 0.85561, 0.85561, 0.85561, 0.85561, 0.85561, 0.85561, 0.85561, 0.85561, 0.85561, 0.85561, 0.85561, 0.85561, 0.85561, 0.85561, 0.85561, 0.85561, 0.855609, 0.85561, 0.855609, 0.855611, 0.855607, 0.855614, 0.855614, 
1, 1, 0.999999, 0.999988, 0.99997, 0.999943, 0.999907, 0.999861, 0.999805, 0.999737, 0.999657, 0.999564, 0.999456, 0.999333, 0.999192, 0.999034, 0.998856, 0.998658, 0.998436, 0.99819, 0.997917, 0.997615, 0.997282, 0.996916, 0.996514, 0.996073, 0.995589, 0.995061, 0.994482, 0.993852, 0.99316, 0.992418, 0.991645, 0.99083, 0.989972, 0.989066, 0.98811, 0.987098, 0.986027, 0.984891, 0.983686, 0.982406, 0.981043, 0.979593, 0.978048, 0.9764, 0.974641, 0.972762, 0.970753, 0.968604, 0.966303, 0.963838, 0.961196, 0.958362, 0.955322, 0.952058, 0.948551, 0.944784, 0.940734, 0.936379, 0.931693, 0.926653, 0.921221, 0.915388, 0.90907, 0.90234, 0.894927, 0.887277, 0.878316, 0.870148, 0.858228, 0.851803, 0.853718, 0.853173, 0.85329, 0.853268, 0.853271, 0.853271, 0.853271, 0.853271, 0.853271, 0.853271, 0.853271, 0.853271, 0.853271, 0.853271, 0.853271, 0.853271, 0.853271, 0.853271, 0.853271, 0.853271, 0.853271, 0.853271, 0.853271, 0.853271, 0.853272, 0.853269, 0.853275, 0.853275, 
1, 1, 0.999999, 0.999988, 0.999969, 0.999942, 0.999906, 0.999859, 0.999802, 0.999733, 0.999652, 0.999557, 0.999447, 0.999322, 0.999179, 0.999019, 0.998838, 0.998636, 0.998411, 0.998161, 0.997884, 0.997578, 0.997241, 0.996869, 0.996461, 0.996014, 0.995523, 0.994988, 0.994401, 0.993763, 0.993061, 0.992309, 0.991526, 0.990699, 0.989829, 0.98891, 0.987939, 0.986912, 0.985823, 0.98467, 0.983445, 0.982143, 0.980759, 0.979284, 0.977713, 0.976038, 0.974249, 0.972337, 0.970294, 0.968108, 0.965768, 0.963261, 0.960573, 0.957691, 0.954599, 0.95128, 0.947714, 0.943884, 0.939767, 0.93534, 0.930577, 0.925456, 0.919936, 0.91401, 0.907592, 0.900758, 0.893229, 0.885464, 0.876367, 0.868079, 0.855982, 0.849463, 0.85141, 0.850853, 0.850974, 0.850951, 0.850954, 0.850954, 0.850954, 0.850954, 0.850954, 0.850954, 0.850954, 0.850954, 0.850954, 0.850954, 0.850954, 0.850954, 0.850954, 0.850954, 0.850954, 0.850954, 0.850954, 0.850954, 0.850954, 0.850953, 0.850955, 0.850952, 0.850958, 0.850958, 
1, 1, 0.999999, 0.999988, 0.999969, 0.999941, 0.999904, 0.999857, 0.999799, 0.999729, 0.999646, 0.999549, 0.999438, 0.999311, 0.999166, 0.999003, 0.99882, 0.998615, 0.998386, 0.998132, 0.997851, 0.997541, 0.997199, 0.996822, 0.996408, 0.995954, 0.995457, 0.994914, 0.99432, 0.993673, 0.992962, 0.992201, 0.991406, 0.990569, 0.989685, 0.988753, 0.987768, 0.986725, 0.98562, 0.984448, 0.983204, 0.981881, 0.980474, 0.978976, 0.977379, 0.975675, 0.973856, 0.971913, 0.969836, 0.967613, 0.965234, 0.962685, 0.959953, 0.957023, 0.953879, 0.950505, 0.946881, 0.942989, 0.938804, 0.934306, 0.929467, 0.924265, 0.918659, 0.912641, 0.906125, 0.899187, 0.891545, 0.883664, 0.874433, 0.866027, 0.853756, 0.847146, 0.849122, 0.848555, 0.848679, 0.848655, 0.848659, 0.848658, 0.848658, 0.848658, 0.848658, 0.848658, 0.848658, 0.848658, 0.848658, 0.848658, 0.848658, 0.848658, 0.848658, 0.848658, 0.848658, 0.848658, 0.848658, 0.848658, 0.848658, 0.848658, 0.848659, 0.848656, 0.848662, 0.848662, 
1, 1, 0.999999, 0.999988, 0.999968, 0.99994, 0.999902, 0.999854, 0.999795, 0.999724, 0.99964, 0.999542, 0.999429, 0.9993, 0.999153, 0.998987, 0.998801, 0.998593, 0.998361, 0.998104, 0.997819, 0.997504, 0.997156, 0.996774, 0.996355, 0.995895, 0.995391, 0.994841, 0.994238, 0.993583, 0.992863, 0.992092, 0.991287, 0.990438, 0.989542, 0.988596, 0.987596, 0.986538, 0.985416, 0.984226, 0.982962, 0.981619, 0.98019, 0.978667, 0.977045, 0.975313, 0.973465, 0.97149, 0.969379, 0.96712, 0.964701, 0.962111, 0.959334, 0.956357, 0.953162, 0.949734, 0.946052, 0.942097, 0.937847, 0.933279, 0.928364, 0.923082, 0.91739, 0.911282, 0.904668, 0.897627, 0.889874, 0.88188, 0.872516, 0.863993, 0.85155, 0.84485, 0.846856, 0.846278, 0.846405, 0.84638, 0.846384, 0.846384, 0.846384, 0.846384, 0.846384, 0.846384, 0.846384, 0.846384, 0.846384, 0.846384, 0.846384, 0.846384, 0.846384, 0.846384, 0.846384, 0.846384, 0.846384, 0.846384, 0.846384, 0.846383, 0.846385, 0.846382, 0.846388, 0.846388, 
1, 1, 0.999999, 0.999988, 0.999968, 0.999939, 0.999901, 0.999852, 0.999792, 0.99972, 0.999634, 0.999535, 0.99942, 0.999289, 0.99914, 0.998971, 0.998783, 0.998571, 0.998336, 0.998075, 0.997786, 0.997466, 0.997114, 0.996727, 0.996302, 0.995836, 0.995325, 0.994767, 0.994157, 0.993493, 0.992764, 0.991983, 0.991167, 0.990306, 0.989398, 0.988439, 0.987425, 0.986351, 0.985213, 0.984005, 0.982722, 0.981357, 0.979906, 0.97836, 0.976711, 0.974952, 0.973075, 0.971068, 0.968923, 0.966628, 0.964171, 0.961539, 0.958718, 0.955693, 0.952449, 0.948966, 0.945227, 0.941211, 0.936895, 0.932257, 0.927268, 0.921906, 0.91613, 0.909932, 0.903221, 0.896079, 0.888215, 0.88011, 0.870615, 0.861977, 0.849365, 0.842575, 0.844611, 0.844023, 0.844153, 0.844127, 0.844131, 0.844131, 0.844131, 0.844131, 0.844131, 0.844131, 0.844131, 0.844131, 0.844131, 0.844131, 0.844131, 0.844131, 0.844131, 0.844131, 0.844131, 0.844131, 0.844131, 0.844131, 0.844131, 0.84413, 0.844132, 0.844129, 0.844135, 0.844135, 
1, 1, 0.999999, 0.999987, 0.999967, 0.999938, 0.999899, 0.99985, 0.999789, 0.999715, 0.999629, 0.999527, 0.999411, 0.999278, 0.999126, 0.998956, 0.998764, 0.99855, 0.998311, 0.998046, 0.997753, 0.997429, 0.997072, 0.996679, 0.996248, 0.995776, 0.995259, 0.994693, 0.994075, 0.993403, 0.992665, 0.991874, 0.991048, 0.990175, 0.989255, 0.988282, 0.987254, 0.986164, 0.985009, 0.983783, 0.982481, 0.981096, 0.979622, 0.978052, 0.976378, 0.974592, 0.972685, 0.970647, 0.968469, 0.966137, 0.963642, 0.960969, 0.958104, 0.955033, 0.951738, 0.948202, 0.944406, 0.940329, 0.935948, 0.931241, 0.926178, 0.920738, 0.914878, 0.908591, 0.901785, 0.894543, 0.88657, 0.878354, 0.868731, 0.859979, 0.8472, 0.840323, 0.842387, 0.841789, 0.841922, 0.841895, 0.8419, 0.841899, 0.841899, 0.841899, 0.841899, 0.841899, 0.841899, 0.841899, 0.841899, 0.841899, 0.841899, 0.841899, 0.841899, 0.841899, 0.841899, 0.841899, 0.841899, 0.841899, 0.841899, 0.841899, 0.8419, 0.841897, 0.841903, 0.841903, 
1, 1, 0.999999, 0.999987, 0.999967, 0.999937, 0.999898, 0.999847, 0.999785, 0.999711, 0.999623, 0.99952, 0.999402, 0.999267, 0.999113, 0.99894, 0.998745, 0.998528, 0.998286, 0.998017, 0.99772, 0.997391, 0.99703, 0.996632, 0.996195, 0.995716, 0.995192, 0.99462, 0.993994, 0.993313, 0.992566, 0.991765, 0.990928, 0.990044, 0.989111, 0.988126, 0.987082, 0.985977, 0.984806, 0.983562, 0.982241, 0.980835, 0.979339, 0.977745, 0.976046, 0.974233, 0.972297, 0.970228, 0.968015, 0.965649, 0.963115, 0.960401, 0.957493, 0.954375, 0.95103, 0.947441, 0.943589, 0.939451, 0.935006, 0.930231, 0.925095, 0.919577, 0.913634, 0.907259, 0.90036, 0.893019, 0.884938, 0.876613, 0.866862, 0.857998, 0.845055, 0.838091, 0.840184, 0.839576, 0.839712, 0.839685, 0.839689, 0.839689, 0.839689, 0.839689, 0.839689, 0.839689, 0.839689, 0.839689, 0.839689, 0.839689, 0.839689, 0.839689, 0.839689, 0.839689, 0.839689, 0.839689, 0.839689, 0.839689, 0.839689, 0.839688, 0.83969, 0.839687, 0.839693, 0.839693, 
1, 1, 0.999999, 0.999987, 0.999966, 0.999936, 0.999896, 0.999845, 0.999782, 0.999706, 0.999617, 0.999513, 0.999393, 0.999255, 0.9991, 0.998924, 0.998727, 0.998506, 0.998261, 0.997988, 0.997687, 0.997354, 0.996987, 0.996584, 0.996141, 0.995656, 0.995126, 0.994546, 0.993912, 0.993223, 0.992467, 0.991656, 0.990808, 0.989913, 0.988968, 0.987969, 0.986911, 0.985791, 0.984603, 0.983341, 0.982, 0.980574, 0.979056, 0.977439, 0.975714, 0.973874, 0.971909, 0.969809, 0.967564, 0.965161, 0.96259, 0.959835, 0.956884, 0.95372, 0.950326, 0.946685, 0.942776, 0.938579, 0.93407, 0.929227, 0.924019, 0.918424, 0.912399, 0.905938, 0.898945, 0.891507, 0.883319, 0.874887, 0.865011, 0.856036, 0.84293, 0.835882, 0.838003, 0.837384, 0.837523, 0.837495, 0.8375, 0.8375, 0.8375, 0.8375, 0.8375, 0.8375, 0.8375, 0.8375, 0.8375, 0.8375, 0.8375, 0.8375, 0.8375, 0.8375, 0.8375, 0.8375, 0.8375, 0.837499, 0.8375, 0.837499, 0.837501, 0.837498, 0.837504, 0.837504, 
1, 1, 0.999999, 0.999987, 0.999966, 0.999935, 0.999894, 0.999843, 0.999779, 0.999702, 0.999611, 0.999505, 0.999384, 0.999244, 0.999086, 0.998908, 0.998708, 0.998484, 0.998236, 0.997959, 0.997654, 0.997316, 0.996945, 0.996536, 0.996088, 0.995597, 0.995059, 0.994472, 0.99383, 0.993133, 0.992367, 0.991547, 0.990689, 0.989782, 0.988824, 0.987812, 0.98674, 0.985605, 0.9844, 0.98312, 0.981761, 0.980314, 0.978774, 0.977134, 0.975384, 0.973516, 0.971522, 0.969392, 0.967113, 0.964676, 0.962067, 0.959272, 0.956278, 0.953068, 0.949625, 0.945932, 0.941967, 0.937711, 0.933139, 0.928229, 0.92295, 0.917279, 0.911173, 0.904625, 0.897541, 0.890006, 0.881713, 0.873176, 0.863175, 0.854092, 0.840826, 0.833694, 0.835843, 0.835214, 0.835356, 0.835327, 0.835332, 0.835332, 0.835332, 0.835332, 0.835332, 0.835332, 0.835332, 0.835332, 0.835332, 0.835332, 0.835332, 0.835332, 0.835332, 0.835332, 0.835332, 0.835332, 0.835332, 0.835332, 0.835332, 0.835331, 0.835333, 0.83533, 0.835336, 0.835336, 
1, 1, 0.999999, 0.999987, 0.999965, 0.999934, 0.999893, 0.99984, 0.999775, 0.999697, 0.999605, 0.999498, 0.999374, 0.999233, 0.999073, 0.998892, 0.998689, 0.998463, 0.99821, 0.99793, 0.997621, 0.997279, 0.996902, 0.996488, 0.996034, 0.995537, 0.994992, 0.994398, 0.993748, 0.993043, 0.992268, 0.991438, 0.990569, 0.989651, 0.988681, 0.987655, 0.986569, 0.985418, 0.984197, 0.9829, 0.981521, 0.980055, 0.978493, 0.976829, 0.975054, 0.97316, 0.971137, 0.968976, 0.966665, 0.964192, 0.961545, 0.958711, 0.955674, 0.952419, 0.948928, 0.945182, 0.941163, 0.936848, 0.932214, 0.927237, 0.921887, 0.916141, 0.909955, 0.903323, 0.896147, 0.888518, 0.880121, 0.871479, 0.861356, 0.852166, 0.838742, 0.831527, 0.833704, 0.833065, 0.83321, 0.83318, 0.833186, 0.833185, 0.833185, 0.833185, 0.833185, 0.833185, 0.833185, 0.833185, 0.833185, 0.833185, 0.833185, 0.833185, 0.833185, 0.833185, 0.833185, 0.833185, 0.833185, 0.833185, 0.833185, 0.833185, 0.833186, 0.833183, 0.833189, 0.833189, 
1, 1, 0.999999, 0.999986, 0.999965, 0.999933, 0.999891, 0.999838, 0.999772, 0.999693, 0.999599, 0.999491, 0.999365, 0.999222, 0.999059, 0.998876, 0.99867, 0.998441, 0.998185, 0.997901, 0.997587, 0.997241, 0.99686, 0.99644, 0.995981, 0.995477, 0.994926, 0.994324, 0.993667, 0.992952, 0.992169, 0.991329, 0.990449, 0.98952, 0.988538, 0.987499, 0.986399, 0.985232, 0.983995, 0.98268, 0.981283, 0.979796, 0.978212, 0.976525, 0.974725, 0.972804, 0.970753, 0.968561, 0.966217, 0.96371, 0.961026, 0.958152, 0.955073, 0.951773, 0.948234, 0.944437, 0.940363, 0.935991, 0.931295, 0.926252, 0.920832, 0.915012, 0.908746, 0.90203, 0.894765, 0.887042, 0.878542, 0.869797, 0.859553, 0.850257, 0.836678, 0.829381, 0.831586, 0.830937, 0.831086, 0.831055, 0.83106, 0.831059, 0.831059, 0.831059, 0.831059, 0.831059, 0.831059, 0.831059, 0.831059, 0.831059, 0.831059, 0.831059, 0.831059, 0.831059, 0.831059, 0.831059, 0.831059, 0.831059, 0.83106, 0.831059, 0.83106, 0.831057, 0.831063, 0.831063, 
1, 1, 0.999999, 0.999986, 0.999964, 0.999932, 0.99989, 0.999835, 0.999769, 0.999688, 0.999594, 0.999483, 0.999356, 0.999211, 0.999046, 0.99886, 0.998652, 0.998419, 0.99816, 0.997872, 0.997554, 0.997203, 0.996817, 0.996393, 0.995927, 0.995417, 0.994859, 0.99425, 0.993585, 0.992862, 0.99207, 0.99122, 0.99033, 0.989389, 0.988395, 0.987343, 0.986228, 0.985047, 0.983793, 0.982461, 0.981044, 0.979537, 0.977932, 0.976221, 0.974397, 0.97245, 0.97037, 0.968148, 0.965772, 0.96323, 0.96051, 0.957596, 0.954475, 0.95113, 0.947543, 0.943696, 0.939568, 0.935138, 0.930381, 0.925273, 0.919784, 0.91389, 0.907546, 0.900747, 0.893393, 0.885577, 0.876977, 0.86813, 0.857767, 0.848367, 0.834634, 0.827258, 0.82949, 0.82883, 0.828982, 0.82895, 0.828956, 0.828955, 0.828955, 0.828955, 0.828955, 0.828955, 0.828955, 0.828955, 0.828955, 0.828955, 0.828955, 0.828955, 0.828955, 0.828955, 0.828955, 0.828955, 0.828955, 0.828955, 0.828955, 0.828955, 0.828956, 0.828953, 0.828959, 0.828959, 
1, 1, 0.999999, 0.999986, 0.999964, 0.999931, 0.999888, 0.999833, 0.999765, 0.999684, 0.999588, 0.999476, 0.999347, 0.9992, 0.999032, 0.998844, 0.998633, 0.998397, 0.998134, 0.997843, 0.997521, 0.997166, 0.996774, 0.996345, 0.995873, 0.995357, 0.994792, 0.994176, 0.993503, 0.992772, 0.99197, 0.991111, 0.990211, 0.989258, 0.988252, 0.987187, 0.986058, 0.984861, 0.983591, 0.982241, 0.980806, 0.979279, 0.977652, 0.975919, 0.97407, 0.972096, 0.969989, 0.967736, 0.965328, 0.962752, 0.959995, 0.957043, 0.95388, 0.95049, 0.946857, 0.942959, 0.938778, 0.93429, 0.929473, 0.9243, 0.918743, 0.912776, 0.906355, 0.899474, 0.892033, 0.884125, 0.875424, 0.866477, 0.855997, 0.846494, 0.832611, 0.825155, 0.827414, 0.826744, 0.826899, 0.826866, 0.826872, 0.826872, 0.826872, 0.826872, 0.826872, 0.826872, 0.826872, 0.826872, 0.826872, 0.826872, 0.826872, 0.826872, 0.826872, 0.826872, 0.826872, 0.826872, 0.826872, 0.826872, 0.826872, 0.826871, 0.826873, 0.82687, 0.826875, 0.826875, 
1, 1, 0.999999, 0.999986, 0.999963, 0.99993, 0.999886, 0.99983, 0.999762, 0.999679, 0.999582, 0.999468, 0.999338, 0.999188, 0.999019, 0.998828, 0.998614, 0.998375, 0.998109, 0.997814, 0.997488, 0.997128, 0.996732, 0.996297, 0.99582, 0.995297, 0.994726, 0.994102, 0.993421, 0.992682, 0.991871, 0.991002, 0.990091, 0.989128, 0.988109, 0.987031, 0.985888, 0.984676, 0.98339, 0.982023, 0.980569, 0.979022, 0.977374, 0.975617, 0.973744, 0.971744, 0.969608, 0.967326, 0.964886, 0.962276, 0.959483, 0.956492, 0.953288, 0.949854, 0.946174, 0.942226, 0.937992, 0.933448, 0.928571, 0.923334, 0.917709, 0.911671, 0.905173, 0.898211, 0.890683, 0.882685, 0.873886, 0.86484, 0.854243, 0.84464, 0.830607, 0.823074, 0.825359, 0.824679, 0.824838, 0.824804, 0.82481, 0.824809, 0.824809, 0.824809, 0.824809, 0.824809, 0.824809, 0.824809, 0.824809, 0.824809, 0.824809, 0.824809, 0.824809, 0.824809, 0.824809, 0.824809, 0.824809, 0.824809, 0.824809, 0.824809, 0.82481, 0.824807, 0.824813, 0.824813, 
1, 1, 0.999999, 0.999985, 0.999963, 0.999929, 0.999885, 0.999828, 0.999758, 0.999675, 0.999576, 0.999461, 0.999328, 0.999177, 0.999005, 0.998812, 0.998595, 0.998353, 0.998084, 0.997785, 0.997455, 0.99709, 0.996689, 0.996249, 0.995766, 0.995237, 0.994659, 0.994029, 0.99334, 0.992592, 0.991772, 0.990893, 0.989972, 0.988997, 0.987967, 0.986875, 0.985719, 0.984492, 0.983189, 0.981805, 0.980332, 0.978765, 0.977096, 0.975317, 0.973419, 0.971393, 0.96923, 0.966918, 0.964446, 0.961802, 0.958973, 0.955943, 0.952699, 0.949222, 0.945494, 0.941498, 0.937211, 0.932611, 0.927674, 0.922375, 0.916683, 0.910573, 0.904, 0.896958, 0.889345, 0.881257, 0.872361, 0.863217, 0.852506, 0.842803, 0.828623, 0.821014, 0.823325, 0.822636, 0.822797, 0.822762, 0.822769, 0.822768, 0.822768, 0.822768, 0.822768, 0.822768, 0.822768, 0.822768, 0.822768, 0.822768, 0.822768, 0.822768, 0.822768, 0.822768, 0.822768, 0.822768, 0.822768, 0.822768, 0.822768, 0.822767, 0.822769, 0.822766, 0.822772, 0.822772, 
1, 1, 0.999999, 0.999985, 0.999962, 0.999928, 0.999883, 0.999826, 0.999755, 0.99967, 0.99957, 0.999453, 0.999319, 0.999166, 0.998992, 0.998796, 0.998576, 0.998331, 0.998058, 0.997756, 0.997421, 0.997052, 0.996647, 0.996201, 0.995712, 0.995177, 0.994593, 0.993955, 0.993258, 0.992502, 0.991673, 0.990785, 0.989853, 0.988867, 0.987824, 0.98672, 0.985549, 0.984308, 0.982989, 0.981587, 0.980096, 0.97851, 0.976819, 0.975017, 0.973095, 0.971043, 0.968852, 0.966511, 0.964008, 0.961331, 0.958465, 0.955398, 0.952112, 0.948592, 0.944819, 0.940774, 0.936435, 0.93178, 0.926784, 0.921422, 0.915664, 0.909484, 0.902836, 0.895715, 0.888017, 0.879842, 0.870849, 0.861609, 0.850785, 0.840984, 0.82666, 0.818975, 0.821312, 0.820613, 0.820777, 0.820742, 0.820748, 0.820747, 0.820747, 0.820747, 0.820747, 0.820747, 0.820747, 0.820747, 0.820747, 0.820747, 0.820747, 0.820747, 0.820747, 0.820747, 0.820747, 0.820747, 0.820747, 0.820747, 0.820748, 0.820747, 0.820748, 0.820746, 0.820751, 0.820751, 
1, 1, 0.999999, 0.999985, 0.999962, 0.999927, 0.999881, 0.999823, 0.999752, 0.999666, 0.999564, 0.999446, 0.99931, 0.999155, 0.998978, 0.99878, 0.998558, 0.998309, 0.998033, 0.997727, 0.997388, 0.997015, 0.996604, 0.996153, 0.995659, 0.995118, 0.994526, 0.993881, 0.993177, 0.992412, 0.991575, 0.990676, 0.989734, 0.988737, 0.987682, 0.986565, 0.985381, 0.984124, 0.982789, 0.98137, 0.979861, 0.978255, 0.976543, 0.974719, 0.972772, 0.970695, 0.968477, 0.966106, 0.963572, 0.960861, 0.95796, 0.954855, 0.951529, 0.947966, 0.944148, 0.940054, 0.935663, 0.930954, 0.9259, 0.920477, 0.914652, 0.908403, 0.901681, 0.894482, 0.886701, 0.878439, 0.869351, 0.860016, 0.849081, 0.839183, 0.824716, 0.816957, 0.81932, 0.818611, 0.818778, 0.818742, 0.818749, 0.818748, 0.818748, 0.818748, 0.818748, 0.818748, 0.818748, 0.818748, 0.818748, 0.818748, 0.818748, 0.818748, 0.818748, 0.818748, 0.818748, 0.818748, 0.818748, 0.818748, 0.818748, 0.818747, 0.818749, 0.818746, 0.818752, 0.818752, 
1, 1, 0.999999, 0.999985, 0.999961, 0.999926, 0.99988, 0.999821, 0.999748, 0.999661, 0.999558, 0.999439, 0.999301, 0.999143, 0.998965, 0.998764, 0.998539, 0.998287, 0.998007, 0.997697, 0.997355, 0.996977, 0.996561, 0.996105, 0.995605, 0.995058, 0.99446, 0.993808, 0.993095, 0.992322, 0.991476, 0.990568, 0.989616, 0.988607, 0.987541, 0.98641, 0.985212, 0.98394, 0.98259, 0.981154, 0.979627, 0.978, 0.976268, 0.974421, 0.972451, 0.970348, 0.968103, 0.965703, 0.963138, 0.960394, 0.957458, 0.954315, 0.95095, 0.947344, 0.943481, 0.939339, 0.934897, 0.930133, 0.925022, 0.919537, 0.913648, 0.90733, 0.900535, 0.893259, 0.885396, 0.877048, 0.867866, 0.858438, 0.847393, 0.8374, 0.822793, 0.81496, 0.817348, 0.816629, 0.8168, 0.816763, 0.81677, 0.816769, 0.816769, 0.816769, 0.816769, 0.816769, 0.816769, 0.816769, 0.816769, 0.816769, 0.816769, 0.816769, 0.816769, 0.816769, 0.816769, 0.816769, 0.816769, 0.816769, 0.816769, 0.816769, 0.81677, 0.816767, 0.816773, 0.816773, 
1, 1, 0.999999, 0.999985, 0.99996, 0.999925, 0.999878, 0.999818, 0.999745, 0.999656, 0.999552, 0.999431, 0.999291, 0.999132, 0.998951, 0.998748, 0.99852, 0.998265, 0.997982, 0.997668, 0.997322, 0.996939, 0.996519, 0.996057, 0.995552, 0.994998, 0.994393, 0.993734, 0.993014, 0.992233, 0.991378, 0.99046, 0.989498, 0.988478, 0.987399, 0.986256, 0.985044, 0.983758, 0.982391, 0.980938, 0.979393, 0.977747, 0.975994, 0.974125, 0.972131, 0.970003, 0.96773, 0.965302, 0.962706, 0.959929, 0.956958, 0.953778, 0.950373, 0.946726, 0.942817, 0.938628, 0.934136, 0.929318, 0.92415, 0.918605, 0.912652, 0.906266, 0.899398, 0.892047, 0.884102, 0.875669, 0.866395, 0.856875, 0.845722, 0.835635, 0.820889, 0.812984, 0.815398, 0.814669, 0.814843, 0.814804, 0.814812, 0.814811, 0.814811, 0.814811, 0.814811, 0.814811, 0.814811, 0.814811, 0.814811, 0.814811, 0.814811, 0.814811, 0.814811, 0.814811, 0.814811, 0.814811, 0.814811, 0.814811, 0.814811, 0.814811, 0.814812, 0.814809, 0.814815, 0.814815, 
1, 1, 0.999999, 0.999984, 0.99996, 0.999924, 0.999877, 0.999816, 0.999741, 0.999652, 0.999546, 0.999424, 0.999282, 0.999121, 0.998938, 0.998732, 0.998501, 0.998243, 0.997957, 0.997639, 0.997288, 0.996902, 0.996476, 0.99601, 0.995498, 0.994939, 0.994327, 0.993661, 0.992933, 0.992144, 0.991279, 0.990352, 0.989379, 0.988349, 0.987258, 0.986102, 0.984877, 0.983575, 0.982193, 0.980723, 0.97916, 0.977495, 0.975721, 0.97383, 0.971812, 0.969659, 0.967359, 0.964902, 0.962276, 0.959467, 0.956461, 0.953245, 0.9498, 0.946111, 0.942158, 0.937922, 0.93338, 0.928509, 0.923284, 0.91768, 0.911663, 0.90521, 0.898271, 0.890844, 0.882819, 0.874303, 0.864938, 0.855326, 0.844067, 0.833888, 0.819005, 0.81103, 0.813467, 0.812729, 0.812907, 0.812867, 0.812875, 0.812873, 0.812874, 0.812874, 0.812874, 0.812874, 0.812874, 0.812874, 0.812874, 0.812874, 0.812874, 0.812874, 0.812874, 0.812874, 0.812874, 0.812874, 0.812874, 0.812874, 0.812874, 0.812873, 0.812874, 0.812872, 0.812877, 0.812877, 
1, 1, 0.999999, 0.999984, 0.999959, 0.999923, 0.999875, 0.999813, 0.999738, 0.999647, 0.99954, 0.999416, 0.999273, 0.99911, 0.998924, 0.998716, 0.998482, 0.998221, 0.997931, 0.99761, 0.997255, 0.996864, 0.996434, 0.995962, 0.995445, 0.994879, 0.994261, 0.993587, 0.992852, 0.992054, 0.991181, 0.990245, 0.989262, 0.98822, 0.987118, 0.985949, 0.98471, 0.983394, 0.981996, 0.980509, 0.978928, 0.977243, 0.975449, 0.973536, 0.971495, 0.969317, 0.96699, 0.964505, 0.961848, 0.959007, 0.955967, 0.952714, 0.949231, 0.9455, 0.941503, 0.93722, 0.932629, 0.927706, 0.922425, 0.916761, 0.910682, 0.904163, 0.897153, 0.889652, 0.881548, 0.872949, 0.863494, 0.853793, 0.842428, 0.832158, 0.817141, 0.809096, 0.811558, 0.81081, 0.810991, 0.81095, 0.810958, 0.810957, 0.810957, 0.810957, 0.810957, 0.810957, 0.810957, 0.810957, 0.810957, 0.810957, 0.810957, 0.810957, 0.810957, 0.810957, 0.810957, 0.810957, 0.810957, 0.810957, 0.810957, 0.810956, 0.810958, 0.810955, 0.81096, 0.81096, 
1, 1, 0.999999, 0.999984, 0.999959, 0.999922, 0.999873, 0.999811, 0.999735, 0.999643, 0.999535, 0.999409, 0.999264, 0.999098, 0.998911, 0.9987, 0.998463, 0.998199, 0.997906, 0.997581, 0.997222, 0.996827, 0.996392, 0.995914, 0.995391, 0.99482, 0.994195, 0.993514, 0.992771, 0.991965, 0.991084, 0.990137, 0.989144, 0.988092, 0.986977, 0.985796, 0.984543, 0.983213, 0.981799, 0.980296, 0.978696, 0.976993, 0.975178, 0.973243, 0.971179, 0.968976, 0.966623, 0.964109, 0.961422, 0.958549, 0.955475, 0.952186, 0.948664, 0.944893, 0.940853, 0.936523, 0.931883, 0.926908, 0.921572, 0.91585, 0.909709, 0.903124, 0.896045, 0.888471, 0.880288, 0.871608, 0.862064, 0.852274, 0.840806, 0.830446, 0.815296, 0.807183, 0.809668, 0.808911, 0.809095, 0.809053, 0.809062, 0.80906, 0.809061, 0.809061, 0.809061, 0.809061, 0.809061, 0.809061, 0.809061, 0.809061, 0.809061, 0.809061, 0.809061, 0.809061, 0.809061, 0.809061, 0.809061, 0.809061, 0.809061, 0.80906, 0.809062, 0.809059, 0.809064, 0.809064, 
1, 1, 0.999999, 0.999984, 0.999958, 0.999921, 0.999872, 0.999809, 0.999731, 0.999638, 0.999529, 0.999401, 0.999254, 0.999087, 0.998897, 0.998684, 0.998445, 0.998178, 0.997881, 0.997552, 0.997189, 0.996789, 0.996349, 0.995867, 0.995338, 0.99476, 0.994129, 0.993441, 0.992691, 0.991877, 0.990986, 0.99003, 0.989027, 0.987964, 0.986837, 0.985644, 0.984377, 0.983032, 0.981603, 0.980083, 0.978466, 0.976744, 0.974908, 0.972952, 0.970865, 0.968637, 0.966258, 0.963716, 0.960999, 0.958094, 0.954987, 0.951661, 0.948102, 0.94429, 0.940206, 0.935831, 0.931142, 0.926116, 0.920726, 0.914946, 0.908743, 0.902093, 0.894946, 0.887299, 0.879039, 0.870279, 0.860648, 0.85077, 0.8392, 0.828751, 0.813471, 0.80529, 0.8078, 0.807033, 0.80722, 0.807177, 0.807186, 0.807185, 0.807185, 0.807185, 0.807185, 0.807185, 0.807185, 0.807185, 0.807185, 0.807185, 0.807185, 0.807185, 0.807185, 0.807185, 0.807185, 0.807185, 0.807185, 0.807185, 0.807185, 0.807184, 0.807186, 0.807183, 0.807188, 0.807188, 
1, 1, 0.999999, 0.999984, 0.999958, 0.99992, 0.99987, 0.999806, 0.999728, 0.999634, 0.999523, 0.999394, 0.999245, 0.999076, 0.998884, 0.998668, 0.998426, 0.998156, 0.997856, 0.997523, 0.997156, 0.996752, 0.996307, 0.995819, 0.995285, 0.994701, 0.994063, 0.993368, 0.99261, 0.991788, 0.990889, 0.989924, 0.98891, 0.987836, 0.986698, 0.985492, 0.984212, 0.982852, 0.981408, 0.979871, 0.978236, 0.976495, 0.97464, 0.972662, 0.970552, 0.968299, 0.965894, 0.963325, 0.960578, 0.957642, 0.954501, 0.95114, 0.947542, 0.94369, 0.939565, 0.935144, 0.930407, 0.92533, 0.919886, 0.914049, 0.907785, 0.901072, 0.893856, 0.886138, 0.877802, 0.868962, 0.859245, 0.849281, 0.83761, 0.827075, 0.811666, 0.803418, 0.805951, 0.805175, 0.805366, 0.805322, 0.805331, 0.805329, 0.80533, 0.80533, 0.80533, 0.80533, 0.80533, 0.80533, 0.80533, 0.80533, 0.80533, 0.80533, 0.80533, 0.80533, 0.80533, 0.80533, 0.80533, 0.805329, 0.80533, 0.805329, 0.80533, 0.805328, 0.805333, 0.805333, 
1, 1, 0.999999, 0.999983, 0.999957, 0.999919, 0.999868, 0.999804, 0.999724, 0.999629, 0.999517, 0.999386, 0.999236, 0.999065, 0.99887, 0.998652, 0.998407, 0.998134, 0.99783, 0.997494, 0.997123, 0.996714, 0.996265, 0.995772, 0.995232, 0.994642, 0.993998, 0.993296, 0.99253, 0.9917, 0.990792, 0.989817, 0.988794, 0.987709, 0.986559, 0.98534, 0.984047, 0.982673, 0.981213, 0.979661, 0.978008, 0.976248, 0.974373, 0.972373, 0.97024, 0.967964, 0.965533, 0.962936, 0.96016, 0.957192, 0.954018, 0.950622, 0.946987, 0.943095, 0.938927, 0.934462, 0.929678, 0.92455, 0.919052, 0.913159, 0.906836, 0.900059, 0.892776, 0.884987, 0.876576, 0.867658, 0.857855, 0.847807, 0.836036, 0.825416, 0.80988, 0.801567, 0.804123, 0.803338, 0.803531, 0.803487, 0.803496, 0.803494, 0.803495, 0.803495, 0.803495, 0.803495, 0.803495, 0.803495, 0.803495, 0.803495, 0.803495, 0.803495, 0.803495, 0.803495, 0.803495, 0.803494, 0.803495, 0.803494, 0.803495, 0.803494, 0.803495, 0.803493, 0.803498, 0.803498, 
1, 1, 0.999999, 0.999983, 0.999957, 0.999918, 0.999867, 0.999801, 0.999721, 0.999625, 0.999511, 0.999379, 0.999227, 0.999053, 0.998857, 0.998636, 0.998388, 0.998112, 0.997805, 0.997466, 0.99709, 0.996677, 0.996223, 0.995725, 0.995179, 0.994583, 0.993932, 0.993223, 0.99245, 0.991612, 0.990695, 0.989711, 0.988678, 0.987582, 0.986421, 0.98519, 0.983883, 0.982495, 0.98102, 0.979451, 0.977781, 0.976002, 0.974107, 0.972086, 0.96993, 0.96763, 0.965173, 0.962549, 0.959744, 0.956745, 0.953538, 0.950107, 0.946435, 0.942504, 0.938294, 0.933785, 0.928953, 0.923776, 0.918225, 0.912276, 0.905894, 0.899054, 0.891706, 0.883847, 0.875361, 0.866366, 0.85648, 0.846348, 0.834479, 0.823774, 0.808114, 0.799737, 0.802315, 0.801521, 0.801717, 0.801672, 0.801681, 0.801679, 0.80168, 0.80168, 0.80168, 0.80168, 0.80168, 0.80168, 0.80168, 0.80168, 0.80168, 0.80168, 0.80168, 0.80168, 0.80168, 0.80168, 0.80168, 0.80168, 0.80168, 0.801679, 0.801681, 0.801678, 0.801683, 0.801683, 
1, 1, 0.999999, 0.999983, 0.999956, 0.999917, 0.999865, 0.999799, 0.999718, 0.99962, 0.999505, 0.999371, 0.999218, 0.999042, 0.998844, 0.99862, 0.99837, 0.99809, 0.99778, 0.997437, 0.997058, 0.99664, 0.996181, 0.995678, 0.995127, 0.994525, 0.993867, 0.993151, 0.99237, 0.991524, 0.990598, 0.989606, 0.988562, 0.987455, 0.986283, 0.985039, 0.983719, 0.982317, 0.980827, 0.979241, 0.977554, 0.975757, 0.973842, 0.9718, 0.969622, 0.967298, 0.964816, 0.962164, 0.959331, 0.956301, 0.953062, 0.949596, 0.945887, 0.941917, 0.937666, 0.933112, 0.928234, 0.923008, 0.917405, 0.911401, 0.90496, 0.898059, 0.890645, 0.882717, 0.874158, 0.865087, 0.855118, 0.844904, 0.832938, 0.82215, 0.806367, 0.797926, 0.800527, 0.799724, 0.799923, 0.799877, 0.799887, 0.799885, 0.799885, 0.799885, 0.799885, 0.799885, 0.799885, 0.799885, 0.799885, 0.799885, 0.799885, 0.799885, 0.799885, 0.799885, 0.799885, 0.799885, 0.799885, 0.799885, 0.799885, 0.799885, 0.799886, 0.799883, 0.799888, 0.799888, 
1, 1, 0.999999, 0.999983, 0.999956, 0.999916, 0.999863, 0.999796, 0.999714, 0.999616, 0.999499, 0.999364, 0.999208, 0.999031, 0.99883, 0.998604, 0.998351, 0.998069, 0.997755, 0.997408, 0.997025, 0.996603, 0.996139, 0.995631, 0.995074, 0.994466, 0.993802, 0.993079, 0.992291, 0.991436, 0.990502, 0.9895, 0.988447, 0.987329, 0.986145, 0.98489, 0.983556, 0.98214, 0.980635, 0.979033, 0.977329, 0.975513, 0.973579, 0.971516, 0.969316, 0.966967, 0.96446, 0.961782, 0.95892, 0.95586, 0.952588, 0.949088, 0.945343, 0.941334, 0.937042, 0.932445, 0.927521, 0.922246, 0.916592, 0.910533, 0.904034, 0.897072, 0.889593, 0.881598, 0.872967, 0.86382, 0.853769, 0.843474, 0.831413, 0.820544, 0.80464, 0.796136, 0.798759, 0.797947, 0.79815, 0.798102, 0.798112, 0.79811, 0.798111, 0.79811, 0.79811, 0.79811, 0.79811, 0.79811, 0.79811, 0.79811, 0.79811, 0.79811, 0.79811, 0.79811, 0.79811, 0.79811, 0.798111, 0.79811, 0.798111, 0.79811, 0.798111, 0.798109, 0.798114, 0.798114, 
1, 1, 0.999999, 0.999983, 0.999955, 0.999915, 0.999862, 0.999794, 0.999711, 0.999611, 0.999493, 0.999357, 0.999199, 0.99902, 0.998817, 0.998588, 0.998332, 0.998047, 0.99773, 0.997379, 0.996992, 0.996566, 0.996097, 0.995584, 0.995022, 0.994408, 0.993737, 0.993007, 0.992212, 0.991349, 0.990407, 0.989395, 0.988332, 0.987204, 0.986009, 0.984741, 0.983394, 0.981964, 0.980444, 0.978826, 0.977105, 0.975271, 0.973317, 0.971233, 0.969011, 0.966639, 0.964107, 0.961402, 0.958511, 0.955422, 0.952118, 0.948584, 0.944802, 0.940755, 0.936423, 0.931783, 0.926813, 0.92149, 0.915785, 0.909672, 0.903116, 0.896094, 0.888551, 0.880489, 0.871786, 0.862566, 0.852434, 0.842059, 0.829905, 0.818954, 0.802931, 0.794366, 0.797011, 0.79619, 0.796396, 0.796347, 0.796358, 0.796356, 0.796356, 0.796356, 0.796356, 0.796356, 0.796356, 0.796356, 0.796356, 0.796356, 0.796356, 0.796356, 0.796356, 0.796356, 0.796356, 0.796356, 0.796356, 0.796356, 0.796356, 0.796355, 0.796357, 0.796354, 0.796359, 0.796359, 
1, 1, 0.999999, 0.999982, 0.999955, 0.999914, 0.99986, 0.999792, 0.999707, 0.999607, 0.999488, 0.999349, 0.99919, 0.999009, 0.998804, 0.998572, 0.998314, 0.998025, 0.997705, 0.997351, 0.99696, 0.996529, 0.996056, 0.995537, 0.99497, 0.99435, 0.993673, 0.992936, 0.992133, 0.991262, 0.990311, 0.989291, 0.988218, 0.987079, 0.985872, 0.984592, 0.983233, 0.981789, 0.980254, 0.97862, 0.976882, 0.97503, 0.973056, 0.970952, 0.968708, 0.966313, 0.963755, 0.961024, 0.958105, 0.954986, 0.95165, 0.948083, 0.944266, 0.940181, 0.935808, 0.931126, 0.926111, 0.92074, 0.914985, 0.908818, 0.902206, 0.895125, 0.887519, 0.879391, 0.870617, 0.861324, 0.851113, 0.840659, 0.828412, 0.817382, 0.801242, 0.792616, 0.795283, 0.794453, 0.794662, 0.794612, 0.794623, 0.794621, 0.794621, 0.794621, 0.794621, 0.794621, 0.794621, 0.794621, 0.794621, 0.794621, 0.794621, 0.794621, 0.794621, 0.794621, 0.794621, 0.794621, 0.794621, 0.794621, 0.794621, 0.794621, 0.794622, 0.79462, 0.794624, 0.794624, 
1, 1, 0.999999, 0.999982, 0.999954, 0.999913, 0.999859, 0.999789, 0.999704, 0.999602, 0.999482, 0.999342, 0.999181, 0.998998, 0.99879, 0.998557, 0.998295, 0.998004, 0.99768, 0.997322, 0.996927, 0.996492, 0.996014, 0.995491, 0.994918, 0.994292, 0.993608, 0.992865, 0.992054, 0.991176, 0.990216, 0.989187, 0.988104, 0.986955, 0.985737, 0.984445, 0.983072, 0.981614, 0.980064, 0.978415, 0.97666, 0.97479, 0.972797, 0.970673, 0.968407, 0.965988, 0.963406, 0.960649, 0.957702, 0.954553, 0.951186, 0.947585, 0.943733, 0.939611, 0.935198, 0.930474, 0.925415, 0.919997, 0.914191, 0.907972, 0.901305, 0.894164, 0.886497, 0.878303, 0.86946, 0.860095, 0.849805, 0.839273, 0.826935, 0.815828, 0.799572, 0.790887, 0.793574, 0.792736, 0.792948, 0.792897, 0.792908, 0.792906, 0.792906, 0.792906, 0.792906, 0.792906, 0.792906, 0.792906, 0.792906, 0.792906, 0.792906, 0.792906, 0.792906, 0.792906, 0.792906, 0.792906, 0.792906, 0.792906, 0.792906, 0.792906, 0.792907, 0.792905, 0.792909, 0.792909, 
1, 1, 0.999999, 0.999982, 0.999954, 0.999912, 0.999857, 0.999787, 0.999701, 0.999598, 0.999476, 0.999335, 0.999172, 0.998987, 0.998777, 0.998541, 0.998277, 0.997982, 0.997656, 0.997294, 0.996895, 0.996456, 0.995973, 0.995444, 0.994866, 0.994234, 0.993544, 0.992794, 0.991976, 0.99109, 0.990122, 0.989083, 0.98799, 0.986831, 0.985602, 0.984298, 0.982913, 0.981441, 0.979876, 0.978211, 0.976439, 0.974551, 0.97254, 0.970395, 0.968107, 0.965666, 0.96306, 0.960276, 0.957302, 0.954124, 0.950725, 0.947092, 0.943204, 0.939045, 0.934593, 0.929827, 0.924724, 0.919259, 0.913405, 0.907134, 0.900411, 0.893213, 0.885484, 0.877225, 0.868314, 0.858878, 0.848511, 0.837903, 0.825475, 0.81429, 0.79792, 0.789177, 0.791885, 0.791038, 0.791253, 0.791201, 0.791213, 0.791211, 0.791211, 0.791211, 0.791211, 0.791211, 0.791211, 0.791211, 0.791211, 0.791211, 0.791211, 0.791211, 0.791211, 0.791211, 0.791211, 0.791211, 0.791211, 0.791211, 0.791211, 0.791211, 0.791212, 0.791209, 0.791214, 0.791214, 
1, 1, 0.999999, 0.999982, 0.999953, 0.999911, 0.999855, 0.999784, 0.999697, 0.999593, 0.99947, 0.999327, 0.999163, 0.998976, 0.998764, 0.998525, 0.998258, 0.997961, 0.997631, 0.997266, 0.996863, 0.996419, 0.995932, 0.995398, 0.994814, 0.994176, 0.99348, 0.992723, 0.991898, 0.991004, 0.990027, 0.98898, 0.987878, 0.986708, 0.985467, 0.984151, 0.982754, 0.981268, 0.979689, 0.978008, 0.97622, 0.974314, 0.972284, 0.970119, 0.96781, 0.965346, 0.962715, 0.959906, 0.956904, 0.953697, 0.950268, 0.946601, 0.942679, 0.938483, 0.933993, 0.929186, 0.924039, 0.918528, 0.912625, 0.906303, 0.899526, 0.89227, 0.88448, 0.876158, 0.86718, 0.857673, 0.84723, 0.836546, 0.82403, 0.81277, 0.796288, 0.787487, 0.790216, 0.78936, 0.789578, 0.789526, 0.789538, 0.789535, 0.789535, 0.789535, 0.789535, 0.789535, 0.789535, 0.789535, 0.789535, 0.789535, 0.789535, 0.789535, 0.789535, 0.789535, 0.789535, 0.789535, 0.789535, 0.789535, 0.789536, 0.789535, 0.789536, 0.789534, 0.789539, 0.789539, 
1, 1, 0.999999, 0.999982, 0.999952, 0.99991, 0.999854, 0.999782, 0.999694, 0.999589, 0.999464, 0.99932, 0.999154, 0.998965, 0.998751, 0.99851, 0.99824, 0.99794, 0.997606, 0.997237, 0.99683, 0.996383, 0.995891, 0.995352, 0.994763, 0.994119, 0.993417, 0.992653, 0.99182, 0.990918, 0.989934, 0.988877, 0.987765, 0.986585, 0.985334, 0.984006, 0.982595, 0.981096, 0.979503, 0.977807, 0.976001, 0.974078, 0.972029, 0.969844, 0.967514, 0.965027, 0.962373, 0.959538, 0.956509, 0.953273, 0.949814, 0.946115, 0.942159, 0.937926, 0.933397, 0.92855, 0.92336, 0.917804, 0.911852, 0.905479, 0.898649, 0.891336, 0.883487, 0.875102, 0.866056, 0.856481, 0.845963, 0.835205, 0.822601, 0.811267, 0.794674, 0.785817, 0.788566, 0.787702, 0.787923, 0.787869, 0.787882, 0.787879, 0.787879, 0.787879, 0.787879, 0.787879, 0.787879, 0.787879, 0.787879, 0.787879, 0.787879, 0.787879, 0.787879, 0.787879, 0.787879, 0.787879, 0.787879, 0.787879, 0.787879, 0.787879, 0.78788, 0.787878, 0.787882, 0.787882, 
1, 1, 0.999999, 0.999981, 0.999952, 0.999909, 0.999852, 0.99978, 0.999691, 0.999584, 0.999459, 0.999313, 0.999145, 0.998954, 0.998737, 0.998494, 0.998222, 0.997919, 0.997582, 0.997209, 0.996798, 0.996346, 0.99585, 0.995306, 0.994711, 0.994062, 0.993354, 0.992583, 0.991743, 0.990833, 0.98984, 0.988775, 0.987653, 0.986463, 0.985201, 0.983861, 0.982438, 0.980926, 0.979317, 0.977606, 0.975784, 0.973844, 0.971776, 0.969572, 0.96722, 0.964711, 0.962033, 0.959173, 0.956117, 0.952853, 0.949363, 0.945632, 0.941642, 0.937374, 0.932807, 0.927919, 0.922687, 0.917085, 0.911086, 0.904663, 0.897779, 0.890411, 0.882503, 0.874056, 0.864945, 0.855301, 0.844709, 0.833878, 0.821188, 0.809781, 0.79308, 0.784166, 0.786935, 0.786063, 0.786287, 0.786232, 0.786245, 0.786242, 0.786243, 0.786243, 0.786243, 0.786243, 0.786243, 0.786243, 0.786243, 0.786243, 0.786243, 0.786243, 0.786243, 0.786243, 0.786243, 0.786243, 0.786243, 0.786242, 0.786243, 0.786242, 0.786243, 0.786241, 0.786246, 0.786246, 
1, 1, 0.999999, 0.999981, 0.999951, 0.999908, 0.99985, 0.999777, 0.999687, 0.99958, 0.999453, 0.999305, 0.999136, 0.998943, 0.998724, 0.998479, 0.998204, 0.997897, 0.997557, 0.997181, 0.996767, 0.99631, 0.995809, 0.99526, 0.99466, 0.994005, 0.99329, 0.992513, 0.991666, 0.990749, 0.989747, 0.988673, 0.987542, 0.986342, 0.985068, 0.983717, 0.982281, 0.980756, 0.979133, 0.977407, 0.975569, 0.973611, 0.971525, 0.969301, 0.966928, 0.964397, 0.961695, 0.95881, 0.955728, 0.952435, 0.948916, 0.945153, 0.941129, 0.936826, 0.932221, 0.927293, 0.922019, 0.916373, 0.910327, 0.903855, 0.896919, 0.889495, 0.881529, 0.873021, 0.863845, 0.854134, 0.843469, 0.832565, 0.819791, 0.808312, 0.791503, 0.782535, 0.785324, 0.784444, 0.78467, 0.784615, 0.784628, 0.784625, 0.784625, 0.784625, 0.784625, 0.784625, 0.784625, 0.784625, 0.784625, 0.784625, 0.784625, 0.784625, 0.784625, 0.784625, 0.784625, 0.784625, 0.784625, 0.784625, 0.784625, 0.784625, 0.784626, 0.784624, 0.784628, 0.784628, 
1, 1, 0.999999, 0.999981, 0.999951, 0.999907, 0.999849, 0.999775, 0.999684, 0.999575, 0.999447, 0.999298, 0.999127, 0.998932, 0.998711, 0.998463, 0.998185, 0.997876, 0.997533, 0.997153, 0.996735, 0.996274, 0.995769, 0.995215, 0.994609, 0.993948, 0.993228, 0.992443, 0.991589, 0.990664, 0.989655, 0.988572, 0.987432, 0.986221, 0.984937, 0.983574, 0.982126, 0.980587, 0.97895, 0.977209, 0.975355, 0.97338, 0.971275, 0.969032, 0.966639, 0.964085, 0.96136, 0.95845, 0.955342, 0.952021, 0.948472, 0.944678, 0.940621, 0.936282, 0.93164, 0.926673, 0.921357, 0.915668, 0.909575, 0.903054, 0.896066, 0.888588, 0.880564, 0.871996, 0.862756, 0.852979, 0.842242, 0.831267, 0.81841, 0.806859, 0.789945, 0.780923, 0.783732, 0.782843, 0.783073, 0.783016, 0.783029, 0.783026, 0.783027, 0.783027, 0.783027, 0.783027, 0.783027, 0.783027, 0.783027, 0.783027, 0.783027, 0.783027, 0.783027, 0.783027, 0.783027, 0.783027, 0.783027, 0.783027, 0.783027, 0.783026, 0.783028, 0.783025, 0.78303, 0.78303, 
1, 1, 0.999999, 0.999981, 0.99995, 0.999906, 0.999847, 0.999773, 0.999681, 0.999571, 0.999441, 0.999291, 0.999118, 0.998921, 0.998698, 0.998448, 0.998167, 0.997855, 0.997509, 0.997126, 0.996703, 0.996238, 0.995728, 0.99517, 0.994559, 0.993892, 0.993165, 0.992374, 0.991513, 0.99058, 0.989563, 0.988471, 0.987322, 0.986101, 0.984806, 0.983431, 0.981971, 0.980419, 0.978768, 0.977012, 0.975142, 0.97315, 0.971027, 0.968764, 0.966351, 0.963776, 0.961027, 0.958093, 0.954958, 0.95161, 0.948032, 0.944207, 0.940117, 0.935743, 0.931064, 0.926058, 0.920702, 0.914968, 0.90883, 0.90226, 0.895222, 0.88769, 0.879609, 0.870982, 0.861678, 0.851836, 0.841028, 0.829984, 0.817044, 0.805423, 0.788406, 0.779331, 0.782158, 0.781262, 0.781495, 0.781437, 0.78145, 0.781447, 0.781448, 0.781448, 0.781448, 0.781448, 0.781448, 0.781448, 0.781448, 0.781448, 0.781448, 0.781448, 0.781448, 0.781448, 0.781448, 0.781448, 0.781448, 0.781448, 0.781448, 0.781447, 0.781448, 0.781446, 0.781451, 0.781451, 
1, 1, 0.999999, 0.99998, 0.99995, 0.999905, 0.999846, 0.99977, 0.999677, 0.999566, 0.999436, 0.999284, 0.999109, 0.99891, 0.998685, 0.998432, 0.998149, 0.997834, 0.997485, 0.997098, 0.996672, 0.996203, 0.995688, 0.995125, 0.994509, 0.993836, 0.993103, 0.992306, 0.991437, 0.990497, 0.989472, 0.988371, 0.987212, 0.985981, 0.984676, 0.98329, 0.981817, 0.980252, 0.978588, 0.976816, 0.97493, 0.972921, 0.970781, 0.968499, 0.966065, 0.963468, 0.960697, 0.957738, 0.954578, 0.951202, 0.947595, 0.943739, 0.939617, 0.935208, 0.930493, 0.925449, 0.920052, 0.914276, 0.908092, 0.901474, 0.894385, 0.886801, 0.878664, 0.869978, 0.860612, 0.850705, 0.839828, 0.828714, 0.815694, 0.804004, 0.786885, 0.777757, 0.780604, 0.779699, 0.779935, 0.779876, 0.77989, 0.779887, 0.779888, 0.779887, 0.779887, 0.779887, 0.779887, 0.779887, 0.779887, 0.779887, 0.779887, 0.779887, 0.779887, 0.779887, 0.779887, 0.779887, 0.779888, 0.779887, 0.779888, 0.779887, 0.779888, 0.779886, 0.77989, 0.77989, 
1, 1, 0.999999, 0.99998, 0.999949, 0.999904, 0.999844, 0.999768, 0.999674, 0.999562, 0.99943, 0.999277, 0.9991, 0.9989, 0.998672, 0.998417, 0.998132, 0.997813, 0.997461, 0.997071, 0.99664, 0.996167, 0.995648, 0.99508, 0.994458, 0.99378, 0.993041, 0.992237, 0.991362, 0.990414, 0.989381, 0.988272, 0.987103, 0.985863, 0.984547, 0.983149, 0.981665, 0.980086, 0.978408, 0.976622, 0.97472, 0.972695, 0.970536, 0.968235, 0.965781, 0.963163, 0.960369, 0.957386, 0.9542, 0.950797, 0.947161, 0.943275, 0.939121, 0.934678, 0.929927, 0.924845, 0.919408, 0.913589, 0.907361, 0.900696, 0.893557, 0.885921, 0.877728, 0.868985, 0.859557, 0.849587, 0.838641, 0.827459, 0.814359, 0.802602, 0.785382, 0.776203, 0.779068, 0.778156, 0.778395, 0.778335, 0.778349, 0.778346, 0.778346, 0.778346, 0.778346, 0.778346, 0.778346, 0.778346, 0.778346, 0.778346, 0.778346, 0.778346, 0.778346, 0.778346, 0.778346, 0.778346, 0.778346, 0.778346, 0.778346, 0.778346, 0.778347, 0.778345, 0.778349, 0.778349, 
1, 1, 0.999999, 0.99998, 0.999949, 0.999903, 0.999843, 0.999765, 0.999671, 0.999558, 0.999424, 0.999269, 0.999092, 0.998889, 0.99866, 0.998402, 0.998114, 0.997793, 0.997437, 0.997043, 0.996609, 0.996132, 0.995609, 0.995035, 0.994409, 0.993725, 0.99298, 0.992169, 0.991287, 0.990332, 0.98929, 0.988173, 0.986995, 0.985745, 0.984418, 0.983009, 0.981513, 0.979922, 0.978229, 0.976429, 0.974511, 0.972469, 0.970293, 0.967973, 0.965499, 0.96286, 0.960044, 0.957037, 0.953826, 0.950396, 0.946732, 0.942815, 0.938629, 0.934153, 0.929367, 0.924247, 0.91877, 0.912909, 0.906637, 0.899925, 0.892738, 0.885049, 0.876803, 0.868002, 0.858514, 0.848481, 0.837467, 0.826219, 0.81304, 0.801216, 0.783897, 0.774668, 0.777552, 0.776631, 0.776873, 0.776812, 0.776826, 0.776823, 0.776824, 0.776823, 0.776824, 0.776824, 0.776824, 0.776824, 0.776824, 0.776824, 0.776824, 0.776824, 0.776824, 0.776823, 0.776824, 0.776823, 0.776824, 0.776823, 0.776824, 0.776823, 0.776824, 0.776822, 0.776826, 0.776826, 
1, 1, 0.999999, 0.99998, 0.999948, 0.999902, 0.999841, 0.999763, 0.999668, 0.999553, 0.999419, 0.999262, 0.999083, 0.998878, 0.998647, 0.998387, 0.998096, 0.997772, 0.997413, 0.997016, 0.996578, 0.996097, 0.995569, 0.994991, 0.994359, 0.99367, 0.992919, 0.992102, 0.991213, 0.99025, 0.9892, 0.988074, 0.986888, 0.985627, 0.98429, 0.98287, 0.981362, 0.979758, 0.978052, 0.976237, 0.974304, 0.972246, 0.970052, 0.967714, 0.96522, 0.96256, 0.959721, 0.95669, 0.953454, 0.949998, 0.946305, 0.94236, 0.938142, 0.933633, 0.928811, 0.923654, 0.918137, 0.912236, 0.90592, 0.899162, 0.891926, 0.884187, 0.875886, 0.867029, 0.857482, 0.847388, 0.836306, 0.824992, 0.811736, 0.799847, 0.782431, 0.773151, 0.776053, 0.775125, 0.775369, 0.775307, 0.775322, 0.775319, 0.77532, 0.775319, 0.77532, 0.77532, 0.77532, 0.77532, 0.77532, 0.77532, 0.77532, 0.77532, 0.77532, 0.77532, 0.77532, 0.775319, 0.77532, 0.775319, 0.77532, 0.775319, 0.77532, 0.775318, 0.775322, 0.775322, 
1, 1, 0.999999, 0.99998, 0.999948, 0.999901, 0.999839, 0.999761, 0.999664, 0.999549, 0.999413, 0.999255, 0.999074, 0.998868, 0.998634, 0.998372, 0.998078, 0.997752, 0.997389, 0.996989, 0.996547, 0.996062, 0.99553, 0.994947, 0.99431, 0.993615, 0.992858, 0.992034, 0.991138, 0.990168, 0.989111, 0.987977, 0.986781, 0.985511, 0.984163, 0.982732, 0.981212, 0.979596, 0.977876, 0.976047, 0.974099, 0.972024, 0.969813, 0.967456, 0.964942, 0.962261, 0.9594, 0.956347, 0.953086, 0.949603, 0.945883, 0.941908, 0.937659, 0.933117, 0.92826, 0.923067, 0.917511, 0.911569, 0.90521, 0.898407, 0.891123, 0.883333, 0.87498, 0.866067, 0.856461, 0.846306, 0.835159, 0.82378, 0.810447, 0.798494, 0.780982, 0.771653, 0.774573, 0.773637, 0.773885, 0.773822, 0.773837, 0.773833, 0.773834, 0.773834, 0.773834, 0.773834, 0.773834, 0.773834, 0.773834, 0.773834, 0.773834, 0.773834, 0.773834, 0.773834, 0.773834, 0.773834, 0.773834, 0.773834, 0.773834, 0.773834, 0.773835, 0.773833, 0.773837, 0.773837, 
1, 1, 0.999999, 0.999979, 0.999947, 0.9999, 0.999838, 0.999759, 0.999661, 0.999545, 0.999408, 0.999248, 0.999065, 0.998857, 0.998621, 0.998357, 0.998061, 0.997731, 0.997366, 0.996962, 0.996517, 0.996027, 0.99549, 0.994903, 0.994261, 0.99356, 0.992797, 0.991967, 0.991065, 0.990087, 0.989022, 0.987879, 0.986675, 0.985395, 0.984037, 0.982595, 0.981063, 0.979434, 0.977701, 0.975857, 0.973894, 0.971803, 0.969575, 0.9672, 0.964667, 0.961966, 0.959083, 0.956006, 0.95272, 0.949212, 0.945464, 0.94146, 0.93718, 0.932605, 0.927714, 0.922485, 0.916891, 0.910908, 0.904507, 0.897659, 0.890328, 0.882489, 0.874083, 0.865116, 0.855451, 0.845237, 0.834025, 0.822581, 0.809174, 0.797157, 0.779551, 0.770174, 0.773112, 0.772168, 0.772418, 0.772354, 0.77237, 0.772366, 0.772367, 0.772367, 0.772367, 0.772367, 0.772367, 0.772367, 0.772367, 0.772367, 0.772367, 0.772367, 0.772367, 0.772367, 0.772367, 0.772367, 0.772367, 0.772367, 0.772367, 0.772367, 0.772368, 0.772366, 0.77237, 0.77237, 
1, 1, 0.999999, 0.999979, 0.999947, 0.999899, 0.999836, 0.999756, 0.999658, 0.99954, 0.999402, 0.999241, 0.999057, 0.998846, 0.998609, 0.998342, 0.998043, 0.997711, 0.997342, 0.996935, 0.996486, 0.995993, 0.995452, 0.994859, 0.994212, 0.993506, 0.992737, 0.991901, 0.990991, 0.990007, 0.988934, 0.987783, 0.986569, 0.98528, 0.983912, 0.982459, 0.980915, 0.979274, 0.977528, 0.97567, 0.973691, 0.971584, 0.969339, 0.966946, 0.964394, 0.961672, 0.958768, 0.955668, 0.952358, 0.948824, 0.945049, 0.941016, 0.936705, 0.932099, 0.927174, 0.921908, 0.916277, 0.910254, 0.903811, 0.896919, 0.889541, 0.881653, 0.873196, 0.864174, 0.854453, 0.844179, 0.832903, 0.821397, 0.807916, 0.795837, 0.778137, 0.768713, 0.771668, 0.770717, 0.77097, 0.770905, 0.770921, 0.770917, 0.770918, 0.770918, 0.770918, 0.770918, 0.770918, 0.770918, 0.770918, 0.770918, 0.770918, 0.770918, 0.770918, 0.770918, 0.770918, 0.770918, 0.770918, 0.770918, 0.770918, 0.770918, 0.770919, 0.770917, 0.770921, 0.770921, 
1, 1, 0.999999, 0.999979, 0.999946, 0.999898, 0.999835, 0.999754, 0.999655, 0.999536, 0.999397, 0.999234, 0.999048, 0.998836, 0.998596, 0.998327, 0.998026, 0.997691, 0.997319, 0.996908, 0.996456, 0.995958, 0.995413, 0.994816, 0.994164, 0.993452, 0.992677, 0.991835, 0.990919, 0.989927, 0.988846, 0.987687, 0.986464, 0.985166, 0.983788, 0.982324, 0.980768, 0.979115, 0.977356, 0.975483, 0.97349, 0.971367, 0.969105, 0.966694, 0.964123, 0.961381, 0.958455, 0.955332, 0.951999, 0.948439, 0.944637, 0.940576, 0.936235, 0.931597, 0.926639, 0.921338, 0.915669, 0.909607, 0.903122, 0.896186, 0.888763, 0.880826, 0.872318, 0.863244, 0.853466, 0.843134, 0.831795, 0.820227, 0.806673, 0.794532, 0.776741, 0.767271, 0.770243, 0.769284, 0.76954, 0.769474, 0.76949, 0.769487, 0.769487, 0.769487, 0.769487, 0.769487, 0.769487, 0.769487, 0.769487, 0.769487, 0.769487, 0.769487, 0.769487, 0.769487, 0.769487, 0.769487, 0.769487, 0.769487, 0.769487, 0.769487, 0.769488, 0.769486, 0.76949, 0.76949, 
1, 1, 0.999999, 0.999979, 0.999946, 0.999898, 0.999833, 0.999752, 0.999652, 0.999532, 0.999391, 0.999227, 0.99904, 0.998826, 0.998584, 0.998312, 0.998009, 0.997671, 0.997296, 0.996882, 0.996426, 0.995924, 0.995374, 0.994773, 0.994115, 0.993399, 0.992618, 0.991769, 0.990846, 0.989847, 0.988759, 0.987592, 0.98636, 0.985052, 0.983664, 0.98219, 0.980623, 0.978957, 0.977185, 0.975299, 0.973291, 0.971152, 0.968873, 0.966444, 0.963854, 0.961092, 0.958145, 0.955, 0.951643, 0.948058, 0.944229, 0.94014, 0.93577, 0.9311, 0.926108, 0.920772, 0.915067, 0.908966, 0.90244, 0.895461, 0.887992, 0.880008, 0.87145, 0.862323, 0.852489, 0.8421, 0.830699, 0.81907, 0.805445, 0.793243, 0.775363, 0.765846, 0.768836, 0.76787, 0.768128, 0.768061, 0.768078, 0.768074, 0.768075, 0.768075, 0.768075, 0.768075, 0.768075, 0.768075, 0.768075, 0.768075, 0.768075, 0.768075, 0.768075, 0.768075, 0.768075, 0.768075, 0.768075, 0.768074, 0.768075, 0.768074, 0.768075, 0.768073, 0.768077, 0.768077, 
1, 1, 0.999999, 0.999979, 0.999945, 0.999897, 0.999832, 0.999749, 0.999649, 0.999528, 0.999386, 0.999221, 0.999031, 0.998815, 0.998571, 0.998298, 0.997991, 0.997651, 0.997273, 0.996855, 0.996396, 0.99589, 0.995336, 0.99473, 0.994068, 0.993346, 0.992559, 0.991704, 0.990775, 0.989768, 0.988672, 0.987497, 0.986257, 0.98494, 0.983541, 0.982056, 0.980478, 0.9788, 0.977015, 0.975115, 0.973092, 0.970938, 0.968643, 0.966196, 0.963588, 0.960806, 0.957838, 0.954671, 0.95129, 0.94768, 0.943825, 0.939708, 0.935308, 0.930607, 0.925583, 0.920213, 0.914471, 0.908332, 0.901765, 0.894744, 0.88723, 0.879199, 0.870591, 0.861413, 0.851524, 0.841079, 0.829617, 0.817927, 0.804231, 0.791971, 0.774001, 0.76444, 0.767446, 0.766473, 0.766734, 0.766666, 0.766683, 0.766679, 0.76668, 0.76668, 0.76668, 0.76668, 0.76668, 0.76668, 0.76668, 0.76668, 0.76668, 0.76668, 0.76668, 0.76668, 0.76668, 0.76668, 0.76668, 0.76668, 0.76668, 0.766679, 0.76668, 0.766678, 0.766682, 0.766682, 
1, 1, 0.999999, 0.999978, 0.999945, 0.999896, 0.99983, 0.999747, 0.999645, 0.999524, 0.99938, 0.999214, 0.999023, 0.998805, 0.998559, 0.998283, 0.997974, 0.997631, 0.99725, 0.996829, 0.996366, 0.995857, 0.995298, 0.994687, 0.99402, 0.993293, 0.9925, 0.991639, 0.990703, 0.98969, 0.988586, 0.987403, 0.986154, 0.984828, 0.98342, 0.981924, 0.980334, 0.978644, 0.976846, 0.974933, 0.972896, 0.970726, 0.968415, 0.965951, 0.963324, 0.960522, 0.957533, 0.954344, 0.95094, 0.947306, 0.943425, 0.93928, 0.934851, 0.93012, 0.925063, 0.919659, 0.913881, 0.907704, 0.901098, 0.894034, 0.886476, 0.878399, 0.869742, 0.860513, 0.85057, 0.840069, 0.828547, 0.816798, 0.803033, 0.790714, 0.772657, 0.763052, 0.766074, 0.765094, 0.765358, 0.765289, 0.765306, 0.765302, 0.765303, 0.765303, 0.765303, 0.765303, 0.765303, 0.765303, 0.765303, 0.765303, 0.765303, 0.765303, 0.765303, 0.765303, 0.765303, 0.765303, 0.765303, 0.765303, 0.765303, 0.765302, 0.765303, 0.765301, 0.765305, 0.765305, 
1, 1, 0.999999, 0.999978, 0.999944, 0.999895, 0.999829, 0.999745, 0.999642, 0.999519, 0.999375, 0.999207, 0.999014, 0.998795, 0.998547, 0.998268, 0.997957, 0.997611, 0.997227, 0.996803, 0.996336, 0.995823, 0.99526, 0.994645, 0.993973, 0.99324, 0.992442, 0.991575, 0.990632, 0.989612, 0.988501, 0.98731, 0.986052, 0.984717, 0.983299, 0.981793, 0.980192, 0.97849, 0.976679, 0.974752, 0.972701, 0.970516, 0.968188, 0.965707, 0.963062, 0.960241, 0.957232, 0.954021, 0.950593, 0.946935, 0.943028, 0.938856, 0.934399, 0.929637, 0.924548, 0.91911, 0.913297, 0.907082, 0.900437, 0.893332, 0.885731, 0.877608, 0.868903, 0.859623, 0.849627, 0.839072, 0.82749, 0.815683, 0.801849, 0.789472, 0.77133, 0.761681, 0.76472, 0.763732, 0.763999, 0.763929, 0.763947, 0.763942, 0.763943, 0.763943, 0.763943, 0.763943, 0.763943, 0.763943, 0.763943, 0.763943, 0.763943, 0.763943, 0.763943, 0.763943, 0.763943, 0.763943, 0.763943, 0.763943, 0.763943, 0.763943, 0.763944, 0.763942, 0.763946, 0.763946, 
1, 1, 0.999999, 0.999978, 0.999944, 0.999894, 0.999827, 0.999743, 0.999639, 0.999515, 0.999369, 0.9992, 0.999006, 0.998785, 0.998535, 0.998254, 0.99794, 0.997591, 0.997205, 0.996777, 0.996307, 0.99579, 0.995223, 0.994603, 0.993926, 0.993188, 0.992384, 0.991511, 0.990562, 0.989535, 0.988416, 0.987217, 0.985951, 0.984607, 0.983179, 0.981662, 0.980051, 0.978337, 0.976514, 0.974573, 0.972508, 0.970307, 0.967964, 0.965465, 0.962802, 0.959962, 0.956932, 0.9537, 0.95025, 0.946567, 0.942635, 0.938436, 0.933951, 0.929159, 0.924039, 0.918567, 0.912719, 0.906467, 0.899783, 0.892638, 0.884993, 0.876825, 0.868073, 0.858743, 0.848695, 0.838086, 0.826445, 0.814581, 0.80068, 0.788247, 0.77002, 0.760328, 0.763383, 0.762388, 0.762658, 0.762587, 0.762605, 0.7626, 0.762601, 0.762601, 0.762601, 0.762601, 0.762601, 0.762601, 0.762601, 0.762601, 0.762601, 0.762601, 0.762601, 0.762601, 0.762601, 0.762601, 0.762601, 0.762601, 0.762601, 0.762601, 0.762602, 0.7626, 0.762604, 0.762604, 
1, 1, 0.999999, 0.999978, 0.999943, 0.999893, 0.999826, 0.99974, 0.999636, 0.999511, 0.999364, 0.999193, 0.998997, 0.998775, 0.998523, 0.99824, 0.997924, 0.997572, 0.997182, 0.996752, 0.996278, 0.995757, 0.995186, 0.994561, 0.993879, 0.993136, 0.992327, 0.991448, 0.990492, 0.989458, 0.988332, 0.987125, 0.985851, 0.984497, 0.98306, 0.981533, 0.97991, 0.978185, 0.976349, 0.974396, 0.972316, 0.970101, 0.967741, 0.965226, 0.962545, 0.959686, 0.956636, 0.953382, 0.94991, 0.946203, 0.942246, 0.93802, 0.933507, 0.928685, 0.923534, 0.91803, 0.912147, 0.905859, 0.899136, 0.891951, 0.884264, 0.876051, 0.867252, 0.857874, 0.847774, 0.837111, 0.825413, 0.813493, 0.799525, 0.787036, 0.768727, 0.758993, 0.762063, 0.761062, 0.761334, 0.761262, 0.76128, 0.761276, 0.761277, 0.761277, 0.761277, 0.761277, 0.761277, 0.761277, 0.761277, 0.761277, 0.761277, 0.761277, 0.761277, 0.761277, 0.761277, 0.761277, 0.761277, 0.761276, 0.761277, 0.761276, 0.761277, 0.761275, 0.761279, 0.761279, 
1, 1, 0.999999, 0.999978, 0.999943, 0.999892, 0.999824, 0.999738, 0.999633, 0.999507, 0.999359, 0.999187, 0.998989, 0.998765, 0.998511, 0.998225, 0.997907, 0.997553, 0.99716, 0.996726, 0.996248, 0.995724, 0.995149, 0.99452, 0.993833, 0.993085, 0.99227, 0.991385, 0.990423, 0.989382, 0.988249, 0.987034, 0.985751, 0.984389, 0.982942, 0.981405, 0.979771, 0.978034, 0.976186, 0.974219, 0.972126, 0.969896, 0.96752, 0.964988, 0.96229, 0.959412, 0.956342, 0.953067, 0.949573, 0.945843, 0.941861, 0.937609, 0.933068, 0.928217, 0.923035, 0.917498, 0.911581, 0.905257, 0.898497, 0.891271, 0.883542, 0.875286, 0.866441, 0.857015, 0.846864, 0.836149, 0.824394, 0.812418, 0.798385, 0.785842, 0.76745, 0.757675, 0.760761, 0.759752, 0.760027, 0.759954, 0.759973, 0.759968, 0.759969, 0.759969, 0.759969, 0.759969, 0.759969, 0.759969, 0.759969, 0.759969, 0.759969, 0.759969, 0.759969, 0.759969, 0.759969, 0.759969, 0.759969, 0.759969, 0.759969, 0.759969, 0.75997, 0.759968, 0.759972, 0.759972, 
1, 1, 0.999999, 0.999978, 0.999942, 0.999891, 0.999823, 0.999736, 0.99963, 0.999503, 0.999353, 0.99918, 0.998981, 0.998755, 0.998499, 0.998211, 0.99789, 0.997533, 0.997138, 0.996701, 0.99622, 0.995691, 0.995112, 0.994479, 0.993787, 0.993034, 0.992213, 0.991322, 0.990354, 0.989306, 0.988166, 0.986943, 0.985653, 0.984281, 0.982825, 0.981278, 0.979633, 0.977885, 0.976024, 0.974045, 0.971937, 0.969693, 0.967301, 0.964753, 0.962037, 0.95914, 0.956051, 0.952756, 0.949239, 0.945486, 0.941479, 0.937201, 0.932633, 0.927753, 0.922541, 0.916972, 0.911021, 0.904662, 0.897864, 0.890599, 0.882829, 0.87453, 0.865639, 0.856165, 0.845964, 0.835198, 0.823387, 0.811356, 0.797259, 0.784662, 0.76619, 0.756375, 0.759475, 0.75846, 0.758737, 0.758664, 0.758683, 0.758678, 0.758679, 0.758679, 0.758679, 0.758679, 0.758679, 0.758679, 0.758679, 0.758679, 0.758679, 0.758679, 0.758679, 0.758679, 0.758679, 0.758679, 0.758679, 0.758679, 0.758679, 0.758679, 0.758679, 0.758678, 0.758681, 0.758681, 
1, 1, 0.999999, 0.999977, 0.999942, 0.99989, 0.999821, 0.999734, 0.999627, 0.999499, 0.999348, 0.999173, 0.998973, 0.998745, 0.998487, 0.998197, 0.997874, 0.997514, 0.997116, 0.996676, 0.996191, 0.995659, 0.995076, 0.994438, 0.993742, 0.992983, 0.992157, 0.99126, 0.990286, 0.989231, 0.988084, 0.986854, 0.985555, 0.984174, 0.982709, 0.981152, 0.979496, 0.977736, 0.975864, 0.973872, 0.97175, 0.969491, 0.967085, 0.96452, 0.961786, 0.958872, 0.955763, 0.952447, 0.948908, 0.945132, 0.941101, 0.936798, 0.932202, 0.927294, 0.922052, 0.916451, 0.910467, 0.904073, 0.897238, 0.889935, 0.882124, 0.873782, 0.864846, 0.855326, 0.845076, 0.834258, 0.822392, 0.810308, 0.796148, 0.783497, 0.764947, 0.755091, 0.758207, 0.757185, 0.757465, 0.75739, 0.757409, 0.757404, 0.757406, 0.757405, 0.757405, 0.757405, 0.757405, 0.757405, 0.757405, 0.757405, 0.757405, 0.757405, 0.757405, 0.757405, 0.757405, 0.757405, 0.757405, 0.757405, 0.757406, 0.757405, 0.757406, 0.757404, 0.757408, 0.757408, 
1, 1, 0.999998, 0.999977, 0.999941, 0.999889, 0.99982, 0.999732, 0.999624, 0.999495, 0.999343, 0.999167, 0.998965, 0.998735, 0.998475, 0.998183, 0.997858, 0.997495, 0.997094, 0.996651, 0.996163, 0.995627, 0.995039, 0.994397, 0.993696, 0.992933, 0.992102, 0.991199, 0.990218, 0.989157, 0.988003, 0.986765, 0.985457, 0.984068, 0.982593, 0.981026, 0.979361, 0.97759, 0.975705, 0.9737, 0.971565, 0.969292, 0.96687, 0.964289, 0.961538, 0.958605, 0.955477, 0.952141, 0.948581, 0.944782, 0.940727, 0.936398, 0.931776, 0.92684, 0.921568, 0.915936, 0.909919, 0.90349, 0.896619, 0.889278, 0.881427, 0.873043, 0.864063, 0.854497, 0.844198, 0.83333, 0.82141, 0.809273, 0.79505, 0.782348, 0.76372, 0.753824, 0.756955, 0.755926, 0.756209, 0.756133, 0.756153, 0.756148, 0.756149, 0.756149, 0.756149, 0.756149, 0.756149, 0.756149, 0.756149, 0.756149, 0.756149, 0.756149, 0.756149, 0.756149, 0.756149, 0.756149, 0.756149, 0.756149, 0.756149, 0.756149, 0.756149, 0.756148, 0.756151, 0.756151, 
1, 1, 0.999998, 0.999977, 0.999941, 0.999888, 0.999818, 0.99973, 0.999621, 0.999491, 0.999338, 0.99916, 0.998957, 0.998725, 0.998463, 0.99817, 0.997841, 0.997476, 0.997072, 0.996626, 0.996134, 0.995595, 0.995004, 0.994357, 0.993652, 0.992883, 0.992046, 0.991138, 0.990151, 0.989083, 0.987922, 0.986676, 0.985361, 0.983963, 0.982479, 0.980902, 0.979226, 0.977444, 0.975548, 0.97353, 0.971382, 0.969094, 0.966657, 0.96406, 0.961292, 0.958342, 0.955195, 0.951838, 0.948257, 0.944436, 0.940357, 0.936003, 0.931355, 0.926391, 0.921089, 0.915427, 0.909377, 0.902914, 0.896007, 0.888628, 0.880738, 0.872312, 0.863289, 0.853678, 0.84333, 0.832414, 0.82044, 0.808251, 0.793967, 0.781213, 0.762508, 0.752575, 0.75572, 0.754685, 0.75497, 0.754893, 0.754913, 0.754908, 0.754909, 0.754909, 0.754909, 0.754909, 0.754909, 0.754909, 0.754909, 0.754909, 0.754909, 0.754909, 0.754909, 0.754909, 0.754909, 0.754909, 0.754909, 0.754909, 0.754909, 0.754909, 0.75491, 0.754908, 0.754911, 0.754911, 
1, 1, 0.999998, 0.999977, 0.99994, 0.999887, 0.999817, 0.999727, 0.999618, 0.999487, 0.999333, 0.999154, 0.998949, 0.998715, 0.998452, 0.998156, 0.997825, 0.997458, 0.997051, 0.996601, 0.996106, 0.995563, 0.994968, 0.994317, 0.993607, 0.992833, 0.991992, 0.991077, 0.990084, 0.98901, 0.987842, 0.986589, 0.985265, 0.983859, 0.982366, 0.980779, 0.979093, 0.9773, 0.975392, 0.973361, 0.9712, 0.968898, 0.966446, 0.963834, 0.961049, 0.95808, 0.954915, 0.951538, 0.947936, 0.944093, 0.93999, 0.935612, 0.930937, 0.925946, 0.920616, 0.914923, 0.908841, 0.902345, 0.895402, 0.887986, 0.880057, 0.87159, 0.862525, 0.852868, 0.842474, 0.831508, 0.819482, 0.807242, 0.792897, 0.780093, 0.761313, 0.751341, 0.754501, 0.753459, 0.753747, 0.75367, 0.75369, 0.753685, 0.753686, 0.753686, 0.753686, 0.753686, 0.753686, 0.753686, 0.753686, 0.753686, 0.753686, 0.753686, 0.753686, 0.753686, 0.753686, 0.753686, 0.753686, 0.753686, 0.753686, 0.753685, 0.753686, 0.753684, 0.753688, 0.753688, 
1, 1, 0.999998, 0.999977, 0.99994, 0.999887, 0.999815, 0.999725, 0.999615, 0.999483, 0.999328, 0.999148, 0.998941, 0.998706, 0.99844, 0.998142, 0.997809, 0.997439, 0.997029, 0.996577, 0.996079, 0.995532, 0.994933, 0.994278, 0.993563, 0.992784, 0.991937, 0.991017, 0.990018, 0.988937, 0.987762, 0.986502, 0.985171, 0.983756, 0.982254, 0.980658, 0.978961, 0.977157, 0.975237, 0.973194, 0.97102, 0.968704, 0.966237, 0.963609, 0.960808, 0.957822, 0.954638, 0.951241, 0.947619, 0.943753, 0.939628, 0.935225, 0.930525, 0.925506, 0.920147, 0.914424, 0.908311, 0.901781, 0.894804, 0.887352, 0.879384, 0.870877, 0.861769, 0.852068, 0.841627, 0.830614, 0.818537, 0.806245, 0.791842, 0.778988, 0.760134, 0.750125, 0.753299, 0.752251, 0.752541, 0.752462, 0.752483, 0.752478, 0.752479, 0.752479, 0.752479, 0.752479, 0.752479, 0.752479, 0.752479, 0.752479, 0.752479, 0.752479, 0.752479, 0.752479, 0.752479, 0.752479, 0.752479, 0.752479, 0.752479, 0.752478, 0.752479, 0.752477, 0.752481, 0.752481, 
1, 1, 0.999998, 0.999976, 0.999939, 0.999886, 0.999814, 0.999723, 0.999612, 0.999479, 0.999323, 0.999141, 0.998933, 0.998696, 0.998429, 0.998129, 0.997793, 0.997421, 0.997008, 0.996553, 0.996051, 0.995501, 0.994898, 0.994238, 0.993519, 0.992736, 0.991883, 0.990958, 0.989953, 0.988865, 0.987683, 0.986416, 0.985077, 0.983654, 0.982143, 0.980537, 0.97883, 0.977015, 0.975084, 0.973029, 0.970841, 0.968512, 0.966031, 0.963387, 0.960569, 0.957566, 0.954363, 0.950948, 0.947304, 0.943417, 0.939269, 0.934842, 0.930116, 0.925071, 0.919684, 0.913931, 0.907787, 0.901225, 0.894213, 0.886724, 0.878719, 0.870172, 0.861022, 0.851278, 0.840792, 0.829732, 0.817603, 0.805262, 0.7908, 0.777898, 0.758971, 0.748925, 0.752112, 0.751058, 0.751351, 0.751271, 0.751292, 0.751287, 0.751288, 0.751288, 0.751288, 0.751288, 0.751288, 0.751288, 0.751288, 0.751288, 0.751288, 0.751288, 0.751288, 0.751288, 0.751288, 0.751288, 0.751288, 0.751288, 0.751288, 0.751288, 0.751288, 0.751287, 0.75129, 0.75129, 
1, 1, 0.999998, 0.999976, 0.999939, 0.999885, 0.999813, 0.999721, 0.999609, 0.999475, 0.999318, 0.999135, 0.998925, 0.998687, 0.998417, 0.998115, 0.997778, 0.997403, 0.996987, 0.996529, 0.996024, 0.99547, 0.994863, 0.994199, 0.993476, 0.992687, 0.99183, 0.990899, 0.989888, 0.988794, 0.987605, 0.98633, 0.984984, 0.983552, 0.982032, 0.980417, 0.9787, 0.976874, 0.974932, 0.972865, 0.970665, 0.968322, 0.965826, 0.963167, 0.960333, 0.957312, 0.954091, 0.950657, 0.946993, 0.943085, 0.938914, 0.934463, 0.929712, 0.924641, 0.919226, 0.913444, 0.907269, 0.900674, 0.893629, 0.886104, 0.878061, 0.869476, 0.860285, 0.850498, 0.839966, 0.82886, 0.816681, 0.804291, 0.789772, 0.776821, 0.757823, 0.747741, 0.750942, 0.749882, 0.750177, 0.750096, 0.750118, 0.750112, 0.750114, 0.750113, 0.750113, 0.750113, 0.750113, 0.750113, 0.750113, 0.750113, 0.750113, 0.750113, 0.750113, 0.750113, 0.750113, 0.750113, 0.750113, 0.750113, 0.750113, 0.750113, 0.750114, 0.750112, 0.750115, 0.750115, 
1, 1, 0.999998, 0.999976, 0.999939, 0.999884, 0.999811, 0.999719, 0.999606, 0.999471, 0.999313, 0.999129, 0.998917, 0.998677, 0.998406, 0.998102, 0.997762, 0.997384, 0.996966, 0.996505, 0.995997, 0.995439, 0.994828, 0.994161, 0.993433, 0.99264, 0.991777, 0.99084, 0.989823, 0.988723, 0.987528, 0.986246, 0.984891, 0.983452, 0.981923, 0.980299, 0.978572, 0.976735, 0.974782, 0.972703, 0.97049, 0.968133, 0.965623, 0.962949, 0.960099, 0.957061, 0.953823, 0.950369, 0.946685, 0.942756, 0.938563, 0.934088, 0.929313, 0.924215, 0.918773, 0.912962, 0.906757, 0.90013, 0.893051, 0.885492, 0.877412, 0.868788, 0.859557, 0.849728, 0.839151, 0.827999, 0.815771, 0.803333, 0.788757, 0.77576, 0.756691, 0.746573, 0.749788, 0.748721, 0.749019, 0.748938, 0.748959, 0.748953, 0.748955, 0.748954, 0.748955, 0.748955, 0.748955, 0.748955, 0.748955, 0.748955, 0.748955, 0.748955, 0.748955, 0.748955, 0.748955, 0.748955, 0.748955, 0.748954, 0.748955, 0.748954, 0.748955, 0.748953, 0.748957, 0.748957, 
1, 1, 0.999998, 0.999976, 0.999938, 0.999883, 0.99981, 0.999717, 0.999603, 0.999468, 0.999308, 0.999122, 0.99891, 0.998668, 0.998395, 0.998089, 0.997747, 0.997367, 0.996946, 0.996481, 0.99597, 0.995409, 0.994794, 0.994123, 0.99339, 0.992592, 0.991724, 0.990782, 0.989759, 0.988653, 0.987451, 0.986162, 0.9848, 0.983352, 0.981815, 0.980181, 0.978444, 0.976598, 0.974633, 0.972542, 0.970316, 0.967946, 0.965422, 0.962733, 0.959867, 0.956813, 0.953557, 0.950084, 0.946381, 0.94243, 0.938215, 0.933718, 0.928918, 0.923794, 0.918325, 0.912486, 0.906251, 0.899592, 0.892481, 0.884886, 0.87677, 0.868108, 0.858837, 0.848967, 0.838347, 0.82715, 0.814873, 0.802387, 0.787756, 0.774712, 0.755574, 0.745421, 0.748649, 0.747577, 0.747876, 0.747794, 0.747816, 0.747811, 0.747812, 0.747812, 0.747812, 0.747812, 0.747812, 0.747812, 0.747812, 0.747812, 0.747812, 0.747812, 0.747812, 0.747812, 0.747812, 0.747812, 0.747812, 0.747812, 0.747812, 0.747811, 0.747812, 0.747811, 0.747814, 0.747814, 
1, 1, 0.999998, 0.999976, 0.999938, 0.999882, 0.999808, 0.999715, 0.999601, 0.999464, 0.999303, 0.999116, 0.998902, 0.998659, 0.998384, 0.998076, 0.997731, 0.997349, 0.996925, 0.996458, 0.995943, 0.995378, 0.99476, 0.994085, 0.993348, 0.992545, 0.991672, 0.990725, 0.989696, 0.988584, 0.987375, 0.986079, 0.984709, 0.983254, 0.981708, 0.980065, 0.978318, 0.976461, 0.974485, 0.972383, 0.970145, 0.967762, 0.965223, 0.96252, 0.959638, 0.956567, 0.953293, 0.949802, 0.946079, 0.942108, 0.937872, 0.933351, 0.928527, 0.923378, 0.917882, 0.912015, 0.90575, 0.899061, 0.891917, 0.884288, 0.876137, 0.867437, 0.858127, 0.848216, 0.837552, 0.826311, 0.813986, 0.801454, 0.786768, 0.773678, 0.754472, 0.744285, 0.747527, 0.746448, 0.74675, 0.746667, 0.746689, 0.746683, 0.746685, 0.746684, 0.746684, 0.746684, 0.746684, 0.746684, 0.746684, 0.746684, 0.746684, 0.746684, 0.746684, 0.746684, 0.746684, 0.746684, 0.746685, 0.746684, 0.746685, 0.746684, 0.746685, 0.746683, 0.746687, 0.746687, 
1, 1, 0.999998, 0.999976, 0.999937, 0.999881, 0.999807, 0.999713, 0.999598, 0.99946, 0.999298, 0.99911, 0.998895, 0.99865, 0.998373, 0.998063, 0.997716, 0.997331, 0.996905, 0.996434, 0.995917, 0.995349, 0.994727, 0.994047, 0.993306, 0.992498, 0.991621, 0.990668, 0.989633, 0.988515, 0.9873, 0.985996, 0.984619, 0.983156, 0.981601, 0.97995, 0.978193, 0.976326, 0.974339, 0.972225, 0.969975, 0.967579, 0.965027, 0.962308, 0.959411, 0.956324, 0.953033, 0.949524, 0.945781, 0.94179, 0.937532, 0.932989, 0.928141, 0.922967, 0.917445, 0.91155, 0.905256, 0.898536, 0.89136, 0.883698, 0.875511, 0.866774, 0.857425, 0.847474, 0.836768, 0.825483, 0.813111, 0.800533, 0.785793, 0.772659, 0.753386, 0.743165, 0.746419, 0.745334, 0.745639, 0.745555, 0.745577, 0.745572, 0.745573, 0.745573, 0.745573, 0.745573, 0.745573, 0.745573, 0.745573, 0.745573, 0.745573, 0.745573, 0.745573, 0.745573, 0.745573, 0.745573, 0.745573, 0.745573, 0.745573, 0.745573, 0.745573, 0.745572, 0.745575, 0.745575, 
1, 1, 0.999998, 0.999975, 0.999937, 0.999881, 0.999806, 0.999711, 0.999595, 0.999456, 0.999293, 0.999104, 0.998887, 0.99864, 0.998362, 0.99805, 0.997701, 0.997314, 0.996885, 0.996411, 0.99589, 0.995319, 0.994693, 0.99401, 0.993264, 0.992452, 0.991569, 0.990611, 0.989571, 0.988447, 0.987225, 0.985915, 0.984531, 0.983059, 0.981496, 0.979835, 0.97807, 0.976192, 0.974195, 0.972069, 0.969807, 0.967398, 0.964832, 0.962099, 0.959187, 0.956083, 0.952775, 0.949248, 0.945487, 0.941475, 0.937196, 0.93263, 0.927759, 0.92256, 0.917012, 0.91109, 0.904767, 0.898017, 0.890809, 0.883114, 0.874892, 0.86612, 0.856732, 0.846741, 0.835993, 0.824666, 0.812248, 0.799625, 0.784831, 0.771653, 0.752314, 0.74206, 0.745327, 0.744236, 0.744543, 0.744459, 0.744481, 0.744475, 0.744477, 0.744476, 0.744477, 0.744477, 0.744477, 0.744477, 0.744477, 0.744477, 0.744477, 0.744477, 0.744477, 0.744477, 0.744477, 0.744476, 0.744477, 0.744476, 0.744477, 0.744476, 0.744477, 0.744475, 0.744479, 0.744479, 
1, 1, 0.999998, 0.999975, 0.999936, 0.99988, 0.999804, 0.999709, 0.999592, 0.999453, 0.999288, 0.999098, 0.99888, 0.998631, 0.998351, 0.998037, 0.997686, 0.997296, 0.996865, 0.996388, 0.995865, 0.99529, 0.99466, 0.993973, 0.993223, 0.992406, 0.991519, 0.990555, 0.98951, 0.988379, 0.987151, 0.985834, 0.984443, 0.982963, 0.981392, 0.979722, 0.977947, 0.97606, 0.974052, 0.971915, 0.96964, 0.967218, 0.964639, 0.961892, 0.958965, 0.955845, 0.95252, 0.948975, 0.945195, 0.941164, 0.936863, 0.932276, 0.927381, 0.922158, 0.916584, 0.910635, 0.904284, 0.897505, 0.890265, 0.882538, 0.874282, 0.865473, 0.856048, 0.846018, 0.835229, 0.823859, 0.811396, 0.798728, 0.783882, 0.770661, 0.751257, 0.740971, 0.74425, 0.743154, 0.743463, 0.743377, 0.7434, 0.743394, 0.743396, 0.743395, 0.743395, 0.743395, 0.743395, 0.743395, 0.743395, 0.743395, 0.743395, 0.743395, 0.743395, 0.743395, 0.743395, 0.743395, 0.743395, 0.743395, 0.743396, 0.743395, 0.743396, 0.743394, 0.743397, 0.743397, 
1, 1, 0.999998, 0.999975, 0.999936, 0.999879, 0.999803, 0.999707, 0.99959, 0.999449, 0.999284, 0.999092, 0.998872, 0.998623, 0.998341, 0.998024, 0.997671, 0.997279, 0.996845, 0.996366, 0.995839, 0.995261, 0.994628, 0.993936, 0.993182, 0.992361, 0.991468, 0.9905, 0.989449, 0.988312, 0.987078, 0.985754, 0.984355, 0.982868, 0.981289, 0.979611, 0.977826, 0.975929, 0.97391, 0.971762, 0.969475, 0.967041, 0.964449, 0.961687, 0.958745, 0.95561, 0.952268, 0.948705, 0.944907, 0.940856, 0.936535, 0.931926, 0.927008, 0.921761, 0.916162, 0.910186, 0.903807, 0.896998, 0.889728, 0.881968, 0.873678, 0.864835, 0.855373, 0.845304, 0.834475, 0.823064, 0.810555, 0.797844, 0.782947, 0.769683, 0.750215, 0.739896, 0.743188, 0.742086, 0.742398, 0.742311, 0.742334, 0.742328, 0.74233, 0.742329, 0.74233, 0.742329, 0.742329, 0.742329, 0.742329, 0.742329, 0.742329, 0.742329, 0.742329, 0.742329, 0.742329, 0.742329, 0.74233, 0.742329, 0.74233, 0.742329, 0.74233, 0.742328, 0.742331, 0.742331, 
1, 1, 0.999998, 0.999975, 0.999935, 0.999878, 0.999802, 0.999705, 0.999587, 0.999445, 0.999279, 0.999086, 0.998865, 0.998614, 0.99833, 0.998012, 0.997657, 0.997262, 0.996825, 0.996343, 0.995813, 0.995232, 0.994595, 0.9939, 0.993142, 0.992316, 0.991419, 0.990445, 0.989388, 0.988246, 0.987005, 0.985675, 0.984269, 0.982774, 0.981187, 0.9795, 0.977706, 0.975799, 0.97377, 0.971611, 0.969312, 0.966866, 0.96426, 0.961485, 0.958528, 0.955377, 0.952019, 0.948439, 0.944622, 0.940551, 0.93621, 0.931579, 0.926639, 0.921369, 0.915744, 0.909742, 0.903336, 0.896498, 0.889198, 0.881406, 0.873083, 0.864204, 0.854706, 0.8446, 0.83373, 0.822278, 0.809725, 0.796971, 0.782023, 0.768718, 0.749187, 0.738837, 0.742141, 0.741033, 0.741347, 0.74126, 0.741283, 0.741277, 0.741279, 0.741278, 0.741278, 0.741278, 0.741278, 0.741278, 0.741278, 0.741278, 0.741278, 0.741278, 0.741278, 0.741278, 0.741278, 0.741278, 0.741278, 0.741278, 0.741279, 0.741278, 0.741279, 0.741277, 0.74128, 0.74128, 
1, 1, 0.999998, 0.999975, 0.999935, 0.999877, 0.9998, 0.999703, 0.999584, 0.999442, 0.999274, 0.99908, 0.998858, 0.998605, 0.998319, 0.997999, 0.997642, 0.997245, 0.996806, 0.996321, 0.995788, 0.995203, 0.994563, 0.993864, 0.993101, 0.992272, 0.99137, 0.990391, 0.989329, 0.988181, 0.986933, 0.985597, 0.984184, 0.982681, 0.981086, 0.97939, 0.977587, 0.97567, 0.973631, 0.971461, 0.969151, 0.966692, 0.964074, 0.961284, 0.958313, 0.955147, 0.951772, 0.948175, 0.94434, 0.94025, 0.935889, 0.931237, 0.926275, 0.920981, 0.915332, 0.909303, 0.90287, 0.896004, 0.888674, 0.880851, 0.872495, 0.863582, 0.854048, 0.843904, 0.832995, 0.821503, 0.808907, 0.79611, 0.781113, 0.767766, 0.748174, 0.737793, 0.741109, 0.739995, 0.740311, 0.740223, 0.740247, 0.740241, 0.740243, 0.740242, 0.740242, 0.740242, 0.740242, 0.740242, 0.740242, 0.740242, 0.740242, 0.740242, 0.740242, 0.740242, 0.740242, 0.740242, 0.740242, 0.740242, 0.740242, 0.740242, 0.740243, 0.740241, 0.740244, 0.740244, 
1, 1, 0.999998, 0.999975, 0.999935, 0.999876, 0.999799, 0.999701, 0.999581, 0.999438, 0.99927, 0.999074, 0.998851, 0.998596, 0.998309, 0.997987, 0.997628, 0.997228, 0.996786, 0.996299, 0.995763, 0.995175, 0.994531, 0.993828, 0.993062, 0.992228, 0.991321, 0.990337, 0.989269, 0.988116, 0.986862, 0.985519, 0.984099, 0.982589, 0.980986, 0.979282, 0.97747, 0.975543, 0.973494, 0.971313, 0.968992, 0.96652, 0.963889, 0.961086, 0.9581, 0.954919, 0.951528, 0.947914, 0.944061, 0.939953, 0.935572, 0.930899, 0.925915, 0.920597, 0.914924, 0.90887, 0.90241, 0.895516, 0.888156, 0.880302, 0.871914, 0.862968, 0.853398, 0.843218, 0.83227, 0.820738, 0.808099, 0.795261, 0.780215, 0.766828, 0.747175, 0.736764, 0.740091, 0.738972, 0.739291, 0.739202, 0.739226, 0.739219, 0.739221, 0.73922, 0.739221, 0.739221, 0.739221, 0.739221, 0.739221, 0.739221, 0.739221, 0.739221, 0.739221, 0.739221, 0.739221, 0.739221, 0.739221, 0.739221, 0.739221, 0.73922, 0.739221, 0.73922, 0.739223, 0.739223, 
1, 1, 0.999998, 0.999974, 0.999934, 0.999876, 0.999798, 0.999699, 0.999579, 0.999435, 0.999265, 0.999069, 0.998844, 0.998588, 0.998299, 0.997975, 0.997613, 0.997212, 0.996767, 0.996277, 0.995738, 0.995147, 0.9945, 0.993793, 0.993023, 0.992184, 0.991272, 0.990284, 0.989211, 0.988051, 0.986792, 0.985442, 0.984015, 0.982498, 0.980887, 0.979174, 0.977354, 0.975417, 0.973358, 0.971166, 0.968834, 0.966351, 0.963706, 0.96089, 0.95789, 0.954694, 0.951287, 0.947656, 0.943786, 0.939659, 0.935258, 0.930565, 0.925559, 0.920218, 0.914521, 0.908442, 0.901956, 0.895034, 0.887645, 0.879761, 0.871341, 0.862362, 0.852757, 0.842541, 0.831555, 0.819984, 0.807302, 0.794424, 0.779329, 0.765902, 0.74619, 0.735749, 0.739088, 0.737963, 0.738284, 0.738194, 0.738219, 0.738212, 0.738214, 0.738213, 0.738214, 0.738213, 0.738213, 0.738213, 0.738213, 0.738213, 0.738213, 0.738213, 0.738213, 0.738213, 0.738213, 0.738213, 0.738214, 0.738213, 0.738214, 0.738213, 0.738214, 0.738213, 0.738215, 0.738215, 
1, 1, 0.999998, 0.999974, 0.999934, 0.999875, 0.999797, 0.999697, 0.999576, 0.999431, 0.999261, 0.999063, 0.998836, 0.998579, 0.998289, 0.997963, 0.997599, 0.997195, 0.996749, 0.996256, 0.995714, 0.995119, 0.994469, 0.993758, 0.992984, 0.992141, 0.991225, 0.990231, 0.989153, 0.987988, 0.986722, 0.985366, 0.983932, 0.982408, 0.980789, 0.979068, 0.977239, 0.975293, 0.973224, 0.971021, 0.968678, 0.966183, 0.963526, 0.960696, 0.957682, 0.954471, 0.951049, 0.947401, 0.943513, 0.939368, 0.934948, 0.930234, 0.925207, 0.919844, 0.914123, 0.90802, 0.901507, 0.894558, 0.887141, 0.879227, 0.870775, 0.861763, 0.852124, 0.841872, 0.830849, 0.81924, 0.806517, 0.793598, 0.778456, 0.76499, 0.745219, 0.734748, 0.738099, 0.736969, 0.737292, 0.737201, 0.737226, 0.737219, 0.737221, 0.737221, 0.737221, 0.737221, 0.737221, 0.737221, 0.737221, 0.737221, 0.737221, 0.737221, 0.737221, 0.737221, 0.737221, 0.737221, 0.737221, 0.737221, 0.737221, 0.73722, 0.737221, 0.73722, 0.737223, 0.737223, 
1, 1, 0.999998, 0.999974, 0.999933, 0.999874, 0.999795, 0.999696, 0.999574, 0.999428, 0.999256, 0.999057, 0.99883, 0.998571, 0.998278, 0.997951, 0.997585, 0.997179, 0.99673, 0.996234, 0.995689, 0.995092, 0.994438, 0.993724, 0.992945, 0.992098, 0.991177, 0.990179, 0.989095, 0.987925, 0.986653, 0.985291, 0.98385, 0.982319, 0.980692, 0.978963, 0.977125, 0.97517, 0.973091, 0.970878, 0.968523, 0.966017, 0.963347, 0.960505, 0.957477, 0.954251, 0.950813, 0.94715, 0.943244, 0.939081, 0.934642, 0.929908, 0.924859, 0.919475, 0.913731, 0.907603, 0.901064, 0.894088, 0.886643, 0.878699, 0.870217, 0.861173, 0.8515, 0.841213, 0.830152, 0.818506, 0.805742, 0.792783, 0.777595, 0.76409, 0.744262, 0.733762, 0.737124, 0.735989, 0.736314, 0.736222, 0.736248, 0.736241, 0.736243, 0.736242, 0.736242, 0.736242, 0.736242, 0.736242, 0.736242, 0.736242, 0.736242, 0.736242, 0.736242, 0.736242, 0.736242, 0.736242, 0.736242, 0.736242, 0.736242, 0.736242, 0.736243, 0.736241, 0.736244, 0.736244, 
1, 1, 0.999998, 0.999974, 0.999933, 0.999873, 0.999794, 0.999694, 0.999571, 0.999424, 0.999252, 0.999052, 0.998823, 0.998562, 0.998268, 0.997939, 0.997571, 0.997163, 0.996711, 0.996213, 0.995665, 0.995065, 0.994407, 0.993689, 0.992907, 0.992056, 0.99113, 0.990127, 0.989038, 0.987862, 0.986585, 0.985216, 0.983769, 0.982231, 0.980596, 0.978859, 0.977012, 0.975048, 0.972959, 0.970736, 0.968371, 0.965852, 0.963171, 0.960315, 0.957274, 0.954033, 0.95058, 0.946901, 0.942978, 0.938797, 0.934339, 0.929586, 0.924516, 0.91911, 0.913342, 0.90719, 0.900627, 0.893624, 0.886151, 0.878178, 0.869666, 0.86059, 0.850884, 0.840562, 0.829465, 0.817781, 0.804977, 0.79198, 0.776746, 0.763203, 0.743318, 0.73279, 0.736163, 0.735023, 0.73535, 0.735258, 0.735283, 0.735276, 0.735278, 0.735278, 0.735278, 0.735278, 0.735278, 0.735278, 0.735278, 0.735278, 0.735278, 0.735278, 0.735278, 0.735278, 0.735278, 0.735278, 0.735278, 0.735278, 0.735278, 0.735277, 0.735278, 0.735277, 0.735279, 0.735279, 
1, 1, 0.999998, 0.999974, 0.999932, 0.999873, 0.999793, 0.999692, 0.999568, 0.999421, 0.999247, 0.999046, 0.998816, 0.998554, 0.998258, 0.997927, 0.997558, 0.997147, 0.996693, 0.996192, 0.995641, 0.995038, 0.994377, 0.993656, 0.992869, 0.992014, 0.991084, 0.990076, 0.988982, 0.987801, 0.986518, 0.985143, 0.983689, 0.982143, 0.980501, 0.978756, 0.976901, 0.974928, 0.972829, 0.970596, 0.96822, 0.96569, 0.962997, 0.960128, 0.957073, 0.953818, 0.95035, 0.946655, 0.942716, 0.938517, 0.93404, 0.929267, 0.924177, 0.918749, 0.912959, 0.906783, 0.900195, 0.893166, 0.885666, 0.877664, 0.869122, 0.860014, 0.850276, 0.83992, 0.828788, 0.817067, 0.804224, 0.791188, 0.775909, 0.762329, 0.742388, 0.731833, 0.735216, 0.734071, 0.7344, 0.734307, 0.734333, 0.734326, 0.734327, 0.734327, 0.734327, 0.734327, 0.734327, 0.734327, 0.734327, 0.734327, 0.734327, 0.734327, 0.734327, 0.734327, 0.734327, 0.734327, 0.734327, 0.734327, 0.734327, 0.734327, 0.734327, 0.734326, 0.734329, 0.734329, 
1, 1, 0.999998, 0.999974, 0.999932, 0.999872, 0.999792, 0.99969, 0.999566, 0.999417, 0.999243, 0.999041, 0.998809, 0.998546, 0.998249, 0.997916, 0.997544, 0.997131, 0.996675, 0.996171, 0.995618, 0.995011, 0.994347, 0.993622, 0.992832, 0.991972, 0.991038, 0.990025, 0.988927, 0.98774, 0.986451, 0.98507, 0.983609, 0.982057, 0.980407, 0.978654, 0.976791, 0.974809, 0.972701, 0.970458, 0.968071, 0.96553, 0.962824, 0.959943, 0.956875, 0.953606, 0.950123, 0.946412, 0.942456, 0.93824, 0.933745, 0.928953, 0.923843, 0.918393, 0.912581, 0.906382, 0.899768, 0.892714, 0.885187, 0.877157, 0.868585, 0.859447, 0.849676, 0.839287, 0.828119, 0.816363, 0.80348, 0.790407, 0.775083, 0.761467, 0.741472, 0.730889, 0.734283, 0.733133, 0.733464, 0.73337, 0.733396, 0.733389, 0.733391, 0.73339, 0.73339, 0.73339, 0.73339, 0.73339, 0.73339, 0.73339, 0.73339, 0.73339, 0.73339, 0.73339, 0.73339, 0.73339, 0.73339, 0.73339, 0.73339, 0.73339, 0.733391, 0.733389, 0.733392, 0.733392, 
1, 1, 0.999998, 0.999973, 0.999932, 0.999871, 0.99979, 0.999688, 0.999563, 0.999414, 0.999239, 0.999035, 0.998802, 0.998538, 0.998239, 0.997904, 0.99753, 0.997116, 0.996657, 0.996151, 0.995595, 0.994985, 0.994317, 0.993589, 0.992795, 0.991931, 0.990993, 0.989975, 0.988872, 0.987679, 0.986385, 0.984998, 0.983531, 0.981971, 0.980315, 0.978554, 0.976682, 0.974691, 0.972574, 0.970321, 0.967923, 0.965371, 0.962654, 0.95976, 0.956679, 0.953396, 0.949898, 0.946171, 0.9422, 0.937966, 0.933453, 0.928642, 0.923512, 0.918041, 0.912207, 0.905985, 0.899348, 0.892268, 0.884714, 0.876657, 0.868055, 0.858887, 0.849084, 0.838662, 0.82746, 0.815668, 0.802747, 0.789637, 0.77427, 0.760618, 0.740568, 0.729958, 0.733363, 0.732208, 0.732541, 0.732446, 0.732473, 0.732465, 0.732467, 0.732467, 0.732467, 0.732467, 0.732467, 0.732467, 0.732467, 0.732467, 0.732467, 0.732467, 0.732467, 0.732467, 0.732467, 0.732467, 0.732467, 0.732467, 0.732467, 0.732467, 0.732467, 0.732466, 0.732469, 0.732469, 
1, 1, 0.999998, 0.999973, 0.999931, 0.99987, 0.999789, 0.999687, 0.999561, 0.999411, 0.999234, 0.99903, 0.998796, 0.998529, 0.998229, 0.997893, 0.997517, 0.9971, 0.996639, 0.99613, 0.995571, 0.994959, 0.994288, 0.993556, 0.992758, 0.991891, 0.990948, 0.989926, 0.988817, 0.987619, 0.98632, 0.984926, 0.983453, 0.981887, 0.980223, 0.978454, 0.976574, 0.974575, 0.972448, 0.970185, 0.967777, 0.965214, 0.962485, 0.959579, 0.956485, 0.953188, 0.949676, 0.945934, 0.941946, 0.937696, 0.933165, 0.928335, 0.923185, 0.917694, 0.911838, 0.905593, 0.898932, 0.891827, 0.884247, 0.876163, 0.867533, 0.858334, 0.848501, 0.838046, 0.826809, 0.814983, 0.802025, 0.788878, 0.773468, 0.759781, 0.739678, 0.729042, 0.732457, 0.731297, 0.731632, 0.731536, 0.731563, 0.731556, 0.731558, 0.731557, 0.731557, 0.731557, 0.731557, 0.731557, 0.731557, 0.731557, 0.731557, 0.731557, 0.731557, 0.731557, 0.731557, 0.731557, 0.731557, 0.731557, 0.731557, 0.731557, 0.731558, 0.731556, 0.731559, 0.731559, 
1, 1, 0.999998, 0.999973, 0.999931, 0.99987, 0.999788, 0.999685, 0.999558, 0.999407, 0.99923, 0.999025, 0.998789, 0.998522, 0.99822, 0.997881, 0.997504, 0.997085, 0.996621, 0.99611, 0.995549, 0.994933, 0.994259, 0.993524, 0.992722, 0.991851, 0.990904, 0.989877, 0.988763, 0.98756, 0.986255, 0.984856, 0.983376, 0.981803, 0.980132, 0.978356, 0.976468, 0.97446, 0.972324, 0.970051, 0.967633, 0.965059, 0.962319, 0.959401, 0.956293, 0.952983, 0.949457, 0.9457, 0.941696, 0.937429, 0.932881, 0.928032, 0.922863, 0.917351, 0.911474, 0.905207, 0.898522, 0.891392, 0.883787, 0.875675, 0.867017, 0.857789, 0.847925, 0.837439, 0.826168, 0.814307, 0.801312, 0.788129, 0.772677, 0.758955, 0.738801, 0.728139, 0.731564, 0.730399, 0.730736, 0.73064, 0.730666, 0.730659, 0.730661, 0.730661, 0.730661, 0.730661, 0.730661, 0.730661, 0.730661, 0.730661, 0.730661, 0.730661, 0.730661, 0.730661, 0.730661, 0.730661, 0.730661, 0.730661, 0.730661, 0.73066, 0.730661, 0.73066, 0.730662, 0.730662, 
1, 1, 0.999998, 0.999973, 0.999931, 0.999869, 0.999787, 0.999683, 0.999556, 0.999404, 0.999226, 0.999019, 0.998783, 0.998514, 0.99821, 0.99787, 0.997491, 0.99707, 0.996604, 0.99609, 0.995526, 0.994907, 0.99423, 0.993492, 0.992686, 0.991811, 0.99086, 0.989828, 0.98871, 0.987502, 0.986191, 0.984786, 0.9833, 0.981721, 0.980043, 0.978259, 0.976363, 0.974346, 0.972201, 0.969919, 0.967491, 0.964906, 0.962154, 0.959224, 0.956104, 0.952781, 0.94924, 0.945468, 0.941449, 0.937165, 0.9326, 0.927733, 0.922545, 0.917013, 0.911115, 0.904825, 0.898117, 0.890963, 0.883332, 0.875194, 0.866509, 0.857252, 0.847357, 0.836839, 0.825536, 0.813641, 0.800609, 0.787391, 0.771898, 0.758142, 0.737936, 0.727249, 0.730684, 0.729514, 0.729853, 0.729756, 0.729783, 0.729776, 0.729778, 0.729777, 0.729777, 0.729777, 0.729777, 0.729777, 0.729777, 0.729777, 0.729777, 0.729777, 0.729777, 0.729777, 0.729777, 0.729777, 0.729777, 0.729777, 0.729777, 0.729777, 0.729778, 0.729776, 0.729779, 0.729779, 
1, 1, 0.999998, 0.999973, 0.99993, 0.999868, 0.999786, 0.999681, 0.999554, 0.999401, 0.999222, 0.999014, 0.998776, 0.998506, 0.998201, 0.997859, 0.997478, 0.997055, 0.996587, 0.996071, 0.995504, 0.994882, 0.994202, 0.99346, 0.992651, 0.991772, 0.990816, 0.98978, 0.988657, 0.987444, 0.986128, 0.984717, 0.983225, 0.981639, 0.979954, 0.978163, 0.976259, 0.974234, 0.97208, 0.969788, 0.96735, 0.964755, 0.961992, 0.95905, 0.955917, 0.952581, 0.949027, 0.94524, 0.941205, 0.936905, 0.932322, 0.927438, 0.922231, 0.916679, 0.91076, 0.904449, 0.897718, 0.89054, 0.882884, 0.87472, 0.866007, 0.856721, 0.846797, 0.836248, 0.824912, 0.812985, 0.799917, 0.786664, 0.77113, 0.757341, 0.737084, 0.726372, 0.729817, 0.728642, 0.728983, 0.728886, 0.728913, 0.728905, 0.728907, 0.728907, 0.728907, 0.728907, 0.728907, 0.728907, 0.728907, 0.728907, 0.728907, 0.728907, 0.728907, 0.728907, 0.728907, 0.728907, 0.728907, 0.728907, 0.728907, 0.728907, 0.728907, 0.728906, 0.728909, 0.728909, 
1, 1, 0.999998, 0.999973, 0.99993, 0.999867, 0.999785, 0.99968, 0.999551, 0.999398, 0.999218, 0.999009, 0.99877, 0.998498, 0.998192, 0.997848, 0.997465, 0.99704, 0.99657, 0.996051, 0.995482, 0.994857, 0.994174, 0.993428, 0.992616, 0.991733, 0.990773, 0.989733, 0.988605, 0.987387, 0.986066, 0.984649, 0.983151, 0.981558, 0.979866, 0.978068, 0.976156, 0.974123, 0.97196, 0.969659, 0.967211, 0.964605, 0.961831, 0.958878, 0.955733, 0.952383, 0.948815, 0.945014, 0.940964, 0.936648, 0.932049, 0.927146, 0.92192, 0.916349, 0.91041, 0.904077, 0.897324, 0.890122, 0.882442, 0.874252, 0.865512, 0.856198, 0.846244, 0.835665, 0.824297, 0.812337, 0.799234, 0.785947, 0.770373, 0.756551, 0.736245, 0.725508, 0.728963, 0.727783, 0.728126, 0.728028, 0.728056, 0.728048, 0.72805, 0.728049, 0.72805, 0.72805, 0.72805, 0.72805, 0.72805, 0.72805, 0.72805, 0.72805, 0.72805, 0.72805, 0.72805, 0.72805, 0.72805, 0.728049, 0.72805, 0.728049, 0.72805, 0.728049, 0.728051, 0.728051, 
1, 1, 0.999998, 0.999972, 0.999929, 0.999867, 0.999783, 0.999678, 0.999549, 0.999395, 0.999214, 0.999004, 0.998763, 0.99849, 0.998183, 0.997837, 0.997453, 0.997025, 0.996553, 0.996032, 0.99546, 0.994832, 0.994146, 0.993397, 0.992581, 0.991694, 0.990731, 0.989686, 0.988554, 0.987331, 0.986004, 0.984582, 0.983078, 0.981479, 0.97978, 0.977974, 0.976054, 0.974013, 0.971841, 0.969531, 0.967073, 0.964457, 0.961673, 0.958708, 0.95555, 0.952188, 0.948607, 0.944791, 0.940726, 0.936394, 0.931778, 0.926858, 0.921614, 0.916024, 0.910064, 0.90371, 0.896935, 0.88971, 0.882005, 0.87379, 0.865024, 0.855683, 0.8457, 0.835091, 0.823691, 0.811699, 0.798561, 0.785241, 0.769627, 0.755773, 0.735418, 0.724657, 0.728121, 0.726937, 0.727282, 0.727183, 0.727211, 0.727203, 0.727205, 0.727205, 0.727205, 0.727205, 0.727205, 0.727205, 0.727205, 0.727205, 0.727205, 0.727205, 0.727205, 0.727205, 0.727205, 0.727205, 0.727205, 0.727205, 0.727205, 0.727205, 0.727205, 0.727204, 0.727206, 0.727206, 
1, 1, 0.999998, 0.999972, 0.999929, 0.999866, 0.999782, 0.999676, 0.999547, 0.999392, 0.99921, 0.998999, 0.998757, 0.998483, 0.998174, 0.997827, 0.99744, 0.997011, 0.996536, 0.996013, 0.995438, 0.994808, 0.994119, 0.993367, 0.992547, 0.991656, 0.990689, 0.98964, 0.988503, 0.987275, 0.985943, 0.984515, 0.983005, 0.9814, 0.979694, 0.977881, 0.975954, 0.973904, 0.971724, 0.969405, 0.966938, 0.964311, 0.961516, 0.95854, 0.95537, 0.951995, 0.948401, 0.944571, 0.940491, 0.936144, 0.931511, 0.926574, 0.921312, 0.915703, 0.909723, 0.903348, 0.896551, 0.889304, 0.881575, 0.873335, 0.864542, 0.855174, 0.845162, 0.834524, 0.823094, 0.81107, 0.797898, 0.784545, 0.768892, 0.755006, 0.734604, 0.723818, 0.727292, 0.726104, 0.726451, 0.726351, 0.726379, 0.726371, 0.726373, 0.726373, 0.726373, 0.726373, 0.726373, 0.726373, 0.726373, 0.726373, 0.726373, 0.726373, 0.726373, 0.726373, 0.726373, 0.726373, 0.726373, 0.726373, 0.726373, 0.726372, 0.726373, 0.726372, 0.726374, 0.726374, 
1, 1, 0.999998, 0.999972, 0.999929, 0.999865, 0.999781, 0.999675, 0.999544, 0.999389, 0.999206, 0.998994, 0.998751, 0.998475, 0.998165, 0.997816, 0.997428, 0.996997, 0.99652, 0.995994, 0.995417, 0.994784, 0.994092, 0.993336, 0.992513, 0.991619, 0.990647, 0.989594, 0.988452, 0.98722, 0.985883, 0.984449, 0.982934, 0.981322, 0.97961, 0.97779, 0.975855, 0.973797, 0.971609, 0.969281, 0.966804, 0.964167, 0.961361, 0.958374, 0.955193, 0.951805, 0.948197, 0.944354, 0.940259, 0.935897, 0.931248, 0.926294, 0.921014, 0.915386, 0.909387, 0.902991, 0.896173, 0.888903, 0.88115, 0.872885, 0.864067, 0.854672, 0.844633, 0.833966, 0.822505, 0.81045, 0.797244, 0.783859, 0.768168, 0.75425, 0.733801, 0.722993, 0.726476, 0.725283, 0.725631, 0.725531, 0.725559, 0.725551, 0.725553, 0.725553, 0.725553, 0.725553, 0.725553, 0.725553, 0.725553, 0.725553, 0.725553, 0.725553, 0.725553, 0.725553, 0.725553, 0.725553, 0.725553, 0.725553, 0.725553, 0.725553, 0.725553, 0.725552, 0.725554, 0.725554, 
1, 1, 0.999998, 0.999972, 0.999928, 0.999865, 0.99978, 0.999673, 0.999542, 0.999385, 0.999202, 0.998989, 0.998745, 0.998468, 0.998156, 0.997806, 0.997416, 0.996982, 0.996503, 0.995976, 0.995396, 0.99476, 0.994065, 0.993306, 0.99248, 0.991582, 0.990606, 0.989549, 0.988403, 0.987165, 0.985823, 0.984384, 0.982863, 0.981245, 0.979526, 0.977699, 0.975757, 0.973691, 0.971495, 0.969158, 0.966671, 0.964025, 0.961208, 0.95821, 0.955017, 0.951617, 0.947996, 0.944139, 0.94003, 0.935653, 0.930988, 0.926017, 0.92072, 0.915073, 0.909055, 0.902639, 0.895799, 0.888507, 0.880731, 0.872442, 0.863599, 0.854178, 0.844111, 0.833415, 0.821924, 0.809838, 0.7966, 0.783183, 0.767454, 0.753506, 0.733011, 0.722179, 0.725671, 0.724474, 0.724824, 0.724723, 0.724752, 0.724744, 0.724746, 0.724745, 0.724746, 0.724745, 0.724745, 0.724745, 0.724745, 0.724745, 0.724745, 0.724745, 0.724745, 0.724745, 0.724745, 0.724745, 0.724746, 0.724745, 0.724746, 0.724745, 0.724746, 0.724745, 0.724747, 0.724747, 
1, 1, 0.999998, 0.999972, 0.999928, 0.999864, 0.999779, 0.999671, 0.99954, 0.999382, 0.999198, 0.998984, 0.998739, 0.998461, 0.998147, 0.997795, 0.997403, 0.996968, 0.996487, 0.995957, 0.995375, 0.994736, 0.994038, 0.993277, 0.992447, 0.991545, 0.990566, 0.989504, 0.988354, 0.987111, 0.985764, 0.98432, 0.982793, 0.981169, 0.979443, 0.97761, 0.97566, 0.973587, 0.971382, 0.969036, 0.96654, 0.963884, 0.961057, 0.958048, 0.954844, 0.951432, 0.947798, 0.943927, 0.939804, 0.935412, 0.930731, 0.925744, 0.920429, 0.914765, 0.908727, 0.902292, 0.895431, 0.888117, 0.880318, 0.872006, 0.863137, 0.85369, 0.843596, 0.832872, 0.821351, 0.809236, 0.795965, 0.782516, 0.766751, 0.752773, 0.732232, 0.721378, 0.724879, 0.723677, 0.72403, 0.723928, 0.723957, 0.723948, 0.723951, 0.72395, 0.72395, 0.72395, 0.72395, 0.72395, 0.72395, 0.72395, 0.72395, 0.72395, 0.72395, 0.72395, 0.72395, 0.72395, 0.72395, 0.72395, 0.72395, 0.72395, 0.723951, 0.723949, 0.723952, 0.723952, 
1, 1, 0.999998, 0.999972, 0.999928, 0.999863, 0.999778, 0.99967, 0.999538, 0.99938, 0.999194, 0.998979, 0.998733, 0.998453, 0.998138, 0.997785, 0.997391, 0.996954, 0.996471, 0.995939, 0.995354, 0.994713, 0.994012, 0.993247, 0.992414, 0.991509, 0.990526, 0.98946, 0.988305, 0.987058, 0.985706, 0.984257, 0.982724, 0.981094, 0.979362, 0.977521, 0.975564, 0.973484, 0.971271, 0.968916, 0.966411, 0.963746, 0.960909, 0.957888, 0.954673, 0.951249, 0.947602, 0.943718, 0.939581, 0.935174, 0.930478, 0.925475, 0.920143, 0.91446, 0.908404, 0.901949, 0.895067, 0.887732, 0.879911, 0.871575, 0.862682, 0.853209, 0.843088, 0.832337, 0.820787, 0.808642, 0.795339, 0.78186, 0.766059, 0.752051, 0.731465, 0.720589, 0.724099, 0.722893, 0.723247, 0.723144, 0.723173, 0.723165, 0.723167, 0.723167, 0.723167, 0.723167, 0.723167, 0.723167, 0.723167, 0.723167, 0.723167, 0.723167, 0.723167, 0.723167, 0.723167, 0.723167, 0.723167, 0.723167, 0.723167, 0.723167, 0.723167, 0.723166, 0.723168, 0.723168, 
1, 1, 0.999998, 0.999972, 0.999927, 0.999863, 0.999777, 0.999668, 0.999535, 0.999377, 0.99919, 0.998974, 0.998727, 0.998446, 0.99813, 0.997775, 0.99738, 0.996941, 0.996456, 0.995921, 0.995334, 0.99469, 0.993986, 0.993218, 0.992382, 0.991473, 0.990486, 0.989416, 0.988257, 0.987006, 0.985648, 0.984194, 0.982655, 0.981019, 0.979281, 0.977434, 0.97547, 0.973382, 0.971161, 0.968798, 0.966284, 0.963609, 0.960761, 0.957731, 0.954504, 0.951068, 0.947409, 0.943512, 0.939361, 0.934939, 0.930228, 0.925209, 0.91986, 0.91416, 0.908085, 0.901611, 0.894709, 0.887353, 0.879509, 0.87115, 0.862233, 0.852735, 0.842588, 0.83181, 0.820231, 0.808057, 0.794723, 0.781213, 0.765376, 0.751339, 0.73071, 0.719812, 0.72333, 0.72212, 0.722476, 0.722372, 0.722402, 0.722394, 0.722396, 0.722395, 0.722395, 0.722395, 0.722395, 0.722395, 0.722395, 0.722395, 0.722395, 0.722395, 0.722395, 0.722395, 0.722395, 0.722395, 0.722395, 0.722395, 0.722396, 0.722395, 0.722396, 0.722395, 0.722397, 0.722397, 
1, 1, 0.999998, 0.999971, 0.999927, 0.999862, 0.999776, 0.999667, 0.999533, 0.999374, 0.999186, 0.99897, 0.998721, 0.998439, 0.998121, 0.997765, 0.997368, 0.996927, 0.99644, 0.995903, 0.995313, 0.994667, 0.99396, 0.99319, 0.99235, 0.991438, 0.990447, 0.989373, 0.98821, 0.986954, 0.985592, 0.984132, 0.982588, 0.980946, 0.979202, 0.977348, 0.975377, 0.973281, 0.971052, 0.968681, 0.966158, 0.963473, 0.960616, 0.957575, 0.954337, 0.95089, 0.947218, 0.943309, 0.939144, 0.934708, 0.929982, 0.924947, 0.919581, 0.913864, 0.907771, 0.901277, 0.894356, 0.886978, 0.879113, 0.870731, 0.86179, 0.852268, 0.842095, 0.83129, 0.819683, 0.807481, 0.794115, 0.780576, 0.764704, 0.750638, 0.729966, 0.719046, 0.722573, 0.721359, 0.721717, 0.721613, 0.721642, 0.721634, 0.721636, 0.721636, 0.721636, 0.721636, 0.721636, 0.721636, 0.721636, 0.721636, 0.721636, 0.721636, 0.721636, 0.721636, 0.721636, 0.721636, 0.721636, 0.721636, 0.721636, 0.721635, 0.721636, 0.721635, 0.721637, 0.721637, 
1, 1, 0.999998, 0.999971, 0.999926, 0.999861, 0.999775, 0.999665, 0.999531, 0.999371, 0.999183, 0.998965, 0.998716, 0.998432, 0.998113, 0.997755, 0.997356, 0.996914, 0.996425, 0.995886, 0.995293, 0.994645, 0.993935, 0.993161, 0.992319, 0.991403, 0.990408, 0.989331, 0.988163, 0.986902, 0.985535, 0.984071, 0.982521, 0.980874, 0.979123, 0.977263, 0.975285, 0.973182, 0.970945, 0.968565, 0.966034, 0.96334, 0.960473, 0.957421, 0.954173, 0.950714, 0.94703, 0.943108, 0.93893, 0.93448, 0.929739, 0.924688, 0.919306, 0.913572, 0.907461, 0.900948, 0.894007, 0.886609, 0.878723, 0.870318, 0.861354, 0.851807, 0.841609, 0.830777, 0.819143, 0.806912, 0.793517, 0.779948, 0.764042, 0.749948, 0.729233, 0.718293, 0.721828, 0.72061, 0.720969, 0.720864, 0.720894, 0.720886, 0.720888, 0.720887, 0.720888, 0.720887, 0.720887, 0.720887, 0.720887, 0.720887, 0.720887, 0.720887, 0.720887, 0.720887, 0.720887, 0.720887, 0.720887, 0.720887, 0.720888, 0.720887, 0.720888, 0.720887, 0.720889, 0.720889, 
1, 1, 0.999998, 0.999971, 0.999926, 0.999861, 0.999774, 0.999664, 0.999529, 0.999368, 0.999179, 0.99896, 0.99871, 0.998425, 0.998105, 0.997745, 0.997345, 0.996901, 0.996409, 0.995868, 0.995274, 0.994622, 0.99391, 0.993133, 0.992288, 0.991368, 0.99037, 0.989288, 0.988117, 0.986852, 0.98548, 0.98401, 0.982456, 0.980802, 0.979046, 0.977179, 0.975194, 0.973083, 0.970839, 0.968451, 0.965911, 0.963208, 0.960331, 0.95727, 0.95401, 0.95054, 0.946845, 0.942909, 0.938718, 0.934254, 0.929499, 0.924433, 0.919035, 0.913284, 0.907155, 0.900624, 0.893664, 0.886246, 0.878338, 0.869911, 0.860924, 0.851353, 0.84113, 0.830273, 0.818611, 0.806353, 0.792927, 0.77933, 0.763389, 0.749268, 0.728512, 0.71755, 0.721094, 0.719872, 0.720233, 0.720127, 0.720157, 0.720149, 0.720151, 0.720151, 0.720151, 0.720151, 0.720151, 0.720151, 0.720151, 0.720151, 0.720151, 0.720151, 0.720151, 0.720151, 0.720151, 0.720151, 0.720151, 0.720151, 0.720151, 0.720151, 0.720151, 0.72015, 0.720152, 0.720152, 
1, 1, 0.999998, 0.999971, 0.999926, 0.99986, 0.999773, 0.999662, 0.999527, 0.999365, 0.999175, 0.998956, 0.998704, 0.998419, 0.998097, 0.997736, 0.997334, 0.996888, 0.996394, 0.995851, 0.995254, 0.9946, 0.993885, 0.993106, 0.992257, 0.991334, 0.990332, 0.989247, 0.988071, 0.986802, 0.985425, 0.983951, 0.982391, 0.980732, 0.978969, 0.977096, 0.975104, 0.972986, 0.970734, 0.968339, 0.96579, 0.963078, 0.960192, 0.95712, 0.95385, 0.950368, 0.946661, 0.942714, 0.93851, 0.934032, 0.929262, 0.924181, 0.918767, 0.912999, 0.906853, 0.900304, 0.893325, 0.885887, 0.877958, 0.86951, 0.8605, 0.850906, 0.840658, 0.829775, 0.818087, 0.805801, 0.792346, 0.778721, 0.762747, 0.748598, 0.727801, 0.71682, 0.720371, 0.719145, 0.719508, 0.719402, 0.719432, 0.719423, 0.719426, 0.719425, 0.719425, 0.719425, 0.719425, 0.719425, 0.719425, 0.719425, 0.719425, 0.719425, 0.719425, 0.719425, 0.719425, 0.719425, 0.719425, 0.719425, 0.719425, 0.719425, 0.719426, 0.719425, 0.719427, 0.719427, 
1, 1, 0.999998, 0.999971, 0.999925, 0.999859, 0.999772, 0.999661, 0.999525, 0.999362, 0.999172, 0.998951, 0.998699, 0.998412, 0.998089, 0.997726, 0.997323, 0.996875, 0.99638, 0.995834, 0.995235, 0.994579, 0.993861, 0.993079, 0.992226, 0.9913, 0.990295, 0.989206, 0.988026, 0.986752, 0.985371, 0.983892, 0.982326, 0.980662, 0.978893, 0.977014, 0.975016, 0.972891, 0.970631, 0.968227, 0.96567, 0.96295, 0.960054, 0.956972, 0.953692, 0.950199, 0.946481, 0.942521, 0.938304, 0.933813, 0.929029, 0.923933, 0.918503, 0.912719, 0.906556, 0.899989, 0.892991, 0.885533, 0.877584, 0.869115, 0.860083, 0.850465, 0.840193, 0.829285, 0.81757, 0.805258, 0.791774, 0.778121, 0.762114, 0.747939, 0.727102, 0.7161, 0.71966, 0.718429, 0.718794, 0.718687, 0.718718, 0.718709, 0.718711, 0.718711, 0.718711, 0.718711, 0.718711, 0.718711, 0.718711, 0.718711, 0.718711, 0.718711, 0.718711, 0.718711, 0.718711, 0.718711, 0.718711, 0.718711, 0.718711, 0.718711, 0.718711, 0.71871, 0.718712, 0.718712, 
1, 1, 0.999998, 0.999971, 0.999925, 0.999859, 0.999771, 0.999659, 0.999523, 0.99936, 0.999168, 0.998947, 0.998693, 0.998405, 0.998081, 0.997717, 0.997312, 0.996862, 0.996365, 0.995817, 0.995216, 0.994557, 0.993837, 0.993052, 0.992196, 0.991267, 0.990258, 0.989165, 0.987981, 0.986703, 0.985318, 0.983834, 0.982263, 0.980593, 0.978819, 0.976933, 0.974928, 0.972796, 0.970529, 0.968118, 0.965552, 0.962823, 0.959918, 0.956826, 0.953536, 0.950032, 0.946302, 0.942331, 0.938101, 0.933596, 0.928798, 0.923688, 0.918243, 0.912443, 0.906263, 0.899678, 0.892661, 0.885185, 0.877216, 0.868725, 0.859671, 0.85003, 0.839734, 0.828802, 0.817061, 0.804723, 0.791211, 0.77753, 0.761491, 0.747289, 0.726413, 0.715392, 0.718959, 0.717725, 0.718091, 0.717984, 0.718014, 0.718006, 0.718008, 0.718007, 0.718008, 0.718008, 0.718008, 0.718008, 0.718008, 0.718008, 0.718008, 0.718008, 0.718008, 0.718008, 0.718008, 0.718008, 0.718008, 0.718007, 0.718008, 0.718007, 0.718008, 0.718007, 0.718009, 0.718009, 
1, 1, 0.999998, 0.999971, 0.999925, 0.999858, 0.99977, 0.999658, 0.999521, 0.999357, 0.999165, 0.998942, 0.998688, 0.998399, 0.998073, 0.997708, 0.997301, 0.996849, 0.99635, 0.995801, 0.995197, 0.994536, 0.993813, 0.993025, 0.992167, 0.991234, 0.990222, 0.989125, 0.987937, 0.986655, 0.985265, 0.983776, 0.982201, 0.980525, 0.978745, 0.976853, 0.974842, 0.972703, 0.970429, 0.96801, 0.965436, 0.962698, 0.959784, 0.956683, 0.953382, 0.949868, 0.946126, 0.942143, 0.937901, 0.933383, 0.928571, 0.923446, 0.917987, 0.91217, 0.905974, 0.899372, 0.892337, 0.884841, 0.876852, 0.868341, 0.859265, 0.849602, 0.839283, 0.828326, 0.81656, 0.804195, 0.790655, 0.776948, 0.760877, 0.74665, 0.725734, 0.714694, 0.718269, 0.717031, 0.717399, 0.717291, 0.717322, 0.717313, 0.717316, 0.717315, 0.717315, 0.717315, 0.717315, 0.717315, 0.717315, 0.717315, 0.717315, 0.717315, 0.717315, 0.717315, 0.717315, 0.717315, 0.717315, 0.717315, 0.717315, 0.717315, 0.717315, 0.717314, 0.717316, 0.717316, 
1, 1, 0.999998, 0.999971, 0.999925, 0.999858, 0.999769, 0.999656, 0.999519, 0.999354, 0.999161, 0.998938, 0.998682, 0.998392, 0.998065, 0.997698, 0.99729, 0.996837, 0.996336, 0.995785, 0.995179, 0.994515, 0.99379, 0.992999, 0.992138, 0.991202, 0.990186, 0.989086, 0.987894, 0.986608, 0.985213, 0.98372, 0.982139, 0.980458, 0.978672, 0.976774, 0.974757, 0.972611, 0.97033, 0.967903, 0.965321, 0.962574, 0.959652, 0.956541, 0.95323, 0.949705, 0.945953, 0.941958, 0.937703, 0.933173, 0.928347, 0.923208, 0.917733, 0.911902, 0.905689, 0.899069, 0.892017, 0.884502, 0.876494, 0.867962, 0.858865, 0.84918, 0.838838, 0.827857, 0.816066, 0.803676, 0.790108, 0.776374, 0.760273, 0.74602, 0.725067, 0.714007, 0.71759, 0.716348, 0.716718, 0.716609, 0.71664, 0.716631, 0.716634, 0.716633, 0.716633, 0.716633, 0.716633, 0.716633, 0.716633, 0.716633, 0.716633, 0.716633, 0.716633, 0.716633, 0.716633, 0.716633, 0.716633, 0.716633, 0.716633, 0.716633, 0.716634, 0.716633, 0.716635, 0.716635, 
1, 1, 0.999998, 0.99997, 0.999924, 0.999857, 0.999768, 0.999655, 0.999517, 0.999352, 0.999158, 0.998934, 0.998677, 0.998386, 0.998057, 0.997689, 0.997279, 0.996825, 0.996322, 0.995768, 0.99516, 0.994494, 0.993767, 0.992973, 0.992109, 0.99117, 0.990151, 0.989047, 0.987851, 0.986561, 0.985162, 0.983664, 0.982078, 0.980392, 0.978601, 0.976697, 0.974673, 0.97252, 0.970232, 0.967797, 0.965208, 0.962453, 0.959521, 0.956401, 0.95308, 0.949545, 0.945782, 0.941775, 0.937509, 0.932965, 0.928127, 0.922973, 0.917484, 0.911637, 0.905408, 0.898772, 0.891701, 0.884168, 0.876141, 0.867589, 0.858471, 0.848764, 0.838399, 0.827395, 0.81558, 0.803164, 0.78957, 0.77581, 0.759678, 0.7454, 0.724409, 0.713331, 0.716921, 0.715676, 0.716047, 0.715938, 0.715969, 0.71596, 0.715963, 0.715962, 0.715962, 0.715962, 0.715962, 0.715962, 0.715962, 0.715962, 0.715962, 0.715962, 0.715962, 0.715962, 0.715962, 0.715962, 0.715962, 0.715962, 0.715962, 0.715962, 0.715962, 0.715961, 0.715963, 0.715963, 
1, 1, 0.999998, 0.99997, 0.999924, 0.999856, 0.999767, 0.999653, 0.999515, 0.999349, 0.999155, 0.99893, 0.998672, 0.998379, 0.99805, 0.99768, 0.997269, 0.996813, 0.996308, 0.995752, 0.995142, 0.994474, 0.993744, 0.992947, 0.99208, 0.991138, 0.990116, 0.989008, 0.987809, 0.986514, 0.985111, 0.983608, 0.982018, 0.980327, 0.97853, 0.97662, 0.97459, 0.972431, 0.970135, 0.967693, 0.965096, 0.962333, 0.959392, 0.956263, 0.952932, 0.949387, 0.945613, 0.941595, 0.937316, 0.932761, 0.927909, 0.922742, 0.917238, 0.911376, 0.905131, 0.898478, 0.89139, 0.883839, 0.875793, 0.867221, 0.858083, 0.848355, 0.837967, 0.82694, 0.8151, 0.802661, 0.789039, 0.775254, 0.759092, 0.74479, 0.723762, 0.712666, 0.716263, 0.715014, 0.715387, 0.715277, 0.715309, 0.715299, 0.715302, 0.715301, 0.715301, 0.715301, 0.715301, 0.715301, 0.715301, 0.715301, 0.715301, 0.715301, 0.715301, 0.715301, 0.715301, 0.715301, 0.715301, 0.715301, 0.715301, 0.715301, 0.715302, 0.715301, 0.715303, 0.715303, 
1, 1, 0.999998, 0.99997, 0.999924, 0.999856, 0.999766, 0.999652, 0.999513, 0.999346, 0.999151, 0.998925, 0.998667, 0.998373, 0.998042, 0.997672, 0.997259, 0.996801, 0.996294, 0.995737, 0.995124, 0.994454, 0.993721, 0.992922, 0.992052, 0.991107, 0.990081, 0.98897, 0.987767, 0.986468, 0.985061, 0.983554, 0.981959, 0.980262, 0.97846, 0.976544, 0.974508, 0.972342, 0.97004, 0.967591, 0.964986, 0.962214, 0.959265, 0.956127, 0.952787, 0.949231, 0.945447, 0.941417, 0.937127, 0.932559, 0.927694, 0.922513, 0.916996, 0.911118, 0.904858, 0.898189, 0.891084, 0.883515, 0.87545, 0.866859, 0.8577, 0.847951, 0.837542, 0.826492, 0.814628, 0.802164, 0.788517, 0.774707, 0.758515, 0.744189, 0.723125, 0.712011, 0.715615, 0.714363, 0.714737, 0.714626, 0.714658, 0.714649, 0.714652, 0.714651, 0.714651, 0.714651, 0.714651, 0.714651, 0.714651, 0.714651, 0.714651, 0.714651, 0.714651, 0.714651, 0.714651, 0.714651, 0.714651, 0.714651, 0.714651, 0.714651, 0.714651, 0.71465, 0.714652, 0.714652, 
1, 1, 0.999998, 0.99997, 0.999923, 0.999855, 0.999765, 0.999651, 0.999511, 0.999344, 0.999148, 0.998921, 0.998662, 0.998367, 0.998035, 0.997663, 0.997248, 0.996789, 0.996281, 0.995721, 0.995107, 0.994434, 0.993699, 0.992897, 0.992024, 0.991076, 0.990047, 0.988933, 0.987726, 0.986423, 0.985012, 0.9835, 0.9819, 0.980199, 0.978391, 0.976469, 0.974427, 0.972255, 0.969946, 0.96749, 0.964877, 0.962097, 0.95914, 0.955992, 0.952643, 0.949078, 0.945282, 0.941242, 0.93694, 0.93236, 0.927483, 0.922288, 0.916756, 0.910865, 0.904589, 0.897904, 0.890782, 0.883196, 0.875112, 0.866502, 0.857324, 0.847554, 0.837123, 0.82605, 0.814163, 0.801676, 0.788003, 0.774167, 0.757947, 0.743597, 0.722497, 0.711366, 0.714978, 0.713721, 0.714097, 0.713986, 0.714018, 0.714009, 0.714011, 0.714011, 0.714011, 0.714011, 0.714011, 0.714011, 0.714011, 0.714011, 0.714011, 0.714011, 0.714011, 0.714011, 0.714011, 0.714011, 0.714011, 0.714011, 0.714011, 0.714011, 0.714011, 0.71401, 0.714012, 0.714012, 
1, 1, 0.999998, 0.99997, 0.999923, 0.999855, 0.999764, 0.999649, 0.999509, 0.999341, 0.999145, 0.998917, 0.998657, 0.998361, 0.998028, 0.997654, 0.997238, 0.996777, 0.996267, 0.995706, 0.995089, 0.994414, 0.993677, 0.992872, 0.991997, 0.991046, 0.990014, 0.988896, 0.987685, 0.986379, 0.984963, 0.983447, 0.981842, 0.980136, 0.978323, 0.976396, 0.974347, 0.972169, 0.969853, 0.96739, 0.96477, 0.961982, 0.959016, 0.95586, 0.952501, 0.948926, 0.945121, 0.941069, 0.936756, 0.932164, 0.927274, 0.922067, 0.916521, 0.910614, 0.904323, 0.897623, 0.890484, 0.882881, 0.874779, 0.86615, 0.856952, 0.847162, 0.83671, 0.825616, 0.813705, 0.801194, 0.787496, 0.773637, 0.757387, 0.743015, 0.72188, 0.710731, 0.71435, 0.71309, 0.713467, 0.713355, 0.713388, 0.713378, 0.713381, 0.71338, 0.713381, 0.713381, 0.713381, 0.713381, 0.713381, 0.713381, 0.713381, 0.713381, 0.713381, 0.713381, 0.713381, 0.713381, 0.713381, 0.713381, 0.713381, 0.71338, 0.713381, 0.71338, 0.713382, 0.713382, 
1, 1, 0.999998, 0.99997, 0.999923, 0.999854, 0.999763, 0.999648, 0.999507, 0.999339, 0.999142, 0.998913, 0.998652, 0.998355, 0.99802, 0.997646, 0.997228, 0.996766, 0.996254, 0.995691, 0.995072, 0.994395, 0.993655, 0.992848, 0.99197, 0.991016, 0.98998, 0.988859, 0.987645, 0.986335, 0.984915, 0.983395, 0.981785, 0.980074, 0.978256, 0.976323, 0.974269, 0.972084, 0.969762, 0.967291, 0.964664, 0.961868, 0.958894, 0.955729, 0.952361, 0.948777, 0.944961, 0.940899, 0.936575, 0.931971, 0.927068, 0.921848, 0.916289, 0.910368, 0.904062, 0.897346, 0.890191, 0.88257, 0.874451, 0.865804, 0.856586, 0.846776, 0.836303, 0.825187, 0.813254, 0.80072, 0.786997, 0.773114, 0.756837, 0.742441, 0.721272, 0.710106, 0.713732, 0.712469, 0.712847, 0.712735, 0.712768, 0.712758, 0.712761, 0.71276, 0.71276, 0.71276, 0.71276, 0.71276, 0.71276, 0.71276, 0.71276, 0.71276, 0.71276, 0.71276, 0.71276, 0.71276, 0.71276, 0.71276, 0.71276, 0.71276, 0.712761, 0.71276, 0.712761, 0.712761, 
1, 1, 0.999998, 0.99997, 0.999922, 0.999854, 0.999762, 0.999647, 0.999505, 0.999336, 0.999138, 0.998909, 0.998647, 0.998349, 0.998013, 0.997637, 0.997219, 0.996754, 0.996241, 0.995676, 0.995055, 0.994376, 0.993633, 0.992824, 0.991943, 0.990986, 0.989948, 0.988823, 0.987605, 0.986291, 0.984868, 0.983343, 0.981729, 0.980013, 0.978189, 0.976251, 0.974191, 0.972001, 0.969672, 0.967194, 0.964559, 0.961756, 0.958774, 0.955601, 0.952223, 0.948629, 0.944804, 0.940731, 0.936396, 0.93178, 0.926866, 0.921632, 0.91606, 0.910125, 0.903804, 0.897073, 0.889902, 0.882265, 0.874128, 0.865463, 0.856226, 0.846396, 0.835903, 0.824766, 0.81281, 0.800254, 0.786506, 0.7726, 0.756295, 0.741877, 0.720674, 0.709491, 0.713124, 0.711857, 0.712237, 0.712124, 0.712157, 0.712148, 0.71215, 0.71215, 0.71215, 0.71215, 0.71215, 0.71215, 0.71215, 0.71215, 0.71215, 0.71215, 0.71215, 0.71215, 0.71215, 0.71215, 0.71215, 0.71215, 0.71215, 0.71215, 0.71215, 0.712149, 0.712151, 0.712151, 
1, 1, 0.999998, 0.99997, 0.999922, 0.999853, 0.999761, 0.999645, 0.999503, 0.999334, 0.999135, 0.998905, 0.998642, 0.998343, 0.998006, 0.997629, 0.997209, 0.996743, 0.996228, 0.995661, 0.995039, 0.994357, 0.993612, 0.9928, 0.991917, 0.990957, 0.989915, 0.988788, 0.987566, 0.986249, 0.984821, 0.983292, 0.981674, 0.979953, 0.978124, 0.976181, 0.974115, 0.971918, 0.969583, 0.967099, 0.964456, 0.961646, 0.958655, 0.955474, 0.952088, 0.948484, 0.944649, 0.940566, 0.93622, 0.931592, 0.926666, 0.92142, 0.915834, 0.909886, 0.903551, 0.896804, 0.889617, 0.881964, 0.87381, 0.865126, 0.855871, 0.846022, 0.835508, 0.82435, 0.812373, 0.799794, 0.786023, 0.772093, 0.755761, 0.741321, 0.720085, 0.708886, 0.712525, 0.711256, 0.711637, 0.711523, 0.711556, 0.711547, 0.71155, 0.711549, 0.711549, 0.711549, 0.711549, 0.711549, 0.711549, 0.711549, 0.711549, 0.711549, 0.711549, 0.711549, 0.711549, 0.711549, 0.711549, 0.711549, 0.711549, 0.711549, 0.711549, 0.711548, 0.71155, 0.71155, 
1, 1, 0.999998, 0.999969, 0.999922, 0.999853, 0.99976, 0.999644, 0.999502, 0.999332, 0.999132, 0.998901, 0.998637, 0.998337, 0.997999, 0.997621, 0.997199, 0.996732, 0.996215, 0.995647, 0.995022, 0.994338, 0.993591, 0.992777, 0.991891, 0.990928, 0.989883, 0.988752, 0.987528, 0.986206, 0.984775, 0.983242, 0.981619, 0.979893, 0.97806, 0.976111, 0.974039, 0.971837, 0.969495, 0.967004, 0.964355, 0.961537, 0.958539, 0.955348, 0.951954, 0.948341, 0.944496, 0.940403, 0.936046, 0.931407, 0.926469, 0.921211, 0.915612, 0.90965, 0.903301, 0.896539, 0.889337, 0.881667, 0.873496, 0.864795, 0.855522, 0.845653, 0.83512, 0.823941, 0.811943, 0.799342, 0.785547, 0.771595, 0.755236, 0.740774, 0.719506, 0.708291, 0.711936, 0.710663, 0.711046, 0.710932, 0.710965, 0.710956, 0.710958, 0.710958, 0.710958, 0.710958, 0.710958, 0.710958, 0.710958, 0.710958, 0.710958, 0.710958, 0.710958, 0.710958, 0.710958, 0.710958, 0.710958, 0.710958, 0.710958, 0.710958, 0.710958, 0.710957, 0.710959, 0.710959, 
1, 1, 0.999998, 0.999969, 0.999922, 0.999852, 0.99976, 0.999643, 0.9995, 0.999329, 0.999129, 0.998898, 0.998632, 0.998332, 0.997993, 0.997613, 0.99719, 0.996721, 0.996203, 0.995632, 0.995006, 0.99432, 0.993571, 0.992754, 0.991865, 0.9909, 0.989852, 0.988718, 0.98749, 0.986165, 0.984729, 0.983192, 0.981565, 0.979835, 0.977996, 0.976042, 0.973965, 0.971757, 0.969408, 0.966911, 0.964255, 0.961429, 0.958423, 0.955225, 0.951822, 0.9482, 0.944345, 0.940242, 0.935874, 0.931225, 0.926275, 0.921005, 0.915393, 0.909417, 0.903054, 0.896278, 0.889061, 0.881375, 0.873187, 0.864469, 0.855178, 0.84529, 0.834737, 0.823538, 0.811519, 0.798896, 0.785078, 0.771104, 0.754719, 0.740236, 0.718935, 0.707705, 0.711357, 0.71008, 0.710464, 0.71035, 0.710383, 0.710374, 0.710376, 0.710376, 0.710376, 0.710376, 0.710376, 0.710376, 0.710376, 0.710376, 0.710376, 0.710376, 0.710376, 0.710376, 0.710376, 0.710376, 0.710376, 0.710376, 0.710376, 0.710376, 0.710376, 0.710375, 0.710377, 0.710377, 
1, 1, 0.999998, 0.999969, 0.999921, 0.999851, 0.999759, 0.999641, 0.999498, 0.999327, 0.999126, 0.998894, 0.998628, 0.998326, 0.997986, 0.997605, 0.997181, 0.99671, 0.99619, 0.995618, 0.99499, 0.994302, 0.99355, 0.992731, 0.99184, 0.990871, 0.989821, 0.988684, 0.987452, 0.986124, 0.984685, 0.983143, 0.981512, 0.979777, 0.977933, 0.975974, 0.973892, 0.971677, 0.969323, 0.966819, 0.964156, 0.961323, 0.95831, 0.955103, 0.951691, 0.948061, 0.944196, 0.940083, 0.935705, 0.931045, 0.926084, 0.920801, 0.915177, 0.909188, 0.902811, 0.896021, 0.888789, 0.881087, 0.872883, 0.864148, 0.854838, 0.844933, 0.83436, 0.823142, 0.811101, 0.798458, 0.784617, 0.770621, 0.75421, 0.739706, 0.718374, 0.707128, 0.710786, 0.709507, 0.709892, 0.709777, 0.709811, 0.709801, 0.709804, 0.709803, 0.709803, 0.709803, 0.709803, 0.709803, 0.709803, 0.709803, 0.709803, 0.709803, 0.709803, 0.709803, 0.709803, 0.709803, 0.709803, 0.709803, 0.709803, 0.709803, 0.709803, 0.709803, 0.709804, 0.709804, 
1, 1, 0.999998, 0.999969, 0.999921, 0.999851, 0.999758, 0.99964, 0.999496, 0.999325, 0.999123, 0.99889, 0.998623, 0.99832, 0.997979, 0.997597, 0.997171, 0.9967, 0.996178, 0.995604, 0.994974, 0.994284, 0.99353, 0.992709, 0.991815, 0.990844, 0.98979, 0.98865, 0.987415, 0.986083, 0.98464, 0.983095, 0.981459, 0.97972, 0.977872, 0.975907, 0.973819, 0.971599, 0.969239, 0.966729, 0.964059, 0.961219, 0.958198, 0.954983, 0.951563, 0.947923, 0.94405, 0.939927, 0.935539, 0.930868, 0.925895, 0.920601, 0.914964, 0.908963, 0.902572, 0.895767, 0.88852, 0.880803, 0.872583, 0.863831, 0.854505, 0.844581, 0.833989, 0.822751, 0.81069, 0.798026, 0.784163, 0.770145, 0.753709, 0.739185, 0.717822, 0.70656, 0.710225, 0.708942, 0.709329, 0.709213, 0.709247, 0.709237, 0.70924, 0.709239, 0.70924, 0.70924, 0.70924, 0.70924, 0.70924, 0.70924, 0.70924, 0.70924, 0.70924, 0.70924, 0.70924, 0.70924, 0.70924, 0.70924, 0.70924, 0.70924, 0.70924, 0.709239, 0.709241, 0.709241, 
1, 1, 0.999998, 0.999969, 0.999921, 0.99985, 0.999757, 0.999639, 0.999495, 0.999322, 0.99912, 0.998886, 0.998619, 0.998315, 0.997973, 0.997589, 0.997162, 0.996689, 0.996166, 0.99559, 0.994958, 0.994266, 0.993511, 0.992687, 0.99179, 0.990817, 0.98976, 0.988617, 0.987379, 0.986043, 0.984597, 0.983047, 0.981407, 0.979664, 0.977811, 0.975841, 0.973748, 0.971522, 0.969156, 0.96664, 0.963963, 0.961116, 0.958087, 0.954865, 0.951437, 0.947788, 0.943906, 0.939773, 0.935375, 0.930693, 0.925709, 0.920404, 0.914755, 0.908741, 0.902337, 0.895518, 0.888256, 0.880524, 0.872288, 0.86352, 0.854176, 0.844234, 0.833624, 0.822367, 0.810286, 0.797601, 0.783716, 0.769677, 0.753216, 0.738672, 0.717278, 0.706002, 0.709672, 0.708387, 0.708775, 0.708659, 0.708693, 0.708683, 0.708686, 0.708685, 0.708685, 0.708685, 0.708685, 0.708685, 0.708685, 0.708685, 0.708685, 0.708685, 0.708685, 0.708685, 0.708685, 0.708685, 0.708685, 0.708685, 0.708685, 0.708685, 0.708685, 0.708685, 0.708686, 0.708686, 
1, 1, 0.999998, 0.999969, 0.99992, 0.99985, 0.999756, 0.999638, 0.999493, 0.99932, 0.999117, 0.998883, 0.998614, 0.998309, 0.997966, 0.997582, 0.997154, 0.996679, 0.996154, 0.995577, 0.994943, 0.994249, 0.993491, 0.992665, 0.991766, 0.99079, 0.989731, 0.988584, 0.987343, 0.986004, 0.984554, 0.983, 0.981356, 0.979608, 0.977751, 0.975776, 0.973678, 0.971447, 0.969074, 0.966552, 0.963869, 0.961015, 0.957979, 0.954749, 0.951312, 0.947655, 0.943763, 0.939622, 0.935214, 0.930521, 0.925527, 0.920209, 0.914549, 0.908522, 0.902105, 0.895272, 0.887996, 0.880249, 0.871998, 0.863213, 0.853852, 0.843893, 0.833264, 0.821988, 0.809887, 0.797183, 0.783276, 0.769216, 0.752731, 0.738167, 0.716744, 0.705452, 0.709129, 0.70784, 0.70823, 0.708113, 0.708147, 0.708137, 0.70814, 0.708139, 0.70814, 0.70814, 0.70814, 0.70814, 0.70814, 0.70814, 0.70814, 0.70814, 0.70814, 0.70814, 0.70814, 0.70814, 0.70814, 0.70814, 0.70814, 0.708139, 0.70814, 0.708139, 0.708141, 0.708141, 
1, 1, 0.999998, 0.999969, 0.99992, 0.999849, 0.999755, 0.999637, 0.999491, 0.999318, 0.999115, 0.998879, 0.99861, 0.998304, 0.99796, 0.997574, 0.997145, 0.996668, 0.996142, 0.995563, 0.994928, 0.994232, 0.993472, 0.992643, 0.991742, 0.990763, 0.989701, 0.988552, 0.987307, 0.985965, 0.984511, 0.982954, 0.981306, 0.979553, 0.977691, 0.975712, 0.973608, 0.971372, 0.968994, 0.966465, 0.963775, 0.960915, 0.957871, 0.954634, 0.951189, 0.947524, 0.943623, 0.939472, 0.935054, 0.930352, 0.925346, 0.920018, 0.914345, 0.908306, 0.901876, 0.89503, 0.88774, 0.879978, 0.871711, 0.862911, 0.853533, 0.843557, 0.83291, 0.821616, 0.809495, 0.796771, 0.782842, 0.768763, 0.752253, 0.73767, 0.716217, 0.704912, 0.708594, 0.707303, 0.707693, 0.707576, 0.707611, 0.7076, 0.707603, 0.707603, 0.707603, 0.707603, 0.707603, 0.707603, 0.707603, 0.707603, 0.707603, 0.707603, 0.707603, 0.707603, 0.707603, 0.707603, 0.707603, 0.707603, 0.707603, 0.707603, 0.707603, 0.707602, 0.707604, 0.707604, 
1, 1, 0.999998, 0.999969, 0.99992, 0.999849, 0.999755, 0.999635, 0.99949, 0.999316, 0.999112, 0.998876, 0.998605, 0.998299, 0.997953, 0.997567, 0.997136, 0.996658, 0.996131, 0.99555, 0.994913, 0.994215, 0.993453, 0.992622, 0.991718, 0.990737, 0.989672, 0.98852, 0.987272, 0.985927, 0.984469, 0.982909, 0.981256, 0.9795, 0.977633, 0.975649, 0.97354, 0.971298, 0.968914, 0.966379, 0.963684, 0.960816, 0.957766, 0.954521, 0.951068, 0.947394, 0.943485, 0.939325, 0.934897, 0.930185, 0.925169, 0.919829, 0.914145, 0.908094, 0.901651, 0.894791, 0.887488, 0.879711, 0.87143, 0.862613, 0.853219, 0.843226, 0.832562, 0.821249, 0.809109, 0.796366, 0.782416, 0.768316, 0.751783, 0.737181, 0.7157, 0.70438, 0.708068, 0.706773, 0.707166, 0.707048, 0.707082, 0.707072, 0.707075, 0.707074, 0.707075, 0.707075, 0.707075, 0.707075, 0.707075, 0.707075, 0.707075, 0.707075, 0.707075, 0.707075, 0.707075, 0.707075, 0.707075, 0.707074, 0.707075, 0.707074, 0.707075, 0.707074, 0.707076, 0.707076, 
1, 1, 0.999998, 0.999969, 0.99992, 0.999848, 0.999754, 0.999634, 0.999488, 0.999314, 0.999109, 0.998872, 0.998601, 0.998294, 0.997947, 0.997559, 0.997127, 0.996648, 0.996119, 0.995537, 0.994898, 0.994198, 0.993434, 0.992601, 0.991695, 0.990711, 0.989644, 0.988488, 0.987238, 0.985889, 0.984428, 0.982864, 0.981207, 0.979446, 0.977575, 0.975587, 0.973473, 0.971226, 0.968836, 0.966295, 0.963593, 0.960719, 0.957662, 0.954409, 0.950949, 0.947267, 0.943349, 0.93918, 0.934743, 0.93002, 0.924994, 0.919643, 0.913948, 0.907884, 0.901429, 0.894557, 0.887239, 0.879449, 0.871152, 0.86232, 0.85291, 0.8429, 0.832219, 0.820888, 0.808729, 0.795967, 0.781997, 0.767877, 0.751321, 0.7367, 0.71519, 0.703856, 0.70755, 0.706253, 0.706646, 0.706528, 0.706563, 0.706553, 0.706556, 0.706555, 0.706555, 0.706555, 0.706555, 0.706555, 0.706555, 0.706555, 0.706555, 0.706555, 0.706555, 0.706555, 0.706555, 0.706555, 0.706555, 0.706555, 0.706555, 0.706555, 0.706555, 0.706554, 0.706556, 0.706556, 
1, 1, 0.999998, 0.999969, 0.999919, 0.999848, 0.999753, 0.999633, 0.999487, 0.999312, 0.999106, 0.998869, 0.998597, 0.998288, 0.997941, 0.997552, 0.997119, 0.996639, 0.996108, 0.995524, 0.994883, 0.994182, 0.993416, 0.992581, 0.991672, 0.990686, 0.989616, 0.988457, 0.987204, 0.985852, 0.984387, 0.982819, 0.981159, 0.979394, 0.977519, 0.975525, 0.973406, 0.971154, 0.968759, 0.966212, 0.963504, 0.960623, 0.957559, 0.954299, 0.950831, 0.947141, 0.943215, 0.939037, 0.934591, 0.929858, 0.924822, 0.91946, 0.913753, 0.907678, 0.901211, 0.894325, 0.886995, 0.87919, 0.870879, 0.862032, 0.852606, 0.84258, 0.831881, 0.820532, 0.808355, 0.795574, 0.781584, 0.767445, 0.750866, 0.736227, 0.714689, 0.703342, 0.707041, 0.705741, 0.706135, 0.706016, 0.706052, 0.706041, 0.706044, 0.706043, 0.706044, 0.706044, 0.706044, 0.706044, 0.706044, 0.706044, 0.706044, 0.706044, 0.706044, 0.706044, 0.706044, 0.706044, 0.706044, 0.706044, 0.706044, 0.706043, 0.706044, 0.706043, 0.706045, 0.706045, 
1, 1, 0.999998, 0.999968, 0.999919, 0.999848, 0.999752, 0.999632, 0.999485, 0.999309, 0.999104, 0.998865, 0.998593, 0.998283, 0.997935, 0.997545, 0.997111, 0.996629, 0.996097, 0.995512, 0.994869, 0.994166, 0.993397, 0.99256, 0.991649, 0.99066, 0.989588, 0.988427, 0.98717, 0.985815, 0.984347, 0.982776, 0.981112, 0.979342, 0.977463, 0.975465, 0.973341, 0.971083, 0.968683, 0.96613, 0.963416, 0.960529, 0.957458, 0.954191, 0.950716, 0.947018, 0.943083, 0.938896, 0.934441, 0.929699, 0.924652, 0.91928, 0.913562, 0.907475, 0.900996, 0.894098, 0.886754, 0.878935, 0.87061, 0.861748, 0.852306, 0.842264, 0.831548, 0.820183, 0.807987, 0.795187, 0.781177, 0.76702, 0.750418, 0.735761, 0.714196, 0.702835, 0.70654, 0.705237, 0.705633, 0.705513, 0.705549, 0.705538, 0.705541, 0.70554, 0.705541, 0.705541, 0.705541, 0.705541, 0.705541, 0.705541, 0.705541, 0.705541, 0.705541, 0.705541, 0.705541, 0.705541, 0.705541, 0.705541, 0.705541, 0.70554, 0.705541, 0.70554, 0.705542, 0.705542, 
1, 1, 0.999998, 0.999968, 0.999919, 0.999847, 0.999752, 0.999631, 0.999483, 0.999307, 0.999101, 0.998862, 0.998589, 0.998278, 0.997929, 0.997538, 0.997102, 0.996619, 0.996086, 0.995499, 0.994855, 0.99415, 0.993379, 0.99254, 0.991627, 0.990636, 0.989561, 0.988397, 0.987137, 0.985779, 0.984308, 0.982732, 0.981065, 0.979292, 0.977408, 0.975405, 0.973277, 0.971014, 0.968608, 0.96605, 0.963329, 0.960436, 0.957358, 0.954084, 0.950601, 0.946896, 0.942953, 0.938758, 0.934293, 0.929542, 0.924485, 0.919102, 0.913374, 0.907275, 0.900784, 0.893873, 0.886516, 0.878684, 0.870345, 0.861468, 0.852011, 0.841953, 0.831221, 0.819838, 0.807625, 0.794807, 0.780778, 0.766601, 0.749978, 0.735303, 0.713711, 0.702337, 0.706047, 0.704741, 0.705138, 0.705018, 0.705054, 0.705043, 0.705047, 0.705046, 0.705046, 0.705046, 0.705046, 0.705046, 0.705046, 0.705046, 0.705046, 0.705046, 0.705046, 0.705046, 0.705046, 0.705046, 0.705046, 0.705046, 0.705046, 0.705046, 0.705046, 0.705045, 0.705047, 0.705047, 
1, 1, 0.999998, 0.999968, 0.999919, 0.999847, 0.999751, 0.99963, 0.999482, 0.999305, 0.999098, 0.998859, 0.998585, 0.998274, 0.997923, 0.997531, 0.997094, 0.99661, 0.996075, 0.995487, 0.994841, 0.994134, 0.993362, 0.99252, 0.991605, 0.990611, 0.989534, 0.988367, 0.987105, 0.985743, 0.984269, 0.98269, 0.981019, 0.979242, 0.977353, 0.975346, 0.973213, 0.970945, 0.968534, 0.96597, 0.963244, 0.960344, 0.95726, 0.953979, 0.950489, 0.946776, 0.942825, 0.938621, 0.934147, 0.929387, 0.92432, 0.918928, 0.913188, 0.907079, 0.900575, 0.893653, 0.886283, 0.878438, 0.870084, 0.861193, 0.851721, 0.841647, 0.830899, 0.819499, 0.807268, 0.794433, 0.780384, 0.766189, 0.749544, 0.734852, 0.713234, 0.701846, 0.705562, 0.704254, 0.704652, 0.704531, 0.704567, 0.704557, 0.70456, 0.704559, 0.704559, 0.704559, 0.704559, 0.704559, 0.704559, 0.704559, 0.704559, 0.704559, 0.704559, 0.704559, 0.704559, 0.704559, 0.704559, 0.704559, 0.704559, 0.704559, 0.704559, 0.704559, 0.70456, 0.70456, 
1, 1, 0.999998, 0.999968, 0.999918, 0.999846, 0.99975, 0.999629, 0.99948, 0.999303, 0.999096, 0.998856, 0.998581, 0.998269, 0.997917, 0.997524, 0.997086, 0.996601, 0.996065, 0.995475, 0.994827, 0.994118, 0.993344, 0.992501, 0.991583, 0.990587, 0.989507, 0.988338, 0.987072, 0.985708, 0.98423, 0.982648, 0.980973, 0.979192, 0.9773, 0.975288, 0.973151, 0.970878, 0.968461, 0.965892, 0.96316, 0.960254, 0.957163, 0.953876, 0.950378, 0.946658, 0.942699, 0.938486, 0.934004, 0.929234, 0.924158, 0.918755, 0.913005, 0.906885, 0.90037, 0.893435, 0.886053, 0.878194, 0.869827, 0.860922, 0.851435, 0.841346, 0.830582, 0.819166, 0.806918, 0.794065, 0.779997, 0.765784, 0.749118, 0.734408, 0.712764, 0.701364, 0.705085, 0.703774, 0.704173, 0.704053, 0.704088, 0.704078, 0.704081, 0.70408, 0.70408, 0.70408, 0.70408, 0.70408, 0.70408, 0.70408, 0.70408, 0.70408, 0.70408, 0.70408, 0.70408, 0.70408, 0.70408, 0.70408, 0.70408, 0.70408, 0.70408, 0.70408, 0.704081, 0.704081, 
1, 1, 0.999998, 0.999968, 0.999918, 0.999846, 0.999749, 0.999628, 0.999479, 0.999301, 0.999093, 0.998852, 0.998577, 0.998264, 0.997912, 0.997517, 0.997078, 0.996592, 0.996054, 0.995463, 0.994814, 0.994103, 0.993327, 0.992482, 0.991562, 0.990564, 0.989481, 0.988309, 0.987041, 0.985673, 0.984193, 0.982607, 0.980928, 0.979143, 0.977247, 0.975231, 0.973089, 0.970811, 0.96839, 0.965815, 0.963077, 0.960165, 0.957068, 0.953774, 0.950269, 0.946541, 0.942574, 0.938354, 0.933863, 0.929084, 0.923998, 0.918586, 0.912825, 0.906694, 0.900168, 0.893221, 0.885826, 0.877955, 0.869575, 0.860655, 0.851154, 0.84105, 0.83027, 0.818837, 0.806572, 0.793702, 0.779616, 0.765385, 0.748698, 0.733972, 0.712302, 0.70089, 0.704616, 0.703302, 0.703703, 0.703581, 0.703617, 0.703607, 0.70361, 0.703609, 0.703609, 0.703609, 0.703609, 0.703609, 0.703609, 0.703609, 0.703609, 0.703609, 0.703609, 0.703609, 0.703609, 0.703609, 0.703609, 0.703609, 0.703609, 0.703609, 0.703609, 0.703609, 0.70361, 0.70361, 
1, 1, 0.999998, 0.999968, 0.999918, 0.999845, 0.999749, 0.999627, 0.999478, 0.999299, 0.999091, 0.998849, 0.998573, 0.998259, 0.997906, 0.997511, 0.997071, 0.996583, 0.996044, 0.995451, 0.9948, 0.994088, 0.99331, 0.992463, 0.991541, 0.99054, 0.989455, 0.988281, 0.98701, 0.985639, 0.984155, 0.982566, 0.980884, 0.979095, 0.977195, 0.975175, 0.973028, 0.970746, 0.968319, 0.965739, 0.962996, 0.960078, 0.956974, 0.953673, 0.950162, 0.946426, 0.942452, 0.938223, 0.933724, 0.928936, 0.923841, 0.918419, 0.912648, 0.906506, 0.899969, 0.893011, 0.885604, 0.87772, 0.869326, 0.860393, 0.850877, 0.840758, 0.829963, 0.818514, 0.806233, 0.793345, 0.779241, 0.764993, 0.748285, 0.733543, 0.711848, 0.700423, 0.704154, 0.702838, 0.70324, 0.703118, 0.703154, 0.703143, 0.703147, 0.703146, 0.703146, 0.703146, 0.703146, 0.703146, 0.703146, 0.703146, 0.703146, 0.703146, 0.703146, 0.703146, 0.703146, 0.703146, 0.703146, 0.703146, 0.703146, 0.703146, 0.703146, 0.703145, 0.703147, 0.703147, 
1, 1, 0.999998, 0.999968, 0.999918, 0.999845, 0.999748, 0.999626, 0.999476, 0.999298, 0.999088, 0.998846, 0.998569, 0.998255, 0.9979, 0.997504, 0.997063, 0.996574, 0.996034, 0.995439, 0.994787, 0.994073, 0.993293, 0.992444, 0.99152, 0.990517, 0.98943, 0.988253, 0.986979, 0.985605, 0.984119, 0.982526, 0.980841, 0.979048, 0.977144, 0.97512, 0.972968, 0.970681, 0.96825, 0.965664, 0.962915, 0.959991, 0.956882, 0.953574, 0.950056, 0.946313, 0.942331, 0.938095, 0.933587, 0.928791, 0.923686, 0.918254, 0.912474, 0.906321, 0.899773, 0.892803, 0.885384, 0.877488, 0.869081, 0.860134, 0.850605, 0.840471, 0.82966, 0.818197, 0.805898, 0.792995, 0.778872, 0.764607, 0.747879, 0.73312, 0.711401, 0.699964, 0.7037, 0.702382, 0.702784, 0.702662, 0.702699, 0.702688, 0.702691, 0.70269, 0.70269, 0.70269, 0.70269, 0.70269, 0.70269, 0.70269, 0.70269, 0.70269, 0.70269, 0.70269, 0.70269, 0.70269, 0.70269, 0.70269, 0.70269, 0.70269, 0.70269, 0.70269, 0.702691, 0.702691, 
1, 1, 0.999998, 0.999968, 0.999917, 0.999844, 0.999747, 0.999625, 0.999475, 0.999296, 0.999086, 0.998843, 0.998565, 0.99825, 0.997895, 0.997498, 0.997055, 0.996565, 0.996024, 0.995428, 0.994774, 0.994058, 0.993277, 0.992426, 0.9915, 0.990495, 0.989405, 0.988225, 0.986949, 0.985572, 0.984082, 0.982487, 0.980798, 0.979002, 0.977093, 0.975065, 0.972909, 0.970618, 0.968181, 0.965591, 0.962836, 0.959907, 0.956791, 0.953477, 0.949952, 0.946202, 0.942213, 0.937968, 0.933452, 0.928647, 0.923534, 0.918092, 0.912302, 0.906139, 0.89958, 0.892599, 0.885168, 0.877259, 0.86884, 0.85988, 0.850337, 0.840189, 0.829363, 0.817884, 0.805569, 0.792649, 0.778509, 0.764228, 0.74748, 0.732705, 0.710962, 0.699513, 0.703254, 0.701933, 0.702336, 0.702214, 0.70225, 0.702239, 0.702243, 0.702242, 0.702242, 0.702242, 0.702242, 0.702242, 0.702242, 0.702242, 0.702242, 0.702242, 0.702242, 0.702242, 0.702242, 0.702242, 0.702242, 0.702242, 0.702242, 0.702242, 0.702242, 0.702242, 0.702243, 0.702243, 
1, 1, 0.999998, 0.999968, 0.999917, 0.999844, 0.999747, 0.999624, 0.999473, 0.999294, 0.999083, 0.99884, 0.998561, 0.998245, 0.99789, 0.997491, 0.997048, 0.996556, 0.996014, 0.995416, 0.994761, 0.994044, 0.993261, 0.992408, 0.99148, 0.990472, 0.98938, 0.988198, 0.986919, 0.98554, 0.984047, 0.982448, 0.980756, 0.978956, 0.977044, 0.975011, 0.972851, 0.970555, 0.968114, 0.965518, 0.962758, 0.959823, 0.956701, 0.953381, 0.949849, 0.946093, 0.942096, 0.937844, 0.93332, 0.928506, 0.923384, 0.917933, 0.912133, 0.90596, 0.89939, 0.892398, 0.884956, 0.877035, 0.868603, 0.85963, 0.850073, 0.839911, 0.82907, 0.817576, 0.805246, 0.79231, 0.778152, 0.763854, 0.747087, 0.732296, 0.710529, 0.699069, 0.702815, 0.701491, 0.701896, 0.701773, 0.70181, 0.701799, 0.701802, 0.701801, 0.701801, 0.701801, 0.701801, 0.701801, 0.701801, 0.701801, 0.701801, 0.701801, 0.701801, 0.701801, 0.701801, 0.701801, 0.701801, 0.701801, 0.701801, 0.701801, 0.701801, 0.701801, 0.701802, 0.701802, 
1, 1, 0.999998, 0.999968, 0.999917, 0.999844, 0.999746, 0.999623, 0.999472, 0.999292, 0.999081, 0.998837, 0.998558, 0.998241, 0.997884, 0.997485, 0.997041, 0.996548, 0.996004, 0.995405, 0.994748, 0.99403, 0.993245, 0.99239, 0.99146, 0.99045, 0.989356, 0.988171, 0.986889, 0.985507, 0.984012, 0.98241, 0.980714, 0.978911, 0.976995, 0.974958, 0.972794, 0.970493, 0.968047, 0.965447, 0.962681, 0.95974, 0.956613, 0.953287, 0.949748, 0.945985, 0.941981, 0.937721, 0.933189, 0.928367, 0.923236, 0.917776, 0.911966, 0.905783, 0.899203, 0.8922, 0.884746, 0.876814, 0.868369, 0.859383, 0.849813, 0.839637, 0.828782, 0.817273, 0.804927, 0.791975, 0.777801, 0.763487, 0.7467, 0.731894, 0.710104, 0.698633, 0.702383, 0.701057, 0.701463, 0.701339, 0.701376, 0.701365, 0.701368, 0.701367, 0.701368, 0.701368, 0.701368, 0.701368, 0.701368, 0.701368, 0.701368, 0.701368, 0.701368, 0.701368, 0.701368, 0.701368, 0.701368, 0.701368, 0.701368, 0.701367, 0.701368, 0.701367, 0.701368, 0.701368, 
1, 1, 0.999998, 0.999968, 0.999917, 0.999843, 0.999745, 0.999622, 0.999471, 0.99929, 0.999079, 0.998834, 0.998554, 0.998237, 0.997879, 0.997479, 0.997033, 0.99654, 0.995994, 0.995394, 0.994736, 0.994016, 0.993229, 0.992372, 0.99144, 0.990429, 0.989332, 0.988145, 0.98686, 0.985476, 0.983977, 0.982372, 0.980673, 0.978866, 0.976946, 0.974906, 0.972738, 0.970432, 0.967982, 0.965376, 0.962606, 0.959659, 0.956526, 0.953193, 0.949649, 0.945878, 0.941867, 0.9376, 0.93306, 0.92823, 0.92309, 0.917622, 0.911802, 0.905609, 0.899019, 0.892005, 0.88454, 0.876596, 0.868139, 0.859141, 0.849558, 0.839368, 0.828499, 0.816975, 0.804614, 0.791647, 0.777456, 0.763125, 0.74632, 0.731499, 0.709686, 0.698203, 0.701958, 0.70063, 0.701037, 0.700913, 0.70095, 0.700939, 0.700942, 0.700941, 0.700941, 0.700941, 0.700941, 0.700941, 0.700941, 0.700941, 0.700941, 0.700941, 0.700941, 0.700941, 0.700941, 0.700941, 0.700941, 0.700941, 0.700941, 0.700941, 0.700941, 0.700941, 0.700942, 0.700942, 
1, 1, 0.999998, 0.999967, 0.999917, 0.999843, 0.999745, 0.999621, 0.999469, 0.999288, 0.999076, 0.998831, 0.998551, 0.998232, 0.997874, 0.997473, 0.997026, 0.996531, 0.995985, 0.995384, 0.994724, 0.994002, 0.993214, 0.992355, 0.991421, 0.990407, 0.989308, 0.988119, 0.986832, 0.985444, 0.983943, 0.982335, 0.980632, 0.978822, 0.976899, 0.974855, 0.972682, 0.970373, 0.967917, 0.965307, 0.962531, 0.959579, 0.95644, 0.953102, 0.949551, 0.945774, 0.941756, 0.937481, 0.932934, 0.928095, 0.922947, 0.91747, 0.911641, 0.905438, 0.898838, 0.891813, 0.884338, 0.876382, 0.867913, 0.858902, 0.849306, 0.839103, 0.82822, 0.816682, 0.804306, 0.791323, 0.777116, 0.76277, 0.745946, 0.73111, 0.709275, 0.697781, 0.70154, 0.700209, 0.700617, 0.700493, 0.70053, 0.700519, 0.700523, 0.700522, 0.700522, 0.700522, 0.700522, 0.700522, 0.700522, 0.700522, 0.700522, 0.700522, 0.700522, 0.700522, 0.700522, 0.700522, 0.700522, 0.700522, 0.700522, 0.700522, 0.700522, 0.700521, 0.700523, 0.700523, 
1, 1, 0.999998, 0.999967, 0.999916, 0.999842, 0.999744, 0.99962, 0.999468, 0.999287, 0.999074, 0.998828, 0.998547, 0.998228, 0.997869, 0.997467, 0.997019, 0.996523, 0.995976, 0.995373, 0.994712, 0.993988, 0.993198, 0.992338, 0.991402, 0.990386, 0.989285, 0.988093, 0.986804, 0.985414, 0.983909, 0.982298, 0.980593, 0.978779, 0.976852, 0.974804, 0.972627, 0.970314, 0.967854, 0.965238, 0.962458, 0.959501, 0.956356, 0.953012, 0.949454, 0.945671, 0.941646, 0.937364, 0.932809, 0.927963, 0.922806, 0.91732, 0.911482, 0.90527, 0.898659, 0.891625, 0.884138, 0.876171, 0.867691, 0.858668, 0.849059, 0.838842, 0.827946, 0.816393, 0.804002, 0.791005, 0.776782, 0.76242, 0.745578, 0.730728, 0.70887, 0.697365, 0.701129, 0.699796, 0.700205, 0.700081, 0.700118, 0.700107, 0.70011, 0.700109, 0.700109, 0.700109, 0.700109, 0.700109, 0.700109, 0.700109, 0.700109, 0.700109, 0.700109, 0.700109, 0.700109, 0.700109, 0.700109, 0.700109, 0.700109, 0.700109, 0.70011, 0.700109, 0.70011, 0.70011, 
1, 1, 0.999998, 0.999967, 0.999916, 0.999842, 0.999743, 0.999619, 0.999467, 0.999285, 0.999072, 0.998826, 0.998544, 0.998224, 0.997864, 0.997461, 0.997012, 0.996515, 0.995966, 0.995362, 0.9947, 0.993975, 0.993183, 0.992321, 0.991383, 0.990365, 0.989262, 0.988068, 0.986776, 0.985383, 0.983876, 0.982262, 0.980553, 0.978737, 0.976806, 0.974754, 0.972574, 0.970255, 0.967791, 0.965171, 0.962385, 0.959423, 0.956273, 0.952923, 0.949359, 0.945569, 0.941538, 0.937249, 0.932686, 0.927832, 0.922668, 0.917173, 0.911326, 0.905104, 0.898484, 0.891439, 0.883942, 0.875964, 0.867472, 0.858437, 0.848815, 0.838586, 0.827676, 0.81611, 0.803704, 0.790692, 0.776453, 0.762076, 0.745216, 0.730352, 0.708472, 0.696957, 0.700725, 0.69939, 0.6998, 0.699675, 0.699712, 0.699701, 0.699705, 0.699704, 0.699704, 0.699704, 0.699704, 0.699704, 0.699704, 0.699704, 0.699704, 0.699704, 0.699704, 0.699704, 0.699704, 0.699704, 0.699704, 0.699704, 0.699704, 0.699704, 0.699704, 0.699703, 0.699705, 0.699705, 
1, 1, 0.999998, 0.999967, 0.999916, 0.999842, 0.999743, 0.999618, 0.999465, 0.999283, 0.99907, 0.998823, 0.99854, 0.99822, 0.997859, 0.997455, 0.997006, 0.996507, 0.995957, 0.995352, 0.994688, 0.993962, 0.993168, 0.992304, 0.991365, 0.990345, 0.989239, 0.988043, 0.986749, 0.985354, 0.983844, 0.982227, 0.980515, 0.978695, 0.976761, 0.974705, 0.972521, 0.970198, 0.96773, 0.965105, 0.962314, 0.959347, 0.956191, 0.952835, 0.949266, 0.945469, 0.941431, 0.937135, 0.932565, 0.927703, 0.922531, 0.917028, 0.911172, 0.904941, 0.898311, 0.891256, 0.883749, 0.87576, 0.867256, 0.858209, 0.848576, 0.838334, 0.82741, 0.81583, 0.803411, 0.790384, 0.776129, 0.761738, 0.744861, 0.729982, 0.708081, 0.696555, 0.700328, 0.69899, 0.699401, 0.699276, 0.699314, 0.699302, 0.699306, 0.699305, 0.699305, 0.699305, 0.699305, 0.699305, 0.699305, 0.699305, 0.699305, 0.699305, 0.699305, 0.699305, 0.699305, 0.699305, 0.699305, 0.699305, 0.699305, 0.699305, 0.699305, 0.699305, 0.699306, 0.699306, 
1, 1, 0.999998, 0.999967, 0.999916, 0.999841, 0.999742, 0.999617, 0.999464, 0.999282, 0.999068, 0.99882, 0.998537, 0.998216, 0.997854, 0.997449, 0.996999, 0.9965, 0.995948, 0.995342, 0.994677, 0.993949, 0.993154, 0.992288, 0.991347, 0.990325, 0.989217, 0.988019, 0.986722, 0.985324, 0.983812, 0.982192, 0.980477, 0.978653, 0.976716, 0.974657, 0.972468, 0.970142, 0.967669, 0.96504, 0.962244, 0.959272, 0.956111, 0.952749, 0.949174, 0.945371, 0.941326, 0.937023, 0.932446, 0.927577, 0.922396, 0.916885, 0.91102, 0.904781, 0.898141, 0.891077, 0.883559, 0.875559, 0.867044, 0.857986, 0.84834, 0.838085, 0.827149, 0.815556, 0.803122, 0.790081, 0.775811, 0.761405, 0.744511, 0.729618, 0.707696, 0.696161, 0.699937, 0.698598, 0.69901, 0.698884, 0.698921, 0.69891, 0.698914, 0.698912, 0.698913, 0.698913, 0.698913, 0.698913, 0.698913, 0.698913, 0.698913, 0.698913, 0.698913, 0.698913, 0.698913, 0.698913, 0.698913, 0.698913, 0.698913, 0.698913, 0.698913, 0.698912, 0.698913, 0.698913, 
1, 1, 0.999998, 0.999967, 0.999916, 0.999841, 0.999742, 0.999616, 0.999463, 0.99928, 0.999065, 0.998817, 0.998534, 0.998212, 0.997849, 0.997444, 0.996992, 0.996492, 0.99594, 0.995332, 0.994665, 0.993936, 0.993139, 0.992272, 0.991329, 0.990305, 0.989195, 0.987994, 0.986696, 0.985295, 0.98378, 0.982157, 0.980439, 0.978613, 0.976672, 0.974609, 0.972417, 0.970087, 0.967609, 0.964976, 0.962175, 0.959198, 0.956032, 0.952664, 0.949083, 0.945274, 0.941223, 0.936913, 0.932329, 0.927452, 0.922264, 0.916744, 0.910871, 0.904623, 0.897974, 0.8909, 0.883371, 0.875361, 0.866836, 0.857766, 0.848108, 0.837841, 0.826892, 0.815286, 0.802838, 0.789783, 0.775498, 0.761078, 0.744166, 0.72926, 0.707318, 0.695772, 0.699553, 0.698211, 0.698624, 0.698498, 0.698536, 0.698524, 0.698528, 0.698527, 0.698527, 0.698527, 0.698527, 0.698527, 0.698527, 0.698527, 0.698527, 0.698527, 0.698527, 0.698527, 0.698527, 0.698527, 0.698527, 0.698527, 0.698527, 0.698527, 0.698527, 0.698527, 0.698528, 0.698528, 
1, 1, 0.999998, 0.999967, 0.999915, 0.99984, 0.999741, 0.999615, 0.999462, 0.999278, 0.999063, 0.998815, 0.99853, 0.998208, 0.997845, 0.997438, 0.996986, 0.996484, 0.995931, 0.995322, 0.994654, 0.993923, 0.993125, 0.992256, 0.991311, 0.990285, 0.989174, 0.987971, 0.986669, 0.985267, 0.983749, 0.982123, 0.980403, 0.978573, 0.976629, 0.974562, 0.972366, 0.970032, 0.967551, 0.964912, 0.962108, 0.959125, 0.955954, 0.952581, 0.948994, 0.945179, 0.941121, 0.936805, 0.932214, 0.92733, 0.922134, 0.916606, 0.910725, 0.904467, 0.89781, 0.890726, 0.883187, 0.875167, 0.86663, 0.857549, 0.84788, 0.837601, 0.826639, 0.81502, 0.802559, 0.78949, 0.77519, 0.760756, 0.743828, 0.728909, 0.706946, 0.69539, 0.699175, 0.697831, 0.698245, 0.698118, 0.698157, 0.698145, 0.698149, 0.698148, 0.698148, 0.698148, 0.698148, 0.698148, 0.698148, 0.698148, 0.698148, 0.698148, 0.698148, 0.698148, 0.698148, 0.698148, 0.698148, 0.698148, 0.698148, 0.698148, 0.698148, 0.698147, 0.698149, 0.698149, 
1, 1, 0.999998, 0.999967, 0.999915, 0.99984, 0.99974, 0.999614, 0.99946, 0.999277, 0.999061, 0.998812, 0.998527, 0.998204, 0.99784, 0.997433, 0.996979, 0.996477, 0.995922, 0.995312, 0.994643, 0.993911, 0.993111, 0.99224, 0.991294, 0.990266, 0.989152, 0.987947, 0.986644, 0.985239, 0.983718, 0.98209, 0.980366, 0.978533, 0.976586, 0.974516, 0.972316, 0.969978, 0.967493, 0.96485, 0.962041, 0.959053, 0.955877, 0.952499, 0.948906, 0.945085, 0.941021, 0.936699, 0.932101, 0.927209, 0.922006, 0.91647, 0.91058, 0.904314, 0.897648, 0.890554, 0.883006, 0.874975, 0.866429, 0.857336, 0.847656, 0.837365, 0.82639, 0.814759, 0.802284, 0.789202, 0.774888, 0.76044, 0.743495, 0.728563, 0.70658, 0.695015, 0.698804, 0.697458, 0.697873, 0.697745, 0.697784, 0.697772, 0.697776, 0.697775, 0.697775, 0.697775, 0.697775, 0.697775, 0.697775, 0.697775, 0.697775, 0.697775, 0.697775, 0.697775, 0.697775, 0.697775, 0.697775, 0.697775, 0.697775, 0.697775, 0.697775, 0.697775, 0.697776, 0.697776, 
1, 1, 0.999998, 0.999967, 0.999915, 0.99984, 0.99974, 0.999613, 0.999459, 0.999275, 0.999059, 0.99881, 0.998524, 0.9982, 0.997835, 0.997427, 0.996973, 0.99647, 0.995914, 0.995303, 0.994632, 0.993898, 0.993097, 0.992225, 0.991277, 0.990247, 0.989131, 0.987924, 0.986619, 0.985211, 0.983688, 0.982057, 0.980331, 0.978495, 0.976544, 0.974471, 0.972267, 0.969925, 0.967436, 0.964789, 0.961975, 0.958983, 0.955801, 0.952418, 0.94882, 0.944993, 0.940923, 0.936594, 0.931989, 0.92709, 0.92188, 0.916336, 0.910438, 0.904164, 0.897488, 0.890386, 0.882828, 0.874787, 0.86623, 0.857127, 0.847435, 0.837132, 0.826146, 0.814501, 0.802014, 0.788919, 0.77459, 0.760128, 0.743168, 0.728223, 0.706221, 0.694646, 0.698439, 0.697091, 0.697506, 0.697379, 0.697417, 0.697406, 0.697409, 0.697408, 0.697408, 0.697408, 0.697408, 0.697408, 0.697408, 0.697408, 0.697408, 0.697408, 0.697408, 0.697408, 0.697408, 0.697408, 0.697408, 0.697408, 0.697408, 0.697408, 0.697409, 0.697408, 0.697409, 0.697409, 
1, 1, 0.999998, 0.999967, 0.999915, 0.999839, 0.999739, 0.999613, 0.999458, 0.999273, 0.999057, 0.998807, 0.998521, 0.998196, 0.997831, 0.997422, 0.996967, 0.996462, 0.995906, 0.995293, 0.994621, 0.993886, 0.993084, 0.99221, 0.99126, 0.990229, 0.989111, 0.987902, 0.986594, 0.985184, 0.983658, 0.982025, 0.980295, 0.978456, 0.976502, 0.974426, 0.972219, 0.969873, 0.96738, 0.964729, 0.96191, 0.958913, 0.955727, 0.952338, 0.948735, 0.944902, 0.940826, 0.936491, 0.931879, 0.926974, 0.921755, 0.916204, 0.910299, 0.904016, 0.897331, 0.89022, 0.882653, 0.874602, 0.866034, 0.856921, 0.847218, 0.836904, 0.825905, 0.814249, 0.801748, 0.78864, 0.774297, 0.759822, 0.742846, 0.727888, 0.705867, 0.694283, 0.69808, 0.696729, 0.697146, 0.697018, 0.697057, 0.697045, 0.697049, 0.697048, 0.697048, 0.697048, 0.697048, 0.697048, 0.697048, 0.697048, 0.697048, 0.697048, 0.697048, 0.697048, 0.697048, 0.697048, 0.697048, 0.697048, 0.697048, 0.697048, 0.697048, 0.697048, 0.697049, 0.697049, 
1, 1, 0.999998, 0.999967, 0.999915, 0.999839, 0.999739, 0.999612, 0.999457, 0.999272, 0.999055, 0.998804, 0.998518, 0.998192, 0.997826, 0.997417, 0.996961, 0.996455, 0.995898, 0.995284, 0.994611, 0.993874, 0.993071, 0.992195, 0.991243, 0.99021, 0.989091, 0.987879, 0.986569, 0.985157, 0.983629, 0.981993, 0.980261, 0.978419, 0.976462, 0.974382, 0.972172, 0.969822, 0.967324, 0.964669, 0.961846, 0.958845, 0.955654, 0.95226, 0.948651, 0.944813, 0.940731, 0.936389, 0.931771, 0.926859, 0.921633, 0.916075, 0.910161, 0.90387, 0.897177, 0.890057, 0.88248, 0.87442, 0.865842, 0.856718, 0.847004, 0.836679, 0.825669, 0.814, 0.801487, 0.788366, 0.774009, 0.759521, 0.742529, 0.727559, 0.70552, 0.693926, 0.697727, 0.696374, 0.696792, 0.696664, 0.696702, 0.696691, 0.696694, 0.696693, 0.696694, 0.696693, 0.696693, 0.696693, 0.696693, 0.696693, 0.696693, 0.696693, 0.696693, 0.696693, 0.696693, 0.696693, 0.696693, 0.696693, 0.696693, 0.696693, 0.696694, 0.696693, 0.696694, 0.696694, 
1, 1, 0.999998, 0.999967, 0.999914, 0.999839, 0.999738, 0.999611, 0.999456, 0.99927, 0.999053, 0.998802, 0.998515, 0.998189, 0.997822, 0.997412, 0.996955, 0.996448, 0.99589, 0.995275, 0.9946, 0.993863, 0.993057, 0.99218, 0.991227, 0.990192, 0.989071, 0.987857, 0.986545, 0.985131, 0.9836, 0.981962, 0.980227, 0.978382, 0.976422, 0.974339, 0.972125, 0.969772, 0.96727, 0.964611, 0.961784, 0.958778, 0.955582, 0.952183, 0.948569, 0.944725, 0.940637, 0.936289, 0.931665, 0.926746, 0.921513, 0.915947, 0.910026, 0.903727, 0.897025, 0.889896, 0.88231, 0.874241, 0.865653, 0.856518, 0.846794, 0.836457, 0.825436, 0.813755, 0.801229, 0.788096, 0.773726, 0.759225, 0.742218, 0.727236, 0.705178, 0.693575, 0.69738, 0.696025, 0.696444, 0.696315, 0.696354, 0.696342, 0.696346, 0.696345, 0.696345, 0.696345, 0.696345, 0.696345, 0.696345, 0.696345, 0.696345, 0.696345, 0.696345, 0.696345, 0.696345, 0.696345, 0.696345, 0.696345, 0.696345, 0.696345, 0.696345, 0.696345, 0.696346, 0.696346, 
1, 1, 0.999998, 0.999967, 0.999914, 0.999838, 0.999738, 0.99961, 0.999455, 0.999269, 0.999051, 0.9988, 0.998512, 0.998185, 0.997818, 0.997406, 0.996949, 0.996442, 0.995882, 0.995266, 0.99459, 0.993851, 0.993045, 0.992166, 0.991211, 0.990174, 0.989051, 0.987836, 0.986521, 0.985105, 0.983572, 0.981931, 0.980193, 0.978345, 0.976382, 0.974296, 0.972079, 0.969722, 0.967217, 0.964553, 0.961722, 0.958712, 0.955511, 0.952107, 0.948487, 0.944638, 0.940545, 0.936191, 0.93156, 0.926634, 0.921395, 0.915822, 0.909893, 0.903586, 0.896876, 0.889738, 0.882144, 0.874064, 0.865467, 0.856322, 0.846587, 0.83624, 0.825207, 0.813515, 0.800977, 0.787831, 0.773448, 0.758934, 0.741912, 0.726918, 0.704842, 0.69323, 0.697038, 0.695682, 0.696101, 0.695972, 0.696011, 0.696, 0.696003, 0.696002, 0.696002, 0.696002, 0.696002, 0.696002, 0.696002, 0.696002, 0.696002, 0.696002, 0.696002, 0.696002, 0.696002, 0.696002, 0.696002, 0.696002, 0.696002, 0.696002, 0.696003, 0.696002, 0.696003, 0.696003, 
1, 1, 0.999998, 0.999966, 0.999914, 0.999838, 0.999737, 0.999609, 0.999454, 0.999267, 0.999049, 0.998797, 0.998509, 0.998182, 0.997813, 0.997401, 0.996943, 0.996435, 0.995874, 0.995257, 0.99458, 0.99384, 0.993032, 0.992152, 0.991195, 0.990157, 0.989032, 0.987815, 0.986498, 0.985079, 0.983544, 0.9819, 0.98016, 0.97831, 0.976343, 0.974254, 0.972033, 0.969673, 0.967164, 0.964497, 0.961661, 0.958646, 0.955441, 0.952032, 0.948408, 0.944553, 0.940454, 0.936094, 0.931457, 0.926525, 0.921278, 0.915698, 0.909762, 0.903447, 0.896729, 0.889583, 0.881979, 0.873891, 0.865284, 0.856129, 0.846384, 0.836026, 0.824982, 0.813278, 0.800728, 0.78757, 0.773174, 0.758648, 0.741611, 0.726605, 0.704511, 0.692891, 0.696703, 0.695345, 0.695765, 0.695635, 0.695675, 0.695663, 0.695666, 0.695665, 0.695666, 0.695666, 0.695666, 0.695666, 0.695666, 0.695666, 0.695666, 0.695666, 0.695666, 0.695666, 0.695666, 0.695666, 0.695666, 0.695666, 0.695666, 0.695665, 0.695666, 0.695665, 0.695666, 0.695666, 
1, 1, 0.999998, 0.999966, 0.999914, 0.999838, 0.999736, 0.999609, 0.999452, 0.999266, 0.999048, 0.998795, 0.998506, 0.998178, 0.997809, 0.997396, 0.996937, 0.996428, 0.995866, 0.995248, 0.99457, 0.993829, 0.993019, 0.992138, 0.99118, 0.99014, 0.989013, 0.987794, 0.986475, 0.985054, 0.983516, 0.98187, 0.980128, 0.978274, 0.976305, 0.974213, 0.971989, 0.969625, 0.967112, 0.964441, 0.961601, 0.958582, 0.955372, 0.951959, 0.948329, 0.944469, 0.940364, 0.935999, 0.931355, 0.926417, 0.921164, 0.915577, 0.909633, 0.903311, 0.896585, 0.88943, 0.881818, 0.87372, 0.865104, 0.85594, 0.846184, 0.835815, 0.82476, 0.813045, 0.800483, 0.787314, 0.772905, 0.758366, 0.741315, 0.726298, 0.704186, 0.692557, 0.696373, 0.695013, 0.695434, 0.695304, 0.695344, 0.695332, 0.695335, 0.695334, 0.695335, 0.695334, 0.695334, 0.695334, 0.695334, 0.695334, 0.695334, 0.695334, 0.695334, 0.695334, 0.695334, 0.695334, 0.695334, 0.695334, 0.695335, 0.695334, 0.695335, 0.695334, 0.695335, 0.695335, 
1, 1, 0.999998, 0.999966, 0.999914, 0.999837, 0.999736, 0.999608, 0.999451, 0.999265, 0.999046, 0.998793, 0.998503, 0.998175, 0.997805, 0.997392, 0.996931, 0.996422, 0.995859, 0.99524, 0.99456, 0.993818, 0.993007, 0.992124, 0.991164, 0.990123, 0.988994, 0.987773, 0.986452, 0.985029, 0.983489, 0.981841, 0.980095, 0.978239, 0.976268, 0.974172, 0.971945, 0.969577, 0.967061, 0.964386, 0.961542, 0.958519, 0.955305, 0.951886, 0.948252, 0.944387, 0.940276, 0.935905, 0.931256, 0.926311, 0.921051, 0.915457, 0.909506, 0.903176, 0.896443, 0.889279, 0.881659, 0.873552, 0.864927, 0.855753, 0.845987, 0.835608, 0.824542, 0.812816, 0.800243, 0.787062, 0.77264, 0.75809, 0.741025, 0.725996, 0.703867, 0.69223, 0.696049, 0.694687, 0.695109, 0.694979, 0.695018, 0.695006, 0.69501, 0.695009, 0.695009, 0.695009, 0.695009, 0.695009, 0.695009, 0.695009, 0.695009, 0.695009, 0.695009, 0.695009, 0.695009, 0.695009, 0.695009, 0.695009, 0.695009, 0.695009, 0.695009, 0.695009, 0.69501, 0.69501, 
1, 1, 0.999998, 0.999966, 0.999914, 0.999837, 0.999735, 0.999607, 0.99945, 0.999263, 0.999044, 0.99879, 0.9985, 0.998171, 0.997801, 0.997387, 0.996926, 0.996415, 0.995851, 0.995231, 0.994551, 0.993807, 0.992995, 0.99211, 0.991149, 0.990106, 0.988975, 0.987753, 0.98643, 0.985005, 0.983463, 0.981812, 0.980064, 0.978205, 0.97623, 0.974132, 0.971901, 0.969531, 0.967011, 0.964332, 0.961485, 0.958457, 0.955238, 0.951815, 0.948176, 0.944306, 0.94019, 0.935813, 0.931158, 0.926207, 0.920941, 0.915339, 0.909382, 0.903044, 0.896303, 0.889132, 0.881503, 0.873387, 0.864753, 0.855569, 0.845794, 0.835405, 0.824328, 0.812591, 0.800007, 0.786814, 0.77238, 0.757818, 0.740739, 0.725699, 0.703553, 0.691907, 0.69573, 0.694366, 0.694789, 0.694659, 0.694698, 0.694686, 0.69469, 0.694689, 0.694689, 0.694689, 0.694689, 0.694689, 0.694689, 0.694689, 0.694689, 0.694689, 0.694689, 0.694689, 0.694689, 0.694689, 0.694689, 0.694689, 0.694689, 0.694689, 0.694689, 0.694689, 0.69469, 0.69469, 
1, 1, 0.999998, 0.999966, 0.999913, 0.999837, 0.999735, 0.999606, 0.999449, 0.999262, 0.999042, 0.998788, 0.998497, 0.998168, 0.997797, 0.997382, 0.99692, 0.996409, 0.995844, 0.995223, 0.994541, 0.993796, 0.992983, 0.992097, 0.991134, 0.99009, 0.988957, 0.987733, 0.986408, 0.984981, 0.983437, 0.981783, 0.980033, 0.978172, 0.976194, 0.974092, 0.971859, 0.969485, 0.966962, 0.964279, 0.961428, 0.958396, 0.955173, 0.951745, 0.948101, 0.944226, 0.940105, 0.935722, 0.931061, 0.926104, 0.920832, 0.915224, 0.909259, 0.902914, 0.896165, 0.888986, 0.881349, 0.873225, 0.864581, 0.855389, 0.845603, 0.835204, 0.824118, 0.81237, 0.799774, 0.78657, 0.772124, 0.75755, 0.740457, 0.725406, 0.703244, 0.691591, 0.695417, 0.694051, 0.694475, 0.694344, 0.694384, 0.694372, 0.694375, 0.694374, 0.694374, 0.694374, 0.694374, 0.694374, 0.694374, 0.694374, 0.694374, 0.694374, 0.694374, 0.694374, 0.694374, 0.694374, 0.694374, 0.694374, 0.694374, 0.694374, 0.694375, 0.694374, 0.694375, 0.694375, 
1, 1, 0.999998, 0.999966, 0.999913, 0.999836, 0.999734, 0.999606, 0.999448, 0.99926, 0.99904, 0.998786, 0.998495, 0.998165, 0.997793, 0.997378, 0.996915, 0.996402, 0.995837, 0.995215, 0.994532, 0.993786, 0.992971, 0.992084, 0.99112, 0.990073, 0.988939, 0.987713, 0.986387, 0.984957, 0.983411, 0.981755, 0.980002, 0.978139, 0.976158, 0.974054, 0.971817, 0.96944, 0.966913, 0.964227, 0.961371, 0.958336, 0.955108, 0.951676, 0.948027, 0.944147, 0.940021, 0.935633, 0.930966, 0.926003, 0.920724, 0.91511, 0.909138, 0.902786, 0.89603, 0.888843, 0.881198, 0.873065, 0.864413, 0.855211, 0.845416, 0.835008, 0.823911, 0.812152, 0.799546, 0.78633, 0.771872, 0.757287, 0.740181, 0.725119, 0.702941, 0.691279, 0.695108, 0.693742, 0.694166, 0.694035, 0.694074, 0.694062, 0.694066, 0.694065, 0.694065, 0.694065, 0.694065, 0.694065, 0.694065, 0.694065, 0.694065, 0.694065, 0.694065, 0.694065, 0.694065, 0.694065, 0.694065, 0.694065, 0.694065, 0.694065, 0.694065, 0.694065, 0.694066, 0.694066, 
1, 1, 0.999998, 0.999966, 0.999913, 0.999836, 0.999734, 0.999605, 0.999447, 0.999259, 0.999039, 0.998784, 0.998492, 0.998161, 0.997789, 0.997373, 0.99691, 0.996396, 0.99583, 0.995206, 0.994523, 0.993775, 0.992959, 0.992071, 0.991105, 0.990057, 0.988922, 0.987694, 0.986365, 0.984934, 0.983385, 0.981728, 0.979972, 0.978106, 0.976123, 0.974015, 0.971776, 0.969395, 0.966865, 0.964176, 0.961316, 0.958277, 0.955045, 0.951609, 0.947955, 0.94407, 0.939938, 0.935545, 0.930873, 0.925904, 0.920619, 0.914998, 0.90902, 0.902661, 0.895897, 0.888702, 0.881049, 0.872908, 0.864247, 0.855036, 0.845232, 0.834814, 0.823707, 0.811938, 0.799321, 0.786095, 0.771625, 0.757029, 0.739909, 0.724837, 0.702643, 0.690973, 0.694806, 0.693437, 0.693862, 0.69373, 0.69377, 0.693758, 0.693762, 0.693761, 0.693761, 0.693761, 0.693761, 0.693761, 0.693761, 0.693761, 0.693761, 0.693761, 0.693761, 0.693761, 0.693761, 0.693761, 0.693761, 0.693761, 0.693761, 0.693761, 0.693761, 0.693761, 0.693762, 0.693762, 
1, 1, 0.999998, 0.999966, 0.999913, 0.999836, 0.999733, 0.999604, 0.999446, 0.999258, 0.999037, 0.998782, 0.998489, 0.998158, 0.997786, 0.997368, 0.996904, 0.99639, 0.995823, 0.995199, 0.994514, 0.993765, 0.992948, 0.992058, 0.991091, 0.990042, 0.988904, 0.987675, 0.986344, 0.984911, 0.98336, 0.981701, 0.979943, 0.978074, 0.976088, 0.973978, 0.971735, 0.969352, 0.966818, 0.964125, 0.961262, 0.958218, 0.954982, 0.951542, 0.947884, 0.943994, 0.939857, 0.935459, 0.930781, 0.925806, 0.920515, 0.914888, 0.908903, 0.902537, 0.895766, 0.888564, 0.880903, 0.872754, 0.864084, 0.854865, 0.845052, 0.834624, 0.823507, 0.811728, 0.7991, 0.785863, 0.771381, 0.756774, 0.739642, 0.72456, 0.702349, 0.690672, 0.694508, 0.693138, 0.693563, 0.693432, 0.693472, 0.69346, 0.693463, 0.693462, 0.693462, 0.693462, 0.693462, 0.693462, 0.693462, 0.693462, 0.693462, 0.693462, 0.693462, 0.693462, 0.693462, 0.693462, 0.693462, 0.693462, 0.693462, 0.693462, 0.693463, 0.693462, 0.693463, 0.693463, 
1, 1, 0.999998, 0.999966, 0.999913, 0.999836, 0.999733, 0.999604, 0.999445, 0.999257, 0.999035, 0.998779, 0.998487, 0.998155, 0.997782, 0.997364, 0.996899, 0.996384, 0.995816, 0.995191, 0.994505, 0.993755, 0.992937, 0.992046, 0.991077, 0.990026, 0.988887, 0.987656, 0.986324, 0.984888, 0.983336, 0.981674, 0.979914, 0.978042, 0.976054, 0.973941, 0.971695, 0.969309, 0.966772, 0.964075, 0.961209, 0.958161, 0.954921, 0.951476, 0.947814, 0.943919, 0.939778, 0.935374, 0.93069, 0.92571, 0.920413, 0.91478, 0.908788, 0.902415, 0.895637, 0.888428, 0.880759, 0.872602, 0.863924, 0.854696, 0.844874, 0.834436, 0.82331, 0.811521, 0.798882, 0.785635, 0.771142, 0.756524, 0.739379, 0.724287, 0.702061, 0.690377, 0.694215, 0.692843, 0.69327, 0.693138, 0.693178, 0.693166, 0.69317, 0.693168, 0.693169, 0.693169, 0.693169, 0.693169, 0.693169, 0.693169, 0.693169, 0.693169, 0.693169, 0.693169, 0.693169, 0.693169, 0.693169, 0.693169, 0.693169, 0.693169, 0.693169, 0.693168, 0.693169, 0.693169, 
1, 1, 0.999998, 0.999966, 0.999913, 0.999835, 0.999733, 0.999603, 0.999444, 0.999255, 0.999034, 0.998777, 0.998484, 0.998152, 0.997778, 0.99736, 0.996894, 0.996378, 0.995809, 0.995183, 0.994496, 0.993745, 0.992926, 0.992033, 0.991063, 0.990011, 0.988871, 0.987637, 0.986304, 0.984866, 0.983312, 0.981647, 0.979885, 0.978011, 0.97602, 0.973905, 0.971656, 0.969266, 0.966726, 0.964026, 0.961156, 0.958105, 0.954861, 0.951412, 0.947745, 0.943845, 0.939699, 0.93529, 0.930601, 0.925615, 0.920313, 0.914673, 0.908675, 0.902296, 0.895511, 0.888294, 0.880617, 0.872453, 0.863767, 0.85453, 0.844699, 0.834252, 0.823116, 0.811318, 0.798669, 0.785411, 0.770907, 0.756279, 0.739121, 0.724019, 0.701778, 0.690086, 0.693928, 0.692554, 0.692981, 0.692849, 0.692889, 0.692877, 0.692881, 0.69288, 0.69288, 0.69288, 0.69288, 0.69288, 0.69288, 0.69288, 0.69288, 0.69288, 0.69288, 0.69288, 0.69288, 0.69288, 0.69288, 0.69288, 0.69288, 0.69288, 0.69288, 0.69288, 0.69288, 0.69288, 
1, 1, 0.999998, 0.999966, 0.999912, 0.999835, 0.999732, 0.999602, 0.999443, 0.999254, 0.999032, 0.998775, 0.998482, 0.998149, 0.997774, 0.997355, 0.996889, 0.996373, 0.995802, 0.995175, 0.994488, 0.993736, 0.992915, 0.992021, 0.99105, 0.989996, 0.988854, 0.987619, 0.986284, 0.984844, 0.983288, 0.981622, 0.979857, 0.977981, 0.975987, 0.973869, 0.971617, 0.969225, 0.966681, 0.963978, 0.961104, 0.958049, 0.954801, 0.951348, 0.947677, 0.943773, 0.939622, 0.935208, 0.930514, 0.925522, 0.920214, 0.914568, 0.908564, 0.902178, 0.895386, 0.888162, 0.880478, 0.872306, 0.863612, 0.854366, 0.844527, 0.834071, 0.822926, 0.811118, 0.798459, 0.785191, 0.770676, 0.756037, 0.738867, 0.723755, 0.701499, 0.6898, 0.693645, 0.69227, 0.692698, 0.692565, 0.692606, 0.692593, 0.692597, 0.692596, 0.692596, 0.692596, 0.692596, 0.692596, 0.692596, 0.692596, 0.692596, 0.692596, 0.692596, 0.692596, 0.692596, 0.692596, 0.692596, 0.692596, 0.692596, 0.692596, 0.692596, 0.692596, 0.692597, 0.692597, 
1, 1, 0.999998, 0.999966, 0.999912, 0.999835, 0.999732, 0.999601, 0.999442, 0.999253, 0.99903, 0.998773, 0.998479, 0.998146, 0.997771, 0.997351, 0.996884, 0.996367, 0.995796, 0.995168, 0.994479, 0.993726, 0.992904, 0.992009, 0.991037, 0.989981, 0.988838, 0.987601, 0.986264, 0.984823, 0.983264, 0.981596, 0.979829, 0.977951, 0.975955, 0.973834, 0.971579, 0.969184, 0.966637, 0.963931, 0.961053, 0.957995, 0.954743, 0.951286, 0.94761, 0.943702, 0.939546, 0.935127, 0.930428, 0.925431, 0.920117, 0.914465, 0.908455, 0.902062, 0.895264, 0.888033, 0.880341, 0.872161, 0.863459, 0.854206, 0.844358, 0.833893, 0.822739, 0.810921, 0.798252, 0.784975, 0.770449, 0.7558, 0.738618, 0.723496, 0.701226, 0.68952, 0.693367, 0.691991, 0.692419, 0.692286, 0.692327, 0.692314, 0.692318, 0.692317, 0.692317, 0.692317, 0.692317, 0.692317, 0.692317, 0.692317, 0.692317, 0.692317, 0.692317, 0.692317, 0.692317, 0.692317, 0.692317, 0.692317, 0.692317, 0.692317, 0.692317, 0.692317, 0.692318, 0.692318, 
1, 1, 0.999998, 0.999966, 0.999912, 0.999834, 0.999731, 0.999601, 0.999442, 0.999252, 0.999029, 0.998771, 0.998477, 0.998143, 0.997767, 0.997347, 0.996879, 0.996361, 0.995789, 0.995161, 0.994471, 0.993717, 0.992894, 0.991998, 0.991024, 0.989967, 0.988822, 0.987584, 0.986245, 0.984802, 0.983241, 0.981571, 0.979802, 0.977921, 0.975923, 0.973799, 0.971542, 0.969143, 0.966594, 0.963884, 0.961003, 0.957941, 0.954685, 0.951224, 0.947544, 0.943632, 0.939471, 0.935047, 0.930343, 0.925341, 0.920021, 0.914364, 0.908347, 0.901948, 0.895143, 0.887905, 0.880207, 0.872019, 0.86331, 0.854048, 0.844191, 0.833718, 0.822555, 0.810728, 0.798049, 0.784762, 0.770225, 0.755566, 0.738373, 0.723241, 0.700957, 0.689244, 0.693094, 0.691716, 0.692145, 0.692012, 0.692053, 0.69204, 0.692044, 0.692043, 0.692043, 0.692043, 0.692043, 0.692043, 0.692043, 0.692043, 0.692043, 0.692043, 0.692043, 0.692043, 0.692043, 0.692043, 0.692043, 0.692043, 0.692043, 0.692043, 0.692043, 0.692043, 0.692044, 0.692044, 
1, 1, 0.999998, 0.999966, 0.999912, 0.999834, 0.999731, 0.9996, 0.999441, 0.99925, 0.999027, 0.998769, 0.998475, 0.99814, 0.997764, 0.997343, 0.996875, 0.996356, 0.995783, 0.995153, 0.994463, 0.993707, 0.992883, 0.991986, 0.991011, 0.989953, 0.988806, 0.987566, 0.986226, 0.984781, 0.983219, 0.981546, 0.979775, 0.977892, 0.975891, 0.973765, 0.971505, 0.969104, 0.966551, 0.963838, 0.960954, 0.957888, 0.954629, 0.951164, 0.94748, 0.943563, 0.939398, 0.934969, 0.93026, 0.925252, 0.919927, 0.914264, 0.908242, 0.901837, 0.895025, 0.88778, 0.880075, 0.87188, 0.863162, 0.853893, 0.844028, 0.833546, 0.822374, 0.810538, 0.79785, 0.784553, 0.770006, 0.755337, 0.738132, 0.722991, 0.700692, 0.688972, 0.692826, 0.691446, 0.691876, 0.691742, 0.691783, 0.691771, 0.691775, 0.691773, 0.691774, 0.691774, 0.691774, 0.691774, 0.691774, 0.691774, 0.691774, 0.691774, 0.691774, 0.691774, 0.691774, 0.691774, 0.691774, 0.691774, 0.691774, 0.691774, 0.691774, 0.691773, 0.691774, 0.691774, 
1, 1, 0.999998, 0.999966, 0.999912, 0.999834, 0.99973, 0.9996, 0.99944, 0.999249, 0.999026, 0.998768, 0.998472, 0.998137, 0.997761, 0.997339, 0.99687, 0.99635, 0.995777, 0.995146, 0.994455, 0.993698, 0.992873, 0.991975, 0.990998, 0.989939, 0.988791, 0.987549, 0.986207, 0.984761, 0.983196, 0.981522, 0.979749, 0.977863, 0.97586, 0.973731, 0.971469, 0.969065, 0.966509, 0.963793, 0.960906, 0.957836, 0.954573, 0.951104, 0.947416, 0.943495, 0.939326, 0.934892, 0.930178, 0.925165, 0.919835, 0.914166, 0.908138, 0.901727, 0.894908, 0.887657, 0.879944, 0.871742, 0.863017, 0.85374, 0.843867, 0.833377, 0.822196, 0.810351, 0.797653, 0.784347, 0.76979, 0.755112, 0.737895, 0.722745, 0.700432, 0.688706, 0.692562, 0.691181, 0.691611, 0.691478, 0.691518, 0.691506, 0.69151, 0.691509, 0.691509, 0.691509, 0.691509, 0.691509, 0.691509, 0.691509, 0.691509, 0.691509, 0.691509, 0.691509, 0.691509, 0.691509, 0.691509, 0.691509, 0.691509, 0.691509, 0.691509, 0.691509, 0.691509, 0.691509, 
1, 1, 0.999998, 0.999966, 0.999912, 0.999834, 0.99973, 0.999599, 0.999439, 0.999248, 0.999024, 0.998766, 0.99847, 0.998135, 0.997757, 0.997335, 0.996865, 0.996345, 0.995771, 0.995139, 0.994447, 0.993689, 0.992863, 0.991963, 0.990986, 0.989925, 0.988775, 0.987533, 0.986189, 0.98474, 0.983174, 0.981498, 0.979723, 0.977835, 0.97583, 0.973698, 0.971433, 0.969026, 0.966468, 0.963749, 0.960858, 0.957785, 0.954519, 0.951046, 0.947354, 0.943428, 0.939255, 0.934817, 0.930098, 0.92508, 0.919744, 0.91407, 0.908035, 0.901618, 0.894794, 0.887536, 0.879817, 0.871607, 0.862875, 0.85359, 0.843709, 0.833211, 0.822021, 0.810167, 0.797461, 0.784145, 0.769578, 0.75489, 0.737662, 0.722503, 0.700177, 0.688444, 0.692303, 0.69092, 0.691351, 0.691217, 0.691258, 0.691246, 0.69125, 0.691248, 0.691249, 0.691249, 0.691249, 0.691249, 0.691249, 0.691249, 0.691249, 0.691249, 0.691249, 0.691249, 0.691249, 0.691249, 0.691249, 0.691249, 0.691249, 0.691249, 0.691249, 0.691248, 0.691249, 0.691249, 
1, 1, 0.999998, 0.999965, 0.999912, 0.999833, 0.999729, 0.999598, 0.999438, 0.999247, 0.999023, 0.998764, 0.998468, 0.998132, 0.997754, 0.997331, 0.996861, 0.99634, 0.995765, 0.995132, 0.994439, 0.993681, 0.992853, 0.991952, 0.990973, 0.989911, 0.988761, 0.987516, 0.986171, 0.984721, 0.983153, 0.981475, 0.979697, 0.977807, 0.9758, 0.973666, 0.971398, 0.968989, 0.966427, 0.963705, 0.960811, 0.957735, 0.954465, 0.950988, 0.947292, 0.943363, 0.939185, 0.934742, 0.930019, 0.924996, 0.919655, 0.913975, 0.907935, 0.901512, 0.894681, 0.887417, 0.879691, 0.871475, 0.862735, 0.853442, 0.843554, 0.833047, 0.821849, 0.809987, 0.797271, 0.783946, 0.769369, 0.754672, 0.737433, 0.722265, 0.699926, 0.688186, 0.692048, 0.690664, 0.691096, 0.690961, 0.691002, 0.69099, 0.690994, 0.690993, 0.690993, 0.690993, 0.690993, 0.690993, 0.690993, 0.690993, 0.690993, 0.690993, 0.690993, 0.690993, 0.690993, 0.690993, 0.690993, 0.690993, 0.690993, 0.690993, 0.690993, 0.690993, 0.690993, 0.690993, 
1, 1, 0.999998, 0.999965, 0.999911, 0.999833, 0.999729, 0.999598, 0.999437, 0.999246, 0.999021, 0.998762, 0.998465, 0.998129, 0.997751, 0.997327, 0.996856, 0.996335, 0.995759, 0.995126, 0.994431, 0.993672, 0.992844, 0.991942, 0.990961, 0.989898, 0.988746, 0.9875, 0.986153, 0.984701, 0.983132, 0.981451, 0.979672, 0.97778, 0.97577, 0.973634, 0.971364, 0.968952, 0.966387, 0.963662, 0.960765, 0.957686, 0.954412, 0.950932, 0.947232, 0.943298, 0.939116, 0.934669, 0.929941, 0.924913, 0.919567, 0.913882, 0.907836, 0.901407, 0.89457, 0.8873, 0.879567, 0.871344, 0.862597, 0.853297, 0.843401, 0.832887, 0.82168, 0.809809, 0.797085, 0.783751, 0.769164, 0.754458, 0.737208, 0.722032, 0.699679, 0.687933, 0.691798, 0.690412, 0.690844, 0.69071, 0.690751, 0.690738, 0.690742, 0.690741, 0.690742, 0.690741, 0.690741, 0.690741, 0.690741, 0.690741, 0.690741, 0.690741, 0.690741, 0.690741, 0.690741, 0.690741, 0.690741, 0.690741, 0.690741, 0.690741, 0.690742, 0.690741, 0.690742, 0.690742, 
1, 1, 0.999998, 0.999965, 0.999911, 0.999833, 0.999729, 0.999597, 0.999436, 0.999245, 0.99902, 0.99876, 0.998463, 0.998126, 0.997747, 0.997324, 0.996852, 0.996329, 0.995753, 0.995119, 0.994424, 0.993664, 0.992834, 0.991931, 0.990949, 0.989885, 0.988731, 0.987484, 0.986135, 0.984682, 0.983111, 0.981429, 0.979647, 0.977753, 0.975741, 0.973603, 0.97133, 0.968915, 0.966348, 0.96362, 0.96072, 0.957637, 0.95436, 0.950876, 0.947173, 0.943235, 0.939048, 0.934597, 0.929864, 0.924832, 0.91948, 0.91379, 0.907739, 0.901304, 0.894462, 0.887185, 0.879446, 0.871216, 0.862462, 0.853155, 0.843251, 0.832729, 0.821514, 0.809635, 0.796901, 0.783559, 0.768963, 0.754247, 0.736987, 0.721802, 0.699437, 0.687684, 0.691551, 0.690164, 0.690598, 0.690463, 0.690504, 0.690491, 0.690495, 0.690494, 0.690494, 0.690494, 0.690494, 0.690494, 0.690494, 0.690494, 0.690494, 0.690494, 0.690494, 0.690494, 0.690494, 0.690494, 0.690494, 0.690494, 0.690494, 0.690494, 0.690495, 0.690494, 0.690495, 0.690495, 
1, 1, 0.999998, 0.999965, 0.999911, 0.999833, 0.999728, 0.999597, 0.999436, 0.999244, 0.999019, 0.998758, 0.998461, 0.998124, 0.997744, 0.99732, 0.996848, 0.996324, 0.995747, 0.995112, 0.994416, 0.993655, 0.992825, 0.99192, 0.990938, 0.989872, 0.988717, 0.987468, 0.986118, 0.984663, 0.98309, 0.981406, 0.979623, 0.977727, 0.975712, 0.973572, 0.971297, 0.968879, 0.966309, 0.963578, 0.960675, 0.957589, 0.954309, 0.950822, 0.947114, 0.943172, 0.938982, 0.934526, 0.929789, 0.924752, 0.919395, 0.9137, 0.907643, 0.901203, 0.894354, 0.887071, 0.879326, 0.87109, 0.862329, 0.853015, 0.843103, 0.832573, 0.821351, 0.809463, 0.796721, 0.78337, 0.768765, 0.754041, 0.73677, 0.721577, 0.699199, 0.68744, 0.69131, 0.689921, 0.690355, 0.69022, 0.690261, 0.690249, 0.690253, 0.690251, 0.690252, 0.690252, 0.690252, 0.690252, 0.690252, 0.690252, 0.690252, 0.690252, 0.690252, 0.690252, 0.690252, 0.690252, 0.690252, 0.690252, 0.690252, 0.690252, 0.690252, 0.690251, 0.690252, 0.690252, 
1, 1, 0.999998, 0.999965, 0.999911, 0.999832, 0.999728, 0.999596, 0.999435, 0.999243, 0.999017, 0.998757, 0.998459, 0.998121, 0.997741, 0.997316, 0.996843, 0.99632, 0.995742, 0.995106, 0.994409, 0.993647, 0.992815, 0.99191, 0.990926, 0.989859, 0.988703, 0.987453, 0.986101, 0.984645, 0.98307, 0.981384, 0.979599, 0.977701, 0.975684, 0.973541, 0.971264, 0.968844, 0.966271, 0.963537, 0.960631, 0.957542, 0.954259, 0.950768, 0.947057, 0.943111, 0.938916, 0.934457, 0.929715, 0.924673, 0.919312, 0.913611, 0.90755, 0.901104, 0.894249, 0.88696, 0.879208, 0.870966, 0.862198, 0.852877, 0.842958, 0.832421, 0.82119, 0.809295, 0.796544, 0.783184, 0.76857, 0.753837, 0.736556, 0.721355, 0.698964, 0.6872, 0.691072, 0.689682, 0.690116, 0.689981, 0.690023, 0.69001, 0.690014, 0.690013, 0.690013, 0.690013, 0.690013, 0.690013, 0.690013, 0.690013, 0.690013, 0.690013, 0.690013, 0.690013, 0.690013, 0.690013, 0.690013, 0.690013, 0.690013, 0.690013, 0.690013, 0.690013, 0.690013, 0.690013, 
1, 1, 0.999998, 0.999965, 0.999911, 0.999832, 0.999728, 0.999595, 0.999434, 0.999241, 0.999016, 0.998755, 0.998457, 0.998119, 0.997738, 0.997313, 0.996839, 0.996315, 0.995736, 0.9951, 0.994402, 0.993639, 0.992806, 0.9919, 0.990915, 0.989847, 0.988689, 0.987438, 0.986084, 0.984626, 0.98305, 0.981363, 0.979576, 0.977675, 0.975657, 0.973512, 0.971232, 0.968809, 0.966234, 0.963497, 0.960588, 0.957496, 0.954209, 0.950715, 0.947, 0.943051, 0.938852, 0.934388, 0.929642, 0.924595, 0.91923, 0.913524, 0.907457, 0.901006, 0.894146, 0.886851, 0.879093, 0.870844, 0.86207, 0.852741, 0.842815, 0.832271, 0.821032, 0.809129, 0.79637, 0.783002, 0.768379, 0.753637, 0.736346, 0.721137, 0.698734, 0.686963, 0.690838, 0.689447, 0.689882, 0.689747, 0.689788, 0.689776, 0.689779, 0.689778, 0.689779, 0.689778, 0.689779, 0.689779, 0.689779, 0.689779, 0.689779, 0.689779, 0.689779, 0.689779, 0.689779, 0.689779, 0.689779, 0.689779, 0.689779, 0.689778, 0.689779, 0.689778, 0.689779, 0.689779, 
1, 1, 0.999998, 0.999965, 0.999911, 0.999832, 0.999727, 0.999595, 0.999433, 0.99924, 0.999015, 0.998753, 0.998455, 0.998116, 0.997735, 0.997309, 0.996835, 0.99631, 0.995731, 0.995093, 0.994395, 0.993631, 0.992797, 0.99189, 0.990904, 0.989834, 0.988676, 0.987423, 0.986068, 0.984609, 0.983031, 0.981341, 0.979552, 0.97765, 0.97563, 0.973482, 0.9712, 0.968775, 0.966197, 0.963458, 0.960546, 0.957451, 0.95416, 0.950663, 0.946944, 0.942992, 0.938789, 0.934321, 0.92957, 0.924519, 0.919149, 0.913438, 0.907366, 0.90091, 0.894044, 0.886743, 0.878979, 0.870724, 0.861943, 0.852608, 0.842675, 0.832123, 0.820877, 0.808966, 0.796199, 0.782823, 0.768191, 0.753441, 0.73614, 0.720923, 0.698508, 0.686731, 0.690609, 0.689217, 0.689652, 0.689516, 0.689558, 0.689545, 0.689549, 0.689548, 0.689548, 0.689548, 0.689548, 0.689548, 0.689548, 0.689548, 0.689548, 0.689548, 0.689548, 0.689548, 0.689548, 0.689548, 0.689548, 0.689548, 0.689548, 0.689548, 0.689548, 0.689548, 0.689549, 0.689549, 
1, 1, 0.999998, 0.999965, 0.999911, 0.999832, 0.999727, 0.999594, 0.999432, 0.999239, 0.999013, 0.998752, 0.998453, 0.998114, 0.997732, 0.997306, 0.996831, 0.996305, 0.995725, 0.995087, 0.994388, 0.993623, 0.992789, 0.99188, 0.990893, 0.989822, 0.988662, 0.987408, 0.986052, 0.984591, 0.983011, 0.98132, 0.97953, 0.977626, 0.975603, 0.973453, 0.971169, 0.968741, 0.966161, 0.963419, 0.960504, 0.957406, 0.954113, 0.950612, 0.94689, 0.942933, 0.938727, 0.934255, 0.9295, 0.924445, 0.919069, 0.913354, 0.907277, 0.900815, 0.893944, 0.886638, 0.878868, 0.870606, 0.861819, 0.852477, 0.842537, 0.831978, 0.820725, 0.808806, 0.796031, 0.782647, 0.768006, 0.753248, 0.735937, 0.720712, 0.698286, 0.686503, 0.690383, 0.68899, 0.689426, 0.68929, 0.689331, 0.689319, 0.689323, 0.689321, 0.689322, 0.689322, 0.689322, 0.689322, 0.689322, 0.689322, 0.689322, 0.689322, 0.689322, 0.689322, 0.689322, 0.689322, 0.689322, 0.689322, 0.689322, 0.689322, 0.689322, 0.689321, 0.689322, 0.689322, 
1, 1, 0.999998, 0.999965, 0.999911, 0.999831, 0.999726, 0.999594, 0.999432, 0.999238, 0.999012, 0.99875, 0.998451, 0.998111, 0.997729, 0.997302, 0.996827, 0.996301, 0.99572, 0.995081, 0.994381, 0.993615, 0.99278, 0.991871, 0.990882, 0.98981, 0.988649, 0.987394, 0.986036, 0.984574, 0.982992, 0.9813, 0.979507, 0.977601, 0.975577, 0.973425, 0.971138, 0.968708, 0.966126, 0.963381, 0.960463, 0.957362, 0.954065, 0.950561, 0.946836, 0.942876, 0.938666, 0.93419, 0.929431, 0.924371, 0.918991, 0.913271, 0.907189, 0.900722, 0.893846, 0.886534, 0.878758, 0.87049, 0.861697, 0.852348, 0.842402, 0.831836, 0.820575, 0.808649, 0.795866, 0.782474, 0.767824, 0.753058, 0.735738, 0.720505, 0.698067, 0.686279, 0.690162, 0.688767, 0.689203, 0.689067, 0.689109, 0.689096, 0.6891, 0.689099, 0.689099, 0.689099, 0.689099, 0.689099, 0.689099, 0.689099, 0.689099, 0.689099, 0.689099, 0.689099, 0.689099, 0.689099, 0.689099, 0.689099, 0.689099, 0.689099, 0.689099, 0.689099, 0.6891, 0.6891, 
1, 1, 0.999998, 0.999965, 0.99991, 0.999831, 0.999726, 0.999593, 0.999431, 0.999237, 0.999011, 0.998748, 0.998449, 0.998109, 0.997727, 0.997299, 0.996823, 0.996296, 0.995715, 0.995075, 0.994374, 0.993608, 0.992771, 0.991861, 0.990872, 0.989799, 0.988636, 0.987379, 0.986021, 0.984557, 0.982974, 0.98128, 0.979485, 0.977578, 0.975551, 0.973397, 0.971108, 0.968676, 0.966091, 0.963343, 0.960423, 0.957319, 0.954019, 0.950512, 0.946783, 0.94282, 0.938606, 0.934126, 0.929363, 0.924299, 0.918915, 0.91319, 0.907103, 0.900631, 0.893749, 0.886431, 0.87865, 0.870376, 0.861577, 0.852222, 0.842268, 0.831695, 0.820428, 0.808494, 0.795704, 0.782303, 0.767646, 0.752872, 0.735542, 0.720302, 0.697853, 0.686059, 0.689944, 0.688548, 0.688985, 0.688848, 0.68889, 0.688877, 0.688881, 0.68888, 0.688881, 0.68888, 0.688881, 0.688881, 0.688881, 0.688881, 0.688881, 0.688881, 0.688881, 0.688881, 0.688881, 0.688881, 0.688881, 0.68888, 0.688881, 0.68888, 0.688881, 0.68888, 0.688881, 0.688881, 
1, 1, 0.999998, 0.999965, 0.99991, 0.999831, 0.999726, 0.999593, 0.99943, 0.999236, 0.999009, 0.998747, 0.998447, 0.998107, 0.997724, 0.997296, 0.996819, 0.996292, 0.99571, 0.995069, 0.994368, 0.9936, 0.992763, 0.991852, 0.990861, 0.989787, 0.988624, 0.987365, 0.986005, 0.98454, 0.982955, 0.98126, 0.979464, 0.977554, 0.975525, 0.973369, 0.971078, 0.968644, 0.966056, 0.963306, 0.960383, 0.957276, 0.953974, 0.950463, 0.946731, 0.942764, 0.938547, 0.934063, 0.929296, 0.924228, 0.918839, 0.91311, 0.907018, 0.900541, 0.893654, 0.886331, 0.878544, 0.870264, 0.861459, 0.852098, 0.842138, 0.831558, 0.820283, 0.808342, 0.795544, 0.782136, 0.76747, 0.752689, 0.735349, 0.720102, 0.697642, 0.685843, 0.68973, 0.688333, 0.68877, 0.688633, 0.688676, 0.688663, 0.688667, 0.688665, 0.688666, 0.688666, 0.688666, 0.688666, 0.688666, 0.688666, 0.688666, 0.688666, 0.688666, 0.688666, 0.688666, 0.688666, 0.688666, 0.688666, 0.688666, 0.688666, 0.688666, 0.688665, 0.688666, 0.688666, 
1, 1, 0.999998, 0.999965, 0.99991, 0.999831, 0.999725, 0.999592, 0.99943, 0.999236, 0.999008, 0.998745, 0.998445, 0.998104, 0.997721, 0.997292, 0.996815, 0.996287, 0.995704, 0.995064, 0.994361, 0.993593, 0.992755, 0.991842, 0.990851, 0.989776, 0.988611, 0.987352, 0.98599, 0.984523, 0.982937, 0.98124, 0.979442, 0.977531, 0.9755, 0.973342, 0.971049, 0.968612, 0.966022, 0.96327, 0.960344, 0.957234, 0.953929, 0.950415, 0.94668, 0.94271, 0.938488, 0.934001, 0.92923, 0.924158, 0.918765, 0.913031, 0.906935, 0.900453, 0.893561, 0.886232, 0.87844, 0.870154, 0.861343, 0.851975, 0.842009, 0.831422, 0.820141, 0.808193, 0.795387, 0.781972, 0.767298, 0.752508, 0.73516, 0.719906, 0.697435, 0.68563, 0.689519, 0.688121, 0.688559, 0.688422, 0.688464, 0.688451, 0.688455, 0.688454, 0.688455, 0.688455, 0.688455, 0.688455, 0.688455, 0.688455, 0.688455, 0.688455, 0.688455, 0.688455, 0.688455, 0.688455, 0.688455, 0.688455, 0.688455, 0.688454, 0.688455, 0.688454, 0.688455, 0.688455, 
1, 1, 0.999998, 0.999965, 0.99991, 0.999831, 0.999725, 0.999592, 0.999429, 0.999235, 0.999007, 0.998744, 0.998443, 0.998102, 0.997718, 0.997289, 0.996812, 0.996283, 0.9957, 0.995058, 0.994355, 0.993586, 0.992747, 0.991833, 0.990841, 0.989765, 0.988599, 0.987338, 0.985975, 0.984507, 0.98292, 0.981221, 0.979421, 0.977508, 0.975476, 0.973316, 0.971021, 0.968581, 0.965989, 0.963234, 0.960306, 0.957193, 0.953885, 0.950368, 0.94663, 0.942656, 0.938431, 0.93394, 0.929165, 0.924089, 0.918692, 0.912954, 0.906853, 0.900366, 0.893469, 0.886135, 0.878337, 0.870046, 0.861228, 0.851855, 0.841882, 0.831289, 0.820001, 0.808046, 0.795233, 0.78181, 0.767128, 0.752332, 0.734975, 0.719713, 0.697231, 0.685422, 0.689313, 0.687913, 0.688352, 0.688215, 0.688257, 0.688244, 0.688248, 0.688247, 0.688247, 0.688247, 0.688247, 0.688247, 0.688247, 0.688247, 0.688247, 0.688247, 0.688247, 0.688247, 0.688247, 0.688247, 0.688247, 0.688247, 0.688247, 0.688247, 0.688247, 0.688247, 0.688247, 0.688247, 
1, 1, 0.999998, 0.999965, 0.99991, 0.99983, 0.999725, 0.999591, 0.999428, 0.999234, 0.999006, 0.998742, 0.998441, 0.9981, 0.997716, 0.997286, 0.996808, 0.996279, 0.995695, 0.995052, 0.994348, 0.993579, 0.992739, 0.991825, 0.990831, 0.989754, 0.988587, 0.987325, 0.985961, 0.984491, 0.982902, 0.981202, 0.979401, 0.977486, 0.975452, 0.97329, 0.970992, 0.968551, 0.965957, 0.963199, 0.960268, 0.957153, 0.953842, 0.950322, 0.946581, 0.942603, 0.938375, 0.93388, 0.929102, 0.924021, 0.91862, 0.912878, 0.906772, 0.900281, 0.893379, 0.88604, 0.878236, 0.86994, 0.861116, 0.851737, 0.841758, 0.831159, 0.819863, 0.807902, 0.795082, 0.781652, 0.766962, 0.752158, 0.734792, 0.719524, 0.697031, 0.685216, 0.68911, 0.687709, 0.688148, 0.688011, 0.688053, 0.68804, 0.688044, 0.688043, 0.688043, 0.688043, 0.688043, 0.688043, 0.688043, 0.688043, 0.688043, 0.688043, 0.688043, 0.688043, 0.688043, 0.688043, 0.688043, 0.688043, 0.688043, 0.688043, 0.688043, 0.688043, 0.688044, 0.688044, 
1, 1, 0.999998, 0.999965, 0.99991, 0.99983, 0.999724, 0.999591, 0.999427, 0.999233, 0.999005, 0.998741, 0.998439, 0.998098, 0.997713, 0.997283, 0.996804, 0.996275, 0.99569, 0.995047, 0.994342, 0.993572, 0.992731, 0.991816, 0.990821, 0.989743, 0.988575, 0.987312, 0.985946, 0.984475, 0.982885, 0.981183, 0.979381, 0.977464, 0.975428, 0.973264, 0.970965, 0.968521, 0.965924, 0.963164, 0.960231, 0.957113, 0.953799, 0.950277, 0.946532, 0.942552, 0.93832, 0.933822, 0.929039, 0.923955, 0.91855, 0.912803, 0.906693, 0.900197, 0.89329, 0.885946, 0.878137, 0.869835, 0.861006, 0.851621, 0.841636, 0.83103, 0.819728, 0.80776, 0.794933, 0.781496, 0.766798, 0.751987, 0.734612, 0.719337, 0.696834, 0.685015, 0.68891, 0.687508, 0.687948, 0.687811, 0.687853, 0.68784, 0.687844, 0.687843, 0.687843, 0.687843, 0.687843, 0.687843, 0.687843, 0.687843, 0.687843, 0.687843, 0.687843, 0.687843, 0.687843, 0.687843, 0.687843, 0.687843, 0.687843, 0.687843, 0.687843, 0.687843, 0.687843, 0.687843, 
1, 1, 0.999998, 0.999965, 0.99991, 0.99983, 0.999724, 0.99959, 0.999427, 0.999232, 0.999003, 0.998739, 0.998438, 0.998095, 0.99771, 0.99728, 0.996801, 0.99627, 0.995685, 0.995042, 0.994336, 0.993565, 0.992723, 0.991807, 0.990812, 0.989732, 0.988563, 0.987299, 0.985932, 0.98446, 0.982868, 0.981165, 0.979361, 0.977442, 0.975404, 0.973239, 0.970937, 0.968492, 0.965893, 0.96313, 0.960195, 0.957074, 0.953757, 0.950232, 0.946484, 0.942501, 0.938266, 0.933764, 0.928978, 0.92389, 0.91848, 0.91273, 0.906615, 0.900114, 0.893203, 0.885854, 0.87804, 0.869733, 0.860898, 0.851507, 0.841516, 0.830904, 0.819596, 0.80762, 0.794786, 0.781342, 0.766638, 0.751819, 0.734436, 0.719154, 0.696641, 0.684817, 0.688714, 0.687311, 0.687751, 0.687614, 0.687656, 0.687643, 0.687647, 0.687646, 0.687646, 0.687646, 0.687646, 0.687646, 0.687646, 0.687646, 0.687646, 0.687646, 0.687646, 0.687646, 0.687646, 0.687646, 0.687646, 0.687646, 0.687646, 0.687646, 0.687646, 0.687646, 0.687647, 0.687647, 
1, 1, 0.999998, 0.999965, 0.99991, 0.99983, 0.999724, 0.99959, 0.999426, 0.999231, 0.999002, 0.998738, 0.998436, 0.998093, 0.997708, 0.997277, 0.996797, 0.996266, 0.995681, 0.995036, 0.99433, 0.993558, 0.992716, 0.991799, 0.990803, 0.989722, 0.988552, 0.987286, 0.985918, 0.984445, 0.982852, 0.981147, 0.979341, 0.977421, 0.975381, 0.973214, 0.970911, 0.968463, 0.965862, 0.963097, 0.960159, 0.957036, 0.953716, 0.950188, 0.946437, 0.942451, 0.938212, 0.933707, 0.928917, 0.923826, 0.918412, 0.912657, 0.906539, 0.900033, 0.893117, 0.885763, 0.877944, 0.869632, 0.860792, 0.851395, 0.841398, 0.83078, 0.819465, 0.807484, 0.794643, 0.781192, 0.76648, 0.751654, 0.734263, 0.718975, 0.696451, 0.684622, 0.688522, 0.687118, 0.687558, 0.68742, 0.687463, 0.68745, 0.687454, 0.687453, 0.687453, 0.687453, 0.687453, 0.687453, 0.687453, 0.687453, 0.687453, 0.687453, 0.687453, 0.687453, 0.687453, 0.687453, 0.687453, 0.687453, 0.687453, 0.687453, 0.687453, 0.687453, 0.687453, 0.687453, 
1, 1, 0.999998, 0.999965, 0.99991, 0.99983, 0.999723, 0.999589, 0.999425, 0.99923, 0.999001, 0.998737, 0.998434, 0.998091, 0.997705, 0.997274, 0.996794, 0.996262, 0.995676, 0.995031, 0.994324, 0.993551, 0.992708, 0.99179, 0.990793, 0.989712, 0.98854, 0.987274, 0.985905, 0.98443, 0.982836, 0.981129, 0.979322, 0.9774, 0.975359, 0.97319, 0.970884, 0.968435, 0.965831, 0.963064, 0.960124, 0.956998, 0.953676, 0.950145, 0.946391, 0.942401, 0.93816, 0.933651, 0.928858, 0.923763, 0.918345, 0.912586, 0.906463, 0.899954, 0.893033, 0.885674, 0.87785, 0.869532, 0.860687, 0.851285, 0.841282, 0.830658, 0.819337, 0.807349, 0.794501, 0.781044, 0.766324, 0.751492, 0.734093, 0.718798, 0.696265, 0.684431, 0.688332, 0.686927, 0.687368, 0.68723, 0.687273, 0.68726, 0.687264, 0.687263, 0.687263, 0.687263, 0.687263, 0.687263, 0.687263, 0.687263, 0.687263, 0.687263, 0.687263, 0.687263, 0.687263, 0.687263, 0.687263, 0.687263, 0.687263, 0.687263, 0.687263, 0.687263, 0.687263, 0.687263, 
1, 1, 0.999998, 0.999965, 0.999909, 0.999829, 0.999723, 0.999589, 0.999425, 0.999229, 0.999, 0.998735, 0.998432, 0.998089, 0.997703, 0.997271, 0.996791, 0.996259, 0.995671, 0.995026, 0.994318, 0.993545, 0.992701, 0.991782, 0.990784, 0.989702, 0.988529, 0.987262, 0.985891, 0.984415, 0.98282, 0.981112, 0.979303, 0.97738, 0.975337, 0.973166, 0.970858, 0.968407, 0.965801, 0.963032, 0.960089, 0.956961, 0.953636, 0.950102, 0.946346, 0.942353, 0.938108, 0.933596, 0.9288, 0.923701, 0.91828, 0.912516, 0.906389, 0.899875, 0.89295, 0.885587, 0.877758, 0.869435, 0.860584, 0.851176, 0.841168, 0.830538, 0.819211, 0.807217, 0.794362, 0.780898, 0.766172, 0.751332, 0.733925, 0.718624, 0.696082, 0.684243, 0.688146, 0.68674, 0.687182, 0.687043, 0.687086, 0.687073, 0.687077, 0.687076, 0.687076, 0.687076, 0.687076, 0.687076, 0.687076, 0.687076, 0.687076, 0.687076, 0.687076, 0.687076, 0.687076, 0.687076, 0.687076, 0.687076, 0.687076, 0.687076, 0.687076, 0.687076, 0.687077, 0.687077, 
1, 1, 0.999998, 0.999965, 0.999909, 0.999829, 0.999723, 0.999588, 0.999424, 0.999228, 0.998999, 0.998734, 0.998431, 0.998087, 0.997701, 0.997268, 0.996787, 0.996255, 0.995667, 0.995021, 0.994313, 0.993538, 0.992694, 0.991774, 0.990775, 0.989692, 0.988518, 0.98725, 0.985878, 0.984401, 0.982804, 0.981095, 0.979284, 0.97736, 0.975315, 0.973142, 0.970833, 0.968379, 0.965772, 0.963, 0.960055, 0.956924, 0.953597, 0.950061, 0.946301, 0.942305, 0.938058, 0.933542, 0.928742, 0.92364, 0.918215, 0.912448, 0.906317, 0.899798, 0.892868, 0.885501, 0.877667, 0.869339, 0.860483, 0.85107, 0.841056, 0.83042, 0.819087, 0.807087, 0.794226, 0.780755, 0.766022, 0.751176, 0.733761, 0.718454, 0.695902, 0.684058, 0.687964, 0.686556, 0.686999, 0.68686, 0.686903, 0.68689, 0.686894, 0.686892, 0.686893, 0.686893, 0.686893, 0.686893, 0.686893, 0.686893, 0.686893, 0.686893, 0.686893, 0.686893, 0.686893, 0.686893, 0.686893, 0.686893, 0.686893, 0.686893, 0.686893, 0.686893, 0.686893, 0.686893, 
1, 1, 0.999998, 0.999965, 0.999909, 0.999829, 0.999722, 0.999588, 0.999424, 0.999228, 0.998998, 0.998733, 0.998429, 0.998085, 0.997698, 0.997265, 0.996784, 0.996251, 0.995663, 0.995016, 0.994307, 0.993532, 0.992687, 0.991766, 0.990766, 0.989682, 0.988508, 0.987238, 0.985865, 0.984387, 0.982788, 0.981078, 0.979266, 0.97734, 0.975293, 0.973119, 0.970808, 0.968352, 0.965743, 0.962969, 0.960021, 0.956889, 0.953559, 0.95002, 0.946258, 0.942259, 0.938008, 0.933489, 0.928686, 0.92358, 0.918151, 0.91238, 0.906245, 0.899723, 0.892788, 0.885416, 0.877578, 0.869245, 0.860384, 0.850965, 0.840946, 0.830304, 0.818965, 0.806959, 0.794092, 0.780615, 0.765874, 0.751022, 0.733599, 0.718286, 0.695725, 0.683877, 0.687784, 0.686376, 0.686819, 0.68668, 0.686723, 0.686709, 0.686714, 0.686712, 0.686713, 0.686713, 0.686713, 0.686713, 0.686713, 0.686713, 0.686713, 0.686713, 0.686713, 0.686713, 0.686713, 0.686713, 0.686713, 0.686713, 0.686713, 0.686713, 0.686713, 0.686712, 0.686713, 0.686713, 
1, 1, 0.999998, 0.999965, 0.999909, 0.999829, 0.999722, 0.999587, 0.999423, 0.999227, 0.998997, 0.998731, 0.998427, 0.998083, 0.997696, 0.997263, 0.996781, 0.996247, 0.995658, 0.995011, 0.994302, 0.993526, 0.99268, 0.991759, 0.990758, 0.989673, 0.988497, 0.987226, 0.985853, 0.984373, 0.982773, 0.981061, 0.979248, 0.97732, 0.975272, 0.973096, 0.970783, 0.968326, 0.965714, 0.962938, 0.959989, 0.956853, 0.953521, 0.949979, 0.946214, 0.942213, 0.937959, 0.933437, 0.928631, 0.923521, 0.918089, 0.912314, 0.906175, 0.899648, 0.89271, 0.885333, 0.87749, 0.869152, 0.860286, 0.850863, 0.840837, 0.83019, 0.818846, 0.806833, 0.79396, 0.780477, 0.76573, 0.750871, 0.733441, 0.718121, 0.695551, 0.683698, 0.687608, 0.686199, 0.686642, 0.686503, 0.686546, 0.686532, 0.686537, 0.686535, 0.686536, 0.686536, 0.686536, 0.686536, 0.686536, 0.686536, 0.686536, 0.686536, 0.686536, 0.686536, 0.686536, 0.686536, 0.686536, 0.686536, 0.686536, 0.686536, 0.686536, 0.686535, 0.686536, 0.686536, 
1, 1, 0.999998, 0.999965, 0.999909, 0.999829, 0.999722, 0.999587, 0.999422, 0.999226, 0.998996, 0.99873, 0.998426, 0.998081, 0.997694, 0.99726, 0.996778, 0.996244, 0.995654, 0.995006, 0.994296, 0.99352, 0.992673, 0.991751, 0.990749, 0.989663, 0.988487, 0.987215, 0.98584, 0.984359, 0.982758, 0.981045, 0.97923, 0.977301, 0.975251, 0.973073, 0.970759, 0.9683, 0.965686, 0.962908, 0.959956, 0.956819, 0.953484, 0.94994, 0.946172, 0.942168, 0.937911, 0.933386, 0.928576, 0.923463, 0.918027, 0.912249, 0.906106, 0.899575, 0.892633, 0.885251, 0.877404, 0.869061, 0.86019, 0.850762, 0.840731, 0.830079, 0.818728, 0.80671, 0.793831, 0.780341, 0.765587, 0.750723, 0.733285, 0.71796, 0.69538, 0.683523, 0.687435, 0.686024, 0.686468, 0.686329, 0.686372, 0.686358, 0.686363, 0.686361, 0.686362, 0.686362, 0.686362, 0.686362, 0.686362, 0.686362, 0.686362, 0.686362, 0.686362, 0.686362, 0.686362, 0.686362, 0.686362, 0.686362, 0.686362, 0.686362, 0.686362, 0.686361, 0.686362, 0.686362, 
1, 1, 0.999998, 0.999964, 0.999909, 0.999828, 0.999722, 0.999587, 0.999422, 0.999225, 0.998995, 0.998729, 0.998424, 0.998079, 0.997691, 0.997257, 0.996775, 0.99624, 0.99565, 0.995002, 0.994291, 0.993514, 0.992666, 0.991743, 0.990741, 0.989654, 0.988476, 0.987203, 0.985828, 0.984346, 0.982744, 0.981029, 0.979213, 0.977282, 0.975231, 0.973051, 0.970735, 0.968274, 0.965658, 0.962879, 0.959924, 0.956785, 0.953448, 0.949901, 0.946131, 0.942123, 0.937864, 0.933336, 0.928523, 0.923406, 0.917967, 0.912185, 0.906038, 0.899504, 0.892557, 0.885171, 0.877319, 0.868972, 0.860096, 0.850662, 0.840627, 0.829969, 0.818613, 0.806589, 0.793704, 0.780208, 0.765448, 0.750577, 0.733132, 0.717801, 0.695212, 0.683351, 0.687264, 0.685853, 0.686297, 0.686158, 0.686201, 0.686188, 0.686192, 0.68619, 0.686191, 0.686191, 0.686191, 0.686191, 0.686191, 0.686191, 0.686191, 0.686191, 0.686191, 0.686191, 0.686191, 0.686191, 0.686191, 0.686191, 0.686191, 0.686191, 0.686191, 0.686191, 0.686191, 0.686191, 
1, 1, 0.999998, 0.999964, 0.999909, 0.999828, 0.999721, 0.999586, 0.999421, 0.999224, 0.998994, 0.998727, 0.998423, 0.998078, 0.997689, 0.997255, 0.996772, 0.996236, 0.995646, 0.994997, 0.994286, 0.993508, 0.992659, 0.991736, 0.990733, 0.989645, 0.988466, 0.987192, 0.985816, 0.984332, 0.982729, 0.981013, 0.979196, 0.977264, 0.975211, 0.97303, 0.970712, 0.968249, 0.965631, 0.96285, 0.959893, 0.956751, 0.953412, 0.949862, 0.94609, 0.94208, 0.937817, 0.933286, 0.92847, 0.92335, 0.917908, 0.912122, 0.905972, 0.899433, 0.892482, 0.885092, 0.877236, 0.868884, 0.860003, 0.850565, 0.840524, 0.829861, 0.818499, 0.80647, 0.793579, 0.780077, 0.76531, 0.750433, 0.732981, 0.717644, 0.695048, 0.683182, 0.687097, 0.685685, 0.686129, 0.68599, 0.686033, 0.68602, 0.686024, 0.686023, 0.686023, 0.686023, 0.686023, 0.686023, 0.686023, 0.686023, 0.686023, 0.686023, 0.686023, 0.686023, 0.686023, 0.686023, 0.686023, 0.686023, 0.686023, 0.686023, 0.686023, 0.686023, 0.686023, 0.686023, 
1, 1, 0.999998, 0.999964, 0.999909, 0.999828, 0.999721, 0.999586, 0.999421, 0.999224, 0.998993, 0.998726, 0.998421, 0.998076, 0.997687, 0.997252, 0.996769, 0.996233, 0.995642, 0.994993, 0.99428, 0.993502, 0.992653, 0.991729, 0.990725, 0.989636, 0.988456, 0.987182, 0.985804, 0.984319, 0.982715, 0.980998, 0.979179, 0.977246, 0.975191, 0.973008, 0.970689, 0.968224, 0.965605, 0.962821, 0.959862, 0.956718, 0.953376, 0.949825, 0.946049, 0.942037, 0.937771, 0.933238, 0.928418, 0.923295, 0.917849, 0.91206, 0.905906, 0.899364, 0.892409, 0.885015, 0.877154, 0.868798, 0.859912, 0.850469, 0.840423, 0.829755, 0.818388, 0.806353, 0.793456, 0.779949, 0.765176, 0.750292, 0.732833, 0.717491, 0.694886, 0.683016, 0.686933, 0.68552, 0.685965, 0.685825, 0.685868, 0.685855, 0.685859, 0.685858, 0.685858, 0.685858, 0.685858, 0.685858, 0.685858, 0.685858, 0.685858, 0.685858, 0.685858, 0.685858, 0.685858, 0.685858, 0.685858, 0.685858, 0.685858, 0.685858, 0.685858, 0.685858, 0.685858, 0.685858, 
1, 1, 0.999998, 0.999964, 0.999909, 0.999828, 0.999721, 0.999585, 0.99942, 0.999223, 0.998992, 0.998725, 0.99842, 0.998074, 0.997685, 0.99725, 0.996766, 0.99623, 0.995638, 0.994988, 0.994275, 0.993496, 0.992647, 0.991722, 0.990717, 0.989627, 0.988447, 0.987171, 0.985792, 0.984307, 0.982701, 0.980983, 0.979163, 0.977228, 0.975172, 0.972987, 0.970666, 0.9682, 0.965578, 0.962793, 0.959832, 0.956686, 0.953342, 0.949788, 0.94601, 0.941995, 0.937726, 0.93319, 0.928367, 0.923241, 0.917792, 0.911999, 0.905842, 0.899296, 0.892337, 0.884939, 0.877074, 0.868713, 0.859823, 0.850375, 0.840324, 0.82965, 0.818278, 0.806238, 0.793335, 0.779822, 0.765043, 0.750154, 0.732688, 0.71734, 0.694727, 0.682853, 0.686771, 0.685357, 0.685803, 0.685663, 0.685706, 0.685693, 0.685697, 0.685696, 0.685696, 0.685696, 0.685696, 0.685696, 0.685696, 0.685696, 0.685696, 0.685696, 0.685696, 0.685696, 0.685696, 0.685696, 0.685696, 0.685696, 0.685696, 0.685696, 0.685696, 0.685696, 0.685696, 0.685696, 
1, 1, 0.999998, 0.999964, 0.999909, 0.999828, 0.99972, 0.999585, 0.99942, 0.999222, 0.998991, 0.998724, 0.998418, 0.998072, 0.997683, 0.997247, 0.996763, 0.996226, 0.995634, 0.994984, 0.99427, 0.993491, 0.99264, 0.991715, 0.990709, 0.989618, 0.988437, 0.98716, 0.98578, 0.984294, 0.982687, 0.980968, 0.979146, 0.97721, 0.975153, 0.972967, 0.970644, 0.968176, 0.965553, 0.962765, 0.959803, 0.956654, 0.953308, 0.949751, 0.945971, 0.941953, 0.937682, 0.933143, 0.928317, 0.923188, 0.917736, 0.91194, 0.905778, 0.899229, 0.892266, 0.884864, 0.876995, 0.868629, 0.859735, 0.850282, 0.840227, 0.829548, 0.818171, 0.806125, 0.793217, 0.779698, 0.764913, 0.750018, 0.732545, 0.717192, 0.69457, 0.682693, 0.686613, 0.685198, 0.685644, 0.685504, 0.685547, 0.685534, 0.685538, 0.685536, 0.685537, 0.685537, 0.685537, 0.685537, 0.685537, 0.685537, 0.685537, 0.685537, 0.685537, 0.685537, 0.685537, 0.685537, 0.685537, 0.685537, 0.685537, 0.685537, 0.685537, 0.685537, 0.685537, 0.685537, 
1, 1, 0.999998, 0.999964, 0.999909, 0.999828, 0.99972, 0.999585, 0.999419, 0.999222, 0.99899, 0.998723, 0.998417, 0.99807, 0.997681, 0.997245, 0.99676, 0.996223, 0.995631, 0.994979, 0.994266, 0.993485, 0.992634, 0.991708, 0.990701, 0.98961, 0.988428, 0.98715, 0.985769, 0.984282, 0.982674, 0.980953, 0.979131, 0.977193, 0.975134, 0.972947, 0.970622, 0.968152, 0.965527, 0.962738, 0.959773, 0.956623, 0.953274, 0.949715, 0.945933, 0.941912, 0.937639, 0.933097, 0.928268, 0.923136, 0.91768, 0.911881, 0.905716, 0.899163, 0.892196, 0.88479, 0.876917, 0.868548, 0.859649, 0.850191, 0.840131, 0.829447, 0.818065, 0.806014, 0.7931, 0.779576, 0.764785, 0.749884, 0.732405, 0.717047, 0.694417, 0.682535, 0.686457, 0.685041, 0.685487, 0.685347, 0.685391, 0.685377, 0.685381, 0.68538, 0.68538, 0.68538, 0.68538, 0.68538, 0.68538, 0.68538, 0.68538, 0.68538, 0.68538, 0.68538, 0.68538, 0.68538, 0.68538, 0.68538, 0.68538, 0.68538, 0.68538, 0.68538, 0.685381, 0.685381, 
1, 1, 0.999998, 0.999964, 0.999908, 0.999827, 0.99972, 0.999584, 0.999418, 0.999221, 0.998989, 0.998722, 0.998416, 0.998069, 0.997679, 0.997242, 0.996757, 0.99622, 0.995627, 0.994975, 0.994261, 0.99348, 0.992628, 0.991701, 0.990694, 0.989602, 0.988419, 0.98714, 0.985758, 0.984269, 0.982661, 0.980939, 0.979115, 0.977176, 0.975116, 0.972927, 0.970601, 0.968129, 0.965503, 0.962711, 0.959745, 0.956592, 0.953242, 0.94968, 0.945895, 0.941872, 0.937596, 0.933051, 0.92822, 0.923085, 0.917626, 0.911823, 0.905655, 0.899098, 0.892128, 0.884718, 0.876841, 0.868467, 0.859564, 0.850102, 0.840037, 0.829349, 0.817961, 0.805905, 0.792986, 0.779456, 0.764659, 0.749753, 0.732267, 0.716904, 0.694266, 0.682381, 0.686304, 0.684887, 0.685334, 0.685193, 0.685237, 0.685223, 0.685228, 0.685226, 0.685227, 0.685227, 0.685227, 0.685227, 0.685227, 0.685227, 0.685227, 0.685227, 0.685227, 0.685227, 0.685227, 0.685227, 0.685227, 0.685227, 0.685227, 0.685227, 0.685227, 0.685227, 0.685227, 0.685227, 
1, 1, 0.999998, 0.999964, 0.999908, 0.999827, 0.99972, 0.999584, 0.999418, 0.99922, 0.998988, 0.99872, 0.998414, 0.998067, 0.997677, 0.99724, 0.996754, 0.996216, 0.995623, 0.994971, 0.994256, 0.993474, 0.992622, 0.991694, 0.990686, 0.989593, 0.98841, 0.98713, 0.985747, 0.984257, 0.982647, 0.980924, 0.979099, 0.977159, 0.975098, 0.972907, 0.97058, 0.968106, 0.965478, 0.962685, 0.959717, 0.956562, 0.953209, 0.949646, 0.945858, 0.941833, 0.937554, 0.933007, 0.928173, 0.923034, 0.917572, 0.911767, 0.905595, 0.899034, 0.89206, 0.884647, 0.876766, 0.868388, 0.859481, 0.850014, 0.839944, 0.829251, 0.817859, 0.805798, 0.792873, 0.779338, 0.764536, 0.749624, 0.732132, 0.716763, 0.694118, 0.682229, 0.686154, 0.684736, 0.685183, 0.685042, 0.685086, 0.685073, 0.685077, 0.685075, 0.685076, 0.685076, 0.685076, 0.685076, 0.685076, 0.685076, 0.685076, 0.685076, 0.685076, 0.685076, 0.685076, 0.685076, 0.685076, 0.685076, 0.685076, 0.685076, 0.685076, 0.685076, 0.685076, 0.685076, 
1, 1, 0.999998, 0.999964, 0.999908, 0.999827, 0.999719, 0.999583, 0.999417, 0.999219, 0.998987, 0.998719, 0.998413, 0.998065, 0.997675, 0.997238, 0.996752, 0.996213, 0.99562, 0.994967, 0.994251, 0.993469, 0.992616, 0.991688, 0.990679, 0.989585, 0.988401, 0.98712, 0.985736, 0.984246, 0.982635, 0.98091, 0.979084, 0.977143, 0.97508, 0.972888, 0.970559, 0.968084, 0.965454, 0.962659, 0.959689, 0.956532, 0.953177, 0.949612, 0.945822, 0.941794, 0.937513, 0.932963, 0.928126, 0.922985, 0.91752, 0.911711, 0.905536, 0.898972, 0.891994, 0.884577, 0.876692, 0.86831, 0.859399, 0.849928, 0.839854, 0.829156, 0.817759, 0.805692, 0.792763, 0.779223, 0.764414, 0.749498, 0.731999, 0.716625, 0.693972, 0.68208, 0.686006, 0.684588, 0.685035, 0.684894, 0.684938, 0.684924, 0.684928, 0.684927, 0.684928, 0.684927, 0.684928, 0.684927, 0.684927, 0.684927, 0.684927, 0.684927, 0.684927, 0.684927, 0.684927, 0.684927, 0.684927, 0.684927, 0.684928, 0.684927, 0.684928, 0.684927, 0.684928, 0.684928, 
1, 1, 0.999998, 0.999964, 0.999908, 0.999827, 0.999719, 0.999583, 0.999417, 0.999219, 0.998987, 0.998718, 0.998411, 0.998064, 0.997673, 0.997235, 0.996749, 0.99621, 0.995616, 0.994963, 0.994247, 0.993464, 0.99261, 0.991681, 0.990672, 0.989577, 0.988392, 0.987111, 0.985726, 0.984234, 0.982622, 0.980897, 0.979069, 0.977126, 0.975062, 0.972869, 0.970539, 0.968062, 0.96543, 0.962634, 0.959662, 0.956503, 0.953146, 0.949579, 0.945787, 0.941756, 0.937473, 0.93292, 0.92808, 0.922936, 0.917468, 0.911656, 0.905478, 0.898911, 0.891929, 0.884508, 0.876619, 0.868234, 0.859318, 0.849843, 0.839764, 0.829062, 0.81766, 0.805589, 0.792654, 0.779109, 0.764295, 0.749373, 0.731868, 0.71649, 0.693829, 0.681933, 0.685861, 0.684442, 0.684889, 0.684748, 0.684792, 0.684779, 0.684783, 0.684782, 0.684782, 0.684782, 0.684782, 0.684782, 0.684782, 0.684782, 0.684782, 0.684782, 0.684782, 0.684782, 0.684782, 0.684782, 0.684782, 0.684782, 0.684782, 0.684782, 0.684782, 0.684782, 0.684782, 0.684782, 
1, 1, 0.999998, 0.999964, 0.999908, 0.999827, 0.999719, 0.999583, 0.999416, 0.999218, 0.998986, 0.998717, 0.99841, 0.998062, 0.997671, 0.997233, 0.996746, 0.996207, 0.995613, 0.994959, 0.994242, 0.993459, 0.992605, 0.991675, 0.990665, 0.98957, 0.988383, 0.987101, 0.985715, 0.984223, 0.98261, 0.980883, 0.979055, 0.977111, 0.975045, 0.972851, 0.970519, 0.968041, 0.965407, 0.962609, 0.959635, 0.956474, 0.953116, 0.949546, 0.945752, 0.941719, 0.937433, 0.932877, 0.928035, 0.922888, 0.917418, 0.911602, 0.905421, 0.89885, 0.891866, 0.884441, 0.876548, 0.868159, 0.859239, 0.84976, 0.839677, 0.82897, 0.817563, 0.805487, 0.792547, 0.778997, 0.764178, 0.749251, 0.73174, 0.716357, 0.693689, 0.681789, 0.685718, 0.684298, 0.684746, 0.684605, 0.684649, 0.684636, 0.68464, 0.684638, 0.684639, 0.684639, 0.684639, 0.684639, 0.684639, 0.684639, 0.684639, 0.684639, 0.684639, 0.684639, 0.684639, 0.684639, 0.684639, 0.684639, 0.684639, 0.684639, 0.684639, 0.684639, 0.684639, 0.684639, 
1, 1, 0.999998, 0.999964, 0.999908, 0.999827, 0.999719, 0.999582, 0.999416, 0.999217, 0.998985, 0.998716, 0.998409, 0.998061, 0.997669, 0.997231, 0.996744, 0.996204, 0.995609, 0.994955, 0.994238, 0.993454, 0.992599, 0.991669, 0.990658, 0.989562, 0.988375, 0.987092, 0.985705, 0.984212, 0.982598, 0.98087, 0.97904, 0.977095, 0.975028, 0.972832, 0.970499, 0.968019, 0.965384, 0.962584, 0.959609, 0.956446, 0.953085, 0.949514, 0.945717, 0.941682, 0.937394, 0.932836, 0.927991, 0.922841, 0.917368, 0.911549, 0.905365, 0.898791, 0.891803, 0.884375, 0.876478, 0.868085, 0.859161, 0.849678, 0.839591, 0.828879, 0.817468, 0.805387, 0.792443, 0.778888, 0.764063, 0.749131, 0.731614, 0.716226, 0.693551, 0.681647, 0.685578, 0.684158, 0.684606, 0.684465, 0.684509, 0.684495, 0.684499, 0.684498, 0.684498, 0.684498, 0.684498, 0.684498, 0.684498, 0.684498, 0.684498, 0.684498, 0.684498, 0.684498, 0.684498, 0.684498, 0.684498, 0.684498, 0.684498, 0.684498, 0.684498, 0.684498, 0.684498, 0.684498, 
1, 1, 0.999998, 0.999964, 0.999908, 0.999827, 0.999719, 0.999582, 0.999416, 0.999217, 0.998984, 0.998715, 0.998408, 0.998059, 0.997667, 0.997229, 0.996741, 0.996201, 0.995606, 0.994951, 0.994234, 0.993449, 0.992594, 0.991663, 0.990651, 0.989554, 0.988367, 0.987083, 0.985695, 0.984201, 0.982586, 0.980857, 0.979026, 0.97708, 0.975012, 0.972814, 0.97048, 0.967999, 0.965362, 0.96256, 0.959583, 0.956419, 0.953056, 0.949482, 0.945683, 0.941646, 0.937355, 0.932795, 0.927947, 0.922795, 0.917319, 0.911498, 0.90531, 0.898733, 0.891741, 0.88431, 0.87641, 0.868013, 0.859085, 0.849597, 0.839506, 0.82879, 0.817375, 0.805289, 0.79234, 0.77878, 0.76395, 0.749013, 0.73149, 0.716097, 0.693415, 0.681508, 0.685441, 0.684019, 0.684468, 0.684327, 0.684371, 0.684357, 0.684361, 0.68436, 0.68436, 0.68436, 0.68436, 0.68436, 0.68436, 0.68436, 0.68436, 0.68436, 0.68436, 0.68436, 0.68436, 0.68436, 0.68436, 0.68436, 0.68436, 0.68436, 0.68436, 0.68436, 0.68436, 0.68436, 
1, 1, 0.999998, 0.999964, 0.999908, 0.999826, 0.999718, 0.999582, 0.999415, 0.999216, 0.998983, 0.998714, 0.998406, 0.998058, 0.997665, 0.997227, 0.996739, 0.996198, 0.995603, 0.994947, 0.994229, 0.993444, 0.992588, 0.991657, 0.990644, 0.989547, 0.988358, 0.987074, 0.985685, 0.98419, 0.982574, 0.980844, 0.979012, 0.977065, 0.974995, 0.972797, 0.970461, 0.967978, 0.96534, 0.962537, 0.959557, 0.956391, 0.953027, 0.949451, 0.94565, 0.941611, 0.937318, 0.932755, 0.927905, 0.92275, 0.917271, 0.911446, 0.905256, 0.898676, 0.891681, 0.884246, 0.876342, 0.867941, 0.85901, 0.849518, 0.839423, 0.828703, 0.817283, 0.805193, 0.792239, 0.778674, 0.763839, 0.748897, 0.731368, 0.715971, 0.693282, 0.681372, 0.685306, 0.683883, 0.684332, 0.684191, 0.684235, 0.684221, 0.684226, 0.684224, 0.684225, 0.684224, 0.684225, 0.684225, 0.684225, 0.684225, 0.684225, 0.684225, 0.684225, 0.684225, 0.684225, 0.684225, 0.684225, 0.684225, 0.684225, 0.684224, 0.684225, 0.684224, 0.684225, 0.684225, 
1, 1, 0.999998, 0.999964, 0.999908, 0.999826, 0.999718, 0.999581, 0.999415, 0.999216, 0.998983, 0.998713, 0.998405, 0.998056, 0.997664, 0.997225, 0.996736, 0.996196, 0.995599, 0.994944, 0.994225, 0.99344, 0.992583, 0.991651, 0.990638, 0.98954, 0.98835, 0.987065, 0.985676, 0.984179, 0.982562, 0.980832, 0.978999, 0.97705, 0.974979, 0.972779, 0.970442, 0.967958, 0.965318, 0.962513, 0.959533, 0.956365, 0.952998, 0.94942, 0.945618, 0.941576, 0.937281, 0.932715, 0.927863, 0.922705, 0.917223, 0.911396, 0.905203, 0.898619, 0.891621, 0.884183, 0.876276, 0.867871, 0.858936, 0.849441, 0.839341, 0.828617, 0.817193, 0.805098, 0.792139, 0.77857, 0.76373, 0.748783, 0.731249, 0.715847, 0.693151, 0.681238, 0.685173, 0.68375, 0.684199, 0.684058, 0.684102, 0.684088, 0.684092, 0.684091, 0.684091, 0.684091, 0.684091, 0.684091, 0.684091, 0.684091, 0.684091, 0.684091, 0.684091, 0.684091, 0.684091, 0.684091, 0.684091, 0.684091, 0.684091, 0.684091, 0.684091, 0.684091, 0.684092, 0.684092, 
1, 1, 0.999998, 0.999964, 0.999908, 0.999826, 0.999718, 0.999581, 0.999414, 0.999215, 0.998982, 0.998712, 0.998404, 0.998055, 0.997662, 0.997223, 0.996734, 0.996193, 0.995596, 0.99494, 0.994221, 0.993435, 0.992578, 0.991645, 0.990631, 0.989533, 0.988343, 0.987056, 0.985666, 0.984169, 0.982551, 0.980819, 0.978985, 0.977035, 0.974964, 0.972762, 0.970423, 0.967938, 0.965297, 0.962491, 0.959508, 0.956338, 0.95297, 0.94939, 0.945585, 0.941542, 0.937244, 0.932676, 0.927822, 0.922661, 0.917177, 0.911347, 0.905151, 0.898564, 0.891563, 0.884121, 0.876211, 0.867803, 0.858864, 0.849364, 0.839261, 0.828533, 0.817104, 0.805005, 0.792042, 0.778468, 0.763622, 0.748671, 0.731131, 0.715725, 0.693023, 0.681106, 0.685043, 0.683619, 0.684069, 0.683927, 0.683971, 0.683957, 0.683961, 0.68396, 0.683961, 0.68396, 0.68396, 0.68396, 0.68396, 0.68396, 0.68396, 0.68396, 0.68396, 0.68396, 0.68396, 0.68396, 0.68396, 0.68396, 0.68396, 0.68396, 0.68396, 0.68396, 0.683961, 0.683961, 
1, 1, 0.999998, 0.999964, 0.999908, 0.999826, 0.999718, 0.999581, 0.999414, 0.999214, 0.998981, 0.998711, 0.998403, 0.998053, 0.99766, 0.99722, 0.996732, 0.99619, 0.995593, 0.994936, 0.994217, 0.99343, 0.992573, 0.991639, 0.990625, 0.989526, 0.988335, 0.987048, 0.985657, 0.984159, 0.98254, 0.980807, 0.978972, 0.977021, 0.974948, 0.972746, 0.970405, 0.967919, 0.965276, 0.962468, 0.959484, 0.956313, 0.952942, 0.949361, 0.945554, 0.941508, 0.937208, 0.932638, 0.927781, 0.922618, 0.917131, 0.911299, 0.905099, 0.89851, 0.891506, 0.884061, 0.876147, 0.867735, 0.858793, 0.849289, 0.839182, 0.82845, 0.817017, 0.804914, 0.791946, 0.778367, 0.763517, 0.748561, 0.731016, 0.715606, 0.692896, 0.680977, 0.684915, 0.68349, 0.68394, 0.683798, 0.683842, 0.683829, 0.683833, 0.683832, 0.683832, 0.683832, 0.683832, 0.683832, 0.683832, 0.683832, 0.683832, 0.683832, 0.683832, 0.683832, 0.683832, 0.683832, 0.683832, 0.683832, 0.683832, 0.683832, 0.683832, 0.683832, 0.683832, 0.683832, 
1, 1, 0.999998, 0.999964, 0.999908, 0.999826, 0.999717, 0.99958, 0.999413, 0.999214, 0.99898, 0.99871, 0.998402, 0.998052, 0.997658, 0.997218, 0.996729, 0.996187, 0.99559, 0.994933, 0.994213, 0.993426, 0.992568, 0.991634, 0.990619, 0.989519, 0.988327, 0.987039, 0.985648, 0.984149, 0.982529, 0.980795, 0.978959, 0.977007, 0.974933, 0.972729, 0.970388, 0.9679, 0.965256, 0.962446, 0.95946, 0.956287, 0.952915, 0.949332, 0.945523, 0.941475, 0.937173, 0.932601, 0.927741, 0.922576, 0.917086, 0.911251, 0.905049, 0.898456, 0.891449, 0.884001, 0.876084, 0.867669, 0.858723, 0.849216, 0.839105, 0.828368, 0.816931, 0.804824, 0.791852, 0.778269, 0.763414, 0.748453, 0.730903, 0.715488, 0.692772, 0.68085, 0.684789, 0.683364, 0.683814, 0.683672, 0.683716, 0.683702, 0.683707, 0.683705, 0.683706, 0.683706, 0.683706, 0.683706, 0.683706, 0.683706, 0.683706, 0.683706, 0.683706, 0.683706, 0.683706, 0.683706, 0.683706, 0.683706, 0.683706, 0.683706, 0.683706, 0.683705, 0.683706, 0.683706, 
1, 1, 0.999998, 0.999964, 0.999908, 0.999826, 0.999717, 0.99958, 0.999413, 0.999213, 0.998979, 0.998709, 0.9984, 0.99805, 0.997657, 0.997217, 0.996727, 0.996185, 0.995587, 0.99493, 0.994209, 0.993422, 0.992563, 0.991628, 0.990613, 0.989512, 0.98832, 0.987031, 0.985639, 0.984139, 0.982518, 0.980783, 0.978946, 0.976993, 0.974918, 0.972713, 0.97037, 0.967881, 0.965235, 0.962424, 0.959437, 0.956262, 0.952889, 0.949303, 0.945493, 0.941443, 0.937139, 0.932564, 0.927702, 0.922535, 0.917042, 0.911204, 0.904999, 0.898404, 0.891394, 0.883943, 0.876022, 0.867604, 0.858654, 0.849144, 0.839028, 0.828288, 0.816847, 0.804736, 0.791759, 0.778172, 0.763312, 0.748347, 0.730791, 0.715373, 0.692651, 0.680725, 0.684665, 0.683239, 0.68369, 0.683548, 0.683592, 0.683578, 0.683583, 0.683581, 0.683582, 0.683582, 0.683582, 0.683582, 0.683582, 0.683582, 0.683582, 0.683582, 0.683582, 0.683582, 0.683582, 0.683582, 0.683582, 0.683582, 0.683582, 0.683582, 0.683582, 0.683581, 0.683582, 0.683582, 
1, 1, 0.999998, 0.999964, 0.999907, 0.999826, 0.999717, 0.99958, 0.999412, 0.999213, 0.998979, 0.998708, 0.998399, 0.998049, 0.997655, 0.997215, 0.996725, 0.996182, 0.995584, 0.994926, 0.994205, 0.993417, 0.992558, 0.991623, 0.990607, 0.989505, 0.988312, 0.987023, 0.98563, 0.984129, 0.982507, 0.980772, 0.978934, 0.97698, 0.974903, 0.972697, 0.970353, 0.967862, 0.965216, 0.962403, 0.959414, 0.956238, 0.952862, 0.949275, 0.945463, 0.941411, 0.937105, 0.932528, 0.927664, 0.922494, 0.916999, 0.911158, 0.904951, 0.898353, 0.891339, 0.883885, 0.875961, 0.86754, 0.858586, 0.849072, 0.838954, 0.82821, 0.816765, 0.804649, 0.791668, 0.778076, 0.763212, 0.748243, 0.730682, 0.715259, 0.692531, 0.680602, 0.684544, 0.683117, 0.683568, 0.683426, 0.68347, 0.683456, 0.683461, 0.683459, 0.68346, 0.68346, 0.68346, 0.68346, 0.68346, 0.68346, 0.68346, 0.68346, 0.68346, 0.68346, 0.68346, 0.68346, 0.68346, 0.68346, 0.68346, 0.68346, 0.68346, 0.68346, 0.68346, 0.68346, 
1, 1, 0.999998, 0.999964, 0.999907, 0.999826, 0.999717, 0.99958, 0.999412, 0.999212, 0.998978, 0.998707, 0.998398, 0.998048, 0.997654, 0.997213, 0.996723, 0.99618, 0.995581, 0.994923, 0.994201, 0.993413, 0.992553, 0.991617, 0.990601, 0.989499, 0.988305, 0.987015, 0.985621, 0.98412, 0.982497, 0.980761, 0.978922, 0.976966, 0.974889, 0.972682, 0.970336, 0.967844, 0.965196, 0.962382, 0.959392, 0.956214, 0.952837, 0.949248, 0.945433, 0.94138, 0.937071, 0.932492, 0.927626, 0.922454, 0.916956, 0.911113, 0.904903, 0.898302, 0.891286, 0.883829, 0.875902, 0.867477, 0.85852, 0.849003, 0.83888, 0.828133, 0.816684, 0.804564, 0.791579, 0.777983, 0.763114, 0.748141, 0.730575, 0.715148, 0.692413, 0.680482, 0.684425, 0.682997, 0.683449, 0.683306, 0.683351, 0.683337, 0.683341, 0.68334, 0.68334, 0.68334, 0.68334, 0.68334, 0.68334, 0.68334, 0.68334, 0.68334, 0.68334, 0.68334, 0.68334, 0.68334, 0.68334, 0.68334, 0.68334, 0.68334, 0.68334, 0.68334, 0.68334, 0.68334, 
1, 1, 0.999998, 0.999964, 0.999907, 0.999825, 0.999717, 0.999579, 0.999412, 0.999212, 0.998977, 0.998707, 0.998397, 0.998046, 0.997652, 0.997211, 0.99672, 0.996177, 0.995578, 0.99492, 0.994198, 0.993409, 0.992548, 0.991612, 0.990595, 0.989492, 0.988298, 0.987007, 0.985612, 0.98411, 0.982487, 0.98075, 0.978909, 0.976953, 0.974875, 0.972666, 0.97032, 0.967826, 0.965177, 0.962361, 0.95937, 0.95619, 0.952811, 0.94922, 0.945404, 0.941349, 0.937038, 0.932458, 0.927589, 0.922414, 0.916914, 0.911069, 0.904856, 0.898252, 0.891233, 0.883773, 0.875843, 0.867415, 0.858455, 0.848934, 0.838808, 0.828057, 0.816604, 0.80448, 0.791491, 0.777891, 0.763018, 0.74804, 0.730469, 0.715038, 0.692298, 0.680363, 0.684308, 0.68288, 0.683331, 0.683189, 0.683233, 0.683219, 0.683224, 0.683222, 0.683223, 0.683222, 0.683223, 0.683222, 0.683223, 0.683222, 0.683222, 0.683222, 0.683222, 0.683222, 0.683223, 0.683222, 0.683223, 0.683222, 0.683223, 0.683222, 0.683223, 0.683222, 0.683223, 0.683223, 
1, 1, 0.999998, 0.999964, 0.999907, 0.999825, 0.999716, 0.999579, 0.999411, 0.999211, 0.998977, 0.998706, 0.998396, 0.998045, 0.99765, 0.997209, 0.996718, 0.996175, 0.995575, 0.994916, 0.994194, 0.993405, 0.992544, 0.991607, 0.990589, 0.989486, 0.988291, 0.987, 0.985604, 0.984101, 0.982477, 0.980739, 0.978898, 0.97694, 0.974861, 0.972651, 0.970304, 0.967809, 0.965158, 0.962341, 0.959348, 0.956167, 0.952786, 0.949194, 0.945376, 0.941318, 0.937006, 0.932423, 0.927552, 0.922375, 0.916873, 0.911025, 0.90481, 0.898203, 0.891182, 0.883718, 0.875786, 0.867354, 0.858391, 0.848867, 0.838737, 0.827982, 0.816526, 0.804398, 0.791405, 0.777801, 0.762923, 0.747942, 0.730366, 0.714931, 0.692185, 0.680247, 0.684193, 0.682764, 0.683216, 0.683073, 0.683118, 0.683104, 0.683108, 0.683107, 0.683107, 0.683107, 0.683107, 0.683107, 0.683107, 0.683107, 0.683107, 0.683107, 0.683107, 0.683107, 0.683107, 0.683107, 0.683107, 0.683107, 0.683107, 0.683107, 0.683107, 0.683107, 0.683107, 0.683107, 
1, 1, 0.999998, 0.999964, 0.999907, 0.999825, 0.999716, 0.999579, 0.999411, 0.999211, 0.998976, 0.998705, 0.998395, 0.998044, 0.997649, 0.997207, 0.996716, 0.996172, 0.995572, 0.994913, 0.994191, 0.993401, 0.992539, 0.991602, 0.990584, 0.98948, 0.988284, 0.986992, 0.985596, 0.984092, 0.982467, 0.980728, 0.978886, 0.976928, 0.974847, 0.972636, 0.970288, 0.967792, 0.96514, 0.962321, 0.959327, 0.956144, 0.952762, 0.949168, 0.945348, 0.941289, 0.936975, 0.93239, 0.927517, 0.922337, 0.916833, 0.910983, 0.904764, 0.898156, 0.891131, 0.883665, 0.875729, 0.867295, 0.858328, 0.848801, 0.838668, 0.827909, 0.816449, 0.804318, 0.79132, 0.777712, 0.76283, 0.747845, 0.730264, 0.714825, 0.692073, 0.680133, 0.68408, 0.68265, 0.683103, 0.68296, 0.683004, 0.68299, 0.682995, 0.682993, 0.682994, 0.682994, 0.682994, 0.682994, 0.682994, 0.682994, 0.682994, 0.682994, 0.682994, 0.682994, 0.682994, 0.682994, 0.682994, 0.682994, 0.682994, 0.682994, 0.682994, 0.682994, 0.682994, 0.682994, 
1, 1, 0.999998, 0.999964, 0.999907, 0.999825, 0.999716, 0.999578, 0.99941, 0.99921, 0.998975, 0.998704, 0.998394, 0.998043, 0.997647, 0.997206, 0.996714, 0.99617, 0.99557, 0.99491, 0.994187, 0.993397, 0.992535, 0.991597, 0.990578, 0.989474, 0.988277, 0.986985, 0.985588, 0.984083, 0.982457, 0.980717, 0.978874, 0.976915, 0.974834, 0.972622, 0.970272, 0.967775, 0.965121, 0.962302, 0.959306, 0.956122, 0.952738, 0.949142, 0.945321, 0.94126, 0.936943, 0.932356, 0.927481, 0.9223, 0.916793, 0.91094, 0.90472, 0.898108, 0.891081, 0.883612, 0.875673, 0.867236, 0.858266, 0.848736, 0.838599, 0.827837, 0.816373, 0.804238, 0.791237, 0.777625, 0.762739, 0.747749, 0.730164, 0.714722, 0.691964, 0.680021, 0.683969, 0.682539, 0.682991, 0.682848, 0.682893, 0.682879, 0.682883, 0.682882, 0.682882, 0.682882, 0.682882, 0.682882, 0.682882, 0.682882, 0.682882, 0.682882, 0.682882, 0.682882, 0.682882, 0.682882, 0.682882, 0.682882, 0.682882, 0.682882, 0.682882, 0.682882, 0.682882, 0.682882, 
1, 1, 0.999998, 0.999964, 0.999907, 0.999825, 0.999716, 0.999578, 0.99941, 0.99921, 0.998975, 0.998703, 0.998393, 0.998041, 0.997646, 0.997204, 0.996712, 0.996168, 0.995567, 0.994907, 0.994184, 0.993393, 0.99253, 0.991592, 0.990573, 0.989468, 0.988271, 0.986977, 0.98558, 0.984074, 0.982448, 0.980707, 0.978863, 0.976903, 0.97482, 0.972608, 0.970256, 0.967758, 0.965104, 0.962283, 0.959285, 0.9561, 0.952714, 0.949117, 0.945294, 0.941231, 0.936913, 0.932324, 0.927447, 0.922263, 0.916754, 0.910899, 0.904676, 0.898062, 0.891032, 0.883561, 0.875619, 0.867178, 0.858206, 0.848672, 0.838532, 0.827766, 0.816299, 0.80416, 0.791155, 0.77754, 0.762649, 0.747656, 0.730066, 0.71462, 0.691856, 0.67991, 0.68386, 0.682429, 0.682882, 0.682739, 0.682783, 0.68277, 0.682774, 0.682773, 0.682773, 0.682773, 0.682773, 0.682773, 0.682773, 0.682773, 0.682773, 0.682773, 0.682773, 0.682773, 0.682773, 0.682773, 0.682773, 0.682773, 0.682773, 0.682773, 0.682773, 0.682773, 0.682773, 0.682773, 
1, 1, 0.999998, 0.999964, 0.999907, 0.999825, 0.999716, 0.999578, 0.99941, 0.999209, 0.998974, 0.998702, 0.998392, 0.99804, 0.997644, 0.997202, 0.99671, 0.996165, 0.995564, 0.994904, 0.99418, 0.993389, 0.992526, 0.991587, 0.990567, 0.989462, 0.988264, 0.98697, 0.985572, 0.984066, 0.982438, 0.980697, 0.978852, 0.976891, 0.974807, 0.972594, 0.970241, 0.967742, 0.965086, 0.962264, 0.959265, 0.956078, 0.952691, 0.949092, 0.945267, 0.941203, 0.936883, 0.932292, 0.927413, 0.922227, 0.916716, 0.910859, 0.904633, 0.898017, 0.890984, 0.88351, 0.875565, 0.867122, 0.858146, 0.848609, 0.838466, 0.827697, 0.816226, 0.804084, 0.791075, 0.777456, 0.762561, 0.747564, 0.729969, 0.71452, 0.691751, 0.679802, 0.683753, 0.682321, 0.682775, 0.682631, 0.682676, 0.682662, 0.682666, 0.682665, 0.682665, 0.682665, 0.682665, 0.682665, 0.682665, 0.682665, 0.682665, 0.682665, 0.682665, 0.682665, 0.682665, 0.682665, 0.682665, 0.682665, 0.682665, 0.682665, 0.682665, 0.682665, 0.682666, 0.682666, 
1, 1, 0.999998, 0.999964, 0.999907, 0.999825, 0.999715, 0.999578, 0.999409, 0.999209, 0.998973, 0.998702, 0.998391, 0.998039, 0.997643, 0.9972, 0.996708, 0.996163, 0.995562, 0.994901, 0.994177, 0.993385, 0.992522, 0.991583, 0.990562, 0.989456, 0.988258, 0.986963, 0.985564, 0.984057, 0.982429, 0.980687, 0.978841, 0.976879, 0.974795, 0.97258, 0.970226, 0.967726, 0.965069, 0.962245, 0.959245, 0.956057, 0.952668, 0.949068, 0.945241, 0.941175, 0.936853, 0.932261, 0.927379, 0.922192, 0.916678, 0.910819, 0.904591, 0.897972, 0.890937, 0.88346, 0.875513, 0.867066, 0.858088, 0.848547, 0.838401, 0.827629, 0.816154, 0.804009, 0.790996, 0.777373, 0.762475, 0.747474, 0.729874, 0.714421, 0.691647, 0.679696, 0.683647, 0.682216, 0.682669, 0.682526, 0.68257, 0.682556, 0.682561, 0.682559, 0.68256, 0.68256, 0.68256, 0.68256, 0.68256, 0.68256, 0.68256, 0.68256, 0.68256, 0.68256, 0.68256, 0.68256, 0.68256, 0.68256, 0.68256, 0.68256, 0.68256, 0.68256, 0.68256, 0.68256, 
1, 1, 0.999998, 0.999964, 0.999907, 0.999825, 0.999715, 0.999577, 0.999409, 0.999208, 0.998973, 0.998701, 0.99839, 0.998038, 0.997642, 0.997199, 0.996706, 0.996161, 0.995559, 0.994898, 0.994174, 0.993381, 0.992518, 0.991578, 0.990557, 0.98945, 0.988252, 0.986956, 0.985556, 0.984049, 0.98242, 0.980677, 0.978831, 0.976868, 0.974782, 0.972566, 0.970212, 0.96771, 0.965052, 0.962227, 0.959225, 0.956036, 0.952646, 0.949044, 0.945216, 0.941148, 0.936824, 0.93223, 0.927347, 0.922157, 0.916641, 0.91078, 0.904549, 0.897928, 0.89089, 0.883411, 0.875461, 0.867012, 0.85803, 0.848487, 0.838337, 0.827562, 0.816084, 0.803935, 0.790919, 0.777292, 0.76239, 0.747385, 0.729781, 0.714325, 0.691545, 0.679592, 0.683544, 0.682112, 0.682565, 0.682422, 0.682467, 0.682453, 0.682457, 0.682456, 0.682456, 0.682456, 0.682456, 0.682456, 0.682456, 0.682456, 0.682456, 0.682456, 0.682456, 0.682456, 0.682456, 0.682456, 0.682456, 0.682456, 0.682456, 0.682456, 0.682456, 0.682456, 0.682456, 0.682456, 
1, 1, 0.999998, 0.999964, 0.999907, 0.999824, 0.999715, 0.999577, 0.999409, 0.999208, 0.998972, 0.9987, 0.998389, 0.998037, 0.99764, 0.997197, 0.996704, 0.996159, 0.995557, 0.994895, 0.99417, 0.993378, 0.992514, 0.991573, 0.990552, 0.989445, 0.988245, 0.986949, 0.985549, 0.984041, 0.982411, 0.980667, 0.97882, 0.976856, 0.97477, 0.972553, 0.970197, 0.967695, 0.965035, 0.962209, 0.959206, 0.956015, 0.952624, 0.94902, 0.945191, 0.941121, 0.936796, 0.932199, 0.927314, 0.922123, 0.916605, 0.910741, 0.904509, 0.897885, 0.890845, 0.883363, 0.87541, 0.866958, 0.857974, 0.848427, 0.838275, 0.827496, 0.816015, 0.803863, 0.790843, 0.777212, 0.762306, 0.747298, 0.72969, 0.71423, 0.691445, 0.679489, 0.683443, 0.68201, 0.682464, 0.68232, 0.682365, 0.682351, 0.682355, 0.682354, 0.682354, 0.682354, 0.682354, 0.682354, 0.682354, 0.682354, 0.682354, 0.682354, 0.682354, 0.682354, 0.682354, 0.682354, 0.682354, 0.682354, 0.682354, 0.682354, 0.682354, 0.682354, 0.682354, 0.682354, 
1, 1, 0.999998, 0.999964, 0.999907, 0.999824, 0.999715, 0.999577, 0.999408, 0.999207, 0.998972, 0.998699, 0.998388, 0.998036, 0.997639, 0.997196, 0.996702, 0.996157, 0.995554, 0.994892, 0.994167, 0.993374, 0.99251, 0.991569, 0.990547, 0.989439, 0.988239, 0.986943, 0.985542, 0.984033, 0.982402, 0.980658, 0.97881, 0.976845, 0.974758, 0.97254, 0.970183, 0.967679, 0.965019, 0.962192, 0.959187, 0.955995, 0.952602, 0.948997, 0.945166, 0.941095, 0.936768, 0.93217, 0.927283, 0.922089, 0.916569, 0.910703, 0.904469, 0.897843, 0.8908, 0.883315, 0.87536, 0.866905, 0.857918, 0.848369, 0.838213, 0.827432, 0.815947, 0.803791, 0.790768, 0.777134, 0.762224, 0.747212, 0.7296, 0.714137, 0.691347, 0.679388, 0.683343, 0.68191, 0.682364, 0.68222, 0.682265, 0.682251, 0.682255, 0.682254, 0.682254, 0.682254, 0.682254, 0.682254, 0.682254, 0.682254, 0.682254, 0.682254, 0.682254, 0.682254, 0.682254, 0.682254, 0.682254, 0.682254, 0.682254, 0.682254, 0.682254, 0.682254, 0.682254, 0.682254, 
1, 1, 0.999998, 0.999964, 0.999907, 0.999824, 0.999715, 0.999577, 0.999408, 0.999207, 0.998971, 0.998699, 0.998387, 0.998034, 0.997638, 0.997194, 0.996701, 0.996154, 0.995552, 0.99489, 0.994164, 0.993371, 0.992506, 0.991564, 0.990542, 0.989434, 0.988233, 0.986936, 0.985534, 0.984025, 0.982394, 0.980648, 0.9788, 0.976834, 0.974746, 0.972527, 0.970169, 0.967665, 0.965003, 0.962174, 0.959169, 0.955975, 0.952581, 0.948975, 0.945142, 0.941069, 0.93674, 0.93214, 0.927252, 0.922056, 0.916534, 0.910666, 0.904429, 0.897801, 0.890756, 0.883269, 0.875311, 0.866854, 0.857864, 0.848311, 0.838153, 0.827368, 0.81588, 0.803721, 0.790695, 0.777057, 0.762144, 0.747128, 0.729512, 0.714046, 0.691251, 0.67929, 0.683245, 0.681811, 0.682266, 0.682122, 0.682167, 0.682153, 0.682157, 0.682156, 0.682156, 0.682156, 0.682156, 0.682156, 0.682156, 0.682156, 0.682156, 0.682156, 0.682156, 0.682156, 0.682156, 0.682156, 0.682156, 0.682156, 0.682156, 0.682156, 0.682156, 0.682156, 0.682156, 0.682156, 
1, 1, 0.999998, 0.999964, 0.999907, 0.999824, 0.999715, 0.999576, 0.999408, 0.999206, 0.99897, 0.998698, 0.998386, 0.998033, 0.997636, 0.997193, 0.996699, 0.996152, 0.99555, 0.994887, 0.994161, 0.993367, 0.992502, 0.99156, 0.990537, 0.989428, 0.988227, 0.98693, 0.985527, 0.984017, 0.982385, 0.980639, 0.97879, 0.976823, 0.974734, 0.972514, 0.970156, 0.96765, 0.964987, 0.962157, 0.959151, 0.955956, 0.95256, 0.948952, 0.945118, 0.941044, 0.936713, 0.932112, 0.927221, 0.922024, 0.9165, 0.91063, 0.904391, 0.89776, 0.890713, 0.883223, 0.875263, 0.866803, 0.85781, 0.848255, 0.838094, 0.827306, 0.815815, 0.803653, 0.790623, 0.776982, 0.762065, 0.747046, 0.729425, 0.713956, 0.691156, 0.679192, 0.683149, 0.681715, 0.682169, 0.682025, 0.68207, 0.682056, 0.682061, 0.682059, 0.68206, 0.68206, 0.68206, 0.68206, 0.68206, 0.68206, 0.68206, 0.68206, 0.68206, 0.68206, 0.68206, 0.68206, 0.68206, 0.68206, 0.68206, 0.68206, 0.68206, 0.682059, 0.68206, 0.68206, 
1, 1, 0.999998, 0.999964, 0.999907, 0.999824, 0.999714, 0.999576, 0.999407, 0.999206, 0.99897, 0.998697, 0.998385, 0.998032, 0.997635, 0.997191, 0.996697, 0.99615, 0.995547, 0.994884, 0.994158, 0.993364, 0.992498, 0.991556, 0.990533, 0.989423, 0.988222, 0.986923, 0.98552, 0.98401, 0.982377, 0.98063, 0.97878, 0.976813, 0.974723, 0.972502, 0.970142, 0.967635, 0.964971, 0.962141, 0.959133, 0.955937, 0.95254, 0.948931, 0.945095, 0.941019, 0.936687, 0.932083, 0.927191, 0.921992, 0.916466, 0.910594, 0.904353, 0.89772, 0.89067, 0.883178, 0.875215, 0.866753, 0.857757, 0.8482, 0.838035, 0.827245, 0.815751, 0.803585, 0.790552, 0.776908, 0.761987, 0.746965, 0.72934, 0.713867, 0.691063, 0.679097, 0.683055, 0.68162, 0.682075, 0.681931, 0.681976, 0.681961, 0.681966, 0.681965, 0.681965, 0.681965, 0.681965, 0.681965, 0.681965, 0.681965, 0.681965, 0.681965, 0.681965, 0.681965, 0.681965, 0.681965, 0.681965, 0.681965, 0.681965, 0.681965, 0.681965, 0.681965, 0.681965, 0.681965, 
1, 1, 0.999998, 0.999964, 0.999907, 0.999824, 0.999714, 0.999576, 0.999407, 0.999205, 0.998969, 0.998696, 0.998385, 0.998031, 0.997634, 0.99719, 0.996695, 0.996148, 0.995545, 0.994882, 0.994155, 0.993361, 0.992494, 0.991552, 0.990528, 0.989418, 0.988216, 0.986917, 0.985514, 0.984002, 0.982369, 0.980621, 0.97877, 0.976802, 0.974711, 0.97249, 0.970129, 0.967621, 0.964956, 0.962124, 0.959115, 0.955918, 0.95252, 0.948909, 0.945072, 0.940994, 0.936661, 0.932056, 0.927162, 0.92196, 0.916433, 0.910559, 0.904315, 0.89768, 0.890629, 0.883134, 0.875169, 0.866704, 0.857706, 0.848145, 0.837978, 0.827184, 0.815687, 0.803519, 0.790482, 0.776835, 0.761911, 0.746885, 0.729257, 0.713781, 0.690972, 0.679003, 0.682962, 0.681526, 0.681982, 0.681837, 0.681882, 0.681868, 0.681873, 0.681871, 0.681872, 0.681872, 0.681872, 0.681872, 0.681872, 0.681872, 0.681872, 0.681872, 0.681872, 0.681872, 0.681872, 0.681872, 0.681872, 0.681872, 0.681872, 0.681872, 0.681872, 0.681872, 0.681872, 0.681872, 
1, 1, 0.999998, 0.999963, 0.999907, 0.999824, 0.999714, 0.999576, 0.999407, 0.999205, 0.998969, 0.998696, 0.998384, 0.99803, 0.997633, 0.997188, 0.996694, 0.996146, 0.995543, 0.994879, 0.994152, 0.993357, 0.992491, 0.991548, 0.990523, 0.989413, 0.988211, 0.986911, 0.985507, 0.983995, 0.982361, 0.980613, 0.978761, 0.976792, 0.9747, 0.972478, 0.970116, 0.967607, 0.964941, 0.962108, 0.959098, 0.955899, 0.9525, 0.948888, 0.945049, 0.94097, 0.936635, 0.932028, 0.927133, 0.92193, 0.9164, 0.910524, 0.904279, 0.897642, 0.890588, 0.883091, 0.875123, 0.866656, 0.857655, 0.848092, 0.837922, 0.827125, 0.815625, 0.803454, 0.790414, 0.776764, 0.761836, 0.746807, 0.729175, 0.713696, 0.690882, 0.678911, 0.682871, 0.681435, 0.68189, 0.681746, 0.681791, 0.681777, 0.681781, 0.68178, 0.68178, 0.68178, 0.68178, 0.68178, 0.68178, 0.68178, 0.68178, 0.68178, 0.68178, 0.68178, 0.68178, 0.68178, 0.68178, 0.68178, 0.68178, 0.68178, 0.68178, 0.68178, 0.681781, 0.681781, 
1, 1, 0.999998, 0.999963, 0.999906, 0.999824, 0.999714, 0.999575, 0.999406, 0.999204, 0.998968, 0.998695, 0.998383, 0.998029, 0.997631, 0.997187, 0.996692, 0.996144, 0.995541, 0.994877, 0.994149, 0.993354, 0.992487, 0.991544, 0.990519, 0.989408, 0.988205, 0.986905, 0.9855, 0.983988, 0.982353, 0.980604, 0.978751, 0.976782, 0.974689, 0.972466, 0.970104, 0.967594, 0.964927, 0.962093, 0.959081, 0.955881, 0.952481, 0.948867, 0.945027, 0.940947, 0.93661, 0.932002, 0.927104, 0.921899, 0.916368, 0.91049, 0.904243, 0.897604, 0.890547, 0.883048, 0.875078, 0.866608, 0.857605, 0.848039, 0.837867, 0.827067, 0.815564, 0.80339, 0.790347, 0.776693, 0.761762, 0.74673, 0.729094, 0.713612, 0.690794, 0.678821, 0.682782, 0.681345, 0.681801, 0.681656, 0.681701, 0.681687, 0.681692, 0.68169, 0.681691, 0.681691, 0.681691, 0.681691, 0.681691, 0.681691, 0.681691, 0.681691, 0.681691, 0.681691, 0.681691, 0.681691, 0.681691, 0.681691, 0.681691, 0.681691, 0.681691, 0.681691, 0.681691, 0.681691, 
1, 1, 0.999998, 0.999963, 0.999906, 0.999824, 0.999714, 0.999575, 0.999406, 0.999204, 0.998968, 0.998694, 0.998382, 0.998028, 0.99763, 0.997185, 0.99669, 0.996143, 0.995538, 0.994874, 0.994146, 0.993351, 0.992484, 0.99154, 0.990515, 0.989403, 0.9882, 0.986899, 0.985494, 0.983981, 0.982345, 0.980596, 0.978742, 0.976772, 0.974679, 0.972454, 0.970091, 0.96758, 0.964912, 0.962077, 0.959064, 0.955863, 0.952462, 0.948847, 0.945005, 0.940923, 0.936585, 0.931975, 0.927076, 0.92187, 0.916337, 0.910457, 0.904207, 0.897566, 0.890508, 0.883007, 0.875034, 0.866562, 0.857556, 0.847988, 0.837812, 0.82701, 0.815505, 0.803327, 0.790281, 0.776624, 0.76169, 0.746654, 0.729015, 0.71353, 0.690707, 0.678732, 0.682694, 0.681257, 0.681712, 0.681568, 0.681613, 0.681599, 0.681603, 0.681602, 0.681603, 0.681602, 0.681602, 0.681602, 0.681602, 0.681602, 0.681602, 0.681602, 0.681602, 0.681602, 0.681602, 0.681602, 0.681602, 0.681602, 0.681602, 0.681602, 0.681602, 0.681602, 0.681603, 0.681603, 
1, 1, 0.999998, 0.999963, 0.999906, 0.999824, 0.999714, 0.999575, 0.999406, 0.999204, 0.998967, 0.998694, 0.998381, 0.998027, 0.997629, 0.997184, 0.996689, 0.996141, 0.995536, 0.994872, 0.994144, 0.993348, 0.99248, 0.991536, 0.99051, 0.989398, 0.988194, 0.986893, 0.985488, 0.983974, 0.982338, 0.980587, 0.978733, 0.976762, 0.974668, 0.972443, 0.970079, 0.967567, 0.964898, 0.962062, 0.959048, 0.955846, 0.952443, 0.948827, 0.944984, 0.940901, 0.936561, 0.931949, 0.927049, 0.921841, 0.916306, 0.910424, 0.904173, 0.897529, 0.890469, 0.882966, 0.874991, 0.866516, 0.857508, 0.847937, 0.837759, 0.826954, 0.815446, 0.803265, 0.790216, 0.776557, 0.761619, 0.74658, 0.728937, 0.713449, 0.690622, 0.678645, 0.682607, 0.68117, 0.681626, 0.681481, 0.681527, 0.681512, 0.681517, 0.681516, 0.681516, 0.681516, 0.681516, 0.681516, 0.681516, 0.681516, 0.681516, 0.681516, 0.681516, 0.681516, 0.681516, 0.681516, 0.681516, 0.681516, 0.681516, 0.681516, 0.681516, 0.681516, 0.681516, 0.681516, 
1, 1, 0.999998, 0.999963, 0.999906, 0.999823, 0.999714, 0.999575, 0.999405, 0.999203, 0.998967, 0.998693, 0.998381, 0.998026, 0.997628, 0.997183, 0.996687, 0.996139, 0.995534, 0.994869, 0.994141, 0.993345, 0.992477, 0.991532, 0.990506, 0.989394, 0.988189, 0.986888, 0.985481, 0.983967, 0.98233, 0.980579, 0.978725, 0.976753, 0.974658, 0.972432, 0.970067, 0.967554, 0.964884, 0.962047, 0.959032, 0.955829, 0.952424, 0.948807, 0.944963, 0.940878, 0.936537, 0.931924, 0.927022, 0.921812, 0.916275, 0.910392, 0.904139, 0.897493, 0.890431, 0.882925, 0.874948, 0.866471, 0.857461, 0.847887, 0.837707, 0.826899, 0.815388, 0.803205, 0.790153, 0.77649, 0.761549, 0.746508, 0.728861, 0.71337, 0.690539, 0.67856, 0.682523, 0.681085, 0.681541, 0.681396, 0.681442, 0.681427, 0.681432, 0.68143, 0.681431, 0.681431, 0.681431, 0.681431, 0.681431, 0.681431, 0.681431, 0.681431, 0.681431, 0.681431, 0.681431, 0.681431, 0.681431, 0.681431, 0.681431, 0.681431, 0.681431, 0.681431, 0.681431, 0.681431, 
1, 1, 0.999998, 0.999963, 0.999906, 0.999823, 0.999713, 0.999575, 0.999405, 0.999203, 0.998966, 0.998692, 0.99838, 0.998025, 0.997627, 0.997181, 0.996686, 0.996137, 0.995532, 0.994867, 0.994138, 0.993342, 0.992473, 0.991528, 0.990502, 0.989389, 0.988184, 0.986882, 0.985475, 0.98396, 0.982323, 0.980571, 0.978716, 0.976743, 0.974648, 0.972421, 0.970055, 0.967541, 0.96487, 0.962032, 0.959016, 0.955812, 0.952406, 0.948788, 0.944942, 0.940856, 0.936514, 0.931899, 0.926995, 0.921784, 0.916246, 0.91036, 0.904105, 0.897458, 0.890393, 0.882886, 0.874907, 0.866427, 0.857414, 0.847839, 0.837655, 0.826845, 0.815331, 0.803145, 0.79009, 0.776425, 0.761481, 0.746436, 0.728786, 0.713292, 0.690457, 0.678475, 0.68244, 0.681001, 0.681457, 0.681313, 0.681358, 0.681344, 0.681348, 0.681347, 0.681347, 0.681347, 0.681347, 0.681347, 0.681347, 0.681347, 0.681347, 0.681347, 0.681347, 0.681347, 0.681347, 0.681347, 0.681347, 0.681347, 0.681347, 0.681347, 0.681347, 0.681347, 0.681347, 0.681347, 
1, 1, 0.999998, 0.999963, 0.999906, 0.999823, 0.999713, 0.999574, 0.999405, 0.999202, 0.998966, 0.998692, 0.998379, 0.998024, 0.997626, 0.99718, 0.996684, 0.996135, 0.99553, 0.994865, 0.994136, 0.993339, 0.99247, 0.991525, 0.990498, 0.989384, 0.988179, 0.986877, 0.985469, 0.983953, 0.982316, 0.980564, 0.978707, 0.976734, 0.974638, 0.97241, 0.970044, 0.967529, 0.964857, 0.962018, 0.959001, 0.955795, 0.952389, 0.948769, 0.944922, 0.940835, 0.936491, 0.931875, 0.926969, 0.921756, 0.916216, 0.910329, 0.904072, 0.897423, 0.890357, 0.882847, 0.874866, 0.866384, 0.857369, 0.847791, 0.837605, 0.826792, 0.815276, 0.803087, 0.790029, 0.77636, 0.761413, 0.746366, 0.728712, 0.713216, 0.690376, 0.678393, 0.682358, 0.680919, 0.681376, 0.681231, 0.681276, 0.681262, 0.681266, 0.681265, 0.681265, 0.681265, 0.681265, 0.681265, 0.681265, 0.681265, 0.681265, 0.681265, 0.681265, 0.681265, 0.681265, 0.681265, 0.681265, 0.681265, 0.681265, 0.681265, 0.681265, 0.681265, 0.681265, 0.681265, 
1, 1, 0.999998, 0.999963, 0.999906, 0.999823, 0.999713, 0.999574, 0.999404, 0.999202, 0.998965, 0.998691, 0.998378, 0.998024, 0.997625, 0.997179, 0.996683, 0.996134, 0.995528, 0.994862, 0.994133, 0.993336, 0.992467, 0.991521, 0.990494, 0.98938, 0.988174, 0.986871, 0.985463, 0.983947, 0.982309, 0.980556, 0.978699, 0.976725, 0.974628, 0.9724, 0.970032, 0.967517, 0.964844, 0.962003, 0.958986, 0.955779, 0.952371, 0.94875, 0.944902, 0.940813, 0.936468, 0.931851, 0.926944, 0.921729, 0.916188, 0.910298, 0.90404, 0.897389, 0.89032, 0.882809, 0.874825, 0.866342, 0.857324, 0.847743, 0.837555, 0.82674, 0.815221, 0.803029, 0.789969, 0.776297, 0.761347, 0.746297, 0.72864, 0.713141, 0.690297, 0.678312, 0.682278, 0.680838, 0.681295, 0.68115, 0.681195, 0.681181, 0.681186, 0.681184, 0.681185, 0.681185, 0.681185, 0.681185, 0.681185, 0.681185, 0.681185, 0.681185, 0.681185, 0.681185, 0.681185, 0.681185, 0.681185, 0.681185, 0.681185, 0.681185, 0.681185, 0.681185, 0.681185, 0.681185, 
1, 1, 0.999998, 0.999963, 0.999906, 0.999823, 0.999713, 0.999574, 0.999404, 0.999202, 0.998965, 0.998691, 0.998377, 0.998023, 0.997624, 0.997177, 0.996681, 0.996132, 0.995526, 0.99486, 0.994131, 0.993333, 0.992464, 0.991517, 0.99049, 0.989376, 0.988169, 0.986866, 0.985457, 0.983941, 0.982302, 0.980548, 0.978691, 0.976716, 0.974618, 0.972389, 0.970021, 0.967504, 0.964831, 0.96199, 0.958971, 0.955763, 0.952354, 0.948732, 0.944883, 0.940792, 0.936446, 0.931827, 0.926919, 0.921702, 0.916159, 0.910268, 0.904008, 0.897355, 0.890285, 0.882771, 0.874786, 0.8663, 0.85728, 0.847697, 0.837507, 0.826689, 0.815167, 0.802973, 0.78991, 0.776235, 0.761282, 0.746229, 0.728569, 0.713067, 0.690219, 0.678232, 0.682199, 0.680759, 0.681216, 0.681071, 0.681116, 0.681102, 0.681107, 0.681105, 0.681106, 0.681106, 0.681106, 0.681106, 0.681106, 0.681106, 0.681106, 0.681106, 0.681106, 0.681106, 0.681106, 0.681106, 0.681106, 0.681106, 0.681106, 0.681106, 0.681106, 0.681106, 0.681106, 0.681106, 
1, 1, 0.999998, 0.999963, 0.999906, 0.999823, 0.999713, 0.999574, 0.999404, 0.999201, 0.998964, 0.99869, 0.998377, 0.998022, 0.997622, 0.997176, 0.99668, 0.99613, 0.995524, 0.994858, 0.994128, 0.99333, 0.99246, 0.991514, 0.990486, 0.989371, 0.988165, 0.986861, 0.985452, 0.983934, 0.982295, 0.980541, 0.978683, 0.976707, 0.974609, 0.972379, 0.97001, 0.967493, 0.964818, 0.961976, 0.958956, 0.955747, 0.952337, 0.948714, 0.944864, 0.940772, 0.936424, 0.931804, 0.926894, 0.921676, 0.916131, 0.910239, 0.903977, 0.897322, 0.89025, 0.882734, 0.874747, 0.866259, 0.857237, 0.847652, 0.837459, 0.826639, 0.815114, 0.802918, 0.789851, 0.776175, 0.761219, 0.746163, 0.728499, 0.712995, 0.690143, 0.678154, 0.682121, 0.680681, 0.681138, 0.680993, 0.681039, 0.681025, 0.681029, 0.681028, 0.681028, 0.681028, 0.681028, 0.681028, 0.681028, 0.681028, 0.681028, 0.681028, 0.681028, 0.681028, 0.681028, 0.681028, 0.681028, 0.681028, 0.681028, 0.681028, 0.681028, 0.681028, 0.681028, 0.681028, 
1, 1, 0.999998, 0.999963, 0.999906, 0.999823, 0.999713, 0.999574, 0.999404, 0.999201, 0.998964, 0.998689, 0.998376, 0.998021, 0.997621, 0.997175, 0.996678, 0.996129, 0.995522, 0.994856, 0.994126, 0.993328, 0.992457, 0.99151, 0.990482, 0.989367, 0.98816, 0.986855, 0.985446, 0.983928, 0.982288, 0.980534, 0.978675, 0.976699, 0.974599, 0.972369, 0.969999, 0.967481, 0.964805, 0.961962, 0.958941, 0.955732, 0.952321, 0.948696, 0.944845, 0.940752, 0.936403, 0.931781, 0.92687, 0.921651, 0.916104, 0.91021, 0.903946, 0.89729, 0.890216, 0.882698, 0.874709, 0.866219, 0.857194, 0.847607, 0.837412, 0.826589, 0.815062, 0.802863, 0.789794, 0.776115, 0.761156, 0.746097, 0.72843, 0.712924, 0.690068, 0.678077, 0.682045, 0.680605, 0.681062, 0.680917, 0.680962, 0.680948, 0.680953, 0.680951, 0.680952, 0.680952, 0.680952, 0.680952, 0.680952, 0.680952, 0.680952, 0.680952, 0.680952, 0.680952, 0.680952, 0.680952, 0.680952, 0.680952, 0.680952, 0.680952, 0.680952, 0.680952, 0.680952, 0.680952, 
1, 1, 0.999998, 0.999963, 0.999906, 0.999823, 0.999713, 0.999573, 0.999403, 0.999201, 0.998963, 0.998689, 0.998375, 0.99802, 0.99762, 0.997174, 0.996677, 0.996127, 0.99552, 0.994854, 0.994123, 0.993325, 0.992454, 0.991507, 0.990478, 0.989363, 0.988155, 0.98685, 0.985441, 0.983922, 0.982282, 0.980526, 0.978667, 0.97669, 0.97459, 0.972359, 0.969988, 0.96747, 0.964793, 0.961949, 0.958927, 0.955716, 0.952304, 0.948679, 0.944826, 0.940732, 0.936382, 0.931759, 0.926846, 0.921625, 0.916077, 0.910182, 0.903916, 0.897258, 0.890182, 0.882663, 0.874671, 0.866179, 0.857153, 0.847563, 0.837366, 0.826541, 0.815011, 0.80281, 0.789738, 0.776056, 0.761094, 0.746033, 0.728363, 0.712854, 0.689994, 0.678002, 0.681971, 0.680529, 0.680987, 0.680842, 0.680887, 0.680873, 0.680878, 0.680876, 0.680877, 0.680877, 0.680877, 0.680877, 0.680877, 0.680877, 0.680877, 0.680877, 0.680877, 0.680877, 0.680877, 0.680877, 0.680877, 0.680877, 0.680877, 0.680877, 0.680877, 0.680877, 0.680877, 0.680877, 
1, 1, 0.999998, 0.999963, 0.999906, 0.999823, 0.999712, 0.999573, 0.999403, 0.9992, 0.998963, 0.998688, 0.998375, 0.998019, 0.997619, 0.997173, 0.996676, 0.996125, 0.995519, 0.994852, 0.994121, 0.993322, 0.992451, 0.991504, 0.990475, 0.989359, 0.988151, 0.986846, 0.985435, 0.983916, 0.982275, 0.980519, 0.97866, 0.976682, 0.974581, 0.972349, 0.969978, 0.967458, 0.964781, 0.961936, 0.958913, 0.955701, 0.952288, 0.948662, 0.944808, 0.940713, 0.936361, 0.931737, 0.926823, 0.9216, 0.916051, 0.910154, 0.903887, 0.897227, 0.890149, 0.882628, 0.874634, 0.86614, 0.857112, 0.84752, 0.83732, 0.826493, 0.814961, 0.802757, 0.789683, 0.775999, 0.761034, 0.74597, 0.728297, 0.712786, 0.689922, 0.677928, 0.681897, 0.680456, 0.680914, 0.680768, 0.680814, 0.6808, 0.680804, 0.680803, 0.680803, 0.680803, 0.680803, 0.680803, 0.680803, 0.680803, 0.680803, 0.680803, 0.680803, 0.680803, 0.680803, 0.680803, 0.680803, 0.680803, 0.680803, 0.680803, 0.680803, 0.680803, 0.680803, 0.680803, 
1, 1, 0.999998, 0.999963, 0.999906, 0.999823, 0.999712, 0.999573, 0.999403, 0.9992, 0.998962, 0.998688, 0.998374, 0.998018, 0.997618, 0.997171, 0.996674, 0.996124, 0.995517, 0.99485, 0.994119, 0.99332, 0.992448, 0.991501, 0.990471, 0.989355, 0.988147, 0.986841, 0.98543, 0.98391, 0.982269, 0.980512, 0.978652, 0.976674, 0.974573, 0.97234, 0.969968, 0.967447, 0.964769, 0.961923, 0.9589, 0.955687, 0.952273, 0.948645, 0.94479, 0.940694, 0.936341, 0.931715, 0.9268, 0.921576, 0.916025, 0.910126, 0.903858, 0.897196, 0.890117, 0.882593, 0.874598, 0.866102, 0.857072, 0.847478, 0.837276, 0.826446, 0.814912, 0.802706, 0.789629, 0.775942, 0.760975, 0.745908, 0.728232, 0.712718, 0.689851, 0.677855, 0.681825, 0.680383, 0.680841, 0.680696, 0.680742, 0.680727, 0.680732, 0.68073, 0.680731, 0.680731, 0.680731, 0.680731, 0.680731, 0.680731, 0.680731, 0.680731, 0.680731, 0.680731, 0.680731, 0.680731, 0.680731, 0.680731, 0.680731, 0.680731, 0.680731, 0.680731, 0.680731, 0.680731, 
1, 1, 0.999998, 0.999963, 0.999906, 0.999823, 0.999712, 0.999573, 0.999403, 0.9992, 0.998962, 0.998687, 0.998373, 0.998018, 0.997618, 0.99717, 0.996673, 0.996122, 0.995515, 0.994848, 0.994116, 0.993317, 0.992446, 0.991497, 0.990467, 0.989351, 0.988142, 0.986836, 0.985425, 0.983905, 0.982263, 0.980506, 0.978645, 0.976666, 0.974564, 0.972331, 0.969958, 0.967436, 0.964757, 0.961911, 0.958886, 0.955672, 0.952257, 0.948629, 0.944772, 0.940675, 0.936321, 0.931694, 0.926777, 0.921552, 0.916, 0.910099, 0.903829, 0.897166, 0.890085, 0.88256, 0.874563, 0.866065, 0.857032, 0.847436, 0.837232, 0.8264, 0.814864, 0.802655, 0.789576, 0.775887, 0.760917, 0.745848, 0.728168, 0.712652, 0.689781, 0.677783, 0.681755, 0.680312, 0.680771, 0.680625, 0.680671, 0.680656, 0.680661, 0.680659, 0.68066, 0.68066, 0.68066, 0.68066, 0.68066, 0.68066, 0.68066, 0.68066, 0.68066, 0.68066, 0.68066, 0.68066, 0.68066, 0.68066, 0.68066, 0.68066, 0.68066, 0.68066, 0.68066, 0.68066, 
1, 1, 0.999998, 0.999963, 0.999906, 0.999823, 0.999712, 0.999573, 0.999402, 0.999199, 0.998962, 0.998687, 0.998373, 0.998017, 0.997617, 0.997169, 0.996672, 0.996121, 0.995513, 0.994846, 0.994114, 0.993315, 0.992443, 0.991494, 0.990464, 0.989347, 0.988138, 0.986831, 0.985419, 0.983899, 0.982257, 0.980499, 0.978637, 0.976658, 0.974555, 0.972321, 0.969948, 0.967426, 0.964746, 0.961899, 0.958873, 0.955658, 0.952242, 0.948612, 0.944755, 0.940657, 0.936301, 0.931673, 0.926755, 0.921529, 0.915975, 0.910073, 0.903801, 0.897136, 0.890053, 0.882527, 0.874528, 0.866028, 0.856993, 0.847395, 0.837189, 0.826355, 0.814817, 0.802605, 0.789524, 0.775832, 0.760859, 0.745788, 0.728106, 0.712587, 0.689713, 0.677713, 0.681685, 0.680242, 0.680701, 0.680555, 0.680601, 0.680587, 0.680591, 0.68059, 0.68059, 0.68059, 0.68059, 0.68059, 0.68059, 0.68059, 0.68059, 0.68059, 0.68059, 0.68059, 0.68059, 0.68059, 0.68059, 0.68059, 0.68059, 0.68059, 0.68059, 0.68059, 0.68059, 0.68059, 
1, 1, 0.999998, 0.999963, 0.999906, 0.999823, 0.999712, 0.999572, 0.999402, 0.999199, 0.998961, 0.998686, 0.998372, 0.998016, 0.997616, 0.997168, 0.99667, 0.996119, 0.995512, 0.994844, 0.994112, 0.993312, 0.99244, 0.991491, 0.990461, 0.989343, 0.988134, 0.986827, 0.985414, 0.983894, 0.982251, 0.980492, 0.97863, 0.97665, 0.974547, 0.972312, 0.969938, 0.967415, 0.964735, 0.961886, 0.95886, 0.955644, 0.952227, 0.948596, 0.944738, 0.940638, 0.936282, 0.931653, 0.926733, 0.921505, 0.91595, 0.910047, 0.903774, 0.897107, 0.890023, 0.882494, 0.874493, 0.865992, 0.856955, 0.847355, 0.837147, 0.826311, 0.81477, 0.802557, 0.789473, 0.775778, 0.760803, 0.745729, 0.728044, 0.712523, 0.689646, 0.677644, 0.681617, 0.680174, 0.680632, 0.680487, 0.680533, 0.680518, 0.680523, 0.680521, 0.680522, 0.680522, 0.680522, 0.680522, 0.680522, 0.680522, 0.680522, 0.680522, 0.680522, 0.680522, 0.680522, 0.680522, 0.680522, 0.680522, 0.680522, 0.680522, 0.680522, 0.680522, 0.680522, 0.680522, 
1, 1, 0.999998, 0.999963, 0.999906, 0.999822, 0.999712, 0.999572, 0.999402, 0.999199, 0.998961, 0.998686, 0.998371, 0.998015, 0.997615, 0.997167, 0.996669, 0.996118, 0.99551, 0.994842, 0.99411, 0.99331, 0.992437, 0.991488, 0.990457, 0.98934, 0.98813, 0.986822, 0.985409, 0.983888, 0.982245, 0.980486, 0.978623, 0.976643, 0.974539, 0.972304, 0.969929, 0.967405, 0.964724, 0.961875, 0.958847, 0.955631, 0.952213, 0.948581, 0.944722, 0.940621, 0.936263, 0.931632, 0.926712, 0.921483, 0.915926, 0.910021, 0.903747, 0.897079, 0.889992, 0.882462, 0.87446, 0.865956, 0.856918, 0.847316, 0.837106, 0.826267, 0.814724, 0.802509, 0.789423, 0.775726, 0.760748, 0.745672, 0.727984, 0.712461, 0.68958, 0.677577, 0.68155, 0.680107, 0.680565, 0.68042, 0.680465, 0.680451, 0.680455, 0.680454, 0.680455, 0.680454, 0.680454, 0.680454, 0.680454, 0.680454, 0.680454, 0.680454, 0.680454, 0.680454, 0.680454, 0.680454, 0.680454, 0.680454, 0.680454, 0.680454, 0.680454, 0.680454, 0.680455, 0.680455, 
1, 1, 0.999998, 0.999963, 0.999906, 0.999822, 0.999712, 0.999572, 0.999402, 0.999198, 0.99896, 0.998685, 0.998371, 0.998015, 0.997614, 0.997166, 0.996668, 0.996116, 0.995508, 0.99484, 0.994108, 0.993307, 0.992435, 0.991485, 0.990454, 0.989336, 0.988126, 0.986818, 0.985405, 0.983883, 0.982239, 0.98048, 0.978616, 0.976635, 0.974531, 0.972295, 0.969919, 0.967395, 0.964713, 0.961863, 0.958835, 0.955617, 0.952198, 0.948566, 0.944705, 0.940603, 0.936244, 0.931613, 0.926691, 0.92146, 0.915903, 0.909996, 0.90372, 0.89705, 0.889963, 0.882431, 0.874427, 0.865921, 0.856881, 0.847277, 0.837065, 0.826225, 0.81468, 0.802461, 0.789373, 0.775674, 0.760694, 0.745615, 0.727925, 0.712399, 0.689515, 0.67751, 0.681484, 0.68004, 0.680499, 0.680354, 0.680399, 0.680385, 0.680389, 0.680388, 0.680389, 0.680388, 0.680388, 0.680388, 0.680388, 0.680388, 0.680388, 0.680388, 0.680388, 0.680388, 0.680388, 0.680388, 0.680388, 0.680388, 0.680388, 0.680388, 0.680388, 0.680388, 0.680389, 0.680389, 
1, 1, 0.999998, 0.999963, 0.999906, 0.999822, 0.999712, 0.999572, 0.999401, 0.999198, 0.99896, 0.998685, 0.99837, 0.998014, 0.997613, 0.997165, 0.996667, 0.996115, 0.995507, 0.994838, 0.994106, 0.993305, 0.992432, 0.991482, 0.990451, 0.989332, 0.988122, 0.986813, 0.9854, 0.983878, 0.982233, 0.980474, 0.97861, 0.976628, 0.974523, 0.972286, 0.96991, 0.967385, 0.964702, 0.961851, 0.958823, 0.955604, 0.952184, 0.948551, 0.944689, 0.940586, 0.936226, 0.931593, 0.92667, 0.921439, 0.915879, 0.909972, 0.903694, 0.897023, 0.889934, 0.8824, 0.874394, 0.865887, 0.856845, 0.847239, 0.837025, 0.826183, 0.814635, 0.802415, 0.789325, 0.775623, 0.760641, 0.74556, 0.727866, 0.712339, 0.689451, 0.677445, 0.68142, 0.679975, 0.680435, 0.680289, 0.680334, 0.68032, 0.680325, 0.680323, 0.680324, 0.680324, 0.680324, 0.680324, 0.680324, 0.680324, 0.680324, 0.680324, 0.680324, 0.680324, 0.680324, 0.680324, 0.680324, 0.680324, 0.680324, 0.680324, 0.680324, 0.680324, 0.680324, 0.680324, 
1, 1, 0.999998, 0.999963, 0.999906, 0.999822, 0.999712, 0.999572, 0.999401, 0.999198, 0.99896, 0.998684, 0.99837, 0.998013, 0.997612, 0.997164, 0.996665, 0.996114, 0.995505, 0.994836, 0.994104, 0.993303, 0.992429, 0.991479, 0.990447, 0.989329, 0.988118, 0.986809, 0.985395, 0.983872, 0.982228, 0.980467, 0.978603, 0.976621, 0.974515, 0.972278, 0.969901, 0.967375, 0.964692, 0.96184, 0.958811, 0.955591, 0.952171, 0.948536, 0.944673, 0.940569, 0.936208, 0.931574, 0.92665, 0.921417, 0.915857, 0.909948, 0.903668, 0.896996, 0.889905, 0.88237, 0.874362, 0.865853, 0.85681, 0.847202, 0.836986, 0.826142, 0.814592, 0.80237, 0.789277, 0.775573, 0.760588, 0.745505, 0.727809, 0.71228, 0.689389, 0.677381, 0.681356, 0.679912, 0.680371, 0.680225, 0.680271, 0.680257, 0.680261, 0.68026, 0.68026, 0.68026, 0.68026, 0.68026, 0.68026, 0.68026, 0.68026, 0.68026, 0.68026, 0.68026, 0.68026, 0.68026, 0.68026, 0.68026, 0.68026, 0.68026, 0.68026, 0.68026, 0.68026, 0.68026, 
1, 1, 0.999998, 0.999963, 0.999906, 0.999822, 0.999711, 0.999572, 0.999401, 0.999197, 0.998959, 0.998684, 0.998369, 0.998012, 0.997611, 0.997163, 0.996664, 0.996112, 0.995504, 0.994835, 0.994102, 0.9933, 0.992427, 0.991477, 0.990444, 0.989325, 0.988114, 0.986805, 0.98539, 0.983867, 0.982222, 0.980461, 0.978597, 0.976614, 0.974508, 0.97227, 0.969892, 0.967366, 0.964681, 0.961829, 0.958799, 0.955579, 0.952157, 0.948521, 0.944658, 0.940553, 0.936191, 0.931555, 0.92663, 0.921396, 0.915834, 0.909924, 0.903643, 0.896969, 0.889877, 0.88234, 0.874331, 0.86582, 0.856775, 0.847165, 0.836947, 0.826101, 0.81455, 0.802325, 0.78923, 0.775524, 0.760537, 0.745452, 0.727753, 0.712221, 0.689327, 0.677318, 0.681294, 0.679849, 0.680308, 0.680163, 0.680208, 0.680194, 0.680198, 0.680197, 0.680198, 0.680197, 0.680197, 0.680197, 0.680197, 0.680197, 0.680197, 0.680197, 0.680197, 0.680197, 0.680197, 0.680197, 0.680197, 0.680197, 0.680197, 0.680197, 0.680197, 0.680197, 0.680198, 0.680198, 
1, 1, 0.999998, 0.999963, 0.999906, 0.999822, 0.999711, 0.999571, 0.999401, 0.999197, 0.998959, 0.998683, 0.998368, 0.998012, 0.99761, 0.997162, 0.996663, 0.996111, 0.995502, 0.994833, 0.9941, 0.993298, 0.992424, 0.991474, 0.990441, 0.989322, 0.98811, 0.986801, 0.985386, 0.983862, 0.982217, 0.980456, 0.97859, 0.976607, 0.9745, 0.972262, 0.969883, 0.967356, 0.964671, 0.961818, 0.958787, 0.955566, 0.952144, 0.948507, 0.944643, 0.940537, 0.936173, 0.931537, 0.92661, 0.921375, 0.915812, 0.909901, 0.903619, 0.896943, 0.889849, 0.882311, 0.8743, 0.865788, 0.856741, 0.847129, 0.836909, 0.826061, 0.814508, 0.802281, 0.789184, 0.775476, 0.760487, 0.745399, 0.727698, 0.712164, 0.689267, 0.677256, 0.681233, 0.679788, 0.680247, 0.680101, 0.680147, 0.680133, 0.680137, 0.680136, 0.680136, 0.680136, 0.680136, 0.680136, 0.680136, 0.680136, 0.680136, 0.680136, 0.680136, 0.680136, 0.680136, 0.680136, 0.680136, 0.680136, 0.680136, 0.680136, 0.680136, 0.680136, 0.680136, 0.680136, 
1, 1, 0.999998, 0.999963, 0.999906, 0.999822, 0.999711, 0.999571, 0.999401, 0.999197, 0.998958, 0.998683, 0.998368, 0.998011, 0.99761, 0.997161, 0.996662, 0.99611, 0.995501, 0.994831, 0.994098, 0.993296, 0.992422, 0.991471, 0.990438, 0.989319, 0.988106, 0.986797, 0.985381, 0.983858, 0.982211, 0.98045, 0.978584, 0.9766, 0.974493, 0.972254, 0.969875, 0.967347, 0.964661, 0.961808, 0.958776, 0.955554, 0.95213, 0.948493, 0.944628, 0.940521, 0.936157, 0.931519, 0.926591, 0.921355, 0.91579, 0.909878, 0.903594, 0.896917, 0.889822, 0.882282, 0.87427, 0.865756, 0.856707, 0.847094, 0.836872, 0.826022, 0.814467, 0.802238, 0.789139, 0.775429, 0.760437, 0.745347, 0.727644, 0.712108, 0.689208, 0.677195, 0.681173, 0.679727, 0.680187, 0.680041, 0.680087, 0.680072, 0.680077, 0.680075, 0.680076, 0.680076, 0.680076, 0.680076, 0.680076, 0.680076, 0.680076, 0.680076, 0.680076, 0.680076, 0.680076, 0.680076, 0.680076, 0.680076, 0.680076, 0.680076, 0.680076, 0.680076, 0.680076, 0.680076, 
1, 1, 0.999998, 0.999963, 0.999906, 0.999822, 0.999711, 0.999571, 0.9994, 0.999197, 0.998958, 0.998682, 0.998367, 0.99801, 0.997609, 0.99716, 0.996661, 0.996108, 0.995499, 0.99483, 0.994096, 0.993294, 0.99242, 0.991468, 0.990435, 0.989315, 0.988103, 0.986793, 0.985377, 0.983853, 0.982206, 0.980444, 0.978578, 0.976593, 0.974486, 0.972246, 0.969866, 0.967338, 0.964652, 0.961797, 0.958764, 0.955542, 0.952118, 0.948479, 0.944613, 0.940505, 0.93614, 0.931501, 0.926572, 0.921335, 0.915769, 0.909855, 0.90357, 0.896892, 0.889795, 0.882254, 0.87424, 0.865725, 0.856674, 0.847059, 0.836836, 0.825984, 0.814427, 0.802196, 0.789095, 0.775383, 0.760388, 0.745297, 0.72759, 0.712053, 0.68915, 0.677136, 0.681114, 0.679668, 0.680128, 0.679982, 0.680027, 0.680013, 0.680018, 0.680016, 0.680017, 0.680016, 0.680017, 0.680017, 0.680017, 0.680017, 0.680017, 0.680017, 0.680017, 0.680017, 0.680017, 0.680017, 0.680017, 0.680017, 0.680017, 0.680016, 0.680017, 0.680016, 0.680017, 0.680017, 
1, 1, 0.999998, 0.999963, 0.999905, 0.999822, 0.999711, 0.999571, 0.9994, 0.999196, 0.998958, 0.998682, 0.998367, 0.99801, 0.997608, 0.997159, 0.99666, 0.996107, 0.995498, 0.994828, 0.994094, 0.993292, 0.992417, 0.991466, 0.990432, 0.989312, 0.988099, 0.986789, 0.985373, 0.983848, 0.982201, 0.980439, 0.978572, 0.976587, 0.974478, 0.972238, 0.969858, 0.967329, 0.964642, 0.961787, 0.958753, 0.95553, 0.952105, 0.948466, 0.944599, 0.94049, 0.936123, 0.931484, 0.926554, 0.921315, 0.915748, 0.909833, 0.903547, 0.896867, 0.889769, 0.882227, 0.874211, 0.865694, 0.856642, 0.847025, 0.8368, 0.825946, 0.814387, 0.802155, 0.789051, 0.775337, 0.760341, 0.745247, 0.727538, 0.711999, 0.689092, 0.677077, 0.681056, 0.67961, 0.68007, 0.679923, 0.679969, 0.679955, 0.679959, 0.679958, 0.679958, 0.679958, 0.679958, 0.679958, 0.679958, 0.679958, 0.679958, 0.679958, 0.679958, 0.679958, 0.679958, 0.679958, 0.679958, 0.679958, 0.679958, 0.679958, 0.679958, 0.679958, 0.679958, 0.679958, 
1, 1, 0.999998, 0.999963, 0.999905, 0.999822, 0.999711, 0.999571, 0.9994, 0.999196, 0.998957, 0.998681, 0.998366, 0.998009, 0.997607, 0.997158, 0.996659, 0.996106, 0.995496, 0.994826, 0.994092, 0.99329, 0.992415, 0.991463, 0.990429, 0.989309, 0.988096, 0.986785, 0.985369, 0.983844, 0.982196, 0.980433, 0.978566, 0.97658, 0.974471, 0.972231, 0.96985, 0.96732, 0.964633, 0.961777, 0.958742, 0.955518, 0.952093, 0.948452, 0.944585, 0.940475, 0.936107, 0.931467, 0.926536, 0.921296, 0.915728, 0.909811, 0.903524, 0.896843, 0.889744, 0.8822, 0.874182, 0.865664, 0.85661, 0.846992, 0.836765, 0.825909, 0.814348, 0.802114, 0.789009, 0.775292, 0.760294, 0.745198, 0.727487, 0.711945, 0.689036, 0.67702, 0.680999, 0.679552, 0.680013, 0.679866, 0.679912, 0.679898, 0.679902, 0.679901, 0.679901, 0.679901, 0.679901, 0.679901, 0.679901, 0.679901, 0.679901, 0.679901, 0.679901, 0.679901, 0.679901, 0.679901, 0.679901, 0.679901, 0.679901, 0.679901, 0.679901, 0.679901, 0.679901, 0.679901, 
1, 1, 0.999998, 0.999963, 0.999905, 0.999822, 0.999711, 0.999571, 0.9994, 0.999196, 0.998957, 0.998681, 0.998366, 0.998008, 0.997606, 0.997157, 0.996658, 0.996105, 0.995495, 0.994825, 0.99409, 0.993288, 0.992413, 0.991461, 0.990427, 0.989306, 0.988092, 0.986781, 0.985364, 0.983839, 0.982191, 0.980428, 0.97856, 0.976574, 0.974465, 0.972223, 0.969842, 0.967312, 0.964623, 0.961767, 0.958732, 0.955507, 0.95208, 0.948439, 0.944571, 0.94046, 0.936092, 0.93145, 0.926518, 0.921277, 0.915708, 0.90979, 0.903502, 0.896819, 0.889718, 0.882173, 0.874154, 0.865634, 0.856579, 0.846959, 0.83673, 0.825873, 0.81431, 0.802074, 0.788967, 0.775248, 0.760248, 0.74515, 0.727436, 0.711893, 0.688981, 0.676963, 0.680943, 0.679496, 0.679957, 0.67981, 0.679856, 0.679842, 0.679846, 0.679845, 0.679845, 0.679845, 0.679845, 0.679845, 0.679845, 0.679845, 0.679845, 0.679845, 0.679845, 0.679845, 0.679845, 0.679845, 0.679845, 0.679845, 0.679845, 0.679845, 0.679845, 0.679845, 0.679845, 0.679845, 
1, 1, 0.999998, 0.999963, 0.999905, 0.999822, 0.999711, 0.999571, 0.9994, 0.999196, 0.998957, 0.998681, 0.998365, 0.998008, 0.997606, 0.997156, 0.996657, 0.996104, 0.995494, 0.994823, 0.994089, 0.993286, 0.99241, 0.991458, 0.990424, 0.989303, 0.988089, 0.986777, 0.98536, 0.983835, 0.982186, 0.980422, 0.978554, 0.976568, 0.974458, 0.972216, 0.969834, 0.967303, 0.964614, 0.961757, 0.958721, 0.955496, 0.952068, 0.948427, 0.944557, 0.940445, 0.936076, 0.931434, 0.9265, 0.921258, 0.915688, 0.909769, 0.903479, 0.896796, 0.889694, 0.882147, 0.874127, 0.865605, 0.856548, 0.846927, 0.836696, 0.825837, 0.814273, 0.802035, 0.788925, 0.775205, 0.760203, 0.745103, 0.727387, 0.711842, 0.688927, 0.676908, 0.680888, 0.679441, 0.679902, 0.679755, 0.679801, 0.679787, 0.679791, 0.67979, 0.67979, 0.67979, 0.67979, 0.67979, 0.67979, 0.67979, 0.67979, 0.67979, 0.67979, 0.67979, 0.67979, 0.67979, 0.67979, 0.67979, 0.67979, 0.67979, 0.67979, 0.67979, 0.67979, 0.67979, 
1, 1, 0.999998, 0.999963, 0.999905, 0.999822, 0.999711, 0.99957, 0.999399, 0.999195, 0.998956, 0.99868, 0.998365, 0.998007, 0.997605, 0.997156, 0.996656, 0.996102, 0.995492, 0.994822, 0.994087, 0.993284, 0.992408, 0.991456, 0.990421, 0.9893, 0.988086, 0.986774, 0.985356, 0.98383, 0.982181, 0.980417, 0.978549, 0.976562, 0.974451, 0.972209, 0.969826, 0.967295, 0.964605, 0.961748, 0.958711, 0.955485, 0.952057, 0.948414, 0.944544, 0.940431, 0.936061, 0.931417, 0.926483, 0.92124, 0.915669, 0.909749, 0.903458, 0.896773, 0.889669, 0.882121, 0.8741, 0.865576, 0.856518, 0.846895, 0.836663, 0.825802, 0.814236, 0.801996, 0.788885, 0.775163, 0.760158, 0.745057, 0.727338, 0.711792, 0.688874, 0.676854, 0.680835, 0.679387, 0.679848, 0.679701, 0.679747, 0.679733, 0.679737, 0.679736, 0.679736, 0.679736, 0.679736, 0.679736, 0.679736, 0.679736, 0.679736, 0.679736, 0.679736, 0.679736, 0.679736, 0.679736, 0.679736, 0.679736, 0.679736, 0.679736, 0.679736, 0.679736, 0.679736, 0.679736, 
1, 1, 0.999998, 0.999963, 0.999905, 0.999822, 0.999711, 0.99957, 0.999399, 0.999195, 0.998956, 0.99868, 0.998364, 0.998007, 0.997604, 0.997155, 0.996655, 0.996101, 0.995491, 0.99482, 0.994085, 0.993282, 0.992406, 0.991453, 0.990419, 0.989297, 0.988082, 0.98677, 0.985352, 0.983826, 0.982177, 0.980412, 0.978543, 0.976556, 0.974445, 0.972202, 0.969819, 0.967287, 0.964597, 0.961738, 0.958701, 0.955474, 0.952045, 0.948402, 0.94453, 0.940417, 0.936046, 0.931401, 0.926466, 0.921222, 0.91565, 0.909728, 0.903436, 0.89675, 0.889645, 0.882096, 0.874073, 0.865548, 0.856488, 0.846864, 0.83663, 0.825768, 0.8142, 0.801958, 0.788845, 0.775121, 0.760115, 0.745011, 0.727291, 0.711742, 0.688822, 0.6768, 0.680782, 0.679334, 0.679794, 0.679648, 0.679694, 0.67968, 0.679684, 0.679683, 0.679683, 0.679683, 0.679683, 0.679683, 0.679683, 0.679683, 0.679683, 0.679683, 0.679683, 0.679683, 0.679683, 0.679683, 0.679683, 0.679683, 0.679683, 0.679683, 0.679683, 0.679683, 0.679683, 0.679683, 
1, 1, 0.999998, 0.999963, 0.999905, 0.999822, 0.99971, 0.99957, 0.999399, 0.999195, 0.998956, 0.998679, 0.998364, 0.998006, 0.997604, 0.997154, 0.996654, 0.9961, 0.99549, 0.994819, 0.994083, 0.99328, 0.992404, 0.991451, 0.990416, 0.989294, 0.988079, 0.986767, 0.985349, 0.983822, 0.982172, 0.980407, 0.978538, 0.97655, 0.974438, 0.972195, 0.969811, 0.967279, 0.964588, 0.961729, 0.958691, 0.955463, 0.952034, 0.94839, 0.944517, 0.940403, 0.936031, 0.931386, 0.92645, 0.921204, 0.915631, 0.909709, 0.903415, 0.896728, 0.889622, 0.882071, 0.874047, 0.865521, 0.856459, 0.846833, 0.836598, 0.825734, 0.814164, 0.801921, 0.788806, 0.775081, 0.760072, 0.744966, 0.727244, 0.711694, 0.688771, 0.676748, 0.68073, 0.679281, 0.679742, 0.679596, 0.679642, 0.679627, 0.679632, 0.679631, 0.679631, 0.679631, 0.679631, 0.679631, 0.679631, 0.679631, 0.679631, 0.679631, 0.679631, 0.679631, 0.679631, 0.679631, 0.679631, 0.679631, 0.679631, 0.679631, 0.679631, 0.679631, 0.679631, 0.679631, 
1, 1, 0.999998, 0.999963, 0.999905, 0.999822, 0.99971, 0.99957, 0.999399, 0.999195, 0.998955, 0.998679, 0.998363, 0.998005, 0.997603, 0.997153, 0.996653, 0.996099, 0.995488, 0.994817, 0.994082, 0.993278, 0.992402, 0.991449, 0.990413, 0.989291, 0.988076, 0.986763, 0.985345, 0.983818, 0.982168, 0.980402, 0.978532, 0.976544, 0.974432, 0.972188, 0.969804, 0.967271, 0.96458, 0.96172, 0.958681, 0.955453, 0.952023, 0.948378, 0.944505, 0.94039, 0.936017, 0.93137, 0.926433, 0.921187, 0.915613, 0.909689, 0.903395, 0.896706, 0.889599, 0.882047, 0.874021, 0.865494, 0.856431, 0.846803, 0.836566, 0.825701, 0.814129, 0.801884, 0.788768, 0.77504, 0.76003, 0.744923, 0.727198, 0.711646, 0.68872, 0.676696, 0.680679, 0.67923, 0.679691, 0.679545, 0.679591, 0.679576, 0.679581, 0.679579, 0.67958, 0.67958, 0.67958, 0.67958, 0.67958, 0.67958, 0.67958, 0.67958, 0.67958, 0.67958, 0.67958, 0.67958, 0.67958, 0.67958, 0.67958, 0.67958, 0.67958, 0.67958, 0.67958, 0.67958, 
1, 1, 0.999998, 0.999963, 0.999905, 0.999821, 0.99971, 0.99957, 0.999399, 0.999194, 0.998955, 0.998679, 0.998363, 0.998005, 0.997602, 0.997152, 0.996652, 0.996098, 0.995487, 0.994816, 0.99408, 0.993276, 0.9924, 0.991446, 0.990411, 0.989288, 0.988073, 0.98676, 0.985341, 0.983813, 0.982163, 0.980397, 0.978527, 0.976538, 0.974426, 0.972182, 0.969797, 0.967263, 0.964571, 0.961711, 0.958672, 0.955443, 0.952012, 0.948366, 0.944492, 0.940376, 0.936003, 0.931355, 0.926417, 0.92117, 0.915595, 0.90967, 0.903374, 0.896685, 0.889576, 0.882023, 0.873996, 0.865467, 0.856403, 0.846774, 0.836535, 0.825668, 0.814095, 0.801848, 0.78873, 0.775001, 0.759989, 0.744879, 0.727153, 0.711599, 0.688671, 0.676645, 0.680629, 0.67918, 0.679641, 0.679494, 0.67954, 0.679526, 0.67953, 0.679529, 0.679529, 0.679529, 0.679529, 0.679529, 0.679529, 0.679529, 0.679529, 0.679529, 0.679529, 0.679529, 0.679529, 0.679529, 0.679529, 0.679529, 0.679529, 0.679529, 0.679529, 0.679529, 0.679529, 0.679529, 
1, 1, 0.999998, 0.999963, 0.999905, 0.999821, 0.99971, 0.99957, 0.999398, 0.999194, 0.998955, 0.998678, 0.998362, 0.998004, 0.997602, 0.997151, 0.996651, 0.996097, 0.995486, 0.994814, 0.994079, 0.993275, 0.992398, 0.991444, 0.990408, 0.989286, 0.98807, 0.986756, 0.985337, 0.983809, 0.982159, 0.980393, 0.978522, 0.976533, 0.97442, 0.972175, 0.96979, 0.967256, 0.964563, 0.961702, 0.958662, 0.955433, 0.952001, 0.948354, 0.94448, 0.940363, 0.935989, 0.931341, 0.926402, 0.921153, 0.915577, 0.909651, 0.903355, 0.896664, 0.889554, 0.881999, 0.873971, 0.865441, 0.856375, 0.846745, 0.836505, 0.825636, 0.814061, 0.801813, 0.788693, 0.774962, 0.759948, 0.744837, 0.727108, 0.711553, 0.688623, 0.676596, 0.680579, 0.67913, 0.679592, 0.679445, 0.679491, 0.679477, 0.679481, 0.67948, 0.67948, 0.67948, 0.67948, 0.67948, 0.67948, 0.67948, 0.67948, 0.67948, 0.67948, 0.67948, 0.67948, 0.67948, 0.67948, 0.67948, 0.67948, 0.67948, 0.67948, 0.67948, 0.67948, 0.67948, 
1, 1, 0.999998, 0.999963, 0.999905, 0.999821, 0.99971, 0.99957, 0.999398, 0.999194, 0.998955, 0.998678, 0.998362, 0.998004, 0.997601, 0.997151, 0.99665, 0.996096, 0.995485, 0.994813, 0.994077, 0.993273, 0.992396, 0.991442, 0.990406, 0.989283, 0.988067, 0.986753, 0.985334, 0.983806, 0.982155, 0.980388, 0.978517, 0.976527, 0.974414, 0.972169, 0.969783, 0.967248, 0.964555, 0.961694, 0.958653, 0.955423, 0.95199, 0.948343, 0.944468, 0.94035, 0.935975, 0.931326, 0.926386, 0.921137, 0.915559, 0.909633, 0.903335, 0.896643, 0.889532, 0.881976, 0.873947, 0.865415, 0.856348, 0.846716, 0.836475, 0.825605, 0.814028, 0.801779, 0.788657, 0.774924, 0.759908, 0.744796, 0.727065, 0.711508, 0.688575, 0.676547, 0.680531, 0.679082, 0.679543, 0.679396, 0.679443, 0.679428, 0.679433, 0.679431, 0.679432, 0.679431, 0.679432, 0.679432, 0.679432, 0.679432, 0.679432, 0.679432, 0.679432, 0.679432, 0.679432, 0.679432, 0.679432, 0.679432, 0.679432, 0.679432, 0.679432, 0.679431, 0.679432, 0.679432, 
1, 1, 0.999998, 0.999963, 0.999905, 0.999821, 0.99971, 0.99957, 0.999398, 0.999194, 0.998954, 0.998678, 0.998361, 0.998003, 0.9976, 0.99715, 0.996649, 0.996095, 0.995483, 0.994812, 0.994076, 0.993271, 0.992394, 0.99144, 0.990403, 0.98928, 0.988064, 0.98675, 0.98533, 0.983802, 0.98215, 0.980383, 0.978512, 0.976522, 0.974408, 0.972162, 0.969776, 0.967241, 0.964547, 0.961685, 0.958644, 0.955413, 0.95198, 0.948332, 0.944456, 0.940338, 0.935962, 0.931312, 0.926371, 0.921121, 0.915542, 0.909615, 0.903316, 0.896623, 0.889511, 0.881954, 0.873923, 0.86539, 0.856322, 0.846688, 0.836446, 0.825574, 0.813996, 0.801745, 0.788621, 0.774887, 0.759869, 0.744755, 0.727022, 0.711463, 0.688528, 0.676499, 0.680484, 0.679034, 0.679496, 0.679349, 0.679395, 0.67938, 0.679385, 0.679384, 0.679384, 0.679384, 0.679384, 0.679384, 0.679384, 0.679384, 0.679384, 0.679384, 0.679384, 0.679384, 0.679384, 0.679384, 0.679384, 0.679384, 0.679384, 0.679384, 0.679384, 0.679384, 0.679384, 0.679384, 
1, 1, 0.999998, 0.999963, 0.999905, 0.999821, 0.99971, 0.999569, 0.999398, 0.999193, 0.998954, 0.998677, 0.998361, 0.998003, 0.9976, 0.997149, 0.996648, 0.996094, 0.995482, 0.99481, 0.994074, 0.993269, 0.992392, 0.991438, 0.990401, 0.989278, 0.988061, 0.986747, 0.985327, 0.983798, 0.982146, 0.980379, 0.978507, 0.976517, 0.974402, 0.972156, 0.96977, 0.967234, 0.964539, 0.961677, 0.958635, 0.955404, 0.95197, 0.948321, 0.944445, 0.940325, 0.935948, 0.931298, 0.926356, 0.921105, 0.915526, 0.909597, 0.903297, 0.896603, 0.88949, 0.881931, 0.873899, 0.865365, 0.856296, 0.846661, 0.836417, 0.825544, 0.813964, 0.801711, 0.788586, 0.77485, 0.759831, 0.744715, 0.72698, 0.71142, 0.688482, 0.676452, 0.680437, 0.678987, 0.679449, 0.679302, 0.679348, 0.679334, 0.679338, 0.679337, 0.679337, 0.679337, 0.679337, 0.679337, 0.679337, 0.679337, 0.679337, 0.679337, 0.679337, 0.679337, 0.679337, 0.679337, 0.679337, 0.679337, 0.679337, 0.679337, 0.679337, 0.679337, 0.679337, 0.679337, 
1, 1, 0.999998, 0.999963, 0.999905, 0.999821, 0.99971, 0.999569, 0.999398, 0.999193, 0.998954, 0.998677, 0.99836, 0.998002, 0.997599, 0.997148, 0.996647, 0.996093, 0.995481, 0.994809, 0.994073, 0.993268, 0.99239, 0.991436, 0.990399, 0.989275, 0.988058, 0.986744, 0.985323, 0.983794, 0.982142, 0.980375, 0.978502, 0.976512, 0.974397, 0.97215, 0.969763, 0.967227, 0.964532, 0.961669, 0.958627, 0.955394, 0.95196, 0.948311, 0.944433, 0.940313, 0.935935, 0.931284, 0.926341, 0.92109, 0.915509, 0.909579, 0.903278, 0.896583, 0.889469, 0.881909, 0.873876, 0.865341, 0.85627, 0.846634, 0.836388, 0.825514, 0.813933, 0.801678, 0.788552, 0.774814, 0.759793, 0.744675, 0.726939, 0.711377, 0.688437, 0.676406, 0.680391, 0.678941, 0.679403, 0.679256, 0.679302, 0.679288, 0.679292, 0.679291, 0.679291, 0.679291, 0.679291, 0.679291, 0.679291, 0.679291, 0.679291, 0.679291, 0.679291, 0.679291, 0.679291, 0.679291, 0.679291, 0.679291, 0.679291, 0.679291, 0.679291, 0.679291, 0.679291, 0.679291, 
1, 1, 0.999998, 0.999963, 0.999905, 0.999821, 0.99971, 0.999569, 0.999398, 0.999193, 0.998953, 0.998676, 0.99836, 0.998002, 0.997598, 0.997148, 0.996647, 0.996092, 0.99548, 0.994808, 0.994071, 0.993266, 0.992388, 0.991434, 0.990397, 0.989272, 0.988056, 0.986741, 0.98532, 0.983791, 0.982138, 0.98037, 0.978497, 0.976506, 0.974391, 0.972144, 0.969757, 0.96722, 0.964524, 0.961661, 0.958618, 0.955385, 0.95195, 0.9483, 0.944422, 0.940301, 0.935923, 0.93127, 0.926327, 0.921074, 0.915493, 0.909562, 0.90326, 0.896564, 0.889449, 0.881888, 0.873854, 0.865317, 0.856245, 0.846607, 0.836361, 0.825485, 0.813902, 0.801646, 0.788518, 0.774779, 0.759756, 0.744637, 0.726898, 0.711335, 0.688393, 0.67636, 0.680347, 0.678896, 0.679358, 0.679211, 0.679257, 0.679243, 0.679247, 0.679246, 0.679246, 0.679246, 0.679246, 0.679246, 0.679246, 0.679246, 0.679246, 0.679246, 0.679246, 0.679246, 0.679246, 0.679246, 0.679246, 0.679246, 0.679246, 0.679246, 0.679246, 0.679246, 0.679246, 0.679246, 
1, 1, 0.999998, 0.999963, 0.999905, 0.999821, 0.99971, 0.999569, 0.999397, 0.999193, 0.998953, 0.998676, 0.99836, 0.998001, 0.997598, 0.997147, 0.996646, 0.996091, 0.995479, 0.994806, 0.99407, 0.993264, 0.992387, 0.991432, 0.990394, 0.98927, 0.988053, 0.986738, 0.985317, 0.983787, 0.982134, 0.980366, 0.978493, 0.976501, 0.974386, 0.972138, 0.96975, 0.967213, 0.964517, 0.961653, 0.95861, 0.955376, 0.95194, 0.94829, 0.944411, 0.94029, 0.93591, 0.931257, 0.926313, 0.921059, 0.915477, 0.909545, 0.903242, 0.896545, 0.889429, 0.881867, 0.873832, 0.865294, 0.85622, 0.846581, 0.836333, 0.825456, 0.813872, 0.801615, 0.788485, 0.774744, 0.75972, 0.744599, 0.726858, 0.711294, 0.688349, 0.676316, 0.680302, 0.678852, 0.679314, 0.679167, 0.679213, 0.679198, 0.679203, 0.679202, 0.679202, 0.679202, 0.679202, 0.679202, 0.679202, 0.679202, 0.679202, 0.679202, 0.679202, 0.679202, 0.679202, 0.679202, 0.679202, 0.679202, 0.679202, 0.679202, 0.679202, 0.679202, 0.679202, 0.679202, 
1, 1, 0.999998, 0.999963, 0.999905, 0.999821, 0.99971, 0.999569, 0.999397, 0.999193, 0.998953, 0.998676, 0.998359, 0.998001, 0.997597, 0.997146, 0.996645, 0.99609, 0.995478, 0.994805, 0.994068, 0.993263, 0.992385, 0.99143, 0.990392, 0.989268, 0.98805, 0.986735, 0.985314, 0.983783, 0.98213, 0.980362, 0.978488, 0.976497, 0.974381, 0.972133, 0.969744, 0.967206, 0.96451, 0.961645, 0.958601, 0.955367, 0.951931, 0.94828, 0.9444, 0.940278, 0.935898, 0.931244, 0.926299, 0.921045, 0.915461, 0.909529, 0.903225, 0.896527, 0.889409, 0.881846, 0.87381, 0.865271, 0.856196, 0.846556, 0.836307, 0.825428, 0.813843, 0.801584, 0.788452, 0.77471, 0.759684, 0.744562, 0.726819, 0.711253, 0.688307, 0.676272, 0.680259, 0.678808, 0.67927, 0.679123, 0.67917, 0.679155, 0.67916, 0.679158, 0.679159, 0.679158, 0.679158, 0.679158, 0.679158, 0.679158, 0.679158, 0.679158, 0.679158, 0.679158, 0.679158, 0.679158, 0.679158, 0.679158, 0.679158, 0.679158, 0.679159, 0.679158, 0.679159, 0.679159, 
1, 1, 0.999998, 0.999963, 0.999905, 0.999821, 0.99971, 0.999569, 0.999397, 0.999192, 0.998953, 0.998675, 0.998359, 0.998, 0.997597, 0.997146, 0.996644, 0.996089, 0.995477, 0.994804, 0.994067, 0.993261, 0.992383, 0.991428, 0.99039, 0.989265, 0.988048, 0.986732, 0.98531, 0.98378, 0.982127, 0.980358, 0.978484, 0.976492, 0.974375, 0.972127, 0.969738, 0.9672, 0.964503, 0.961638, 0.958593, 0.955358, 0.951922, 0.94827, 0.94439, 0.940267, 0.935886, 0.931231, 0.926285, 0.92103, 0.915446, 0.909513, 0.903208, 0.896508, 0.88939, 0.881826, 0.873788, 0.865248, 0.856172, 0.846531, 0.83628, 0.8254, 0.813813, 0.801553, 0.78842, 0.774677, 0.759649, 0.744525, 0.726781, 0.711214, 0.688265, 0.676229, 0.680217, 0.678765, 0.679228, 0.679081, 0.679127, 0.679112, 0.679117, 0.679115, 0.679116, 0.679116, 0.679116, 0.679116, 0.679116, 0.679116, 0.679116, 0.679116, 0.679116, 0.679116, 0.679116, 0.679116, 0.679116, 0.679116, 0.679116, 0.679116, 0.679116, 0.679116, 0.679116, 0.679116, 
1, 1, 0.999998, 0.999963, 0.999905, 0.999821, 0.999709, 0.999569, 0.999397, 0.999192, 0.998952, 0.998675, 0.998358, 0.998, 0.997596, 0.997145, 0.996643, 0.996088, 0.995476, 0.994803, 0.994066, 0.99326, 0.992381, 0.991426, 0.990388, 0.989263, 0.988045, 0.986729, 0.985307, 0.983777, 0.982123, 0.980354, 0.978479, 0.976487, 0.97437, 0.972121, 0.969732, 0.967193, 0.964496, 0.96163, 0.958585, 0.95535, 0.951912, 0.94826, 0.944379, 0.940256, 0.935874, 0.931219, 0.926272, 0.921016, 0.915431, 0.909497, 0.903191, 0.896491, 0.889371, 0.881806, 0.873767, 0.865226, 0.856149, 0.846506, 0.836254, 0.825373, 0.813785, 0.801523, 0.788389, 0.774644, 0.759614, 0.744489, 0.726743, 0.711175, 0.688224, 0.676187, 0.680175, 0.678723, 0.679186, 0.679039, 0.679085, 0.67907, 0.679075, 0.679074, 0.679074, 0.679074, 0.679074, 0.679074, 0.679074, 0.679074, 0.679074, 0.679074, 0.679074, 0.679074, 0.679074, 0.679074, 0.679074, 0.679074, 0.679074, 0.679074, 0.679074, 0.679074, 0.679074, 0.679074, 
1, 1, 0.999998, 0.999963, 0.999905, 0.999821, 0.999709, 0.999569, 0.999397, 0.999192, 0.998952, 0.998675, 0.998358, 0.997999, 0.997595, 0.997144, 0.996643, 0.996087, 0.995475, 0.994802, 0.994064, 0.993258, 0.99238, 0.991424, 0.990386, 0.989261, 0.988042, 0.986726, 0.985304, 0.983773, 0.982119, 0.98035, 0.978475, 0.976482, 0.974365, 0.972116, 0.969726, 0.967187, 0.964489, 0.961623, 0.958577, 0.955342, 0.951903, 0.94825, 0.944369, 0.940245, 0.935863, 0.931206, 0.926259, 0.921002, 0.915416, 0.909481, 0.903174, 0.896473, 0.889352, 0.881786, 0.873747, 0.865204, 0.856126, 0.846482, 0.836229, 0.825346, 0.813757, 0.801494, 0.788358, 0.774612, 0.759581, 0.744454, 0.726706, 0.711136, 0.688183, 0.676146, 0.680134, 0.678682, 0.679145, 0.678998, 0.679044, 0.679029, 0.679034, 0.679032, 0.679033, 0.679033, 0.679033, 0.679033, 0.679033, 0.679033, 0.679033, 0.679033, 0.679033, 0.679033, 0.679033, 0.679033, 0.679033, 0.679033, 0.679033, 0.679033, 0.679033, 0.679033, 0.679033, 0.679033, 
1, 1, 0.999998, 0.999963, 0.999905, 0.999821, 0.999709, 0.999569, 0.999397, 0.999192, 0.998952, 0.998675, 0.998358, 0.997999, 0.997595, 0.997144, 0.996642, 0.996086, 0.995474, 0.994801, 0.994063, 0.993257, 0.992378, 0.991422, 0.990384, 0.989258, 0.98804, 0.986723, 0.985301, 0.98377, 0.982116, 0.980346, 0.978471, 0.976478, 0.97436, 0.972111, 0.96972, 0.967181, 0.964483, 0.961616, 0.95857, 0.955333, 0.951895, 0.948241, 0.944359, 0.940234, 0.935851, 0.931194, 0.926246, 0.920988, 0.915402, 0.909466, 0.903158, 0.896456, 0.889334, 0.881767, 0.873726, 0.865183, 0.856103, 0.846458, 0.836204, 0.82532, 0.813729, 0.801465, 0.788328, 0.77458, 0.759547, 0.744419, 0.72667, 0.711099, 0.688144, 0.676105, 0.680094, 0.678642, 0.679104, 0.678957, 0.679003, 0.678989, 0.678993, 0.678992, 0.678992, 0.678992, 0.678992, 0.678992, 0.678992, 0.678992, 0.678992, 0.678992, 0.678992, 0.678992, 0.678992, 0.678992, 0.678992, 0.678992, 0.678992, 0.678992, 0.678992, 0.678992, 0.678992, 0.678992, 
1, 1, 0.999998, 0.999963, 0.999905, 0.999821, 0.999709, 0.999568, 0.999397, 0.999192, 0.998952, 0.998674, 0.998357, 0.997998, 0.997594, 0.997143, 0.996641, 0.996085, 0.995473, 0.994799, 0.994062, 0.993255, 0.992376, 0.99142, 0.990382, 0.989256, 0.988038, 0.986721, 0.985298, 0.983767, 0.982112, 0.980342, 0.978467, 0.976473, 0.974355, 0.972105, 0.969715, 0.967175, 0.964476, 0.961609, 0.958562, 0.955325, 0.951886, 0.948232, 0.944349, 0.940223, 0.93584, 0.931182, 0.926233, 0.920975, 0.915387, 0.90945, 0.903142, 0.896439, 0.889316, 0.881748, 0.873706, 0.865162, 0.856081, 0.846435, 0.836179, 0.825294, 0.813702, 0.801437, 0.788298, 0.774549, 0.759515, 0.744385, 0.726634, 0.711062, 0.688105, 0.676065, 0.680054, 0.678602, 0.679065, 0.678917, 0.678964, 0.678949, 0.678954, 0.678952, 0.678953, 0.678953, 0.678953, 0.678953, 0.678953, 0.678953, 0.678953, 0.678953, 0.678953, 0.678953, 0.678953, 0.678953, 0.678953, 0.678953, 0.678953, 0.678953, 0.678953, 0.678953, 0.678953, 0.678953, 
1, 1, 0.999998, 0.999963, 0.999905, 0.999821, 0.999709, 0.999568, 0.999396, 0.999191, 0.998951, 0.998674, 0.998357, 0.997998, 0.997594, 0.997142, 0.99664, 0.996085, 0.995472, 0.994798, 0.99406, 0.993254, 0.992375, 0.991418, 0.99038, 0.989254, 0.988035, 0.986718, 0.985295, 0.983764, 0.982109, 0.980338, 0.978463, 0.976469, 0.974351, 0.9721, 0.969709, 0.967169, 0.96447, 0.961602, 0.958555, 0.955317, 0.951877, 0.948223, 0.944339, 0.940213, 0.935829, 0.931171, 0.926221, 0.920962, 0.915373, 0.909436, 0.903126, 0.896422, 0.889299, 0.88173, 0.873687, 0.865141, 0.856059, 0.846412, 0.836155, 0.825269, 0.813676, 0.801409, 0.788269, 0.774518, 0.759483, 0.744352, 0.726599, 0.711025, 0.688066, 0.676026, 0.680015, 0.678563, 0.679026, 0.678878, 0.678925, 0.67891, 0.678915, 0.678913, 0.678914, 0.678914, 0.678914, 0.678914, 0.678914, 0.678914, 0.678914, 0.678914, 0.678914, 0.678914, 0.678914, 0.678914, 0.678914, 0.678914, 0.678914, 0.678914, 0.678914, 0.678914, 0.678914, 0.678914, 
1, 1, 0.999998, 0.999963, 0.999905, 0.999821, 0.999709, 0.999568, 0.999396, 0.999191, 0.998951, 0.998674, 0.998357, 0.997997, 0.997593, 0.997142, 0.99664, 0.996084, 0.995471, 0.994797, 0.994059, 0.993253, 0.992373, 0.991417, 0.990378, 0.989252, 0.988033, 0.986716, 0.985293, 0.98376, 0.982105, 0.980335, 0.978459, 0.976464, 0.974346, 0.972095, 0.969704, 0.967163, 0.964463, 0.961595, 0.958547, 0.955309, 0.951869, 0.948214, 0.94433, 0.940203, 0.935818, 0.931159, 0.926209, 0.920949, 0.91536, 0.909421, 0.903111, 0.896406, 0.889282, 0.881712, 0.873668, 0.865121, 0.856038, 0.84639, 0.836132, 0.825244, 0.81365, 0.801381, 0.78824, 0.774488, 0.759451, 0.744319, 0.726565, 0.71099, 0.688029, 0.675987, 0.679977, 0.678525, 0.678988, 0.67884, 0.678887, 0.678872, 0.678877, 0.678875, 0.678876, 0.678875, 0.678875, 0.678875, 0.678875, 0.678875, 0.678875, 0.678875, 0.678875, 0.678875, 0.678875, 0.678875, 0.678875, 0.678875, 0.678875, 0.678875, 0.678875, 0.678875, 0.678876, 0.678876, 
1, 1, 0.999998, 0.999963, 0.999905, 0.999821, 0.999709, 0.999568, 0.999396, 0.999191, 0.998951, 0.998673, 0.998356, 0.997997, 0.997593, 0.997141, 0.996639, 0.996083, 0.99547, 0.994796, 0.994058, 0.993251, 0.992372, 0.991415, 0.990376, 0.98925, 0.98803, 0.986713, 0.98529, 0.983757, 0.982102, 0.980331, 0.978455, 0.97646, 0.974341, 0.97209, 0.969698, 0.967157, 0.964457, 0.961588, 0.95854, 0.955302, 0.951861, 0.948205, 0.94432, 0.940193, 0.935808, 0.931148, 0.926197, 0.920936, 0.915346, 0.909407, 0.903096, 0.89639, 0.889265, 0.881694, 0.873649, 0.865101, 0.856017, 0.846368, 0.836109, 0.82522, 0.813624, 0.801355, 0.788212, 0.774459, 0.759421, 0.744287, 0.726531, 0.710955, 0.687992, 0.675949, 0.67994, 0.678487, 0.67895, 0.678803, 0.678849, 0.678834, 0.678839, 0.678838, 0.678838, 0.678838, 0.678838, 0.678838, 0.678838, 0.678838, 0.678838, 0.678838, 0.678838, 0.678838, 0.678838, 0.678838, 0.678838, 0.678838, 0.678838, 0.678838, 0.678838, 0.678838, 0.678838, 0.678838, 
1, 1, 0.999998, 0.999963, 0.999905, 0.999821, 0.999709, 0.999568, 0.999396, 0.999191, 0.998951, 0.998673, 0.998356, 0.997996, 0.997592, 0.997141, 0.996638, 0.996082, 0.995469, 0.994795, 0.994057, 0.99325, 0.99237, 0.991413, 0.990374, 0.989248, 0.988028, 0.986711, 0.985287, 0.983754, 0.982099, 0.980327, 0.978451, 0.976456, 0.974337, 0.972085, 0.969693, 0.967151, 0.964451, 0.961582, 0.958533, 0.955294, 0.951853, 0.948196, 0.944311, 0.940183, 0.935797, 0.931137, 0.926185, 0.920923, 0.915333, 0.909393, 0.903081, 0.896374, 0.889248, 0.881676, 0.87363, 0.865082, 0.855997, 0.846346, 0.836086, 0.825196, 0.813599, 0.801328, 0.788185, 0.77443, 0.75939, 0.744255, 0.726498, 0.71092, 0.687956, 0.675912, 0.679903, 0.67845, 0.678913, 0.678766, 0.678812, 0.678798, 0.678802, 0.678801, 0.678801, 0.678801, 0.678801, 0.678801, 0.678801, 0.678801, 0.678801, 0.678801, 0.678801, 0.678801, 0.678801, 0.678801, 0.678801, 0.678801, 0.678801, 0.678801, 0.678801, 0.678801, 0.678801, 0.678801, 
1, 1, 0.999998, 0.999963, 0.999905, 0.999821, 0.999709, 0.999568, 0.999396, 0.999191, 0.99895, 0.998673, 0.998356, 0.997996, 0.997592, 0.99714, 0.996638, 0.996081, 0.995468, 0.994794, 0.994056, 0.993249, 0.992369, 0.991412, 0.990372, 0.989246, 0.988026, 0.986708, 0.985284, 0.983751, 0.982096, 0.980324, 0.978447, 0.976452, 0.974332, 0.97208, 0.969688, 0.967146, 0.964445, 0.961575, 0.958526, 0.955287, 0.951845, 0.948188, 0.944302, 0.940174, 0.935787, 0.931126, 0.926173, 0.920911, 0.91532, 0.909379, 0.903066, 0.896359, 0.889232, 0.881659, 0.873612, 0.865062, 0.855976, 0.846325, 0.836063, 0.825172, 0.813574, 0.801302, 0.788158, 0.774402, 0.75936, 0.744224, 0.726465, 0.710887, 0.68792, 0.675876, 0.679867, 0.678414, 0.678877, 0.678729, 0.678776, 0.678761, 0.678766, 0.678764, 0.678765, 0.678765, 0.678765, 0.678765, 0.678765, 0.678765, 0.678765, 0.678765, 0.678765, 0.678765, 0.678765, 0.678765, 0.678765, 0.678765, 0.678765, 0.678765, 0.678765, 0.678765, 0.678765, 0.678765, 
1, 1, 0.999998, 0.999963, 0.999905, 0.999821, 0.999709, 0.999568, 0.999396, 0.999191, 0.99895, 0.998673, 0.998355, 0.997996, 0.997591, 0.997139, 0.996637, 0.996081, 0.995467, 0.994793, 0.994054, 0.993247, 0.992367, 0.99141, 0.990371, 0.989244, 0.988024, 0.986706, 0.985282, 0.983749, 0.982093, 0.98032, 0.978443, 0.976448, 0.974328, 0.972076, 0.969683, 0.96714, 0.964439, 0.961569, 0.95852, 0.95528, 0.951837, 0.94818, 0.944293, 0.940164, 0.935777, 0.931115, 0.926162, 0.920899, 0.915307, 0.909365, 0.903052, 0.896344, 0.889216, 0.881642, 0.873594, 0.865044, 0.855957, 0.846304, 0.836042, 0.825149, 0.81355, 0.801277, 0.788131, 0.774374, 0.759331, 0.744194, 0.726434, 0.710853, 0.687885, 0.67584, 0.679832, 0.678378, 0.678841, 0.678694, 0.67874, 0.678726, 0.67873, 0.678729, 0.678729, 0.678729, 0.678729, 0.678729, 0.678729, 0.678729, 0.678729, 0.678729, 0.678729, 0.678729, 0.678729, 0.678729, 0.678729, 0.678729, 0.678729, 0.678729, 0.678729, 0.678729, 0.678729, 0.678729, 
1, 1, 0.999998, 0.999963, 0.999905, 0.999821, 0.999709, 0.999568, 0.999396, 0.99919, 0.99895, 0.998672, 0.998355, 0.997995, 0.997591, 0.997139, 0.996636, 0.99608, 0.995466, 0.994792, 0.994053, 0.993246, 0.992366, 0.991409, 0.990369, 0.989242, 0.988022, 0.986703, 0.985279, 0.983746, 0.982089, 0.980317, 0.97844, 0.976444, 0.974324, 0.972071, 0.969678, 0.967135, 0.964433, 0.961563, 0.958513, 0.955273, 0.95183, 0.948171, 0.944285, 0.940155, 0.935767, 0.931105, 0.926151, 0.920887, 0.915295, 0.909352, 0.903038, 0.896329, 0.8892, 0.881625, 0.873577, 0.865025, 0.855937, 0.846283, 0.83602, 0.825127, 0.813526, 0.801252, 0.788105, 0.774346, 0.759303, 0.744164, 0.726402, 0.710821, 0.687851, 0.675805, 0.679797, 0.678343, 0.678807, 0.678659, 0.678705, 0.678691, 0.678695, 0.678694, 0.678694, 0.678694, 0.678694, 0.678694, 0.678694, 0.678694, 0.678694, 0.678694, 0.678694, 0.678694, 0.678694, 0.678694, 0.678694, 0.678694, 0.678694, 0.678694, 0.678694, 0.678694, 0.678694, 0.678694, 
1, 1, 0.999998, 0.999963, 0.999905, 0.999821, 0.999709, 0.999568, 0.999396, 0.99919, 0.99895, 0.998672, 0.998355, 0.997995, 0.99759, 0.997138, 0.996636, 0.996079, 0.995465, 0.994791, 0.994052, 0.993245, 0.992365, 0.991407, 0.990367, 0.98924, 0.98802, 0.986701, 0.985277, 0.983743, 0.982086, 0.980314, 0.978436, 0.97644, 0.97432, 0.972067, 0.969673, 0.96713, 0.964428, 0.961557, 0.958506, 0.955266, 0.951822, 0.948163, 0.944276, 0.940146, 0.935757, 0.931094, 0.92614, 0.920876, 0.915282, 0.909339, 0.903024, 0.896314, 0.889184, 0.881609, 0.873559, 0.865007, 0.855918, 0.846263, 0.835999, 0.825104, 0.813503, 0.801227, 0.788079, 0.77432, 0.759274, 0.744135, 0.726371, 0.710789, 0.687817, 0.67577, 0.679763, 0.678309, 0.678772, 0.678625, 0.678671, 0.678657, 0.678661, 0.67866, 0.67866, 0.67866, 0.67866, 0.67866, 0.67866, 0.67866, 0.67866, 0.67866, 0.67866, 0.67866, 0.67866, 0.67866, 0.67866, 0.67866, 0.67866, 0.67866, 0.67866, 0.67866, 0.67866, 0.67866, 
1, 1, 0.999998, 0.999963, 0.999905, 0.999821, 0.999709, 0.999568, 0.999395, 0.99919, 0.99895, 0.998672, 0.998354, 0.997994, 0.99759, 0.997138, 0.996635, 0.996078, 0.995465, 0.99479, 0.994051, 0.993244, 0.992363, 0.991405, 0.990365, 0.989238, 0.988017, 0.986699, 0.985274, 0.98374, 0.982083, 0.980311, 0.978433, 0.976436, 0.974315, 0.972062, 0.969668, 0.967124, 0.964422, 0.961551, 0.9585, 0.955259, 0.951815, 0.948156, 0.944268, 0.940137, 0.935748, 0.931084, 0.926129, 0.920864, 0.91527, 0.909326, 0.90301, 0.8963, 0.889169, 0.881593, 0.873542, 0.864989, 0.855899, 0.846244, 0.835978, 0.825082, 0.81348, 0.801203, 0.788054, 0.774293, 0.759247, 0.744106, 0.726341, 0.710758, 0.687784, 0.675736, 0.679729, 0.678275, 0.678739, 0.678591, 0.678637, 0.678623, 0.678627, 0.678626, 0.678626, 0.678626, 0.678626, 0.678626, 0.678626, 0.678626, 0.678626, 0.678626, 0.678626, 0.678626, 0.678626, 0.678626, 0.678626, 0.678626, 0.678626, 0.678626, 0.678626, 0.678626, 0.678626, 0.678626, 
1, 1, 0.999998, 0.999963, 0.999905, 0.99982, 0.999709, 0.999568, 0.999395, 0.99919, 0.998949, 0.998671, 0.998354, 0.997994, 0.997589, 0.997137, 0.996634, 0.996078, 0.995464, 0.994789, 0.99405, 0.993242, 0.992362, 0.991404, 0.990364, 0.989236, 0.988015, 0.986696, 0.985272, 0.983738, 0.98208, 0.980307, 0.978429, 0.976433, 0.974311, 0.972058, 0.969663, 0.967119, 0.964417, 0.961545, 0.958494, 0.955252, 0.951808, 0.948148, 0.94426, 0.940128, 0.935738, 0.931074, 0.926119, 0.920853, 0.915258, 0.909313, 0.902997, 0.896286, 0.889154, 0.881577, 0.873526, 0.864971, 0.855881, 0.846224, 0.835958, 0.825061, 0.813458, 0.80118, 0.788029, 0.774267, 0.75922, 0.744077, 0.726311, 0.710727, 0.687752, 0.675703, 0.679696, 0.678242, 0.678706, 0.678558, 0.678604, 0.67859, 0.678594, 0.678593, 0.678593, 0.678593, 0.678593, 0.678593, 0.678593, 0.678593, 0.678593, 0.678593, 0.678593, 0.678593, 0.678593, 0.678593, 0.678593, 0.678593, 0.678593, 0.678593, 0.678593, 0.678593, 0.678593, 0.678593, 
1, 1, 0.999998, 0.999963, 0.999905, 0.99982, 0.999709, 0.999567, 0.999395, 0.99919, 0.998949, 0.998671, 0.998354, 0.997994, 0.997589, 0.997137, 0.996634, 0.996077, 0.995463, 0.994788, 0.994049, 0.993241, 0.992361, 0.991402, 0.990362, 0.989234, 0.988013, 0.986694, 0.985269, 0.983735, 0.982078, 0.980304, 0.978426, 0.976429, 0.974307, 0.972053, 0.969659, 0.967114, 0.964411, 0.961539, 0.958488, 0.955245, 0.9518, 0.94814, 0.944251, 0.94012, 0.935729, 0.931065, 0.926108, 0.920842, 0.915246, 0.909301, 0.902984, 0.896272, 0.88914, 0.881562, 0.873509, 0.864954, 0.855863, 0.846205, 0.835938, 0.82504, 0.813435, 0.801157, 0.788005, 0.774242, 0.759193, 0.74405, 0.726282, 0.710697, 0.68772, 0.675671, 0.679664, 0.678209, 0.678673, 0.678525, 0.678572, 0.678557, 0.678562, 0.67856, 0.678561, 0.678561, 0.678561, 0.678561, 0.678561, 0.678561, 0.678561, 0.678561, 0.678561, 0.678561, 0.678561, 0.678561, 0.678561, 0.678561, 0.678561, 0.678561, 0.678561, 0.678561, 0.678561, 0.678561, 
1, 1, 0.999998, 0.999963, 0.999905, 0.99982, 0.999709, 0.999567, 0.999395, 0.99919, 0.998949, 0.998671, 0.998353, 0.997993, 0.997589, 0.997136, 0.996633, 0.996076, 0.995462, 0.994787, 0.994048, 0.99324, 0.992359, 0.991401, 0.99036, 0.989232, 0.988011, 0.986692, 0.985267, 0.983732, 0.982075, 0.980301, 0.978423, 0.976425, 0.974303, 0.972049, 0.969654, 0.967109, 0.964406, 0.961533, 0.958481, 0.955239, 0.951794, 0.948133, 0.944244, 0.940111, 0.93572, 0.931055, 0.926098, 0.920831, 0.915235, 0.909289, 0.902971, 0.896258, 0.889125, 0.881547, 0.873493, 0.864937, 0.855845, 0.846186, 0.835918, 0.825019, 0.813414, 0.801134, 0.787981, 0.774217, 0.759167, 0.744022, 0.726253, 0.710667, 0.687688, 0.675638, 0.679632, 0.678178, 0.678641, 0.678494, 0.67854, 0.678525, 0.67853, 0.678529, 0.678529, 0.678529, 0.678529, 0.678529, 0.678529, 0.678529, 0.678529, 0.678529, 0.678529, 0.678529, 0.678529, 0.678529, 0.678529, 0.678529, 0.678529, 0.678529, 0.678529, 0.678529, 0.678529, 0.678529, 
1, 1, 0.999998, 0.999963, 0.999905, 0.99982, 0.999708, 0.999567, 0.999395, 0.999189, 0.998949, 0.998671, 0.998353, 0.997993, 0.997588, 0.997136, 0.996632, 0.996076, 0.995461, 0.994786, 0.994047, 0.993239, 0.992358, 0.9914, 0.990359, 0.989231, 0.98801, 0.98669, 0.985265, 0.98373, 0.982072, 0.980298, 0.978419, 0.976422, 0.9743, 0.972045, 0.96965, 0.967105, 0.964401, 0.961528, 0.958475, 0.955232, 0.951787, 0.948126, 0.944236, 0.940103, 0.935711, 0.931046, 0.926088, 0.920821, 0.915224, 0.909277, 0.902958, 0.896245, 0.889111, 0.881532, 0.873478, 0.864921, 0.855827, 0.846168, 0.835898, 0.824999, 0.813392, 0.801111, 0.787957, 0.774192, 0.759141, 0.743995, 0.726225, 0.710638, 0.687658, 0.675607, 0.679601, 0.678146, 0.67861, 0.678462, 0.678509, 0.678494, 0.678499, 0.678497, 0.678498, 0.678498, 0.678498, 0.678498, 0.678498, 0.678498, 0.678498, 0.678498, 0.678498, 0.678498, 0.678498, 0.678498, 0.678498, 0.678498, 0.678498, 0.678498, 0.678498, 0.678498, 0.678498, 0.678498, 
1, 1, 0.999998, 0.999963, 0.999905, 0.99982, 0.999708, 0.999567, 0.999395, 0.999189, 0.998949, 0.998671, 0.998353, 0.997993, 0.997588, 0.997135, 0.996632, 0.996075, 0.995461, 0.994786, 0.994046, 0.993238, 0.992357, 0.991398, 0.990357, 0.989229, 0.988008, 0.986688, 0.985262, 0.983727, 0.982069, 0.980295, 0.978416, 0.976418, 0.974296, 0.972041, 0.969645, 0.9671, 0.964396, 0.961522, 0.95847, 0.955226, 0.95178, 0.948118, 0.944228, 0.940095, 0.935703, 0.931036, 0.926078, 0.92081, 0.915213, 0.909265, 0.902946, 0.896232, 0.889097, 0.881517, 0.873462, 0.864905, 0.85581, 0.84615, 0.835879, 0.824979, 0.813371, 0.801089, 0.787934, 0.774168, 0.759116, 0.743969, 0.726198, 0.710609, 0.687628, 0.675576, 0.67957, 0.678115, 0.678579, 0.678432, 0.678478, 0.678463, 0.678468, 0.678467, 0.678467, 0.678467, 0.678467, 0.678467, 0.678467, 0.678467, 0.678467, 0.678467, 0.678467, 0.678467, 0.678467, 0.678467, 0.678467, 0.678467, 0.678467, 0.678467, 0.678467, 0.678467, 0.678467, 0.678467, 
1, 1, 0.999998, 0.999963, 0.999905, 0.99982, 0.999708, 0.999567, 0.999395, 0.999189, 0.998948, 0.99867, 0.998352, 0.997992, 0.997587, 0.997135, 0.996631, 0.996074, 0.99546, 0.994785, 0.994045, 0.993237, 0.992356, 0.991397, 0.990356, 0.989227, 0.988006, 0.986686, 0.98526, 0.983725, 0.982067, 0.980292, 0.978413, 0.976415, 0.974292, 0.972037, 0.969641, 0.967095, 0.964391, 0.961517, 0.958464, 0.95522, 0.951773, 0.948111, 0.944221, 0.940087, 0.935694, 0.931027, 0.926069, 0.9208, 0.915202, 0.909254, 0.902934, 0.896219, 0.889084, 0.881503, 0.873447, 0.864889, 0.855793, 0.846132, 0.835861, 0.824959, 0.813351, 0.801068, 0.787912, 0.774144, 0.759091, 0.743943, 0.726171, 0.710581, 0.687598, 0.675546, 0.67954, 0.678085, 0.678549, 0.678401, 0.678448, 0.678433, 0.678438, 0.678436, 0.678437, 0.678437, 0.678437, 0.678437, 0.678437, 0.678437, 0.678437, 0.678437, 0.678437, 0.678437, 0.678437, 0.678437, 0.678437, 0.678437, 0.678437, 0.678437, 0.678437, 0.678437, 0.678437, 0.678437, 
1, 1, 0.999998, 0.999963, 0.999905, 0.99982, 0.999708, 0.999567, 0.999395, 0.999189, 0.998948, 0.99867, 0.998352, 0.997992, 0.997587, 0.997134, 0.996631, 0.996074, 0.995459, 0.994784, 0.994044, 0.993236, 0.992354, 0.991395, 0.990354, 0.989226, 0.988004, 0.986684, 0.985258, 0.983722, 0.982064, 0.980289, 0.97841, 0.976411, 0.974288, 0.972033, 0.969637, 0.967091, 0.964386, 0.961512, 0.958458, 0.955214, 0.951767, 0.948104, 0.944213, 0.940079, 0.935686, 0.931018, 0.926059, 0.92079, 0.915191, 0.909243, 0.902922, 0.896206, 0.88907, 0.881488, 0.873432, 0.864873, 0.855777, 0.846115, 0.835843, 0.82494, 0.813331, 0.801047, 0.787889, 0.774121, 0.759067, 0.743918, 0.726144, 0.710553, 0.687569, 0.675516, 0.679511, 0.678055, 0.67852, 0.678372, 0.678418, 0.678404, 0.678408, 0.678407, 0.678407, 0.678407, 0.678407, 0.678407, 0.678407, 0.678407, 0.678407, 0.678407, 0.678407, 0.678407, 0.678407, 0.678407, 0.678407, 0.678407, 0.678407, 0.678407, 0.678407, 0.678407, 0.678407, 0.678407, 
1, 1, 0.999998, 0.999963, 0.999905, 0.99982, 0.999708, 0.999567, 0.999395, 0.999189, 0.998948, 0.99867, 0.998352, 0.997992, 0.997587, 0.997134, 0.99663, 0.996073, 0.995458, 0.994783, 0.994043, 0.993235, 0.992353, 0.991394, 0.990353, 0.989224, 0.988002, 0.986682, 0.985256, 0.98372, 0.982061, 0.980287, 0.978407, 0.976408, 0.974285, 0.972029, 0.969633, 0.967086, 0.964381, 0.961507, 0.958453, 0.955208, 0.951761, 0.948098, 0.944206, 0.940071, 0.935678, 0.93101, 0.92605, 0.92078, 0.915181, 0.909231, 0.90291, 0.896194, 0.889057, 0.881475, 0.873418, 0.864857, 0.855761, 0.846098, 0.835825, 0.824921, 0.813311, 0.801026, 0.787868, 0.774098, 0.759043, 0.743893, 0.726118, 0.710526, 0.68754, 0.675487, 0.679482, 0.678026, 0.678491, 0.678343, 0.678389, 0.678375, 0.678379, 0.678378, 0.678378, 0.678378, 0.678378, 0.678378, 0.678378, 0.678378, 0.678378, 0.678378, 0.678378, 0.678378, 0.678378, 0.678378, 0.678378, 0.678378, 0.678378, 0.678378, 0.678378, 0.678378, 0.678378, 0.678378, 
1, 1, 0.999998, 0.999963, 0.999905, 0.99982, 0.999708, 0.999567, 0.999394, 0.999189, 0.998948, 0.99867, 0.998352, 0.997991, 0.997586, 0.997133, 0.99663, 0.996072, 0.995458, 0.994782, 0.994042, 0.993234, 0.992352, 0.991393, 0.990351, 0.989222, 0.988, 0.98668, 0.985254, 0.983718, 0.982059, 0.980284, 0.978404, 0.976405, 0.974281, 0.972025, 0.969628, 0.967082, 0.964376, 0.961501, 0.958447, 0.955202, 0.951754, 0.948091, 0.944199, 0.940063, 0.93567, 0.931001, 0.926041, 0.92077, 0.91517, 0.909221, 0.902899, 0.896181, 0.889044, 0.881461, 0.873403, 0.864842, 0.855745, 0.846081, 0.835807, 0.824903, 0.813291, 0.801006, 0.787846, 0.774076, 0.759019, 0.743868, 0.726092, 0.7105, 0.687512, 0.675458, 0.679453, 0.677998, 0.678462, 0.678314, 0.678361, 0.678346, 0.678351, 0.678349, 0.67835, 0.678349, 0.678349, 0.678349, 0.678349, 0.678349, 0.678349, 0.678349, 0.678349, 0.678349, 0.678349, 0.678349, 0.678349, 0.678349, 0.678349, 0.678349, 0.678349, 0.678349, 0.67835, 0.67835, 
1, 1, 0.999998, 0.999963, 0.999905, 0.99982, 0.999708, 0.999567, 0.999394, 0.999189, 0.998948, 0.998669, 0.998351, 0.997991, 0.997586, 0.997133, 0.996629, 0.996072, 0.995457, 0.994781, 0.994041, 0.993233, 0.992351, 0.991392, 0.99035, 0.989221, 0.987999, 0.986678, 0.985251, 0.983715, 0.982056, 0.980281, 0.978401, 0.976402, 0.974278, 0.972022, 0.969624, 0.967078, 0.964372, 0.961496, 0.958442, 0.955196, 0.951748, 0.948084, 0.944192, 0.940056, 0.935662, 0.930993, 0.926032, 0.920761, 0.91516, 0.90921, 0.902887, 0.896169, 0.889032, 0.881448, 0.873389, 0.864827, 0.855729, 0.846064, 0.83579, 0.824885, 0.813272, 0.800985, 0.787825, 0.774054, 0.758996, 0.743844, 0.726067, 0.710473, 0.687485, 0.67543, 0.679425, 0.67797, 0.678434, 0.678286, 0.678333, 0.678318, 0.678323, 0.678321, 0.678322, 0.678321, 0.678321, 0.678321, 0.678321, 0.678321, 0.678321, 0.678321, 0.678321, 0.678321, 0.678321, 0.678321, 0.678321, 0.678321, 0.678321, 0.678321, 0.678321, 0.678321, 0.678321, 0.678321, 
1, 1, 0.999998, 0.999963, 0.999905, 0.99982, 0.999708, 0.999567, 0.999394, 0.999189, 0.998948, 0.998669, 0.998351, 0.997991, 0.997585, 0.997132, 0.996629, 0.996071, 0.995456, 0.994781, 0.99404, 0.993232, 0.99235, 0.99139, 0.990349, 0.989219, 0.987997, 0.986676, 0.985249, 0.983713, 0.982054, 0.980279, 0.978398, 0.976399, 0.974275, 0.972018, 0.96962, 0.967073, 0.964367, 0.961492, 0.958437, 0.955191, 0.951742, 0.948078, 0.944185, 0.940049, 0.935654, 0.930984, 0.926023, 0.920751, 0.91515, 0.909199, 0.902876, 0.896158, 0.889019, 0.881435, 0.873375, 0.864813, 0.855714, 0.846048, 0.835773, 0.824867, 0.813253, 0.800966, 0.787805, 0.774032, 0.758974, 0.743821, 0.726042, 0.710448, 0.687458, 0.675402, 0.679398, 0.677942, 0.678406, 0.678258, 0.678305, 0.67829, 0.678295, 0.678294, 0.678294, 0.678294, 0.678294, 0.678294, 0.678294, 0.678294, 0.678294, 0.678294, 0.678294, 0.678294, 0.678294, 0.678294, 0.678294, 0.678294, 0.678294, 0.678294, 0.678294, 0.678294, 0.678294, 0.678294, 
1, 1, 0.999998, 0.999963, 0.999905, 0.99982, 0.999708, 0.999567, 0.999394, 0.999188, 0.998947, 0.998669, 0.998351, 0.99799, 0.997585, 0.997132, 0.996628, 0.996071, 0.995456, 0.99478, 0.99404, 0.993231, 0.992349, 0.991389, 0.990347, 0.989218, 0.987995, 0.986674, 0.985247, 0.983711, 0.982052, 0.980276, 0.978395, 0.976395, 0.974271, 0.972014, 0.969617, 0.967069, 0.964362, 0.961487, 0.958431, 0.955185, 0.951736, 0.948072, 0.944178, 0.940041, 0.935646, 0.930976, 0.926014, 0.920742, 0.915141, 0.909189, 0.902865, 0.896146, 0.889007, 0.881422, 0.873362, 0.864798, 0.855698, 0.846032, 0.835756, 0.824849, 0.813235, 0.800946, 0.787784, 0.774011, 0.758951, 0.743798, 0.726018, 0.710423, 0.687431, 0.675375, 0.679371, 0.677915, 0.678379, 0.678231, 0.678278, 0.678263, 0.678268, 0.678267, 0.678267, 0.678267, 0.678267, 0.678267, 0.678267, 0.678267, 0.678267, 0.678267, 0.678267, 0.678267, 0.678267, 0.678267, 0.678267, 0.678267, 0.678267, 0.678267, 0.678267, 0.678267, 0.678267, 0.678267, 
1, 1, 0.999998, 0.999963, 0.999904, 0.99982, 0.999708, 0.999567, 0.999394, 0.999188, 0.998947, 0.998669, 0.998351, 0.99799, 0.997585, 0.997131, 0.996628, 0.99607, 0.995455, 0.994779, 0.994039, 0.99323, 0.992348, 0.991388, 0.990346, 0.989216, 0.987994, 0.986673, 0.985245, 0.983709, 0.982049, 0.980273, 0.978392, 0.976392, 0.974268, 0.972011, 0.969613, 0.967065, 0.964358, 0.961482, 0.958426, 0.95518, 0.95173, 0.948066, 0.944172, 0.940034, 0.935639, 0.930968, 0.926006, 0.920733, 0.915131, 0.909179, 0.902855, 0.896135, 0.888995, 0.881409, 0.873348, 0.864784, 0.855684, 0.846017, 0.835739, 0.824832, 0.813217, 0.800927, 0.787764, 0.77399, 0.758929, 0.743775, 0.725994, 0.710398, 0.687405, 0.675348, 0.679344, 0.677888, 0.678353, 0.678205, 0.678251, 0.678237, 0.678241, 0.67824, 0.67824, 0.67824, 0.67824, 0.67824, 0.67824, 0.67824, 0.67824, 0.67824, 0.67824, 0.67824, 0.67824, 0.67824, 0.67824, 0.67824, 0.67824, 0.67824, 0.67824, 0.67824, 0.67824, 0.67824, 
1, 1, 0.999998, 0.999963, 0.999904, 0.99982, 0.999708, 0.999567, 0.999394, 0.999188, 0.998947, 0.998669, 0.99835, 0.99799, 0.997584, 0.997131, 0.996627, 0.996069, 0.995454, 0.994778, 0.994038, 0.993229, 0.992346, 0.991387, 0.990345, 0.989215, 0.987992, 0.986671, 0.985244, 0.983707, 0.982047, 0.980271, 0.97839, 0.976389, 0.974265, 0.972007, 0.969609, 0.967061, 0.964354, 0.961477, 0.958421, 0.955175, 0.951725, 0.948059, 0.944165, 0.940028, 0.935631, 0.93096, 0.925997, 0.920724, 0.915122, 0.909169, 0.902844, 0.896124, 0.888983, 0.881397, 0.873335, 0.864771, 0.855669, 0.846001, 0.835723, 0.824815, 0.813199, 0.800909, 0.787745, 0.77397, 0.758908, 0.743752, 0.725971, 0.710374, 0.687379, 0.675322, 0.679319, 0.677862, 0.678327, 0.678179, 0.678225, 0.678211, 0.678215, 0.678214, 0.678214, 0.678214, 0.678214, 0.678214, 0.678214, 0.678214, 0.678214, 0.678214, 0.678214, 0.678214, 0.678214, 0.678214, 0.678214, 0.678214, 0.678214, 0.678214, 0.678214, 0.678214, 0.678214, 0.678214, 
1, 1, 0.999998, 0.999963, 0.999904, 0.99982, 0.999708, 0.999567, 0.999394, 0.999188, 0.998947, 0.998668, 0.99835, 0.997989, 0.997584, 0.997131, 0.996627, 0.996069, 0.995454, 0.994778, 0.994037, 0.993228, 0.992345, 0.991386, 0.990343, 0.989213, 0.98799, 0.986669, 0.985242, 0.983705, 0.982045, 0.980268, 0.978387, 0.976387, 0.974262, 0.972004, 0.969605, 0.967057, 0.96435, 0.961473, 0.958417, 0.955169, 0.951719, 0.948053, 0.944159, 0.940021, 0.935624, 0.930953, 0.925989, 0.920716, 0.915113, 0.909159, 0.902834, 0.896113, 0.888972, 0.881384, 0.873322, 0.864757, 0.855655, 0.845986, 0.835708, 0.824798, 0.813182, 0.800891, 0.787726, 0.77395, 0.758887, 0.743731, 0.725948, 0.71035, 0.687354, 0.675296, 0.679293, 0.677837, 0.678301, 0.678153, 0.6782, 0.678185, 0.67819, 0.678188, 0.678189, 0.678189, 0.678189, 0.678189, 0.678189, 0.678189, 0.678189, 0.678189, 0.678189, 0.678189, 0.678189, 0.678189, 0.678189, 0.678189, 0.678189, 0.678189, 0.678189, 0.678189, 0.678189, 0.678189, 
1, 1, 0.999998, 0.999963, 0.999904, 0.99982, 0.999708, 0.999566, 0.999394, 0.999188, 0.998947, 0.998668, 0.99835, 0.997989, 0.997584, 0.99713, 0.996626, 0.996068, 0.995453, 0.994777, 0.994036, 0.993227, 0.992344, 0.991384, 0.990342, 0.989212, 0.987989, 0.986667, 0.98524, 0.983703, 0.982042, 0.980266, 0.978384, 0.976384, 0.974259, 0.972001, 0.969602, 0.967053, 0.964345, 0.961468, 0.958412, 0.955164, 0.951714, 0.948048, 0.944153, 0.940014, 0.935617, 0.930945, 0.925981, 0.920707, 0.915104, 0.90915, 0.902824, 0.896102, 0.88896, 0.881372, 0.87331, 0.864744, 0.855641, 0.845972, 0.835692, 0.824782, 0.813165, 0.800873, 0.787707, 0.77393, 0.758866, 0.743709, 0.725925, 0.710326, 0.687329, 0.675271, 0.679268, 0.677811, 0.678276, 0.678128, 0.678175, 0.67816, 0.678165, 0.678163, 0.678164, 0.678163, 0.678164, 0.678164, 0.678164, 0.678164, 0.678164, 0.678164, 0.678164, 0.678164, 0.678164, 0.678164, 0.678164, 0.678164, 0.678164, 0.678163, 0.678164, 0.678163, 0.678164, 0.678164, 
1, 1, 0.999998, 0.999963, 0.999904, 0.99982, 0.999708, 0.999566, 0.999394, 0.999188, 0.998947, 0.998668, 0.99835, 0.997989, 0.997583, 0.99713, 0.996626, 0.996068, 0.995452, 0.994776, 0.994035, 0.993226, 0.992343, 0.991383, 0.990341, 0.989211, 0.987987, 0.986666, 0.985238, 0.983701, 0.98204, 0.980264, 0.978382, 0.976381, 0.974256, 0.971997, 0.969598, 0.967049, 0.964341, 0.961464, 0.958407, 0.955159, 0.951708, 0.948042, 0.944146, 0.940007, 0.93561, 0.930938, 0.925973, 0.920699, 0.915095, 0.90914, 0.902814, 0.896091, 0.888949, 0.881361, 0.873297, 0.864731, 0.855627, 0.845957, 0.835677, 0.824766, 0.813148, 0.800855, 0.787688, 0.773911, 0.758846, 0.743688, 0.725903, 0.710303, 0.687305, 0.675246, 0.679243, 0.677787, 0.678252, 0.678103, 0.67815, 0.678135, 0.67814, 0.678138, 0.678139, 0.678139, 0.678139, 0.678139, 0.678139, 0.678139, 0.678139, 0.678139, 0.678139, 0.678139, 0.678139, 0.678139, 0.678139, 0.678139, 0.678139, 0.678139, 0.678139, 0.678139, 0.678139, 0.678139, 
1, 1, 0.999998, 0.999963, 0.999904, 0.99982, 0.999708, 0.999566, 0.999394, 0.999188, 0.998946, 0.998668, 0.998349, 0.997989, 0.997583, 0.997129, 0.996625, 0.996067, 0.995452, 0.994776, 0.994035, 0.993225, 0.992342, 0.991382, 0.990339, 0.989209, 0.987986, 0.986664, 0.985236, 0.983699, 0.982038, 0.980261, 0.978379, 0.976378, 0.974253, 0.971994, 0.969595, 0.967046, 0.964337, 0.96146, 0.958402, 0.955154, 0.951703, 0.948036, 0.94414, 0.940001, 0.935603, 0.93093, 0.925966, 0.920691, 0.915086, 0.909131, 0.902804, 0.896081, 0.888938, 0.881349, 0.873285, 0.864718, 0.855613, 0.845943, 0.835662, 0.82475, 0.813131, 0.800838, 0.78767, 0.773892, 0.758826, 0.743667, 0.725881, 0.710281, 0.687281, 0.675221, 0.679219, 0.677762, 0.678227, 0.678079, 0.678126, 0.678111, 0.678116, 0.678114, 0.678115, 0.678115, 0.678115, 0.678115, 0.678115, 0.678115, 0.678115, 0.678115, 0.678115, 0.678115, 0.678115, 0.678115, 0.678115, 0.678115, 0.678115, 0.678115, 0.678115, 0.678115, 0.678115, 0.678115, 
1, 1, 0.999998, 0.999963, 0.999904, 0.99982, 0.999708, 0.999566, 0.999393, 0.999188, 0.998946, 0.998668, 0.998349, 0.997988, 0.997583, 0.997129, 0.996625, 0.996067, 0.995451, 0.994775, 0.994034, 0.993224, 0.992341, 0.991381, 0.990338, 0.989208, 0.987984, 0.986662, 0.985234, 0.983697, 0.982036, 0.980259, 0.978377, 0.976375, 0.97425, 0.971991, 0.969591, 0.967042, 0.964333, 0.961455, 0.958398, 0.955149, 0.951698, 0.948031, 0.944134, 0.939995, 0.935596, 0.930923, 0.925958, 0.920683, 0.915077, 0.909122, 0.902794, 0.896071, 0.888928, 0.881338, 0.873273, 0.864705, 0.8556, 0.845929, 0.835647, 0.824735, 0.813115, 0.800821, 0.787652, 0.773873, 0.758807, 0.743647, 0.72586, 0.710258, 0.687258, 0.675197, 0.679196, 0.677739, 0.678204, 0.678055, 0.678102, 0.678087, 0.678092, 0.67809, 0.678091, 0.678091, 0.678091, 0.678091, 0.678091, 0.678091, 0.678091, 0.678091, 0.678091, 0.678091, 0.678091, 0.678091, 0.678091, 0.678091, 0.678091, 0.678091, 0.678091, 0.678091, 0.678091, 0.678091, 
1, 1, 0.999998, 0.999963, 0.999904, 0.99982, 0.999708, 0.999566, 0.999393, 0.999187, 0.998946, 0.998667, 0.998349, 0.997988, 0.997582, 0.997129, 0.996624, 0.996066, 0.995451, 0.994774, 0.994033, 0.993223, 0.99234, 0.99138, 0.990337, 0.989207, 0.987983, 0.986661, 0.985233, 0.983695, 0.982034, 0.980257, 0.978374, 0.976373, 0.974247, 0.971988, 0.969588, 0.967038, 0.964329, 0.961451, 0.958393, 0.955145, 0.951693, 0.948025, 0.944129, 0.939989, 0.93559, 0.930916, 0.925951, 0.920675, 0.915069, 0.909113, 0.902785, 0.896061, 0.888917, 0.881327, 0.873261, 0.864693, 0.855587, 0.845915, 0.835633, 0.82472, 0.813099, 0.800804, 0.787635, 0.773855, 0.758787, 0.743627, 0.725839, 0.710237, 0.687235, 0.675174, 0.679172, 0.677715, 0.67818, 0.678032, 0.678079, 0.678064, 0.678069, 0.678067, 0.678068, 0.678067, 0.678067, 0.678067, 0.678067, 0.678067, 0.678067, 0.678067, 0.678067, 0.678067, 0.678067, 0.678067, 0.678067, 0.678067, 0.678067, 0.678067, 0.678067, 0.678067, 0.678067, 0.678067, 
1, 1, 0.999998, 0.999963, 0.999904, 0.99982, 0.999708, 0.999566, 0.999393, 0.999187, 0.998946, 0.998667, 0.998349, 0.997988, 0.997582, 0.997128, 0.996624, 0.996066, 0.99545, 0.994774, 0.994032, 0.993222, 0.99234, 0.991379, 0.990336, 0.989205, 0.987982, 0.986659, 0.985231, 0.983693, 0.982032, 0.980254, 0.978372, 0.97637, 0.974244, 0.971985, 0.969585, 0.967035, 0.964326, 0.961447, 0.958389, 0.95514, 0.951688, 0.94802, 0.944123, 0.939982, 0.935583, 0.930909, 0.925943, 0.920667, 0.915061, 0.909104, 0.902775, 0.896051, 0.888907, 0.881316, 0.87325, 0.864681, 0.855574, 0.845902, 0.835618, 0.824705, 0.813083, 0.800787, 0.787618, 0.773837, 0.758769, 0.743607, 0.725818, 0.710215, 0.687213, 0.675151, 0.679149, 0.677692, 0.678157, 0.678009, 0.678056, 0.678041, 0.678046, 0.678044, 0.678045, 0.678044, 0.678045, 0.678045, 0.678045, 0.678045, 0.678045, 0.678045, 0.678045, 0.678045, 0.678045, 0.678045, 0.678045, 0.678045, 0.678045, 0.678045, 0.678045, 0.678044, 0.678045, 0.678045, 
1, 1, 0.999998, 0.999963, 0.999904, 0.99982, 0.999708, 0.999566, 0.999393, 0.999187, 0.998946, 0.998667, 0.998348, 0.997988, 0.997582, 0.997128, 0.996624, 0.996065, 0.995449, 0.994773, 0.994032, 0.993222, 0.992339, 0.991378, 0.990335, 0.989204, 0.98798, 0.986658, 0.985229, 0.983691, 0.98203, 0.980252, 0.978369, 0.976368, 0.974241, 0.971982, 0.969582, 0.967031, 0.964322, 0.961443, 0.958385, 0.955135, 0.951683, 0.948015, 0.944117, 0.939976, 0.935577, 0.930902, 0.925936, 0.920659, 0.915053, 0.909096, 0.902766, 0.896042, 0.888896, 0.881305, 0.873239, 0.864669, 0.855562, 0.845888, 0.835605, 0.82469, 0.813068, 0.800771, 0.787601, 0.773819, 0.75875, 0.743588, 0.725798, 0.710194, 0.68719, 0.675128, 0.679127, 0.67767, 0.678135, 0.677986, 0.678033, 0.678018, 0.678023, 0.678022, 0.678022, 0.678022, 0.678022, 0.678022, 0.678022, 0.678022, 0.678022, 0.678022, 0.678022, 0.678022, 0.678022, 0.678022, 0.678022, 0.678022, 0.678022, 0.678022, 0.678022, 0.678022, 0.678022, 0.678022, 
1, 1, 0.999998, 0.999963, 0.999904, 0.99982, 0.999708, 0.999566, 0.999393, 0.999187, 0.998946, 0.998667, 0.998348, 0.997987, 0.997581, 0.997128, 0.996623, 0.996065, 0.995449, 0.994772, 0.994031, 0.993221, 0.992338, 0.991377, 0.990334, 0.989203, 0.987979, 0.986656, 0.985228, 0.983689, 0.982028, 0.98025, 0.978367, 0.976365, 0.974238, 0.971979, 0.969578, 0.967028, 0.964318, 0.961439, 0.958381, 0.955131, 0.951678, 0.948009, 0.944112, 0.939971, 0.935571, 0.930896, 0.925929, 0.920652, 0.915045, 0.909087, 0.902757, 0.896032, 0.888886, 0.881294, 0.873227, 0.864657, 0.855549, 0.845875, 0.835591, 0.824676, 0.813053, 0.800756, 0.787584, 0.773802, 0.758732, 0.743569, 0.725778, 0.710174, 0.687169, 0.675106, 0.679105, 0.677648, 0.678113, 0.677964, 0.678011, 0.677996, 0.678001, 0.678, 0.678, 0.678, 0.678, 0.678, 0.678, 0.678, 0.678, 0.678, 0.678, 0.678, 0.678, 0.678, 0.678, 0.678, 0.678, 0.678, 0.678, 0.678, 0.678, 0.678, 
1, 1, 0.999998, 0.999963, 0.999904, 0.99982, 0.999708, 0.999566, 0.999393, 0.999187, 0.998946, 0.998667, 0.998348, 0.997987, 0.997581, 0.997127, 0.996623, 0.996064, 0.995448, 0.994772, 0.99403, 0.99322, 0.992337, 0.991376, 0.990333, 0.989202, 0.987977, 0.986655, 0.985226, 0.983688, 0.982026, 0.980248, 0.978365, 0.976363, 0.974236, 0.971976, 0.969575, 0.967025, 0.964315, 0.961435, 0.958376, 0.955126, 0.951673, 0.948004, 0.944106, 0.939965, 0.935564, 0.930889, 0.925922, 0.920644, 0.915037, 0.909079, 0.902749, 0.896023, 0.888877, 0.881284, 0.873216, 0.864645, 0.855537, 0.845863, 0.835577, 0.824662, 0.813038, 0.80074, 0.787568, 0.773785, 0.758714, 0.74355, 0.725758, 0.710154, 0.687147, 0.675084, 0.679083, 0.677626, 0.678091, 0.677943, 0.677989, 0.677975, 0.677979, 0.677978, 0.677978, 0.677978, 0.677978, 0.677978, 0.677978, 0.677978, 0.677978, 0.677978, 0.677978, 0.677978, 0.677978, 0.677978, 0.677978, 0.677978, 0.677978, 0.677978, 0.677978, 0.677978, 0.677978, 0.677978, 
1, 1, 0.999998, 0.999963, 0.999904, 0.99982, 0.999708, 0.999566, 0.999393, 0.999187, 0.998946, 0.998667, 0.998348, 0.997987, 0.997581, 0.997127, 0.996622, 0.996064, 0.995448, 0.994771, 0.99403, 0.993219, 0.992336, 0.991375, 0.990332, 0.9892, 0.987976, 0.986653, 0.985224, 0.983686, 0.982024, 0.980246, 0.978363, 0.97636, 0.974233, 0.971973, 0.969572, 0.967021, 0.964311, 0.961432, 0.958372, 0.955122, 0.951668, 0.947999, 0.944101, 0.939959, 0.935558, 0.930883, 0.925915, 0.920637, 0.915029, 0.909071, 0.90274, 0.896014, 0.888867, 0.881274, 0.873206, 0.864634, 0.855525, 0.84585, 0.835564, 0.824648, 0.813024, 0.800725, 0.787552, 0.773768, 0.758696, 0.743532, 0.725739, 0.710134, 0.687126, 0.675063, 0.679062, 0.677604, 0.67807, 0.677921, 0.677968, 0.677953, 0.677958, 0.677957, 0.677957, 0.677957, 0.677957, 0.677957, 0.677957, 0.677957, 0.677957, 0.677957, 0.677957, 0.677957, 0.677957, 0.677957, 0.677957, 0.677957, 0.677957, 0.677957, 0.677957, 0.677957, 0.677957, 0.677957, 
1, 1, 0.999998, 0.999963, 0.999904, 0.99982, 0.999708, 0.999566, 0.999393, 0.999187, 0.998945, 0.998666, 0.998348, 0.997987, 0.99758, 0.997127, 0.996622, 0.996063, 0.995447, 0.99477, 0.994029, 0.993219, 0.992335, 0.991374, 0.99033, 0.989199, 0.987975, 0.986652, 0.985223, 0.983684, 0.982022, 0.980244, 0.97836, 0.976358, 0.974231, 0.97197, 0.969569, 0.967018, 0.964308, 0.961428, 0.958368, 0.955118, 0.951664, 0.947994, 0.944096, 0.939954, 0.935553, 0.930877, 0.925908, 0.92063, 0.915022, 0.909063, 0.902732, 0.896005, 0.888858, 0.881264, 0.873195, 0.864623, 0.855514, 0.845838, 0.835551, 0.824634, 0.813009, 0.80071, 0.787536, 0.773752, 0.758679, 0.743514, 0.72572, 0.710114, 0.687106, 0.675041, 0.679041, 0.677583, 0.678049, 0.6779, 0.677947, 0.677932, 0.677937, 0.677936, 0.677936, 0.677936, 0.677936, 0.677936, 0.677936, 0.677936, 0.677936, 0.677936, 0.677936, 0.677936, 0.677936, 0.677936, 0.677936, 0.677936, 0.677936, 0.677936, 0.677936, 0.677936, 0.677936, 0.677936, 
1, 1, 0.999998, 0.999963, 0.999904, 0.99982, 0.999707, 0.999566, 0.999393, 0.999187, 0.998945, 0.998666, 0.998347, 0.997986, 0.99758, 0.997126, 0.996622, 0.996063, 0.995447, 0.99477, 0.994028, 0.993218, 0.992334, 0.991373, 0.990329, 0.989198, 0.987974, 0.98665, 0.985221, 0.983682, 0.98202, 0.980242, 0.978358, 0.976356, 0.974228, 0.971968, 0.969566, 0.967015, 0.964304, 0.961424, 0.958364, 0.955113, 0.951659, 0.94799, 0.944091, 0.939948, 0.935547, 0.93087, 0.925902, 0.920623, 0.915014, 0.909055, 0.902723, 0.895996, 0.888848, 0.881254, 0.873185, 0.864612, 0.855502, 0.845826, 0.835539, 0.824621, 0.812995, 0.800695, 0.787521, 0.773735, 0.758662, 0.743496, 0.725702, 0.710095, 0.687086, 0.675021, 0.679021, 0.677563, 0.678028, 0.67788, 0.677927, 0.677912, 0.677916, 0.677915, 0.677915, 0.677915, 0.677915, 0.677915, 0.677915, 0.677915, 0.677915, 0.677915, 0.677915, 0.677915, 0.677915, 0.677915, 0.677915, 0.677915, 0.677915, 0.677915, 0.677915, 0.677915, 0.677915, 0.677915, 
1, 1, 0.999998, 0.999963, 0.999904, 0.99982, 0.999707, 0.999566, 0.999393, 0.999187, 0.998945, 0.998666, 0.998347, 0.997986, 0.99758, 0.997126, 0.996621, 0.996062, 0.995446, 0.994769, 0.994028, 0.993217, 0.992333, 0.991372, 0.990328, 0.989197, 0.987972, 0.986649, 0.98522, 0.983681, 0.982019, 0.98024, 0.978356, 0.976353, 0.974226, 0.971965, 0.969563, 0.967012, 0.964301, 0.961421, 0.958361, 0.955109, 0.951655, 0.947985, 0.944086, 0.939943, 0.935541, 0.930864, 0.925895, 0.920616, 0.915007, 0.909047, 0.902715, 0.895987, 0.888839, 0.881244, 0.873175, 0.864601, 0.855491, 0.845814, 0.835526, 0.824608, 0.812982, 0.800681, 0.787506, 0.77372, 0.758646, 0.743479, 0.725684, 0.710076, 0.687066, 0.675, 0.679001, 0.677543, 0.678008, 0.67786, 0.677906, 0.677892, 0.677896, 0.677895, 0.677895, 0.677895, 0.677895, 0.677895, 0.677895, 0.677895, 0.677895, 0.677895, 0.677895, 0.677895, 0.677895, 0.677895, 0.677895, 0.677895, 0.677895, 0.677895, 0.677895, 0.677895, 0.677895, 0.677895, 
1, 1, 0.999998, 0.999963, 0.999904, 0.99982, 0.999707, 0.999566, 0.999393, 0.999187, 0.998945, 0.998666, 0.998347, 0.997986, 0.99758, 0.997126, 0.996621, 0.996062, 0.995446, 0.994769, 0.994027, 0.993216, 0.992333, 0.991371, 0.990327, 0.989196, 0.987971, 0.986648, 0.985218, 0.983679, 0.982017, 0.980238, 0.978354, 0.976351, 0.974223, 0.971962, 0.969561, 0.967009, 0.964298, 0.961417, 0.958357, 0.955105, 0.951651, 0.94798, 0.944081, 0.939937, 0.935535, 0.930858, 0.925889, 0.920609, 0.915, 0.90904, 0.902707, 0.895979, 0.88883, 0.881235, 0.873165, 0.864591, 0.85548, 0.845802, 0.835514, 0.824595, 0.812968, 0.800667, 0.787491, 0.773704, 0.75863, 0.743462, 0.725666, 0.710058, 0.687046, 0.674981, 0.678981, 0.677523, 0.677988, 0.67784, 0.677887, 0.677872, 0.677877, 0.677875, 0.677876, 0.677875, 0.677875, 0.677875, 0.677875, 0.677875, 0.677875, 0.677875, 0.677875, 0.677875, 0.677875, 0.677875, 0.677875, 0.677875, 0.677875, 0.677875, 0.677875, 0.677875, 0.677875, 0.677875, 
1, 1, 0.999998, 0.999963, 0.999904, 0.99982, 0.999707, 0.999566, 0.999393, 0.999186, 0.998945, 0.998666, 0.998347, 0.997986, 0.997579, 0.997125, 0.99662, 0.996062, 0.995445, 0.994768, 0.994026, 0.993216, 0.992332, 0.99137, 0.990326, 0.989195, 0.98797, 0.986646, 0.985217, 0.983678, 0.982015, 0.980236, 0.978352, 0.976349, 0.974221, 0.97196, 0.969558, 0.967006, 0.964294, 0.961414, 0.958353, 0.955101, 0.951646, 0.947976, 0.944076, 0.939932, 0.93553, 0.930852, 0.925883, 0.920603, 0.914993, 0.909032, 0.902699, 0.895971, 0.888821, 0.881226, 0.873155, 0.864581, 0.855469, 0.845791, 0.835502, 0.824582, 0.812955, 0.800653, 0.787476, 0.773689, 0.758614, 0.743445, 0.725648, 0.71004, 0.687027, 0.674961, 0.678962, 0.677503, 0.677969, 0.67782, 0.677867, 0.677852, 0.677857, 0.677856, 0.677856, 0.677856, 0.677856, 0.677856, 0.677856, 0.677856, 0.677856, 0.677856, 0.677856, 0.677856, 0.677856, 0.677856, 0.677856, 0.677856, 0.677856, 0.677856, 0.677856, 0.677856, 0.677856, 0.677856, 
1, 1, 0.999998, 0.999963, 0.999904, 0.99982, 0.999707, 0.999566, 0.999393, 0.999186, 0.998945, 0.998666, 0.998347, 0.997985, 0.997579, 0.997125, 0.99662, 0.996061, 0.995445, 0.994768, 0.994026, 0.993215, 0.992331, 0.99137, 0.990325, 0.989194, 0.987969, 0.986645, 0.985215, 0.983676, 0.982013, 0.980234, 0.97835, 0.976347, 0.974218, 0.971957, 0.969555, 0.967003, 0.964291, 0.96141, 0.958349, 0.955097, 0.951642, 0.947971, 0.944071, 0.939927, 0.935524, 0.930847, 0.925877, 0.920596, 0.914986, 0.909025, 0.902692, 0.895962, 0.888813, 0.881217, 0.873145, 0.86457, 0.855458, 0.84578, 0.83549, 0.82457, 0.812942, 0.800639, 0.787462, 0.773674, 0.758598, 0.743429, 0.725631, 0.710022, 0.687009, 0.674942, 0.678943, 0.677484, 0.67795, 0.677801, 0.677848, 0.677833, 0.677838, 0.677836, 0.677837, 0.677837, 0.677837, 0.677837, 0.677837, 0.677837, 0.677837, 0.677837, 0.677837, 0.677837, 0.677837, 0.677837, 0.677837, 0.677837, 0.677837, 0.677837, 0.677837, 0.677837, 0.677837, 0.677837, 
1, 1, 0.999998, 0.999963, 0.999904, 0.99982, 0.999707, 0.999566, 0.999393, 0.999186, 0.998945, 0.998666, 0.998347, 0.997985, 0.997579, 0.997125, 0.99662, 0.996061, 0.995444, 0.994767, 0.994025, 0.993214, 0.99233, 0.991369, 0.990324, 0.989193, 0.987968, 0.986644, 0.985214, 0.983675, 0.982012, 0.980233, 0.978348, 0.976344, 0.974216, 0.971955, 0.969552, 0.967, 0.964288, 0.961407, 0.958346, 0.955094, 0.951638, 0.947967, 0.944066, 0.939922, 0.935519, 0.930841, 0.925871, 0.92059, 0.914979, 0.909018, 0.902684, 0.895954, 0.888804, 0.881208, 0.873136, 0.864561, 0.855448, 0.845769, 0.835478, 0.824558, 0.812929, 0.800626, 0.787448, 0.773659, 0.758582, 0.743413, 0.725614, 0.710004, 0.68699, 0.674923, 0.678924, 0.677465, 0.677931, 0.677782, 0.677829, 0.677815, 0.677819, 0.677818, 0.677818, 0.677818, 0.677818, 0.677818, 0.677818, 0.677818, 0.677818, 0.677818, 0.677818, 0.677818, 0.677818, 0.677818, 0.677818, 0.677818, 0.677818, 0.677818, 0.677818, 0.677818, 0.677818, 0.677818, 
1, 1, 0.999998, 0.999963, 0.999904, 0.99982, 0.999707, 0.999566, 0.999392, 0.999186, 0.998945, 0.998665, 0.998346, 0.997985, 0.997579, 0.997124, 0.996619, 0.99606, 0.995444, 0.994767, 0.994024, 0.993214, 0.99233, 0.991368, 0.990324, 0.989192, 0.987966, 0.986643, 0.985213, 0.983673, 0.98201, 0.980231, 0.978346, 0.976342, 0.974214, 0.971952, 0.96955, 0.966997, 0.964285, 0.961404, 0.958342, 0.95509, 0.951634, 0.947963, 0.944062, 0.939917, 0.935514, 0.930836, 0.925865, 0.920584, 0.914972, 0.909011, 0.902676, 0.895947, 0.888796, 0.881199, 0.873127, 0.864551, 0.855438, 0.845758, 0.835467, 0.824546, 0.812917, 0.800612, 0.787434, 0.773645, 0.758567, 0.743397, 0.725598, 0.709987, 0.686972, 0.674904, 0.678906, 0.677447, 0.677913, 0.677764, 0.677811, 0.677796, 0.677801, 0.677799, 0.6778, 0.6778, 0.6778, 0.6778, 0.6778, 0.6778, 0.6778, 0.6778, 0.6778, 0.6778, 0.6778, 0.6778, 0.6778, 0.6778, 0.6778, 0.6778, 0.6778, 0.6778, 0.6778, 0.6778, 
1, 1, 0.999998, 0.999963, 0.999904, 0.99982, 0.999707, 0.999565, 0.999392, 0.999186, 0.998944, 0.998665, 0.998346, 0.997985, 0.997578, 0.997124, 0.996619, 0.99606, 0.995443, 0.994766, 0.994024, 0.993213, 0.992329, 0.991367, 0.990323, 0.989191, 0.987965, 0.986641, 0.985211, 0.983672, 0.982008, 0.980229, 0.978344, 0.97634, 0.974212, 0.97195, 0.969547, 0.966994, 0.964282, 0.9614, 0.958339, 0.955086, 0.95163, 0.947958, 0.944057, 0.939913, 0.935509, 0.93083, 0.925859, 0.920577, 0.914966, 0.909004, 0.902669, 0.895939, 0.888788, 0.88119, 0.873118, 0.864541, 0.855427, 0.845747, 0.835456, 0.824534, 0.812904, 0.800599, 0.787421, 0.773631, 0.758552, 0.743382, 0.725582, 0.70997, 0.686954, 0.674886, 0.678888, 0.677429, 0.677895, 0.677746, 0.677793, 0.677778, 0.677783, 0.677781, 0.677782, 0.677782, 0.677782, 0.677782, 0.677782, 0.677782, 0.677782, 0.677782, 0.677782, 0.677782, 0.677782, 0.677782, 0.677782, 0.677782, 0.677782, 0.677782, 0.677782, 0.677782, 0.677782, 0.677782, 
1, 1, 0.999998, 0.999963, 0.999904, 0.99982, 0.999707, 0.999565, 0.999392, 0.999186, 0.998944, 0.998665, 0.998346, 0.997985, 0.997578, 0.997124, 0.996619, 0.99606, 0.995443, 0.994766, 0.994023, 0.993212, 0.992328, 0.991366, 0.990322, 0.98919, 0.987964, 0.98664, 0.98521, 0.98367, 0.982007, 0.980227, 0.978342, 0.976338, 0.974209, 0.971948, 0.969545, 0.966992, 0.964279, 0.961397, 0.958335, 0.955082, 0.951626, 0.947954, 0.944053, 0.939908, 0.935504, 0.930825, 0.925853, 0.920571, 0.91496, 0.908997, 0.902662, 0.895931, 0.88878, 0.881182, 0.873109, 0.864532, 0.855418, 0.845737, 0.835445, 0.824523, 0.812892, 0.800587, 0.787407, 0.773617, 0.758538, 0.743366, 0.725566, 0.709954, 0.686937, 0.674868, 0.67887, 0.677411, 0.677877, 0.677728, 0.677775, 0.67776, 0.677765, 0.677764, 0.677764, 0.677764, 0.677764, 0.677764, 0.677764, 0.677764, 0.677764, 0.677764, 0.677764, 0.677764, 0.677764, 0.677764, 0.677764, 0.677764, 0.677764, 0.677764, 0.677764, 0.677764, 0.677764, 0.677764, 
1, 1, 0.999998, 0.999963, 0.999904, 0.99982, 0.999707, 0.999565, 0.999392, 0.999186, 0.998944, 0.998665, 0.998346, 0.997984, 0.997578, 0.997124, 0.996618, 0.996059, 0.995443, 0.994765, 0.994023, 0.993212, 0.992327, 0.991365, 0.990321, 0.989189, 0.987963, 0.986639, 0.985209, 0.983669, 0.982005, 0.980226, 0.978341, 0.976336, 0.974207, 0.971945, 0.969542, 0.966989, 0.964276, 0.961394, 0.958332, 0.955079, 0.951622, 0.94795, 0.944049, 0.939903, 0.935499, 0.930819, 0.925848, 0.920566, 0.914953, 0.90899, 0.902655, 0.895924, 0.888772, 0.881173, 0.8731, 0.864522, 0.855408, 0.845726, 0.835434, 0.824511, 0.81288, 0.800574, 0.787394, 0.773603, 0.758523, 0.743351, 0.72555, 0.709938, 0.68692, 0.674851, 0.678853, 0.677394, 0.677859, 0.677711, 0.677758, 0.677743, 0.677748, 0.677746, 0.677747, 0.677746, 0.677746, 0.677746, 0.677746, 0.677746, 0.677746, 0.677746, 0.677746, 0.677746, 0.677746, 0.677746, 0.677746, 0.677746, 0.677746, 0.677746, 0.677746, 0.677746, 0.677746, 0.677746, 
1, 1, 0.999998, 0.999963, 0.999904, 0.99982, 0.999707, 0.999565, 0.999392, 0.999186, 0.998944, 0.998665, 0.998346, 0.997984, 0.997578, 0.997123, 0.996618, 0.996059, 0.995442, 0.994765, 0.994022, 0.993211, 0.992327, 0.991365, 0.99032, 0.989188, 0.987962, 0.986638, 0.985207, 0.983667, 0.982004, 0.980224, 0.978339, 0.976334, 0.974205, 0.971943, 0.96954, 0.966986, 0.964273, 0.961391, 0.958329, 0.955075, 0.951619, 0.947946, 0.944044, 0.939899, 0.935494, 0.930814, 0.925842, 0.92056, 0.914947, 0.908984, 0.902648, 0.895916, 0.888764, 0.881165, 0.873091, 0.864513, 0.855398, 0.845716, 0.835424, 0.8245, 0.812869, 0.800562, 0.787381, 0.77359, 0.758509, 0.743337, 0.725535, 0.709922, 0.686903, 0.674834, 0.678835, 0.677376, 0.677842, 0.677694, 0.677741, 0.677726, 0.67773, 0.677729, 0.677729, 0.677729, 0.677729, 0.677729, 0.677729, 0.677729, 0.677729, 0.677729, 0.677729, 0.677729, 0.677729, 0.677729, 0.677729, 0.677729, 0.677729, 0.677729, 0.677729, 0.677729, 0.677729, 0.677729, 
1, 1, 0.999998, 0.999963, 0.999904, 0.99982, 0.999707, 0.999565, 0.999392, 0.999186, 0.998944, 0.998665, 0.998346, 0.997984, 0.997577, 0.997123, 0.996618, 0.996058, 0.995442, 0.994764, 0.994022, 0.99321, 0.992326, 0.991364, 0.990319, 0.989187, 0.987961, 0.986637, 0.985206, 0.983666, 0.982002, 0.980222, 0.978337, 0.976332, 0.974203, 0.971941, 0.969537, 0.966984, 0.964271, 0.961388, 0.958326, 0.955072, 0.951615, 0.947942, 0.94404, 0.939894, 0.935489, 0.930809, 0.925837, 0.920554, 0.914941, 0.908977, 0.902641, 0.895909, 0.888757, 0.881157, 0.873083, 0.864504, 0.855389, 0.845707, 0.835413, 0.824489, 0.812857, 0.80055, 0.787369, 0.773576, 0.758496, 0.743322, 0.725519, 0.709906, 0.686886, 0.674817, 0.678819, 0.67736, 0.677826, 0.677677, 0.677724, 0.677709, 0.677714, 0.677712, 0.677713, 0.677712, 0.677713, 0.677713, 0.677713, 0.677713, 0.677713, 0.677713, 0.677713, 0.677713, 0.677713, 0.677713, 0.677713, 0.677713, 0.677713, 0.677713, 0.677713, 0.677713, 0.677713, 0.677713, 
1, 1, 0.999998, 0.999963, 0.999904, 0.99982, 0.999707, 0.999565, 0.999392, 0.999186, 0.998944, 0.998665, 0.998345, 0.997984, 0.997577, 0.997123, 0.996617, 0.996058, 0.995441, 0.994764, 0.994021, 0.99321, 0.992325, 0.991363, 0.990318, 0.989186, 0.98796, 0.986636, 0.985205, 0.983665, 0.982001, 0.980221, 0.978335, 0.976331, 0.974201, 0.971939, 0.969535, 0.966981, 0.964268, 0.961385, 0.958322, 0.955069, 0.951611, 0.947938, 0.944036, 0.93989, 0.935485, 0.930804, 0.925832, 0.920548, 0.914935, 0.908971, 0.902635, 0.895902, 0.888749, 0.881149, 0.873074, 0.864496, 0.85538, 0.845697, 0.835403, 0.824478, 0.812846, 0.800538, 0.787356, 0.773563, 0.758482, 0.743308, 0.725505, 0.709891, 0.68687, 0.6748, 0.678802, 0.677343, 0.677809, 0.67766, 0.677707, 0.677692, 0.677697, 0.677696, 0.677696, 0.677696, 0.677696, 0.677696, 0.677696, 0.677696, 0.677696, 0.677696, 0.677696, 0.677696, 0.677696, 0.677696, 0.677696, 0.677696, 0.677696, 0.677696, 0.677696, 0.677696, 0.677696, 0.677696, 
1, 1, 0.999998, 0.999963, 0.999904, 0.999819, 0.999707, 0.999565, 0.999392, 0.999186, 0.998944, 0.998664, 0.998345, 0.997984, 0.997577, 0.997122, 0.996617, 0.996058, 0.995441, 0.994763, 0.994021, 0.993209, 0.992325, 0.991362, 0.990317, 0.989185, 0.987959, 0.986634, 0.985204, 0.983663, 0.981999, 0.980219, 0.978334, 0.976329, 0.974199, 0.971936, 0.969533, 0.966979, 0.964265, 0.961382, 0.958319, 0.955065, 0.951608, 0.947935, 0.944032, 0.939885, 0.93548, 0.930799, 0.925826, 0.920543, 0.914929, 0.908965, 0.902628, 0.895895, 0.888742, 0.881142, 0.873066, 0.864487, 0.855371, 0.845687, 0.835393, 0.824468, 0.812835, 0.800527, 0.787344, 0.773551, 0.758469, 0.743294, 0.72549, 0.709875, 0.686854, 0.674784, 0.678786, 0.677327, 0.677793, 0.677644, 0.677691, 0.677676, 0.677681, 0.677679, 0.67768, 0.67768, 0.67768, 0.67768, 0.67768, 0.67768, 0.67768, 0.67768, 0.67768, 0.67768, 0.67768, 0.67768, 0.67768, 0.67768, 0.67768, 0.67768, 0.67768, 0.67768, 0.67768, 0.67768, 
1, 1, 0.999998, 0.999963, 0.999904, 0.999819, 0.999707, 0.999565, 0.999392, 0.999186, 0.998944, 0.998664, 0.998345, 0.997983, 0.997577, 0.997122, 0.996617, 0.996057, 0.995441, 0.994763, 0.99402, 0.993209, 0.992324, 0.991362, 0.990317, 0.989184, 0.987958, 0.986633, 0.985203, 0.983662, 0.981998, 0.980218, 0.978332, 0.976327, 0.974197, 0.971934, 0.96953, 0.966976, 0.964262, 0.961379, 0.958316, 0.955062, 0.951604, 0.947931, 0.944028, 0.939881, 0.935476, 0.930795, 0.925821, 0.920537, 0.914924, 0.908959, 0.902622, 0.895888, 0.888735, 0.881134, 0.873058, 0.864479, 0.855362, 0.845678, 0.835383, 0.824458, 0.812824, 0.800515, 0.787332, 0.773538, 0.758456, 0.743281, 0.725476, 0.709861, 0.686839, 0.674768, 0.67877, 0.677311, 0.677777, 0.677628, 0.677675, 0.67766, 0.677665, 0.677664, 0.677664, 0.677664, 0.677664, 0.677664, 0.677664, 0.677664, 0.677664, 0.677664, 0.677664, 0.677664, 0.677664, 0.677664, 0.677664, 0.677664, 0.677664, 0.677664, 0.677664, 0.677664, 0.677664, 0.677664, 
1, 1, 0.999998, 0.999963, 0.999904, 0.999819, 0.999707, 0.999565, 0.999392, 0.999185, 0.998944, 0.998664, 0.998345, 0.997983, 0.997577, 0.997122, 0.996616, 0.996057, 0.99544, 0.994762, 0.99402, 0.993208, 0.992323, 0.991361, 0.990316, 0.989183, 0.987957, 0.986632, 0.985201, 0.983661, 0.981997, 0.980216, 0.97833, 0.976325, 0.974195, 0.971932, 0.969528, 0.966974, 0.96426, 0.961377, 0.958313, 0.955059, 0.951601, 0.947927, 0.944024, 0.939877, 0.935471, 0.93079, 0.925816, 0.920532, 0.914918, 0.908953, 0.902615, 0.895882, 0.888728, 0.881127, 0.87305, 0.86447, 0.855353, 0.845669, 0.835374, 0.824447, 0.812813, 0.800504, 0.787321, 0.773526, 0.758443, 0.743267, 0.725462, 0.709846, 0.686823, 0.674752, 0.678755, 0.677295, 0.677761, 0.677613, 0.67766, 0.677645, 0.677649, 0.677648, 0.677648, 0.677648, 0.677648, 0.677648, 0.677648, 0.677648, 0.677648, 0.677648, 0.677648, 0.677648, 0.677648, 0.677648, 0.677648, 0.677648, 0.677648, 0.677648, 0.677648, 0.677648, 0.677648, 0.677648, 
1, 1, 0.999998, 0.999963, 0.999904, 0.999819, 0.999707, 0.999565, 0.999392, 0.999185, 0.998944, 0.998664, 0.998345, 0.997983, 0.997576, 0.997122, 0.996616, 0.996057, 0.99544, 0.994762, 0.994019, 0.993207, 0.992323, 0.99136, 0.990315, 0.989182, 0.987956, 0.986631, 0.9852, 0.983659, 0.981995, 0.980215, 0.978329, 0.976323, 0.974193, 0.97193, 0.969526, 0.966971, 0.964257, 0.961374, 0.95831, 0.955056, 0.951598, 0.947924, 0.94402, 0.939873, 0.935467, 0.930785, 0.925811, 0.920527, 0.914912, 0.908947, 0.902609, 0.895875, 0.888721, 0.881119, 0.873043, 0.864462, 0.855344, 0.84566, 0.835364, 0.824437, 0.812803, 0.800493, 0.787309, 0.773514, 0.75843, 0.743254, 0.725448, 0.709832, 0.686808, 0.674737, 0.67874, 0.67728, 0.677746, 0.677597, 0.677644, 0.677629, 0.677634, 0.677633, 0.677633, 0.677633, 0.677633, 0.677633, 0.677633, 0.677633, 0.677633, 0.677633, 0.677633, 0.677633, 0.677633, 0.677633, 0.677633, 0.677633, 0.677633, 0.677633, 0.677633, 0.677633, 0.677633, 0.677633, 
1, 1, 0.999998, 0.999963, 0.999904, 0.999819, 0.999707, 0.999565, 0.999392, 0.999185, 0.998943, 0.998664, 0.998345, 0.997983, 0.997576, 0.997121, 0.996616, 0.996056, 0.995439, 0.994761, 0.994019, 0.993207, 0.992322, 0.99136, 0.990314, 0.989182, 0.987955, 0.98663, 0.985199, 0.983658, 0.981994, 0.980213, 0.978327, 0.976322, 0.974191, 0.971928, 0.969524, 0.966969, 0.964255, 0.961371, 0.958308, 0.955053, 0.951594, 0.94792, 0.944016, 0.939869, 0.935462, 0.930781, 0.925807, 0.920522, 0.914907, 0.908941, 0.902603, 0.895869, 0.888714, 0.881112, 0.873035, 0.864454, 0.855336, 0.845651, 0.835355, 0.824428, 0.812793, 0.800482, 0.787298, 0.773502, 0.758418, 0.743241, 0.725434, 0.709818, 0.686794, 0.674721, 0.678725, 0.677265, 0.677731, 0.677582, 0.677629, 0.677614, 0.677619, 0.677618, 0.677618, 0.677618, 0.677618, 0.677618, 0.677618, 0.677618, 0.677618, 0.677618, 0.677618, 0.677618, 0.677618, 0.677618, 0.677618, 0.677618, 0.677618, 0.677618, 0.677618, 0.677618, 0.677618, 0.677618, 
1, 1, 0.999998, 0.999963, 0.999904, 0.999819, 0.999707, 0.999565, 0.999392, 0.999185, 0.998943, 0.998664, 0.998345, 0.997983, 0.997576, 0.997121, 0.996616, 0.996056, 0.995439, 0.994761, 0.994018, 0.993206, 0.992322, 0.991359, 0.990314, 0.989181, 0.987954, 0.986629, 0.985198, 0.983657, 0.981993, 0.980212, 0.978325, 0.97632, 0.97419, 0.971926, 0.969522, 0.966967, 0.964252, 0.961369, 0.958305, 0.95505, 0.951591, 0.947917, 0.944013, 0.939865, 0.935458, 0.930776, 0.925802, 0.920517, 0.914902, 0.908936, 0.902597, 0.895863, 0.888707, 0.881105, 0.873028, 0.864446, 0.855328, 0.845642, 0.835346, 0.824418, 0.812783, 0.800472, 0.787287, 0.773491, 0.758406, 0.743229, 0.725421, 0.709804, 0.686779, 0.674707, 0.67871, 0.67725, 0.677716, 0.677567, 0.677614, 0.6776, 0.677604, 0.677603, 0.677603, 0.677603, 0.677603, 0.677603, 0.677603, 0.677603, 0.677603, 0.677603, 0.677603, 0.677603, 0.677603, 0.677603, 0.677603, 0.677603, 0.677603, 0.677603, 0.677603, 0.677603, 0.677603, 0.677603, 
1, 1, 0.999998, 0.999963, 0.999904, 0.999819, 0.999707, 0.999565, 0.999392, 0.999185, 0.998943, 0.998664, 0.998344, 0.997983, 0.997576, 0.997121, 0.996615, 0.996056, 0.995439, 0.994761, 0.994018, 0.993206, 0.992321, 0.991358, 0.990313, 0.98918, 0.987953, 0.986628, 0.985197, 0.983656, 0.981991, 0.98021, 0.978324, 0.976318, 0.974188, 0.971924, 0.969519, 0.966964, 0.96425, 0.961366, 0.958302, 0.955047, 0.951588, 0.947913, 0.944009, 0.939861, 0.935454, 0.930772, 0.925797, 0.920512, 0.914896, 0.90893, 0.902591, 0.895856, 0.888701, 0.881098, 0.87302, 0.864439, 0.85532, 0.845634, 0.835337, 0.824409, 0.812773, 0.800461, 0.787276, 0.773479, 0.758394, 0.743216, 0.725408, 0.70979, 0.686765, 0.674692, 0.678695, 0.677236, 0.677702, 0.677553, 0.6776, 0.677585, 0.67759, 0.677588, 0.677589, 0.677589, 0.677589, 0.677589, 0.677589, 0.677589, 0.677589, 0.677589, 0.677589, 0.677589, 0.677589, 0.677589, 0.677589, 0.677589, 0.677589, 0.677589, 0.677589, 0.677589, 0.677589, 0.677589, 
1, 1, 0.999998, 0.999963, 0.999904, 0.999819, 0.999707, 0.999565, 0.999392, 0.999185, 0.998943, 0.998664, 0.998344, 0.997982, 0.997576, 0.997121, 0.996615, 0.996055, 0.995438, 0.99476, 0.994017, 0.993205, 0.99232, 0.991358, 0.990312, 0.989179, 0.987953, 0.986627, 0.985196, 0.983655, 0.98199, 0.980209, 0.978322, 0.976317, 0.974186, 0.971922, 0.969517, 0.966962, 0.964248, 0.961363, 0.958299, 0.955044, 0.951585, 0.94791, 0.944006, 0.939857, 0.93545, 0.930768, 0.925793, 0.920507, 0.914891, 0.908925, 0.902585, 0.89585, 0.888694, 0.881091, 0.873013, 0.864431, 0.855312, 0.845625, 0.835328, 0.824399, 0.812763, 0.800451, 0.787265, 0.773468, 0.758382, 0.743204, 0.725395, 0.709777, 0.686751, 0.674678, 0.678681, 0.677221, 0.677688, 0.677539, 0.677586, 0.677571, 0.677576, 0.677574, 0.677575, 0.677574, 0.677574, 0.677574, 0.677574, 0.677574, 0.677574, 0.677574, 0.677574, 0.677574, 0.677574, 0.677574, 0.677574, 0.677574, 0.677574, 0.677574, 0.677574, 0.677574, 0.677574, 0.677574, 
1, 1, 0.999998, 0.999963, 0.999904, 0.999819, 0.999707, 0.999565, 0.999392, 0.999185, 0.998943, 0.998664, 0.998344, 0.997982, 0.997575, 0.997121, 0.996615, 0.996055, 0.995438, 0.99476, 0.994017, 0.993205, 0.99232, 0.991357, 0.990311, 0.989178, 0.987952, 0.986626, 0.985195, 0.983654, 0.981989, 0.980208, 0.978321, 0.976315, 0.974184, 0.971921, 0.969515, 0.96696, 0.964245, 0.961361, 0.958297, 0.955041, 0.951582, 0.947907, 0.944002, 0.939854, 0.935446, 0.930763, 0.925788, 0.920502, 0.914886, 0.908919, 0.90258, 0.895844, 0.888688, 0.881085, 0.873006, 0.864424, 0.855304, 0.845617, 0.835319, 0.82439, 0.812753, 0.800441, 0.787255, 0.773457, 0.758371, 0.743192, 0.725383, 0.709764, 0.686737, 0.674664, 0.678667, 0.677207, 0.677674, 0.677525, 0.677572, 0.677557, 0.677562, 0.67756, 0.677561, 0.67756, 0.67756, 0.67756, 0.67756, 0.67756, 0.67756, 0.67756, 0.67756, 0.67756, 0.67756, 0.67756, 0.67756, 0.67756, 0.67756, 0.67756, 0.67756, 0.67756, 0.67756, 0.67756, 
1, 1, 0.999998, 0.999963, 0.999904, 0.999819, 0.999707, 0.999565, 0.999392, 0.999185, 0.998943, 0.998663, 0.998344, 0.997982, 0.997575, 0.99712, 0.996615, 0.996055, 0.995438, 0.994759, 0.994016, 0.993204, 0.992319, 0.991356, 0.990311, 0.989178, 0.987951, 0.986625, 0.985194, 0.983652, 0.981988, 0.980206, 0.97832, 0.976314, 0.974183, 0.971919, 0.969513, 0.966958, 0.964243, 0.961359, 0.958294, 0.955038, 0.951579, 0.947903, 0.943999, 0.93985, 0.935442, 0.930759, 0.925784, 0.920498, 0.914881, 0.908914, 0.902574, 0.895838, 0.888682, 0.881078, 0.872999, 0.864417, 0.855296, 0.845609, 0.835311, 0.824381, 0.812744, 0.800431, 0.787244, 0.773446, 0.758359, 0.74318, 0.72537, 0.709751, 0.686724, 0.67465, 0.678654, 0.677194, 0.67766, 0.677511, 0.677558, 0.677543, 0.677548, 0.677546, 0.677547, 0.677547, 0.677547, 0.677547, 0.677547, 0.677547, 0.677547, 0.677547, 0.677547, 0.677547, 0.677547, 0.677547, 0.677547, 0.677547, 0.677547, 0.677547, 0.677547, 0.677547, 0.677547, 0.677547, 
1, 1, 0.999998, 0.999963, 0.999904, 0.999819, 0.999707, 0.999565, 0.999392, 0.999185, 0.998943, 0.998663, 0.998344, 0.997982, 0.997575, 0.99712, 0.996614, 0.996055, 0.995437, 0.994759, 0.994016, 0.993204, 0.992319, 0.991356, 0.99031, 0.989177, 0.98795, 0.986625, 0.985193, 0.983651, 0.981986, 0.980205, 0.978318, 0.976312, 0.974181, 0.971917, 0.969511, 0.966956, 0.964241, 0.961356, 0.958291, 0.955035, 0.951576, 0.9479, 0.943995, 0.939846, 0.935438, 0.930755, 0.92578, 0.920493, 0.914876, 0.908909, 0.902569, 0.895833, 0.888676, 0.881072, 0.872993, 0.864409, 0.855289, 0.845601, 0.835302, 0.824373, 0.812735, 0.800422, 0.787234, 0.773436, 0.758348, 0.743169, 0.725358, 0.709739, 0.68671, 0.674636, 0.67864, 0.67718, 0.677646, 0.677498, 0.677544, 0.67753, 0.677534, 0.677533, 0.677533, 0.677533, 0.677533, 0.677533, 0.677533, 0.677533, 0.677533, 0.677533, 0.677533, 0.677533, 0.677533, 0.677533, 0.677533, 0.677533, 0.677533, 0.677533, 0.677533, 0.677533, 0.677533, 0.677533, 
1, 1, 0.999998, 0.999963, 0.999904, 0.999819, 0.999707, 0.999565, 0.999391, 0.999185, 0.998943, 0.998663, 0.998344, 0.997982, 0.997575, 0.99712, 0.996614, 0.996054, 0.995437, 0.994759, 0.994015, 0.993203, 0.992318, 0.991355, 0.990309, 0.989176, 0.987949, 0.986624, 0.985192, 0.98365, 0.981985, 0.980204, 0.978317, 0.976311, 0.974179, 0.971915, 0.96951, 0.966954, 0.964239, 0.961354, 0.958289, 0.955032, 0.951573, 0.947897, 0.943992, 0.939843, 0.935435, 0.930751, 0.925775, 0.920489, 0.914872, 0.908904, 0.902563, 0.895827, 0.88867, 0.881065, 0.872986, 0.864402, 0.855281, 0.845593, 0.835294, 0.824364, 0.812726, 0.800412, 0.787224, 0.773425, 0.758337, 0.743157, 0.725346, 0.709726, 0.686697, 0.674623, 0.678627, 0.677167, 0.677633, 0.677484, 0.677531, 0.677516, 0.677521, 0.67752, 0.67752, 0.67752, 0.67752, 0.67752, 0.67752, 0.67752, 0.67752, 0.67752, 0.67752, 0.67752, 0.67752, 0.67752, 0.67752, 0.67752, 0.67752, 0.67752, 0.67752, 0.67752, 0.67752, 0.67752, 
1, 1, 0.999998, 0.999963, 0.999904, 0.999819, 0.999707, 0.999565, 0.999391, 0.999185, 0.998943, 0.998663, 0.998344, 0.997982, 0.997575, 0.99712, 0.996614, 0.996054, 0.995437, 0.994758, 0.994015, 0.993203, 0.992318, 0.991354, 0.990309, 0.989175, 0.987948, 0.986623, 0.985191, 0.983649, 0.981984, 0.980202, 0.978315, 0.976309, 0.974178, 0.971913, 0.969508, 0.966952, 0.964236, 0.961351, 0.958286, 0.95503, 0.95157, 0.947894, 0.943989, 0.939839, 0.935431, 0.930747, 0.925771, 0.920484, 0.914867, 0.908899, 0.902558, 0.895821, 0.888664, 0.881059, 0.872979, 0.864395, 0.855274, 0.845586, 0.835286, 0.824356, 0.812717, 0.800403, 0.787215, 0.773415, 0.758327, 0.743146, 0.725335, 0.709714, 0.686685, 0.67461, 0.678614, 0.677154, 0.67762, 0.677471, 0.677518, 0.677503, 0.677508, 0.677507, 0.677507, 0.677507, 0.677507, 0.677507, 0.677507, 0.677507, 0.677507, 0.677507, 0.677507, 0.677507, 0.677507, 0.677507, 0.677507, 0.677507, 0.677507, 0.677507, 0.677507, 0.677507, 0.677507, 0.677507, 
1, 1, 0.999998, 0.999963, 0.999904, 0.999819, 0.999707, 0.999565, 0.999391, 0.999185, 0.998943, 0.998663, 0.998343, 0.997981, 0.997574, 0.997119, 0.996614, 0.996054, 0.995436, 0.994758, 0.994015, 0.993202, 0.992317, 0.991354, 0.990308, 0.989175, 0.987948, 0.986622, 0.98519, 0.983648, 0.981983, 0.980201, 0.978314, 0.976308, 0.974176, 0.971912, 0.969506, 0.96695, 0.964234, 0.961349, 0.958284, 0.955027, 0.951567, 0.947891, 0.943986, 0.939836, 0.935427, 0.930744, 0.925767, 0.92048, 0.914862, 0.908894, 0.902553, 0.895816, 0.888658, 0.881053, 0.872973, 0.864389, 0.855267, 0.845578, 0.835278, 0.824347, 0.812708, 0.800394, 0.787205, 0.773405, 0.758316, 0.743135, 0.725323, 0.709702, 0.686672, 0.674597, 0.678601, 0.677141, 0.677607, 0.677459, 0.677505, 0.677491, 0.677495, 0.677494, 0.677494, 0.677494, 0.677494, 0.677494, 0.677494, 0.677494, 0.677494, 0.677494, 0.677494, 0.677494, 0.677494, 0.677494, 0.677494, 0.677494, 0.677494, 0.677494, 0.677494, 0.677494, 0.677494, 0.677494, 
1, 1, 0.999998, 0.999963, 0.999904, 0.999819, 0.999707, 0.999565, 0.999391, 0.999185, 0.998943, 0.998663, 0.998343, 0.997981, 0.997574, 0.997119, 0.996613, 0.996053, 0.995436, 0.994758, 0.994014, 0.993202, 0.992317, 0.991353, 0.990307, 0.989174, 0.987947, 0.986621, 0.985189, 0.983647, 0.981982, 0.9802, 0.978313, 0.976306, 0.974175, 0.97191, 0.969504, 0.966948, 0.964232, 0.961347, 0.958281, 0.955025, 0.951564, 0.947888, 0.943982, 0.939833, 0.935424, 0.93074, 0.925763, 0.920476, 0.914858, 0.908889, 0.902548, 0.895811, 0.888652, 0.881047, 0.872967, 0.864382, 0.85526, 0.845571, 0.83527, 0.824339, 0.8127, 0.800385, 0.787196, 0.773395, 0.758306, 0.743124, 0.725312, 0.709691, 0.68666, 0.674584, 0.678589, 0.677128, 0.677595, 0.677446, 0.677493, 0.677478, 0.677483, 0.677481, 0.677482, 0.677482, 0.677482, 0.677482, 0.677482, 0.677482, 0.677482, 0.677482, 0.677482, 0.677482, 0.677482, 0.677482, 0.677482, 0.677482, 0.677482, 0.677482, 0.677482, 0.677482, 0.677482, 0.677482, 
1, 1, 0.999998, 0.999963, 0.999904, 0.999819, 0.999707, 0.999565, 0.999391, 0.999185, 0.998943, 0.998663, 0.998343, 0.997981, 0.997574, 0.997119, 0.996613, 0.996053, 0.995436, 0.994757, 0.994014, 0.993202, 0.992316, 0.991353, 0.990307, 0.989173, 0.987946, 0.98662, 0.985188, 0.983646, 0.981981, 0.980199, 0.978311, 0.976305, 0.974173, 0.971908, 0.969502, 0.966946, 0.96423, 0.961345, 0.958279, 0.955022, 0.951562, 0.947885, 0.943979, 0.939829, 0.93542, 0.930736, 0.925759, 0.920471, 0.914853, 0.908885, 0.902543, 0.895805, 0.888647, 0.881041, 0.87296, 0.864375, 0.855253, 0.845564, 0.835263, 0.824331, 0.812691, 0.800376, 0.787186, 0.773386, 0.758296, 0.743114, 0.725301, 0.709679, 0.686648, 0.674572, 0.678577, 0.677116, 0.677583, 0.677434, 0.677481, 0.677466, 0.677471, 0.677469, 0.67747, 0.677469, 0.677469, 0.677469, 0.677469, 0.677469, 0.677469, 0.677469, 0.677469, 0.677469, 0.677469, 0.677469, 0.677469, 0.677469, 0.677469, 0.677469, 0.677469, 0.677469, 0.677469, 0.677469, 
1, 1, 0.999998, 0.999963, 0.999904, 0.999819, 0.999707, 0.999565, 0.999391, 0.999185, 0.998942, 0.998663, 0.998343, 0.997981, 0.997574, 0.997119, 0.996613, 0.996053, 0.995435, 0.994757, 0.994013, 0.993201, 0.992316, 0.991352, 0.990306, 0.989172, 0.987945, 0.986619, 0.985187, 0.983645, 0.98198, 0.980198, 0.97831, 0.976303, 0.974172, 0.971907, 0.969501, 0.966944, 0.964228, 0.961343, 0.958277, 0.95502, 0.951559, 0.947883, 0.943976, 0.939826, 0.935417, 0.930732, 0.925755, 0.920467, 0.914849, 0.90888, 0.902538, 0.8958, 0.888641, 0.881035, 0.872954, 0.864369, 0.855246, 0.845556, 0.835255, 0.824323, 0.812683, 0.800368, 0.787177, 0.773376, 0.758286, 0.743104, 0.72529, 0.709668, 0.686636, 0.67456, 0.678565, 0.677104, 0.677571, 0.677422, 0.677469, 0.677454, 0.677458, 0.677457, 0.677457, 0.677457, 0.677457, 0.677457, 0.677457, 0.677457, 0.677457, 0.677457, 0.677457, 0.677457, 0.677457, 0.677457, 0.677457, 0.677457, 0.677457, 0.677457, 0.677457, 0.677457, 0.677457, 0.677457, 
1, 1, 0.999998, 0.999963, 0.999904, 0.999819, 0.999707, 0.999565, 0.999391, 0.999184, 0.998942, 0.998663, 0.998343, 0.997981, 0.997574, 0.997119, 0.996613, 0.996053, 0.995435, 0.994756, 0.994013, 0.993201, 0.992315, 0.991352, 0.990306, 0.989172, 0.987945, 0.986619, 0.985186, 0.983644, 0.981979, 0.980197, 0.978309, 0.976302, 0.97417, 0.971905, 0.969499, 0.966942, 0.964226, 0.96134, 0.958275, 0.955017, 0.951557, 0.94788, 0.943973, 0.939823, 0.935414, 0.930729, 0.925751, 0.920463, 0.914845, 0.908875, 0.902533, 0.895795, 0.888636, 0.88103, 0.872948, 0.864363, 0.85524, 0.845549, 0.835248, 0.824316, 0.812675, 0.800359, 0.787168, 0.773367, 0.758276, 0.743093, 0.725279, 0.709657, 0.686624, 0.674548, 0.678553, 0.677092, 0.677559, 0.67741, 0.677457, 0.677442, 0.677447, 0.677445, 0.677446, 0.677445, 0.677445, 0.677445, 0.677445, 0.677445, 0.677445, 0.677445, 0.677445, 0.677445, 0.677445, 0.677445, 0.677445, 0.677445, 0.677445, 0.677445, 0.677445, 0.677445, 0.677445, 0.677445, 
1, 1, 0.999998, 0.999963, 0.999904, 0.999819, 0.999707, 0.999565, 0.999391, 0.999184, 0.998942, 0.998663, 0.998343, 0.997981, 0.997574, 0.997118, 0.996612, 0.996052, 0.995435, 0.994756, 0.994013, 0.9932, 0.992315, 0.991351, 0.990305, 0.989171, 0.987944, 0.986618, 0.985185, 0.983643, 0.981978, 0.980195, 0.978308, 0.976301, 0.974169, 0.971904, 0.969497, 0.966941, 0.964224, 0.961338, 0.958272, 0.955015, 0.951554, 0.947877, 0.94397, 0.93982, 0.93541, 0.930725, 0.925748, 0.920459, 0.914841, 0.908871, 0.902529, 0.89579, 0.888631, 0.881024, 0.872942, 0.864357, 0.855233, 0.845543, 0.835241, 0.824308, 0.812667, 0.800351, 0.78716, 0.773358, 0.758266, 0.743083, 0.725269, 0.709646, 0.686613, 0.674536, 0.678541, 0.67708, 0.677547, 0.677398, 0.677445, 0.67743, 0.677435, 0.677433, 0.677434, 0.677434, 0.677434, 0.677434, 0.677434, 0.677434, 0.677434, 0.677434, 0.677434, 0.677434, 0.677434, 0.677434, 0.677434, 0.677434, 0.677434, 0.677434, 0.677434, 0.677434, 0.677434, 0.677434, 
1, 1, 0.999998, 0.999963, 0.999904, 0.999819, 0.999707, 0.999565, 0.999391, 0.999184, 0.998942, 0.998662, 0.998343, 0.997981, 0.997573, 0.997118, 0.996612, 0.996052, 0.995434, 0.994756, 0.994012, 0.9932, 0.992314, 0.991351, 0.990304, 0.989171, 0.987943, 0.986617, 0.985185, 0.983642, 0.981977, 0.980194, 0.978306, 0.976299, 0.974167, 0.971902, 0.969496, 0.966939, 0.964222, 0.961336, 0.95827, 0.955013, 0.951551, 0.947874, 0.943968, 0.939817, 0.935407, 0.930722, 0.925744, 0.920455, 0.914836, 0.908867, 0.902524, 0.895785, 0.888625, 0.881019, 0.872937, 0.864351, 0.855227, 0.845536, 0.835234, 0.824301, 0.812659, 0.800343, 0.787151, 0.773349, 0.758257, 0.743074, 0.725259, 0.709635, 0.686601, 0.674525, 0.67853, 0.677069, 0.677536, 0.677387, 0.677434, 0.677419, 0.677424, 0.677422, 0.677423, 0.677422, 0.677422, 0.677422, 0.677422, 0.677422, 0.677422, 0.677422, 0.677422, 0.677422, 0.677422, 0.677422, 0.677422, 0.677422, 0.677422, 0.677422, 0.677422, 0.677422, 0.677422, 0.677422, 
1, 1, 0.999998, 0.999963, 0.999904, 0.999819, 0.999707, 0.999565, 0.999391, 0.999184, 0.998942, 0.998662, 0.998343, 0.997981, 0.997573, 0.997118, 0.996612, 0.996052, 0.995434, 0.994755, 0.994012, 0.993199, 0.992314, 0.99135, 0.990304, 0.98917, 0.987942, 0.986616, 0.985184, 0.983641, 0.981976, 0.980193, 0.978305, 0.976298, 0.974166, 0.971901, 0.969494, 0.966937, 0.96422, 0.961334, 0.958268, 0.95501, 0.951549, 0.947872, 0.943965, 0.939814, 0.935404, 0.930718, 0.92574, 0.920452, 0.914832, 0.908862, 0.902519, 0.89578, 0.88862, 0.881013, 0.872931, 0.864345, 0.85522, 0.845529, 0.835227, 0.824293, 0.812652, 0.800335, 0.787143, 0.77334, 0.758248, 0.743064, 0.725248, 0.709625, 0.68659, 0.674513, 0.678519, 0.677058, 0.677524, 0.677375, 0.677422, 0.677408, 0.677412, 0.677411, 0.677411, 0.677411, 0.677411, 0.677411, 0.677411, 0.677411, 0.677411, 0.677411, 0.677411, 0.677411, 0.677411, 0.677411, 0.677411, 0.677411, 0.677411, 0.677411, 0.677411, 0.677411, 0.677411, 0.677411, 
1, 1, 0.999998, 0.999963, 0.999904, 0.999819, 0.999707, 0.999564, 0.999391, 0.999184, 0.998942, 0.998662, 0.998343, 0.99798, 0.997573, 0.997118, 0.996612, 0.996052, 0.995434, 0.994755, 0.994012, 0.993199, 0.992313, 0.99135, 0.990303, 0.989169, 0.987942, 0.986615, 0.985183, 0.98364, 0.981975, 0.980192, 0.978304, 0.976297, 0.974165, 0.971899, 0.969492, 0.966935, 0.964219, 0.961332, 0.958266, 0.955008, 0.951547, 0.947869, 0.943962, 0.939811, 0.935401, 0.930715, 0.925737, 0.920448, 0.914828, 0.908858, 0.902515, 0.895776, 0.888615, 0.881008, 0.872926, 0.864339, 0.855214, 0.845523, 0.83522, 0.824286, 0.812644, 0.800327, 0.787134, 0.773331, 0.758239, 0.743055, 0.725239, 0.709615, 0.68658, 0.674502, 0.678508, 0.677047, 0.677513, 0.677364, 0.677411, 0.677397, 0.677401, 0.6774, 0.6774, 0.6774, 0.6774, 0.6774, 0.6774, 0.6774, 0.6774, 0.6774, 0.6774, 0.6774, 0.6774, 0.6774, 0.6774, 0.6774, 0.6774, 0.6774, 0.6774, 0.6774, 0.6774, 0.6774, 
1, 1, 0.999998, 0.999963, 0.999904, 0.999819, 0.999707, 0.999564, 0.999391, 0.999184, 0.998942, 0.998662, 0.998342, 0.99798, 0.997573, 0.997118, 0.996612, 0.996051, 0.995434, 0.994755, 0.994011, 0.993199, 0.992313, 0.991349, 0.990303, 0.989169, 0.987941, 0.986615, 0.985182, 0.98364, 0.981974, 0.980191, 0.978303, 0.976296, 0.974163, 0.971898, 0.969491, 0.966934, 0.964217, 0.96133, 0.958264, 0.955006, 0.951544, 0.947867, 0.943959, 0.939808, 0.935398, 0.930712, 0.925733, 0.920444, 0.914825, 0.908854, 0.902511, 0.895771, 0.888611, 0.881003, 0.87292, 0.864333, 0.855208, 0.845516, 0.835213, 0.824279, 0.812637, 0.800319, 0.787126, 0.773323, 0.75823, 0.743045, 0.725229, 0.709605, 0.686569, 0.674491, 0.678497, 0.677036, 0.677503, 0.677354, 0.677401, 0.677386, 0.67739, 0.677389, 0.677389, 0.677389, 0.677389, 0.677389, 0.677389, 0.677389, 0.677389, 0.677389, 0.677389, 0.677389, 0.677389, 0.677389, 0.677389, 0.677389, 0.677389, 0.677389, 0.677389, 0.677389, 0.677389, 0.677389, 
1, 1, 0.999998, 0.999963, 0.999904, 0.999819, 0.999707, 0.999564, 0.999391, 0.999184, 0.998942, 0.998662, 0.998342, 0.99798, 0.997573, 0.997118, 0.996611, 0.996051, 0.995433, 0.994755, 0.994011, 0.993198, 0.992312, 0.991349, 0.990302, 0.989168, 0.98794, 0.986614, 0.985181, 0.983639, 0.981973, 0.98019, 0.978302, 0.976294, 0.974162, 0.971896, 0.969489, 0.966932, 0.964215, 0.961329, 0.958262, 0.955004, 0.951542, 0.947864, 0.943957, 0.939805, 0.935395, 0.930709, 0.92573, 0.920441, 0.914821, 0.90885, 0.902506, 0.895766, 0.888606, 0.880998, 0.872915, 0.864327, 0.855202, 0.84551, 0.835207, 0.824272, 0.812629, 0.800311, 0.787118, 0.773314, 0.758221, 0.743036, 0.725219, 0.709595, 0.686559, 0.674481, 0.678486, 0.677025, 0.677492, 0.677343, 0.67739, 0.677375, 0.67738, 0.677378, 0.677379, 0.677379, 0.677379, 0.677379, 0.677379, 0.677379, 0.677379, 0.677379, 0.677379, 0.677379, 0.677379, 0.677379, 0.677379, 0.677379, 0.677379, 0.677379, 0.677379, 0.677379, 0.677379, 0.677379, 
1, 1, 0.999998, 0.999963, 0.999904, 0.999819, 0.999707, 0.999564, 0.999391, 0.999184, 0.998942, 0.998662, 0.998342, 0.99798, 0.997573, 0.997117, 0.996611, 0.996051, 0.995433, 0.994754, 0.994011, 0.993198, 0.992312, 0.991348, 0.990302, 0.989167, 0.98794, 0.986613, 0.98518, 0.983638, 0.981972, 0.980189, 0.978301, 0.976293, 0.974161, 0.971895, 0.969488, 0.96693, 0.964213, 0.961327, 0.95826, 0.955001, 0.95154, 0.947862, 0.943954, 0.939803, 0.935392, 0.930706, 0.925727, 0.920437, 0.914817, 0.908846, 0.902502, 0.895762, 0.888601, 0.880993, 0.872909, 0.864322, 0.855196, 0.845504, 0.8352, 0.824265, 0.812622, 0.800304, 0.787111, 0.773306, 0.758213, 0.743027, 0.72521, 0.709585, 0.686548, 0.67447, 0.678476, 0.677015, 0.677482, 0.677333, 0.67738, 0.677365, 0.677369, 0.677368, 0.677368, 0.677368, 0.677368, 0.677368, 0.677368, 0.677368, 0.677368, 0.677368, 0.677368, 0.677368, 0.677368, 0.677368, 0.677368, 0.677368, 0.677368, 0.677368, 0.677368, 0.677368, 0.677368, 0.677368, 
1, 1, 0.999998, 0.999963, 0.999904, 0.999819, 0.999707, 0.999564, 0.999391, 0.999184, 0.998942, 0.998662, 0.998342, 0.99798, 0.997573, 0.997117, 0.996611, 0.996051, 0.995433, 0.994754, 0.99401, 0.993197, 0.992311, 0.991348, 0.990301, 0.989167, 0.987939, 0.986613, 0.98518, 0.983637, 0.981971, 0.980188, 0.9783, 0.976292, 0.974159, 0.971894, 0.969486, 0.966929, 0.964212, 0.961325, 0.958258, 0.954999, 0.951537, 0.947859, 0.943952, 0.9398, 0.935389, 0.930702, 0.925723, 0.920433, 0.914813, 0.908842, 0.902498, 0.895758, 0.888596, 0.880988, 0.872904, 0.864316, 0.855191, 0.845498, 0.835194, 0.824259, 0.812615, 0.800297, 0.787103, 0.773298, 0.758204, 0.743018, 0.725201, 0.709575, 0.686538, 0.67446, 0.678466, 0.677005, 0.677471, 0.677322, 0.677369, 0.677355, 0.677359, 0.677358, 0.677358, 0.677358, 0.677358, 0.677358, 0.677358, 0.677358, 0.677358, 0.677358, 0.677358, 0.677358, 0.677358, 0.677358, 0.677358, 0.677358, 0.677358, 0.677358, 0.677358, 0.677358, 0.677358, 0.677358, 
1, 1, 0.999998, 0.999963, 0.999904, 0.999819, 0.999706, 0.999564, 0.999391, 0.999184, 0.998942, 0.998662, 0.998342, 0.99798, 0.997572, 0.997117, 0.996611, 0.99605, 0.995433, 0.994754, 0.99401, 0.993197, 0.992311, 0.991347, 0.990301, 0.989166, 0.987938, 0.986612, 0.985179, 0.983636, 0.98197, 0.980187, 0.978299, 0.976291, 0.974158, 0.971892, 0.969485, 0.966927, 0.96421, 0.961323, 0.958256, 0.954997, 0.951535, 0.947857, 0.943949, 0.939797, 0.935386, 0.930699, 0.92572, 0.92043, 0.91481, 0.908838, 0.902494, 0.895753, 0.888592, 0.880983, 0.872899, 0.864311, 0.855185, 0.845492, 0.835188, 0.824252, 0.812608, 0.800289, 0.787095, 0.77329, 0.758196, 0.74301, 0.725192, 0.709566, 0.686528, 0.67445, 0.678456, 0.676994, 0.677461, 0.677312, 0.677359, 0.677344, 0.677349, 0.677348, 0.677348, 0.677348, 0.677348, 0.677348, 0.677348, 0.677348, 0.677348, 0.677348, 0.677348, 0.677348, 0.677348, 0.677348, 0.677348, 0.677348, 0.677348, 0.677348, 0.677348, 0.677348, 0.677348, 0.677348, 
1, 1, 0.999998, 0.999963, 0.999904, 0.999819, 0.999706, 0.999564, 0.999391, 0.999184, 0.998942, 0.998662, 0.998342, 0.99798, 0.997572, 0.997117, 0.996611, 0.99605, 0.995432, 0.994753, 0.99401, 0.993197, 0.992311, 0.991347, 0.9903, 0.989166, 0.987938, 0.986611, 0.985178, 0.983635, 0.981969, 0.980186, 0.978298, 0.97629, 0.974157, 0.971891, 0.969483, 0.966926, 0.964208, 0.961321, 0.958254, 0.954995, 0.951533, 0.947855, 0.943947, 0.939795, 0.935383, 0.930696, 0.925717, 0.920427, 0.914806, 0.908834, 0.90249, 0.895749, 0.888587, 0.880979, 0.872894, 0.864306, 0.85518, 0.845486, 0.835182, 0.824246, 0.812602, 0.800282, 0.787088, 0.773283, 0.758188, 0.743001, 0.725183, 0.709557, 0.686519, 0.67444, 0.678446, 0.676985, 0.677451, 0.677302, 0.677349, 0.677335, 0.677339, 0.677338, 0.677338, 0.677338, 0.677338, 0.677338, 0.677338, 0.677338, 0.677338, 0.677338, 0.677338, 0.677338, 0.677338, 0.677338, 0.677338, 0.677338, 0.677338, 0.677338, 0.677338, 0.677338, 0.677338, 0.677338, 
1, 1, 0.999998, 0.999963, 0.999904, 0.999819, 0.999706, 0.999564, 0.999391, 0.999184, 0.998942, 0.998662, 0.998342, 0.99798, 0.997572, 0.997117, 0.99661, 0.99605, 0.995432, 0.994753, 0.994009, 0.993196, 0.99231, 0.991346, 0.9903, 0.989165, 0.987937, 0.986611, 0.985178, 0.983635, 0.981968, 0.980185, 0.978297, 0.976289, 0.974156, 0.97189, 0.969482, 0.966924, 0.964207, 0.96132, 0.958252, 0.954993, 0.951531, 0.947852, 0.943944, 0.939792, 0.93538, 0.930694, 0.925714, 0.920423, 0.914803, 0.908831, 0.902486, 0.895745, 0.888583, 0.880974, 0.872889, 0.864301, 0.855174, 0.845481, 0.835176, 0.82424, 0.812595, 0.800275, 0.787081, 0.773275, 0.75818, 0.742993, 0.725174, 0.709548, 0.686509, 0.67443, 0.678436, 0.676975, 0.677442, 0.677293, 0.67734, 0.677325, 0.67733, 0.677328, 0.677329, 0.677328, 0.677328, 0.677328, 0.677328, 0.677328, 0.677328, 0.677328, 0.677328, 0.677328, 0.677328, 0.677328, 0.677328, 0.677328, 0.677328, 0.677328, 0.677328, 0.677328, 0.677328, 0.677328, 
1, 1, 0.999998, 0.999963, 0.999904, 0.999819, 0.999706, 0.999564, 0.999391, 0.999184, 0.998942, 0.998662, 0.998342, 0.997979, 0.997572, 0.997117, 0.99661, 0.99605, 0.995432, 0.994753, 0.994009, 0.993196, 0.99231, 0.991346, 0.990299, 0.989165, 0.987937, 0.98661, 0.985177, 0.983634, 0.981967, 0.980184, 0.978296, 0.976288, 0.974155, 0.971888, 0.969481, 0.966923, 0.964205, 0.961318, 0.95825, 0.954991, 0.951529, 0.94785, 0.943942, 0.939789, 0.935378, 0.930691, 0.925711, 0.92042, 0.914799, 0.908827, 0.902482, 0.895741, 0.888579, 0.880969, 0.872885, 0.864296, 0.855169, 0.845475, 0.83517, 0.824233, 0.812589, 0.800269, 0.787074, 0.773267, 0.758172, 0.742985, 0.725165, 0.709539, 0.6865, 0.67442, 0.678427, 0.676965, 0.677432, 0.677283, 0.67733, 0.677315, 0.67732, 0.677319, 0.677319, 0.677319, 0.677319, 0.677319, 0.677319, 0.677319, 0.677319, 0.677319, 0.677319, 0.677319, 0.677319, 0.677319, 0.677319, 0.677319, 0.677319, 0.677319, 0.677319, 0.677319, 0.677319, 0.677319, 
1, 1, 0.999998, 0.999962, 0.999904, 0.999819, 0.999706, 0.999564, 0.999391, 0.999184, 0.998942, 0.998662, 0.998342, 0.997979, 0.997572, 0.997116, 0.99661, 0.99605, 0.995432, 0.994753, 0.994009, 0.993196, 0.99231, 0.991345, 0.990299, 0.989164, 0.987936, 0.986609, 0.985176, 0.983633, 0.981967, 0.980183, 0.978295, 0.976287, 0.974153, 0.971887, 0.969479, 0.966921, 0.964204, 0.961316, 0.958249, 0.954989, 0.951527, 0.947848, 0.943939, 0.939787, 0.935375, 0.930688, 0.925708, 0.920417, 0.914796, 0.908823, 0.902478, 0.895737, 0.888574, 0.880965, 0.87288, 0.864291, 0.855164, 0.845469, 0.835164, 0.824227, 0.812582, 0.800262, 0.787067, 0.77326, 0.758164, 0.742977, 0.725157, 0.70953, 0.686491, 0.674411, 0.678417, 0.676956, 0.677423, 0.677274, 0.677321, 0.677306, 0.677311, 0.677309, 0.67731, 0.67731, 0.67731, 0.67731, 0.67731, 0.67731, 0.67731, 0.67731, 0.67731, 0.67731, 0.67731, 0.67731, 0.67731, 0.67731, 0.67731, 0.67731, 0.67731, 0.67731, 0.67731, 0.67731, 
1, 1, 0.999998, 0.999962, 0.999904, 0.999819, 0.999706, 0.999564, 0.999391, 0.999184, 0.998941, 0.998662, 0.998342, 0.997979, 0.997572, 0.997116, 0.99661, 0.996049, 0.995431, 0.994752, 0.994008, 0.993195, 0.992309, 0.991345, 0.990298, 0.989164, 0.987936, 0.986609, 0.985175, 0.983632, 0.981966, 0.980183, 0.978294, 0.976286, 0.974152, 0.971886, 0.969478, 0.96692, 0.964202, 0.961315, 0.958247, 0.954988, 0.951525, 0.947846, 0.943937, 0.939784, 0.935372, 0.930685, 0.925705, 0.920414, 0.914792, 0.90882, 0.902475, 0.895733, 0.88857, 0.880961, 0.872875, 0.864286, 0.855158, 0.845464, 0.835158, 0.824221, 0.812576, 0.800255, 0.78706, 0.773253, 0.758157, 0.742969, 0.725149, 0.709522, 0.686482, 0.674402, 0.678408, 0.676947, 0.677414, 0.677265, 0.677312, 0.677297, 0.677302, 0.6773, 0.677301, 0.6773, 0.6773, 0.6773, 0.6773, 0.6773, 0.6773, 0.6773, 0.6773, 0.6773, 0.6773, 0.6773, 0.6773, 0.6773, 0.6773, 0.6773, 0.6773, 0.6773, 0.6773, 0.6773, 
1, 1, 0.999998, 0.999962, 0.999904, 0.999819, 0.999706, 0.999564, 0.999391, 0.999184, 0.998941, 0.998661, 0.998342, 0.997979, 0.997572, 0.997116, 0.99661, 0.996049, 0.995431, 0.994752, 0.994008, 0.993195, 0.992309, 0.991345, 0.990298, 0.989163, 0.987935, 0.986608, 0.985175, 0.983632, 0.981965, 0.980182, 0.978293, 0.976285, 0.974151, 0.971885, 0.969477, 0.966919, 0.964201, 0.961313, 0.958245, 0.954986, 0.951523, 0.947844, 0.943935, 0.939782, 0.93537, 0.930682, 0.925702, 0.920411, 0.914789, 0.908817, 0.902471, 0.895729, 0.888566, 0.880956, 0.872871, 0.864281, 0.855153, 0.845459, 0.835153, 0.824216, 0.81257, 0.800249, 0.787053, 0.773246, 0.758149, 0.742961, 0.725141, 0.709513, 0.686473, 0.674393, 0.678399, 0.676938, 0.677405, 0.677256, 0.677303, 0.677288, 0.677293, 0.677291, 0.677292, 0.677291, 0.677291, 0.677291, 0.677291, 0.677291, 0.677291, 0.677291, 0.677291, 0.677291, 0.677291, 0.677291, 0.677291, 0.677291, 0.677291, 0.677291, 0.677291, 0.677291, 0.677291, 0.677291, 
1, 1, 0.999998, 0.999962, 0.999904, 0.999819, 0.999706, 0.999564, 0.999391, 0.999184, 0.998941, 0.998661, 0.998341, 0.997979, 0.997572, 0.997116, 0.99661, 0.996049, 0.995431, 0.994752, 0.994008, 0.993195, 0.992308, 0.991344, 0.990297, 0.989163, 0.987934, 0.986607, 0.985174, 0.983631, 0.981964, 0.980181, 0.978292, 0.976284, 0.97415, 0.971884, 0.969476, 0.966917, 0.964199, 0.961311, 0.958243, 0.954984, 0.951521, 0.947842, 0.943933, 0.93978, 0.935367, 0.93068, 0.925699, 0.920408, 0.914786, 0.908813, 0.902467, 0.895725, 0.888562, 0.880952, 0.872866, 0.864276, 0.855148, 0.845454, 0.835147, 0.82421, 0.812564, 0.800242, 0.787046, 0.773239, 0.758142, 0.742954, 0.725133, 0.709505, 0.686464, 0.674384, 0.67839, 0.676929, 0.677396, 0.677247, 0.677294, 0.677279, 0.677284, 0.677282, 0.677283, 0.677283, 0.677283, 0.677283, 0.677283, 0.677283, 0.677283, 0.677283, 0.677283, 0.677283, 0.677283, 0.677283, 0.677283, 0.677283, 0.677283, 0.677283, 0.677283, 0.677283, 0.677283, 0.677283, 
1, 1, 0.999998, 0.999962, 0.999904, 0.999819, 0.999706, 0.999564, 0.999391, 0.999184, 0.998941, 0.998661, 0.998341, 0.997979, 0.997571, 0.997116, 0.996609, 0.996049, 0.995431, 0.994752, 0.994007, 0.993194, 0.992308, 0.991344, 0.990297, 0.989162, 0.987934, 0.986607, 0.985173, 0.98363, 0.981963, 0.98018, 0.978291, 0.976283, 0.974149, 0.971882, 0.969474, 0.966916, 0.964198, 0.96131, 0.958242, 0.954982, 0.951519, 0.94784, 0.943931, 0.939777, 0.935365, 0.930677, 0.925696, 0.920405, 0.914783, 0.90881, 0.902464, 0.895722, 0.888558, 0.880948, 0.872862, 0.864272, 0.855144, 0.845448, 0.835142, 0.824204, 0.812558, 0.800236, 0.78704, 0.773232, 0.758135, 0.742946, 0.725125, 0.709497, 0.686456, 0.674375, 0.678382, 0.67692, 0.677387, 0.677238, 0.677285, 0.67727, 0.677275, 0.677274, 0.677274, 0.677274, 0.677274, 0.677274, 0.677274, 0.677274, 0.677274, 0.677274, 0.677274, 0.677274, 0.677274, 0.677274, 0.677274, 0.677274, 0.677274, 0.677274, 0.677274, 0.677274, 0.677274, 0.677274, 
1, 1, 0.999998, 0.999962, 0.999904, 0.999819, 0.999706, 0.999564, 0.999391, 0.999184, 0.998941, 0.998661, 0.998341, 0.997979, 0.997571, 0.997116, 0.996609, 0.996049, 0.995431, 0.994751, 0.994007, 0.993194, 0.992308, 0.991343, 0.990296, 0.989162, 0.987933, 0.986606, 0.985173, 0.983629, 0.981963, 0.980179, 0.97829, 0.976282, 0.974148, 0.971881, 0.969473, 0.966915, 0.964196, 0.961308, 0.95824, 0.95498, 0.951517, 0.947838, 0.943928, 0.939775, 0.935363, 0.930674, 0.925694, 0.920402, 0.91478, 0.908807, 0.90246, 0.895718, 0.888554, 0.880944, 0.872858, 0.864267, 0.855139, 0.845443, 0.835137, 0.824199, 0.812552, 0.80023, 0.787033, 0.773225, 0.758128, 0.742939, 0.725117, 0.709489, 0.686447, 0.674367, 0.678373, 0.676912, 0.677379, 0.67723, 0.677277, 0.677262, 0.677266, 0.677265, 0.677265, 0.677265, 0.677265, 0.677265, 0.677265, 0.677265, 0.677265, 0.677265, 0.677265, 0.677265, 0.677265, 0.677265, 0.677265, 0.677265, 0.677265, 0.677265, 0.677265, 0.677265, 0.677265, 0.677265, 
1, 1, 0.999998, 0.999962, 0.999904, 0.999819, 0.999706, 0.999564, 0.999391, 0.999184, 0.998941, 0.998661, 0.998341, 0.997979, 0.997571, 0.997116, 0.996609, 0.996048, 0.99543, 0.994751, 0.994007, 0.993194, 0.992307, 0.991343, 0.990296, 0.989161, 0.987933, 0.986606, 0.985172, 0.983629, 0.981962, 0.980178, 0.978289, 0.976281, 0.974147, 0.97188, 0.969472, 0.966913, 0.964195, 0.961307, 0.958238, 0.954979, 0.951515, 0.947836, 0.943926, 0.939773, 0.93536, 0.930672, 0.925691, 0.920399, 0.914777, 0.908803, 0.902457, 0.895714, 0.888551, 0.88094, 0.872853, 0.864263, 0.855134, 0.845439, 0.835131, 0.824193, 0.812546, 0.800224, 0.787027, 0.773219, 0.758121, 0.742932, 0.72511, 0.709481, 0.686439, 0.674358, 0.678365, 0.676903, 0.67737, 0.677221, 0.677268, 0.677253, 0.677258, 0.677257, 0.677257, 0.677257, 0.677257, 0.677257, 0.677257, 0.677257, 0.677257, 0.677257, 0.677257, 0.677257, 0.677257, 0.677257, 0.677257, 0.677257, 0.677257, 0.677257, 0.677257, 0.677257, 0.677257, 0.677257, 
1, 1, 0.999998, 0.999962, 0.999904, 0.999819, 0.999706, 0.999564, 0.99939, 0.999184, 0.998941, 0.998661, 0.998341, 0.997979, 0.997571, 0.997115, 0.996609, 0.996048, 0.99543, 0.994751, 0.994007, 0.993193, 0.992307, 0.991343, 0.990296, 0.989161, 0.987932, 0.986605, 0.985172, 0.983628, 0.981961, 0.980178, 0.978288, 0.97628, 0.974146, 0.971879, 0.969471, 0.966912, 0.964193, 0.961305, 0.958237, 0.954977, 0.951513, 0.947834, 0.943924, 0.939771, 0.935358, 0.930669, 0.925688, 0.920396, 0.914774, 0.9088, 0.902454, 0.895711, 0.888547, 0.880936, 0.872849, 0.864258, 0.85513, 0.845434, 0.835126, 0.824188, 0.812541, 0.800218, 0.787021, 0.773212, 0.758114, 0.742925, 0.725102, 0.709474, 0.686431, 0.67435, 0.678357, 0.676895, 0.677362, 0.677213, 0.67726, 0.677245, 0.67725, 0.677248, 0.677249, 0.677249, 0.677249, 0.677249, 0.677249, 0.677249, 0.677249, 0.677249, 0.677249, 0.677249, 0.677249, 0.677249, 0.677249, 0.677249, 0.677249, 0.677249, 0.677249, 0.677249, 0.677249, 0.677249, 
1, 1, 0.999998, 0.999962, 0.999904, 0.999819, 0.999706, 0.999564, 0.99939, 0.999184, 0.998941, 0.998661, 0.998341, 0.997979, 0.997571, 0.997115, 0.996609, 0.996048, 0.99543, 0.994751, 0.994006, 0.993193, 0.992307, 0.991342, 0.990295, 0.98916, 0.987932, 0.986605, 0.985171, 0.983627, 0.98196, 0.980177, 0.978287, 0.976279, 0.974145, 0.971878, 0.96947, 0.966911, 0.964192, 0.961304, 0.958235, 0.954975, 0.951512, 0.947832, 0.943922, 0.939769, 0.935356, 0.930667, 0.925686, 0.920394, 0.914771, 0.908797, 0.90245, 0.895707, 0.888543, 0.880932, 0.872845, 0.864254, 0.855125, 0.845429, 0.835121, 0.824183, 0.812535, 0.800213, 0.787015, 0.773206, 0.758108, 0.742918, 0.725095, 0.709466, 0.686423, 0.674342, 0.678349, 0.676887, 0.677354, 0.677205, 0.677252, 0.677237, 0.677242, 0.67724, 0.677241, 0.677241, 0.677241, 0.677241, 0.677241, 0.677241, 0.677241, 0.677241, 0.677241, 0.677241, 0.677241, 0.677241, 0.677241, 0.677241, 0.677241, 0.677241, 0.677241, 0.677241, 0.677241, 0.677241, 
1, 1, 0.999998, 0.999962, 0.999904, 0.999819, 0.999706, 0.999564, 0.99939, 0.999183, 0.998941, 0.998661, 0.998341, 0.997978, 0.997571, 0.997115, 0.996609, 0.996048, 0.99543, 0.99475, 0.994006, 0.993193, 0.992306, 0.991342, 0.990295, 0.98916, 0.987931, 0.986604, 0.98517, 0.983627, 0.98196, 0.980176, 0.978287, 0.976278, 0.974144, 0.971877, 0.969468, 0.966909, 0.964191, 0.961303, 0.958234, 0.954974, 0.95151, 0.94783, 0.94392, 0.939766, 0.935353, 0.930665, 0.925683, 0.920391, 0.914768, 0.908794, 0.902447, 0.895704, 0.88854, 0.880928, 0.872841, 0.86425, 0.855121, 0.845424, 0.835116, 0.824177, 0.81253, 0.800207, 0.787009, 0.7732, 0.758101, 0.742911, 0.725088, 0.709459, 0.686415, 0.674334, 0.678341, 0.676879, 0.677346, 0.677197, 0.677244, 0.677229, 0.677234, 0.677232, 0.677233, 0.677233, 0.677233, 0.677233, 0.677233, 0.677233, 0.677233, 0.677233, 0.677233, 0.677233, 0.677233, 0.677233, 0.677233, 0.677233, 0.677233, 0.677233, 0.677233, 0.677233, 0.677233, 0.677233, 
1, 1, 0.999998, 0.999962, 0.999904, 0.999819, 0.999706, 0.999564, 0.99939, 0.999183, 0.998941, 0.998661, 0.998341, 0.997978, 0.997571, 0.997115, 0.996609, 0.996048, 0.99543, 0.99475, 0.994006, 0.993193, 0.992306, 0.991342, 0.990294, 0.989159, 0.987931, 0.986604, 0.98517, 0.983626, 0.981959, 0.980175, 0.978286, 0.976277, 0.974143, 0.971876, 0.969467, 0.966908, 0.96419, 0.961301, 0.958232, 0.954972, 0.951508, 0.947828, 0.943918, 0.939764, 0.935351, 0.930662, 0.925681, 0.920388, 0.914765, 0.908791, 0.902444, 0.895701, 0.888536, 0.880925, 0.872837, 0.864246, 0.855116, 0.84542, 0.835112, 0.824172, 0.812525, 0.800201, 0.787003, 0.773194, 0.758095, 0.742904, 0.725081, 0.709451, 0.686408, 0.674326, 0.678333, 0.676871, 0.677338, 0.677189, 0.677236, 0.677221, 0.677226, 0.677225, 0.677225, 0.677225, 0.677225, 0.677225, 0.677225, 0.677225, 0.677225, 0.677225, 0.677225, 0.677225, 0.677225, 0.677225, 0.677225, 0.677225, 0.677225, 0.677225, 0.677225, 0.677225, 0.677225, 0.677225, 
1, 1, 0.999998, 0.999962, 0.999904, 0.999819, 0.999706, 0.999564, 0.99939, 0.999183, 0.998941, 0.998661, 0.998341, 0.997978, 0.997571, 0.997115, 0.996608, 0.996048, 0.995429, 0.99475, 0.994006, 0.993192, 0.992306, 0.991341, 0.990294, 0.989159, 0.98793, 0.986603, 0.985169, 0.983626, 0.981958, 0.980174, 0.978285, 0.976276, 0.974142, 0.971875, 0.969466, 0.966907, 0.964188, 0.9613, 0.958231, 0.954971, 0.951507, 0.947826, 0.943916, 0.939762, 0.935349, 0.93066, 0.925678, 0.920386, 0.914762, 0.908788, 0.902441, 0.895697, 0.888533, 0.880921, 0.872833, 0.864242, 0.855112, 0.845415, 0.835107, 0.824167, 0.812519, 0.800196, 0.786997, 0.773188, 0.758088, 0.742898, 0.725074, 0.709444, 0.6864, 0.674318, 0.678326, 0.676864, 0.677331, 0.677182, 0.677229, 0.677214, 0.677219, 0.677217, 0.677218, 0.677217, 0.677217, 0.677217, 0.677217, 0.677217, 0.677217, 0.677217, 0.677217, 0.677217, 0.677217, 0.677217, 0.677217, 0.677217, 0.677217, 0.677217, 0.677217, 0.677217, 0.677217, 0.677217, 
1, 1, 0.999998, 0.999962, 0.999904, 0.999819, 0.999706, 0.999564, 0.99939, 0.999183, 0.998941, 0.998661, 0.998341, 0.997978, 0.997571, 0.997115, 0.996608, 0.996047, 0.995429, 0.99475, 0.994005, 0.993192, 0.992305, 0.991341, 0.990294, 0.989159, 0.98793, 0.986602, 0.985169, 0.983625, 0.981958, 0.980174, 0.978284, 0.976275, 0.974141, 0.971874, 0.969465, 0.966906, 0.964187, 0.961298, 0.958229, 0.954969, 0.951505, 0.947825, 0.943915, 0.93976, 0.935347, 0.930658, 0.925676, 0.920383, 0.91476, 0.908785, 0.902438, 0.895694, 0.888529, 0.880917, 0.87283, 0.864238, 0.855108, 0.845411, 0.835102, 0.824163, 0.812514, 0.800191, 0.786992, 0.773182, 0.758082, 0.742891, 0.725067, 0.709437, 0.686393, 0.674311, 0.678318, 0.676856, 0.677323, 0.677174, 0.677221, 0.677206, 0.677211, 0.67721, 0.67721, 0.67721, 0.67721, 0.67721, 0.67721, 0.67721, 0.67721, 0.67721, 0.67721, 0.67721, 0.67721, 0.67721, 0.67721, 0.67721, 0.67721, 0.67721, 0.67721, 0.67721, 0.67721, 0.67721, 
1, 1, 0.999998, 0.999962, 0.999904, 0.999819, 0.999706, 0.999564, 0.99939, 0.999183, 0.998941, 0.998661, 0.998341, 0.997978, 0.99757, 0.997115, 0.996608, 0.996047, 0.995429, 0.99475, 0.994005, 0.993192, 0.992305, 0.991341, 0.990293, 0.989158, 0.987929, 0.986602, 0.985168, 0.983624, 0.981957, 0.980173, 0.978283, 0.976274, 0.97414, 0.971873, 0.969464, 0.966905, 0.964186, 0.961297, 0.958228, 0.954967, 0.951503, 0.947823, 0.943913, 0.939758, 0.935345, 0.930656, 0.925674, 0.920381, 0.914757, 0.908783, 0.902435, 0.895691, 0.888526, 0.880914, 0.872826, 0.864234, 0.855104, 0.845407, 0.835098, 0.824158, 0.812509, 0.800185, 0.786986, 0.773176, 0.758076, 0.742885, 0.725061, 0.709431, 0.686385, 0.674303, 0.678311, 0.676849, 0.677316, 0.677167, 0.677214, 0.677199, 0.677204, 0.677202, 0.677203, 0.677203, 0.677203, 0.677203, 0.677203, 0.677203, 0.677203, 0.677203, 0.677203, 0.677203, 0.677203, 0.677203, 0.677203, 0.677203, 0.677203, 0.677203, 0.677203, 0.677203, 0.677203, 0.677203, 
1, 1, 0.999998, 0.999962, 0.999904, 0.999819, 0.999706, 0.999564, 0.99939, 0.999183, 0.998941, 0.998661, 0.998341, 0.997978, 0.99757, 0.997115, 0.996608, 0.996047, 0.995429, 0.994749, 0.994005, 0.993192, 0.992305, 0.99134, 0.990293, 0.989158, 0.987929, 0.986601, 0.985168, 0.983624, 0.981956, 0.980172, 0.978283, 0.976274, 0.974139, 0.971872, 0.969463, 0.966904, 0.964185, 0.961296, 0.958227, 0.954966, 0.951502, 0.947821, 0.943911, 0.939756, 0.935343, 0.930653, 0.925671, 0.920378, 0.914755, 0.90878, 0.902432, 0.895688, 0.888523, 0.88091, 0.872822, 0.86423, 0.8551, 0.845402, 0.835093, 0.824153, 0.812504, 0.80018, 0.786981, 0.77317, 0.75807, 0.742879, 0.725054, 0.709424, 0.686378, 0.674296, 0.678304, 0.676841, 0.677309, 0.67716, 0.677207, 0.677192, 0.677196, 0.677195, 0.677195, 0.677195, 0.677195, 0.677195, 0.677195, 0.677195, 0.677195, 0.677195, 0.677195, 0.677195, 0.677195, 0.677195, 0.677195, 0.677195, 0.677195, 0.677195, 0.677195, 0.677195, 0.677195, 0.677195, 
1, 1, 0.999998, 0.999962, 0.999904, 0.999819, 0.999706, 0.999564, 0.99939, 0.999183, 0.998941, 0.998661, 0.998341, 0.997978, 0.99757, 0.997114, 0.996608, 0.996047, 0.995429, 0.994749, 0.994005, 0.993191, 0.992305, 0.99134, 0.990293, 0.989157, 0.987929, 0.986601, 0.985167, 0.983623, 0.981956, 0.980172, 0.978282, 0.976273, 0.974138, 0.971871, 0.969462, 0.966903, 0.964183, 0.961295, 0.958225, 0.954965, 0.9515, 0.94782, 0.943909, 0.939755, 0.935341, 0.930651, 0.925669, 0.920376, 0.914752, 0.908777, 0.902429, 0.895685, 0.88852, 0.880907, 0.872819, 0.864226, 0.855096, 0.845398, 0.835089, 0.824148, 0.812499, 0.800175, 0.786975, 0.773165, 0.758065, 0.742873, 0.725048, 0.709417, 0.686371, 0.674289, 0.678296, 0.676834, 0.677302, 0.677152, 0.6772, 0.677185, 0.677189, 0.677188, 0.677188, 0.677188, 0.677188, 0.677188, 0.677188, 0.677188, 0.677188, 0.677188, 0.677188, 0.677188, 0.677188, 0.677188, 0.677188, 0.677188, 0.677188, 0.677188, 0.677188, 0.677188, 0.677188, 0.677188, 
1, 1, 0.999998, 0.999962, 0.999904, 0.999819, 0.999706, 0.999564, 0.99939, 0.999183, 0.998941, 0.998661, 0.998341, 0.997978, 0.99757, 0.997114, 0.996608, 0.996047, 0.995428, 0.994749, 0.994004, 0.993191, 0.992304, 0.99134, 0.990292, 0.989157, 0.987928, 0.986601, 0.985167, 0.983623, 0.981955, 0.980171, 0.978281, 0.976272, 0.974138, 0.97187, 0.969461, 0.966902, 0.964182, 0.961293, 0.958224, 0.954963, 0.951499, 0.947818, 0.943907, 0.939753, 0.935339, 0.930649, 0.925667, 0.920373, 0.914749, 0.908774, 0.902426, 0.895682, 0.888516, 0.880904, 0.872815, 0.864222, 0.855092, 0.845394, 0.835085, 0.824144, 0.812495, 0.80017, 0.78697, 0.773159, 0.758059, 0.742867, 0.725042, 0.709411, 0.686365, 0.674282, 0.67829, 0.676827, 0.677295, 0.677145, 0.677193, 0.677178, 0.677182, 0.677181, 0.677181, 0.677181, 0.677181, 0.677181, 0.677181, 0.677181, 0.677181, 0.677181, 0.677181, 0.677181, 0.677181, 0.677181, 0.677181, 0.677181, 0.677181, 0.677181, 0.677181, 0.677181, 0.677181, 0.677181, 
1, 1, 0.999998, 0.999962, 0.999904, 0.999819, 0.999706, 0.999564, 0.99939, 0.999183, 0.998941, 0.998661, 0.99834, 0.997978, 0.99757, 0.997114, 0.996608, 0.996047, 0.995428, 0.994749, 0.994004, 0.993191, 0.992304, 0.991339, 0.990292, 0.989157, 0.987928, 0.9866, 0.985166, 0.983622, 0.981954, 0.98017, 0.97828, 0.976271, 0.974137, 0.971869, 0.96946, 0.9669, 0.964181, 0.961292, 0.958223, 0.954962, 0.951497, 0.947816, 0.943906, 0.939751, 0.935337, 0.930647, 0.925665, 0.920371, 0.914747, 0.908772, 0.902424, 0.895679, 0.888513, 0.8809, 0.872812, 0.864219, 0.855088, 0.84539, 0.83508, 0.824139, 0.81249, 0.800165, 0.786965, 0.773154, 0.758053, 0.742861, 0.725036, 0.709404, 0.686358, 0.674275, 0.678283, 0.676821, 0.677288, 0.677139, 0.677186, 0.677171, 0.677176, 0.677174, 0.677175, 0.677174, 0.677174, 0.677174, 0.677174, 0.677174, 0.677174, 0.677174, 0.677174, 0.677174, 0.677174, 0.677174, 0.677174, 0.677174, 0.677174, 0.677174, 0.677174, 0.677174, 0.677174, 0.677174, 
1, 1, 0.999998, 0.999962, 0.999904, 0.999819, 0.999706, 0.999564, 0.99939, 0.999183, 0.998941, 0.998661, 0.99834, 0.997978, 0.99757, 0.997114, 0.996607, 0.996047, 0.995428, 0.994749, 0.994004, 0.993191, 0.992304, 0.991339, 0.990292, 0.989156, 0.987927, 0.9866, 0.985166, 0.983621, 0.981954, 0.98017, 0.97828, 0.97627, 0.974136, 0.971868, 0.969459, 0.966899, 0.96418, 0.961291, 0.958221, 0.95496, 0.951496, 0.947815, 0.943904, 0.939749, 0.935335, 0.930645, 0.925662, 0.920369, 0.914745, 0.908769, 0.902421, 0.895676, 0.88851, 0.880897, 0.872808, 0.864215, 0.855084, 0.845386, 0.835076, 0.824135, 0.812485, 0.80016, 0.78696, 0.773149, 0.758048, 0.742855, 0.72503, 0.709398, 0.686351, 0.674268, 0.678276, 0.676814, 0.677281, 0.677132, 0.677179, 0.677164, 0.677169, 0.677167, 0.677168, 0.677168, 0.677168, 0.677168, 0.677168, 0.677168, 0.677168, 0.677168, 0.677168, 0.677168, 0.677168, 0.677168, 0.677168, 0.677168, 0.677168, 0.677168, 0.677168, 0.677168, 0.677168, 0.677168, 
1, 1, 0.999998, 0.999962, 0.999904, 0.999819, 0.999706, 0.999564, 0.99939, 0.999183, 0.998941, 0.99866, 0.99834, 0.997978, 0.99757, 0.997114, 0.996607, 0.996046, 0.995428, 0.994748, 0.994004, 0.99319, 0.992303, 0.991339, 0.990291, 0.989156, 0.987927, 0.986599, 0.985165, 0.983621, 0.981953, 0.980169, 0.978279, 0.97627, 0.974135, 0.971867, 0.969458, 0.966898, 0.964179, 0.96129, 0.95822, 0.954959, 0.951494, 0.947813, 0.943902, 0.939747, 0.935333, 0.930643, 0.92566, 0.920366, 0.914742, 0.908767, 0.902418, 0.895673, 0.888507, 0.880894, 0.872805, 0.864212, 0.855081, 0.845382, 0.835072, 0.824131, 0.812481, 0.800156, 0.786955, 0.773144, 0.758042, 0.74285, 0.725024, 0.709392, 0.686345, 0.674262, 0.678269, 0.676807, 0.677275, 0.677125, 0.677172, 0.677158, 0.677162, 0.677161, 0.677161, 0.677161, 0.677161, 0.677161, 0.677161, 0.677161, 0.677161, 0.677161, 0.677161, 0.677161, 0.677161, 0.677161, 0.677161, 0.677161, 0.677161, 0.677161, 0.677161, 0.677161, 0.677161, 0.677161, 
1, 1, 0.999998, 0.999962, 0.999904, 0.999819, 0.999706, 0.999564, 0.99939, 0.999183, 0.998941, 0.99866, 0.99834, 0.997978, 0.99757, 0.997114, 0.996607, 0.996046, 0.995428, 0.994748, 0.994004, 0.99319, 0.992303, 0.991338, 0.990291, 0.989156, 0.987927, 0.986599, 0.985165, 0.98362, 0.981953, 0.980168, 0.978278, 0.976269, 0.974134, 0.971867, 0.969457, 0.966897, 0.964178, 0.961289, 0.958219, 0.954958, 0.951493, 0.947812, 0.943901, 0.939746, 0.935331, 0.930641, 0.925658, 0.920364, 0.91474, 0.908764, 0.902416, 0.895671, 0.888504, 0.880891, 0.872802, 0.864208, 0.855077, 0.845378, 0.835068, 0.824127, 0.812476, 0.800151, 0.78695, 0.773138, 0.758037, 0.742844, 0.725018, 0.709386, 0.686338, 0.674255, 0.678263, 0.676801, 0.677268, 0.677119, 0.677166, 0.677151, 0.677156, 0.677154, 0.677155, 0.677155, 0.677155, 0.677155, 0.677155, 0.677155, 0.677155, 0.677155, 0.677155, 0.677155, 0.677155, 0.677155, 0.677155, 0.677155, 0.677155, 0.677155, 0.677155, 0.677155, 0.677155, 0.677155, 
1, 1, 0.999998, 0.999962, 0.999904, 0.999819, 0.999706, 0.999564, 0.99939, 0.999183, 0.998941, 0.99866, 0.99834, 0.997978, 0.99757, 0.997114, 0.996607, 0.996046, 0.995428, 0.994748, 0.994003, 0.99319, 0.992303, 0.991338, 0.990291, 0.989155, 0.987926, 0.986598, 0.985164, 0.98362, 0.981952, 0.980168, 0.978278, 0.976268, 0.974134, 0.971866, 0.969456, 0.966896, 0.964177, 0.961287, 0.958218, 0.954956, 0.951491, 0.94781, 0.943899, 0.939744, 0.935329, 0.930639, 0.925656, 0.920362, 0.914738, 0.908762, 0.902413, 0.895668, 0.888502, 0.880888, 0.872799, 0.864205, 0.855073, 0.845375, 0.835064, 0.824122, 0.812472, 0.800146, 0.786946, 0.773133, 0.758032, 0.742839, 0.725012, 0.70938, 0.686332, 0.674249, 0.678257, 0.676794, 0.677262, 0.677112, 0.67716, 0.677145, 0.677149, 0.677148, 0.677148, 0.677148, 0.677148, 0.677148, 0.677148, 0.677148, 0.677148, 0.677148, 0.677148, 0.677148, 0.677148, 0.677148, 0.677148, 0.677148, 0.677148, 0.677148, 0.677148, 0.677148, 0.677148, 0.677148, 
1, 1, 0.999998, 0.999962, 0.999904, 0.999819, 0.999706, 0.999564, 0.99939, 0.999183, 0.998941, 0.99866, 0.99834, 0.997977, 0.99757, 0.997114, 0.996607, 0.996046, 0.995427, 0.994748, 0.994003, 0.99319, 0.992303, 0.991338, 0.99029, 0.989155, 0.987926, 0.986598, 0.985164, 0.983619, 0.981952, 0.980167, 0.978277, 0.976268, 0.974133, 0.971865, 0.969455, 0.966895, 0.964176, 0.961286, 0.958216, 0.954955, 0.95149, 0.947809, 0.943898, 0.939742, 0.935328, 0.930637, 0.925654, 0.92036, 0.914735, 0.908759, 0.90241, 0.895665, 0.888499, 0.880885, 0.872795, 0.864202, 0.85507, 0.845371, 0.83506, 0.824118, 0.812468, 0.800142, 0.786941, 0.773129, 0.758027, 0.742833, 0.725006, 0.709374, 0.686326, 0.674242, 0.67825, 0.676788, 0.677256, 0.677106, 0.677153, 0.677139, 0.677143, 0.677142, 0.677142, 0.677142, 0.677142, 0.677142, 0.677142, 0.677142, 0.677142, 0.677142, 0.677142, 0.677142, 0.677142, 0.677142, 0.677142, 0.677142, 0.677142, 0.677142, 0.677142, 0.677142, 0.677142, 0.677142, 
1, 1, 0.999998, 0.999962, 0.999904, 0.999819, 0.999706, 0.999564, 0.99939, 0.999183, 0.99894, 0.99866, 0.99834, 0.997977, 0.99757, 0.997114, 0.996607, 0.996046, 0.995427, 0.994748, 0.994003, 0.993189, 0.992302, 0.991338, 0.99029, 0.989154, 0.987925, 0.986597, 0.985163, 0.983619, 0.981951, 0.980167, 0.978276, 0.976267, 0.974132, 0.971864, 0.969454, 0.966894, 0.964175, 0.961285, 0.958215, 0.954954, 0.951489, 0.947807, 0.943896, 0.939741, 0.935326, 0.930635, 0.925652, 0.920358, 0.914733, 0.908757, 0.902408, 0.895663, 0.888496, 0.880882, 0.872792, 0.864198, 0.855066, 0.845367, 0.835057, 0.824114, 0.812464, 0.800138, 0.786936, 0.773124, 0.758022, 0.742828, 0.725001, 0.709368, 0.68632, 0.674236, 0.678244, 0.676782, 0.677249, 0.6771, 0.677147, 0.677132, 0.677137, 0.677136, 0.677136, 0.677136, 0.677136, 0.677136, 0.677136, 0.677136, 0.677136, 0.677136, 0.677136, 0.677136, 0.677136, 0.677136, 0.677136, 0.677136, 0.677136, 0.677136, 0.677136, 0.677136, 0.677136, 0.677136, 
1, 1, 0.999998, 0.999962, 0.999904, 0.999819, 0.999706, 0.999564, 0.99939, 0.999183, 0.99894, 0.99866, 0.99834, 0.997977, 0.997569, 0.997114, 0.996607, 0.996046, 0.995427, 0.994747, 0.994003, 0.993189, 0.992302, 0.991337, 0.99029, 0.989154, 0.987925, 0.986597, 0.985163, 0.983618, 0.981951, 0.980166, 0.978276, 0.976266, 0.974131, 0.971863, 0.969454, 0.966894, 0.964174, 0.961284, 0.958214, 0.954953, 0.951487, 0.947806, 0.943895, 0.939739, 0.935324, 0.930634, 0.92565, 0.920356, 0.914731, 0.908755, 0.902406, 0.89566, 0.888493, 0.880879, 0.872789, 0.864195, 0.855063, 0.845364, 0.835053, 0.824111, 0.81246, 0.800133, 0.786932, 0.773119, 0.758017, 0.742823, 0.724996, 0.709363, 0.686314, 0.67423, 0.678238, 0.676776, 0.677243, 0.677094, 0.677141, 0.677126, 0.677131, 0.67713, 0.67713, 0.67713, 0.67713, 0.67713, 0.67713, 0.67713, 0.67713, 0.67713, 0.67713, 0.67713, 0.67713, 0.67713, 0.67713, 0.67713, 0.67713, 0.67713, 0.67713, 0.67713, 0.67713, 0.67713, 
1, 1, 0.999998, 0.999962, 0.999904, 0.999819, 0.999706, 0.999564, 0.99939, 0.999183, 0.99894, 0.99866, 0.99834, 0.997977, 0.997569, 0.997113, 0.996607, 0.996046, 0.995427, 0.994747, 0.994003, 0.993189, 0.992302, 0.991337, 0.990289, 0.989154, 0.987925, 0.986597, 0.985162, 0.983618, 0.98195, 0.980165, 0.978275, 0.976265, 0.974131, 0.971862, 0.969453, 0.966893, 0.964173, 0.961283, 0.958213, 0.954951, 0.951486, 0.947804, 0.943893, 0.939737, 0.935322, 0.930632, 0.925648, 0.920354, 0.914729, 0.908753, 0.902403, 0.895657, 0.888491, 0.880876, 0.872786, 0.864192, 0.85506, 0.84536, 0.835049, 0.824107, 0.812456, 0.800129, 0.786927, 0.773114, 0.758012, 0.742818, 0.72499, 0.709357, 0.686308, 0.674224, 0.678233, 0.67677, 0.677238, 0.677088, 0.677135, 0.67712, 0.677125, 0.677124, 0.677124, 0.677124, 0.677124, 0.677124, 0.677124, 0.677124, 0.677124, 0.677124, 0.677124, 0.677124, 0.677124, 0.677124, 0.677124, 0.677124, 0.677124, 0.677124, 0.677124, 0.677124, 0.677124, 0.677124, 
1, 1, 0.999998, 0.999962, 0.999904, 0.999819, 0.999706, 0.999564, 0.99939, 0.999183, 0.99894, 0.99866, 0.99834, 0.997977, 0.997569, 0.997113, 0.996606, 0.996045, 0.995427, 0.994747, 0.994002, 0.993189, 0.992302, 0.991337, 0.990289, 0.989153, 0.987924, 0.986596, 0.985162, 0.983617, 0.981949, 0.980165, 0.978275, 0.976265, 0.97413, 0.971862, 0.969452, 0.966892, 0.964172, 0.961282, 0.958212, 0.95495, 0.951485, 0.947803, 0.943892, 0.939736, 0.935321, 0.93063, 0.925647, 0.920352, 0.914727, 0.90875, 0.902401, 0.895655, 0.888488, 0.880874, 0.872783, 0.864189, 0.855057, 0.845357, 0.835046, 0.824103, 0.812452, 0.800125, 0.786923, 0.77311, 0.758007, 0.742813, 0.724985, 0.709352, 0.686303, 0.674218, 0.678227, 0.676764, 0.677232, 0.677082, 0.67713, 0.677115, 0.677119, 0.677118, 0.677118, 0.677118, 0.677118, 0.677118, 0.677118, 0.677118, 0.677118, 0.677118, 0.677118, 0.677118, 0.677118, 0.677118, 0.677118, 0.677118, 0.677118, 0.677118, 0.677118, 0.677118, 0.677118, 0.677118, 
1, 1, 0.999998, 0.999962, 0.999904, 0.999819, 0.999706, 0.999564, 0.99939, 0.999183, 0.99894, 0.99866, 0.99834, 0.997977, 0.997569, 0.997113, 0.996606, 0.996045, 0.995427, 0.994747, 0.994002, 0.993189, 0.992301, 0.991336, 0.990289, 0.989153, 0.987924, 0.986596, 0.985161, 0.983617, 0.981949, 0.980164, 0.978274, 0.976264, 0.974129, 0.971861, 0.969451, 0.966891, 0.964171, 0.961281, 0.958211, 0.954949, 0.951484, 0.947802, 0.94389, 0.939734, 0.935319, 0.930628, 0.925645, 0.92035, 0.914725, 0.908748, 0.902399, 0.895653, 0.888485, 0.880871, 0.872781, 0.864186, 0.855053, 0.845354, 0.835042, 0.824099, 0.812448, 0.800121, 0.786919, 0.773105, 0.758002, 0.742808, 0.72498, 0.709347, 0.686297, 0.674213, 0.678221, 0.676759, 0.677226, 0.677077, 0.677124, 0.677109, 0.677114, 0.677112, 0.677113, 0.677113, 0.677113, 0.677113, 0.677113, 0.677113, 0.677113, 0.677113, 0.677113, 0.677113, 0.677113, 0.677113, 0.677113, 0.677113, 0.677113, 0.677113, 0.677113, 0.677113, 0.677113, 0.677113, 
1, 1, 0.999998, 0.999962, 0.999904, 0.999819, 0.999706, 0.999564, 0.99939, 0.999183, 0.99894, 0.99866, 0.99834, 0.997977, 0.997569, 0.997113, 0.996606, 0.996045, 0.995427, 0.994747, 0.994002, 0.993188, 0.992301, 0.991336, 0.990288, 0.989153, 0.987924, 0.986595, 0.985161, 0.983617, 0.981948, 0.980164, 0.978273, 0.976264, 0.974128, 0.97186, 0.96945, 0.96689, 0.96417, 0.96128, 0.95821, 0.954948, 0.951482, 0.9478, 0.943889, 0.939733, 0.935318, 0.930627, 0.925643, 0.920348, 0.914723, 0.908746, 0.902396, 0.89565, 0.888483, 0.880868, 0.872778, 0.864183, 0.85505, 0.84535, 0.835039, 0.824096, 0.812444, 0.800117, 0.786914, 0.773101, 0.757998, 0.742803, 0.724975, 0.709341, 0.686292, 0.674207, 0.678216, 0.676753, 0.677221, 0.677071, 0.677118, 0.677103, 0.677108, 0.677107, 0.677107, 0.677107, 0.677107, 0.677107, 0.677107, 0.677107, 0.677107, 0.677107, 0.677107, 0.677107, 0.677107, 0.677107, 0.677107, 0.677107, 0.677107, 0.677107, 0.677107, 0.677107, 0.677107, 0.677107, 
1, 1, 0.999998, 0.999962, 0.999904, 0.999819, 0.999706, 0.999564, 0.99939, 0.999183, 0.99894, 0.99866, 0.99834, 0.997977, 0.997569, 0.997113, 0.996606, 0.996045, 0.995426, 0.994747, 0.994002, 0.993188, 0.992301, 0.991336, 0.990288, 0.989153, 0.987923, 0.986595, 0.985161, 0.983616, 0.981948, 0.980163, 0.978273, 0.976263, 0.974128, 0.971859, 0.96945, 0.966889, 0.964169, 0.961279, 0.958209, 0.954947, 0.951481, 0.947799, 0.943887, 0.939731, 0.935316, 0.930625, 0.925641, 0.920346, 0.914721, 0.908744, 0.902394, 0.895648, 0.88848, 0.880866, 0.872775, 0.86418, 0.855047, 0.845347, 0.835035, 0.824092, 0.81244, 0.800113, 0.78691, 0.773097, 0.757993, 0.742798, 0.72497, 0.709336, 0.686286, 0.674202, 0.67821, 0.676747, 0.677215, 0.677066, 0.677113, 0.677098, 0.677103, 0.677101, 0.677102, 0.677101, 0.677101, 0.677101, 0.677101, 0.677101, 0.677101, 0.677101, 0.677101, 0.677101, 0.677101, 0.677101, 0.677101, 0.677101, 0.677101, 0.677101, 0.677101, 0.677101, 0.677101, 0.677101, 
1, 1, 0.999998, 0.999962, 0.999904, 0.999819, 0.999706, 0.999564, 0.99939, 0.999183, 0.99894, 0.99866, 0.99834, 0.997977, 0.997569, 0.997113, 0.996606, 0.996045, 0.995426, 0.994746, 0.994002, 0.993188, 0.992301, 0.991336, 0.990288, 0.989152, 0.987923, 0.986595, 0.98516, 0.983616, 0.981948, 0.980163, 0.978272, 0.976262, 0.974127, 0.971859, 0.969449, 0.966888, 0.964168, 0.961278, 0.958208, 0.954946, 0.95148, 0.947798, 0.943886, 0.93973, 0.935315, 0.930623, 0.925639, 0.920344, 0.914719, 0.908742, 0.902392, 0.895646, 0.888478, 0.880863, 0.872772, 0.864177, 0.855044, 0.845344, 0.835032, 0.824089, 0.812437, 0.800109, 0.786906, 0.773093, 0.757989, 0.742794, 0.724965, 0.709331, 0.686281, 0.674196, 0.678205, 0.676742, 0.67721, 0.67706, 0.677107, 0.677093, 0.677097, 0.677096, 0.677096, 0.677096, 0.677096, 0.677096, 0.677096, 0.677096, 0.677096, 0.677096, 0.677096, 0.677096, 0.677096, 0.677096, 0.677096, 0.677096, 0.677096, 0.677096, 0.677096, 0.677096, 0.677096, 0.677096, 
1, 1, 0.999998, 0.999962, 0.999904, 0.999819, 0.999706, 0.999564, 0.99939, 0.999183, 0.99894, 0.99866, 0.99834, 0.997977, 0.997569, 0.997113, 0.996606, 0.996045, 0.995426, 0.994746, 0.994002, 0.993188, 0.992301, 0.991336, 0.990288, 0.989152, 0.987923, 0.986594, 0.98516, 0.983615, 0.981947, 0.980162, 0.978272, 0.976262, 0.974126, 0.971858, 0.969448, 0.966888, 0.964167, 0.961277, 0.958207, 0.954945, 0.951479, 0.947797, 0.943885, 0.939729, 0.935313, 0.930622, 0.925638, 0.920343, 0.914717, 0.90874, 0.90239, 0.895643, 0.888476, 0.88086, 0.87277, 0.864174, 0.855041, 0.845341, 0.835029, 0.824085, 0.812433, 0.800105, 0.786902, 0.773088, 0.757984, 0.742789, 0.72496, 0.709326, 0.686276, 0.674191, 0.678199, 0.676737, 0.677204, 0.677055, 0.677102, 0.677087, 0.677092, 0.67709, 0.677091, 0.677091, 0.677091, 0.677091, 0.677091, 0.677091, 0.677091, 0.677091, 0.677091, 0.677091, 0.677091, 0.677091, 0.677091, 0.677091, 0.677091, 0.677091, 0.677091, 0.677091, 0.677091, 0.677091, 
1, 1, 0.999998, 0.999962, 0.999904, 0.999819, 0.999706, 0.999564, 0.99939, 0.999183, 0.99894, 0.99866, 0.99834, 0.997977, 0.997569, 0.997113, 0.996606, 0.996045, 0.995426, 0.994746, 0.994001, 0.993188, 0.9923, 0.991335, 0.990287, 0.989152, 0.987922, 0.986594, 0.985159, 0.983615, 0.981947, 0.980162, 0.978271, 0.976261, 0.974126, 0.971857, 0.969447, 0.966887, 0.964166, 0.961276, 0.958206, 0.954943, 0.951478, 0.947795, 0.943883, 0.939727, 0.935312, 0.93062, 0.925636, 0.920341, 0.914715, 0.908738, 0.902388, 0.895641, 0.888473, 0.880858, 0.872767, 0.864172, 0.855038, 0.845338, 0.835025, 0.824082, 0.812429, 0.800102, 0.786898, 0.773084, 0.75798, 0.742785, 0.724956, 0.709322, 0.686271, 0.674186, 0.678194, 0.676732, 0.677199, 0.67705, 0.677097, 0.677082, 0.677087, 0.677085, 0.677086, 0.677086, 0.677086, 0.677086, 0.677086, 0.677086, 0.677086, 0.677086, 0.677086, 0.677086, 0.677086, 0.677086, 0.677086, 0.677086, 0.677086, 0.677086, 0.677086, 0.677086, 0.677086, 0.677086, 
1, 1, 0.999998, 0.999962, 0.999904, 0.999819, 0.999706, 0.999564, 0.99939, 0.999183, 0.99894, 0.99866, 0.99834, 0.997977, 0.997569, 0.997113, 0.996606, 0.996045, 0.995426, 0.994746, 0.994001, 0.993187, 0.9923, 0.991335, 0.990287, 0.989151, 0.987922, 0.986594, 0.985159, 0.983614, 0.981946, 0.980161, 0.978271, 0.97626, 0.974125, 0.971857, 0.969447, 0.966886, 0.964166, 0.961275, 0.958205, 0.954942, 0.951477, 0.947794, 0.943882, 0.939726, 0.93531, 0.930619, 0.925634, 0.920339, 0.914713, 0.908736, 0.902386, 0.895639, 0.888471, 0.880856, 0.872764, 0.864169, 0.855035, 0.845335, 0.835022, 0.824078, 0.812426, 0.800098, 0.786895, 0.77308, 0.757976, 0.74278, 0.724951, 0.709317, 0.686266, 0.67418, 0.678189, 0.676726, 0.677194, 0.677045, 0.677092, 0.677077, 0.677082, 0.67708, 0.677081, 0.67708, 0.677081, 0.677081, 0.677081, 0.677081, 0.677081, 0.677081, 0.677081, 0.677081, 0.677081, 0.677081, 0.677081, 0.677081, 0.677081, 0.677081, 0.677081, 0.677081, 0.677081, 0.677081, 
1, 1, 0.999998, 0.999962, 0.999904, 0.999819, 0.999706, 0.999564, 0.99939, 0.999183, 0.99894, 0.99866, 0.99834, 0.997977, 0.997569, 0.997113, 0.996606, 0.996045, 0.995426, 0.994746, 0.994001, 0.993187, 0.9923, 0.991335, 0.990287, 0.989151, 0.987922, 0.986593, 0.985159, 0.983614, 0.981946, 0.980161, 0.97827, 0.97626, 0.974125, 0.971856, 0.969446, 0.966885, 0.964165, 0.961274, 0.958204, 0.954941, 0.951475, 0.947793, 0.943881, 0.939725, 0.935309, 0.930617, 0.925633, 0.920337, 0.914711, 0.908734, 0.902384, 0.895637, 0.888469, 0.880853, 0.872762, 0.864166, 0.855033, 0.845332, 0.835019, 0.824075, 0.812422, 0.800094, 0.786891, 0.773076, 0.757972, 0.742776, 0.724947, 0.709312, 0.686261, 0.674175, 0.678184, 0.676721, 0.677189, 0.67704, 0.677087, 0.677072, 0.677077, 0.677075, 0.677076, 0.677075, 0.677076, 0.677076, 0.677076, 0.677076, 0.677076, 0.677076, 0.677076, 0.677076, 0.677076, 0.677076, 0.677076, 0.677076, 0.677076, 0.677076, 0.677076, 0.677076, 0.677076, 0.677076, 
1, 1, 0.999998, 0.999962, 0.999904, 0.999819, 0.999706, 0.999564, 0.99939, 0.999183, 0.99894, 0.99866, 0.998339, 0.997977, 0.997569, 0.997113, 0.996606, 0.996044, 0.995426, 0.994746, 0.994001, 0.993187, 0.9923, 0.991335, 0.990287, 0.989151, 0.987921, 0.986593, 0.985158, 0.983614, 0.981945, 0.98016, 0.978269, 0.976259, 0.974124, 0.971855, 0.969445, 0.966884, 0.964164, 0.961274, 0.958203, 0.95494, 0.951474, 0.947792, 0.94388, 0.939723, 0.935307, 0.930616, 0.925631, 0.920336, 0.91471, 0.908732, 0.902382, 0.895635, 0.888466, 0.880851, 0.872759, 0.864164, 0.85503, 0.845329, 0.835016, 0.824072, 0.812419, 0.800091, 0.786887, 0.773073, 0.757968, 0.742772, 0.724942, 0.709308, 0.686256, 0.67417, 0.678179, 0.676717, 0.677184, 0.677035, 0.677082, 0.677067, 0.677072, 0.67707, 0.677071, 0.677071, 0.677071, 0.677071, 0.677071, 0.677071, 0.677071, 0.677071, 0.677071, 0.677071, 0.677071, 0.677071, 0.677071, 0.677071, 0.677071, 0.677071, 0.677071, 0.677071, 0.677071, 0.677071, 
1, 1, 0.999998, 0.999962, 0.999904, 0.999819, 0.999706, 0.999564, 0.99939, 0.999183, 0.99894, 0.99866, 0.998339, 0.997977, 0.997569, 0.997113, 0.996605, 0.996044, 0.995426, 0.994746, 0.994001, 0.993187, 0.9923, 0.991334, 0.990286, 0.989151, 0.987921, 0.986593, 0.985158, 0.983613, 0.981945, 0.98016, 0.978269, 0.976259, 0.974123, 0.971855, 0.969444, 0.966884, 0.964163, 0.961273, 0.958202, 0.954939, 0.951473, 0.947791, 0.943879, 0.939722, 0.935306, 0.930614, 0.92563, 0.920334, 0.914708, 0.90873, 0.90238, 0.895633, 0.888464, 0.880848, 0.872757, 0.864161, 0.855027, 0.845326, 0.835013, 0.824069, 0.812416, 0.800087, 0.786884, 0.773069, 0.757964, 0.742768, 0.724938, 0.709303, 0.686251, 0.674166, 0.678174, 0.676712, 0.677179, 0.67703, 0.677077, 0.677062, 0.677067, 0.677065, 0.677066, 0.677066, 0.677066, 0.677066, 0.677066, 0.677066, 0.677066, 0.677066, 0.677066, 0.677066, 0.677066, 0.677066, 0.677066, 0.677066, 0.677066, 0.677066, 0.677066, 0.677066, 0.677066, 0.677066, 
1, 1, 0.999998, 0.999962, 0.999904, 0.999819, 0.999706, 0.999564, 0.99939, 0.999183, 0.99894, 0.99866, 0.998339, 0.997977, 0.997568, 0.997112, 0.996605, 0.996044, 0.995425, 0.994745, 0.994001, 0.993187, 0.992299, 0.991334, 0.990286, 0.98915, 0.987921, 0.986592, 0.985158, 0.983613, 0.981944, 0.980159, 0.978268, 0.976258, 0.974123, 0.971854, 0.969444, 0.966883, 0.964162, 0.961272, 0.958201, 0.954938, 0.951472, 0.94779, 0.943877, 0.939721, 0.935305, 0.930613, 0.925628, 0.920332, 0.914706, 0.908728, 0.902378, 0.895631, 0.888462, 0.880846, 0.872755, 0.864159, 0.855025, 0.845323, 0.83501, 0.824066, 0.812413, 0.800084, 0.78688, 0.773065, 0.75796, 0.742764, 0.724934, 0.709299, 0.686246, 0.674161, 0.67817, 0.676707, 0.677175, 0.677025, 0.677072, 0.677057, 0.677062, 0.677061, 0.677061, 0.677061, 0.677061, 0.677061, 0.677061, 0.677061, 0.677061, 0.677061, 0.677061, 0.677061, 0.677061, 0.677061, 0.677061, 0.677061, 0.677061, 0.677061, 0.677061, 0.677061, 0.677061, 0.677061, 
1, 1, 0.999998, 0.999962, 0.999904, 0.999819, 0.999706, 0.999564, 0.99939, 0.999183, 0.99894, 0.99866, 0.998339, 0.997976, 0.997568, 0.997112, 0.996605, 0.996044, 0.995425, 0.994745, 0.994, 0.993186, 0.992299, 0.991334, 0.990286, 0.98915, 0.98792, 0.986592, 0.985157, 0.983612, 0.981944, 0.980159, 0.978268, 0.976258, 0.974122, 0.971853, 0.969443, 0.966882, 0.964162, 0.961271, 0.9582, 0.954937, 0.951471, 0.947789, 0.943876, 0.939719, 0.935303, 0.930611, 0.925627, 0.920331, 0.914704, 0.908727, 0.902376, 0.895629, 0.88846, 0.880844, 0.872752, 0.864156, 0.855022, 0.84532, 0.835007, 0.824063, 0.812409, 0.800081, 0.786877, 0.773061, 0.757956, 0.74276, 0.724929, 0.709294, 0.686242, 0.674156, 0.678165, 0.676702, 0.67717, 0.677021, 0.677068, 0.677053, 0.677058, 0.677056, 0.677057, 0.677056, 0.677056, 0.677056, 0.677056, 0.677056, 0.677056, 0.677056, 0.677056, 0.677056, 0.677056, 0.677056, 0.677056, 0.677056, 0.677056, 0.677056, 0.677056, 0.677056, 0.677056, 0.677056, 
1, 1, 0.999998, 0.999962, 0.999904, 0.999819, 0.999706, 0.999564, 0.99939, 0.999183, 0.99894, 0.99866, 0.998339, 0.997976, 0.997568, 0.997112, 0.996605, 0.996044, 0.995425, 0.994745, 0.994, 0.993186, 0.992299, 0.991334, 0.990286, 0.98915, 0.98792, 0.986592, 0.985157, 0.983612, 0.981944, 0.980158, 0.978268, 0.976257, 0.974122, 0.971853, 0.969442, 0.966881, 0.964161, 0.96127, 0.958199, 0.954937, 0.95147, 0.947788, 0.943875, 0.939718, 0.935302, 0.93061, 0.925625, 0.920329, 0.914703, 0.908725, 0.902374, 0.895627, 0.888458, 0.880842, 0.87275, 0.864154, 0.855019, 0.845318, 0.835004, 0.82406, 0.812406, 0.800077, 0.786873, 0.773058, 0.757952, 0.742756, 0.724925, 0.70929, 0.686237, 0.674152, 0.678161, 0.676698, 0.677165, 0.677016, 0.677063, 0.677048, 0.677053, 0.677051, 0.677052, 0.677052, 0.677052, 0.677052, 0.677052, 0.677052, 0.677052, 0.677052, 0.677052, 0.677052, 0.677052, 0.677052, 0.677052, 0.677052, 0.677052, 0.677052, 0.677052, 0.677052, 0.677052, 0.677052, 
1, 1, 0.999998, 0.999962, 0.999904, 0.999819, 0.999706, 0.999564, 0.99939, 0.999183, 0.99894, 0.99866, 0.998339, 0.997976, 0.997568, 0.997112, 0.996605, 0.996044, 0.995425, 0.994745, 0.994, 0.993186, 0.992299, 0.991334, 0.990285, 0.989149, 0.98792, 0.986591, 0.985157, 0.983612, 0.981943, 0.980158, 0.978267, 0.976257, 0.974121, 0.971852, 0.969442, 0.966881, 0.96416, 0.961269, 0.958198, 0.954936, 0.951469, 0.947787, 0.943874, 0.939717, 0.935301, 0.930609, 0.925624, 0.920328, 0.914701, 0.908723, 0.902372, 0.895625, 0.888456, 0.88084, 0.872748, 0.864151, 0.855017, 0.845315, 0.835002, 0.824057, 0.812403, 0.800074, 0.78687, 0.773054, 0.757949, 0.742752, 0.724921, 0.709286, 0.686233, 0.674147, 0.678156, 0.676693, 0.677161, 0.677011, 0.677059, 0.677044, 0.677048, 0.677047, 0.677047, 0.677047, 0.677047, 0.677047, 0.677047, 0.677047, 0.677047, 0.677047, 0.677047, 0.677047, 0.677047, 0.677047, 0.677047, 0.677047, 0.677047, 0.677047, 0.677047, 0.677047, 0.677047, 0.677047, 
1, 1, 0.999998, 0.999962, 0.999904, 0.999819, 0.999706, 0.999564, 0.99939, 0.999183, 0.99894, 0.99866, 0.998339, 0.997976, 0.997568, 0.997112, 0.996605, 0.996044, 0.995425, 0.994745, 0.994, 0.993186, 0.992299, 0.991333, 0.990285, 0.989149, 0.98792, 0.986591, 0.985156, 0.983611, 0.981943, 0.980158, 0.978267, 0.976256, 0.974121, 0.971852, 0.969441, 0.96688, 0.964159, 0.961269, 0.958198, 0.954935, 0.951468, 0.947785, 0.943873, 0.939716, 0.935299, 0.930607, 0.925622, 0.920326, 0.9147, 0.908722, 0.90237, 0.895623, 0.888454, 0.880838, 0.872746, 0.864149, 0.855014, 0.845313, 0.834999, 0.824054, 0.8124, 0.800071, 0.786866, 0.773051, 0.757945, 0.742748, 0.724917, 0.709282, 0.686229, 0.674143, 0.678152, 0.676689, 0.677157, 0.677007, 0.677054, 0.677039, 0.677044, 0.677043, 0.677043, 0.677043, 0.677043, 0.677043, 0.677043, 0.677043, 0.677043, 0.677043, 0.677043, 0.677043, 0.677043, 0.677043, 0.677043, 0.677043, 0.677043, 0.677043, 0.677043, 0.677043, 0.677043, 0.677043, 
1, 1, 0.999998, 0.999962, 0.999904, 0.999819, 0.999706, 0.999564, 0.99939, 0.999183, 0.99894, 0.99866, 0.998339, 0.997976, 0.997568, 0.997112, 0.996605, 0.996044, 0.995425, 0.994745, 0.994, 0.993186, 0.992298, 0.991333, 0.990285, 0.989149, 0.987919, 0.986591, 0.985156, 0.983611, 0.981942, 0.980157, 0.978266, 0.976256, 0.97412, 0.971851, 0.96944, 0.966879, 0.964159, 0.961268, 0.958197, 0.954934, 0.951467, 0.947784, 0.943872, 0.939715, 0.935298, 0.930606, 0.925621, 0.920325, 0.914698, 0.90872, 0.902369, 0.895621, 0.888452, 0.880836, 0.872743, 0.864147, 0.855012, 0.84531, 0.834996, 0.824051, 0.812397, 0.800068, 0.786863, 0.773047, 0.757941, 0.742744, 0.724913, 0.709278, 0.686224, 0.674138, 0.678147, 0.676685, 0.677152, 0.677003, 0.67705, 0.677035, 0.67704, 0.677038, 0.677039, 0.677039, 0.677039, 0.677039, 0.677039, 0.677039, 0.677039, 0.677039, 0.677039, 0.677039, 0.677039, 0.677039, 0.677039, 0.677039, 0.677039, 0.677039, 0.677039, 0.677039, 0.677039, 0.677039, 
1, 1, 0.999998, 0.999962, 0.999904, 0.999819, 0.999706, 0.999564, 0.99939, 0.999183, 0.99894, 0.998659, 0.998339, 0.997976, 0.997568, 0.997112, 0.996605, 0.996044, 0.995425, 0.994745, 0.994, 0.993186, 0.992298, 0.991333, 0.990285, 0.989149, 0.987919, 0.986591, 0.985156, 0.983611, 0.981942, 0.980157, 0.978266, 0.976255, 0.97412, 0.971851, 0.96944, 0.966879, 0.964158, 0.961267, 0.958196, 0.954933, 0.951466, 0.947783, 0.943871, 0.939714, 0.935297, 0.930605, 0.92562, 0.920323, 0.914696, 0.908718, 0.902367, 0.895619, 0.88845, 0.880833, 0.872741, 0.864144, 0.85501, 0.845308, 0.834994, 0.824048, 0.812394, 0.800065, 0.78686, 0.773044, 0.757938, 0.742741, 0.72491, 0.709274, 0.68622, 0.674134, 0.678143, 0.67668, 0.677148, 0.676999, 0.677046, 0.677031, 0.677036, 0.677034, 0.677035, 0.677034, 0.677034, 0.677034, 0.677034, 0.677034, 0.677034, 0.677034, 0.677034, 0.677034, 0.677034, 0.677034, 0.677034, 0.677034, 0.677034, 0.677034, 0.677034, 0.677034, 0.677034, 0.677034, 
1, 1, 0.999998, 0.999962, 0.999904, 0.999819, 0.999706, 0.999564, 0.99939, 0.999182, 0.99894, 0.998659, 0.998339, 0.997976, 0.997568, 0.997112, 0.996605, 0.996044, 0.995425, 0.994745, 0.994, 0.993185, 0.992298, 0.991333, 0.990285, 0.989149, 0.987919, 0.98659, 0.985155, 0.98361, 0.981942, 0.980156, 0.978265, 0.976255, 0.974119, 0.97185, 0.969439, 0.966878, 0.964157, 0.961266, 0.958195, 0.954932, 0.951466, 0.947783, 0.94387, 0.939712, 0.935296, 0.930604, 0.925618, 0.920322, 0.914695, 0.908717, 0.902365, 0.895617, 0.888448, 0.880832, 0.872739, 0.864142, 0.855007, 0.845305, 0.834991, 0.824046, 0.812392, 0.800062, 0.786857, 0.773041, 0.757935, 0.742737, 0.724906, 0.70927, 0.686216, 0.67413, 0.678139, 0.676676, 0.677144, 0.676994, 0.677042, 0.677027, 0.677031, 0.67703, 0.67703, 0.67703, 0.67703, 0.67703, 0.67703, 0.67703, 0.67703, 0.67703, 0.67703, 0.67703, 0.67703, 0.67703, 0.67703, 0.67703, 0.67703, 0.67703, 0.67703, 0.67703, 0.67703, 0.67703, 
1, 1, 0.999998, 0.999962, 0.999904, 0.999819, 0.999706, 0.999564, 0.99939, 0.999182, 0.99894, 0.998659, 0.998339, 0.997976, 0.997568, 0.997112, 0.996605, 0.996043, 0.995425, 0.994744, 0.993999, 0.993185, 0.992298, 0.991333, 0.990284, 0.989148, 0.987919, 0.98659, 0.985155, 0.98361, 0.981941, 0.980156, 0.978265, 0.976254, 0.974119, 0.971849, 0.969439, 0.966878, 0.964156, 0.961266, 0.958194, 0.954931, 0.951465, 0.947782, 0.943869, 0.939711, 0.935295, 0.930602, 0.925617, 0.920321, 0.914693, 0.908715, 0.902364, 0.895616, 0.888446, 0.88083, 0.872737, 0.86414, 0.855005, 0.845303, 0.834989, 0.824043, 0.812389, 0.800059, 0.786854, 0.773038, 0.757931, 0.742734, 0.724902, 0.709266, 0.686212, 0.674126, 0.678135, 0.676672, 0.67714, 0.67699, 0.677037, 0.677023, 0.677027, 0.677026, 0.677026, 0.677026, 0.677026, 0.677026, 0.677026, 0.677026, 0.677026, 0.677026, 0.677026, 0.677026, 0.677026, 0.677026, 0.677026, 0.677026, 0.677026, 0.677026, 0.677026, 0.677026, 0.677026, 0.677026, 
1, 1, 0.999998, 0.999962, 0.999904, 0.999819, 0.999706, 0.999564, 0.99939, 0.999182, 0.99894, 0.998659, 0.998339, 0.997976, 0.997568, 0.997112, 0.996605, 0.996043, 0.995424, 0.994744, 0.993999, 0.993185, 0.992298, 0.991332, 0.990284, 0.989148, 0.987918, 0.98659, 0.985155, 0.98361, 0.981941, 0.980156, 0.978264, 0.976254, 0.974118, 0.971849, 0.969438, 0.966877, 0.964156, 0.961265, 0.958194, 0.95493, 0.951464, 0.947781, 0.943868, 0.93971, 0.935294, 0.930601, 0.925616, 0.920319, 0.914692, 0.908714, 0.902362, 0.895614, 0.888444, 0.880828, 0.872735, 0.864138, 0.855003, 0.8453, 0.834986, 0.82404, 0.812386, 0.800056, 0.786851, 0.773034, 0.757928, 0.74273, 0.724899, 0.709262, 0.686208, 0.674122, 0.678131, 0.676668, 0.677136, 0.676986, 0.677033, 0.677019, 0.677023, 0.677022, 0.677022, 0.677022, 0.677022, 0.677022, 0.677022, 0.677022, 0.677022, 0.677022, 0.677022, 0.677022, 0.677022, 0.677022, 0.677022, 0.677022, 0.677022, 0.677022, 0.677022, 0.677022, 0.677022, 0.677022, 
1, 1, 0.999998, 0.999962, 0.999904, 0.999819, 0.999706, 0.999564, 0.99939, 0.999182, 0.99894, 0.998659, 0.998339, 0.997976, 0.997568, 0.997112, 0.996605, 0.996043, 0.995424, 0.994744, 0.993999, 0.993185, 0.992298, 0.991332, 0.990284, 0.989148, 0.987918, 0.986589, 0.985154, 0.983609, 0.981941, 0.980155, 0.978264, 0.976253, 0.974118, 0.971848, 0.969438, 0.966876, 0.964155, 0.961264, 0.958193, 0.95493, 0.951463, 0.94778, 0.943867, 0.939709, 0.935292, 0.9306, 0.925614, 0.920318, 0.914691, 0.908712, 0.90236, 0.895612, 0.888443, 0.880826, 0.872733, 0.864136, 0.855001, 0.845298, 0.834984, 0.824038, 0.812383, 0.800053, 0.786848, 0.773031, 0.757925, 0.742727, 0.724895, 0.709259, 0.686204, 0.674118, 0.678127, 0.676664, 0.677132, 0.676982, 0.67703, 0.677015, 0.677019, 0.677018, 0.677018, 0.677018, 0.677018, 0.677018, 0.677018, 0.677018, 0.677018, 0.677018, 0.677018, 0.677018, 0.677018, 0.677018, 0.677018, 0.677018, 0.677018, 0.677018, 0.677018, 0.677018, 0.677018, 0.677018, 
1, 1, 0.999998, 0.999962, 0.999904, 0.999819, 0.999706, 0.999563, 0.99939, 0.999182, 0.99894, 0.998659, 0.998339, 0.997976, 0.997568, 0.997112, 0.996605, 0.996043, 0.995424, 0.994744, 0.993999, 0.993185, 0.992297, 0.991332, 0.990284, 0.989148, 0.987918, 0.986589, 0.985154, 0.983609, 0.98194, 0.980155, 0.978264, 0.976253, 0.974117, 0.971848, 0.969437, 0.966876, 0.964155, 0.961263, 0.958192, 0.954929, 0.951462, 0.947779, 0.943866, 0.939708, 0.935291, 0.930599, 0.925613, 0.920317, 0.914689, 0.908711, 0.902359, 0.89561, 0.888441, 0.880824, 0.872731, 0.864134, 0.854998, 0.845296, 0.834981, 0.824035, 0.812381, 0.800051, 0.786845, 0.773028, 0.757921, 0.742724, 0.724892, 0.709255, 0.686201, 0.674114, 0.678123, 0.67666, 0.677128, 0.676978, 0.677026, 0.677011, 0.677015, 0.677014, 0.677014, 0.677014, 0.677014, 0.677014, 0.677014, 0.677014, 0.677014, 0.677014, 0.677014, 0.677014, 0.677014, 0.677014, 0.677014, 0.677014, 0.677014, 0.677014, 0.677014, 0.677014, 0.677014, 0.677014, 
1, 1, 0.999998, 0.999962, 0.999904, 0.999819, 0.999706, 0.999563, 0.99939, 0.999182, 0.99894, 0.998659, 0.998339, 0.997976, 0.997568, 0.997112, 0.996604, 0.996043, 0.995424, 0.994744, 0.993999, 0.993185, 0.992297, 0.991332, 0.990284, 0.989147, 0.987918, 0.986589, 0.985154, 0.983609, 0.98194, 0.980154, 0.978263, 0.976253, 0.974117, 0.971847, 0.969436, 0.966875, 0.964154, 0.961263, 0.958191, 0.954928, 0.951461, 0.947778, 0.943865, 0.939707, 0.93529, 0.930598, 0.925612, 0.920315, 0.914688, 0.908709, 0.902357, 0.895609, 0.888439, 0.880822, 0.872729, 0.864132, 0.854996, 0.845293, 0.834979, 0.824033, 0.812378, 0.800048, 0.786842, 0.773025, 0.757918, 0.74272, 0.724888, 0.709252, 0.686197, 0.67411, 0.678119, 0.676656, 0.677124, 0.676975, 0.677022, 0.677007, 0.677012, 0.67701, 0.677011, 0.677011, 0.677011, 0.677011, 0.677011, 0.677011, 0.677011, 0.677011, 0.677011, 0.677011, 0.677011, 0.677011, 0.677011, 0.677011, 0.677011, 0.677011, 0.677011, 0.677011, 0.677011, 0.677011, 
1, 1, 0.999998, 0.999962, 0.999904, 0.999819, 0.999706, 0.999563, 0.99939, 0.999182, 0.99894, 0.998659, 0.998339, 0.997976, 0.997568, 0.997112, 0.996604, 0.996043, 0.995424, 0.994744, 0.993999, 0.993185, 0.992297, 0.991332, 0.990283, 0.989147, 0.987917, 0.986589, 0.985153, 0.983608, 0.98194, 0.980154, 0.978263, 0.976252, 0.974116, 0.971847, 0.969436, 0.966875, 0.964153, 0.961262, 0.958191, 0.954927, 0.95146, 0.947777, 0.943864, 0.939706, 0.935289, 0.930596, 0.925611, 0.920314, 0.914686, 0.908708, 0.902356, 0.895607, 0.888437, 0.88082, 0.872727, 0.86413, 0.854994, 0.845291, 0.834977, 0.824031, 0.812376, 0.800045, 0.786839, 0.773022, 0.757915, 0.742717, 0.724885, 0.709248, 0.686193, 0.674106, 0.678116, 0.676653, 0.67712, 0.676971, 0.677018, 0.677003, 0.677008, 0.677006, 0.677007, 0.677007, 0.677007, 0.677007, 0.677007, 0.677007, 0.677007, 0.677007, 0.677007, 0.677007, 0.677007, 0.677007, 0.677007, 0.677007, 0.677007, 0.677007, 0.677007, 0.677007, 0.677007, 0.677007, 
1, 1, 0.999998, 0.999962, 0.999904, 0.999819, 0.999706, 0.999563, 0.99939, 0.999182, 0.99894, 0.998659, 0.998339, 0.997976, 0.997568, 0.997111, 0.996604, 0.996043, 0.995424, 0.994744, 0.993999, 0.993185, 0.992297, 0.991331, 0.990283, 0.989147, 0.987917, 0.986588, 0.985153, 0.983608, 0.981939, 0.980154, 0.978262, 0.976252, 0.974116, 0.971846, 0.969435, 0.966874, 0.964153, 0.961261, 0.95819, 0.954927, 0.95146, 0.947776, 0.943863, 0.939705, 0.935288, 0.930595, 0.92561, 0.920313, 0.914685, 0.908706, 0.902354, 0.895606, 0.888436, 0.880819, 0.872725, 0.864128, 0.854992, 0.845289, 0.834974, 0.824028, 0.812373, 0.800043, 0.786837, 0.77302, 0.757912, 0.742714, 0.724881, 0.709245, 0.68619, 0.674103, 0.678112, 0.676649, 0.677117, 0.676967, 0.677014, 0.677, 0.677004, 0.677003, 0.677003, 0.677003, 0.677003, 0.677003, 0.677003, 0.677003, 0.677003, 0.677003, 0.677003, 0.677003, 0.677003, 0.677003, 0.677003, 0.677003, 0.677003, 0.677003, 0.677003, 0.677003, 0.677003, 0.677003, 
1, 1, 0.999998, 0.999962, 0.999904, 0.999819, 0.999706, 0.999563, 0.99939, 0.999182, 0.99894, 0.998659, 0.998339, 0.997976, 0.997568, 0.997111, 0.996604, 0.996043, 0.995424, 0.994744, 0.993999, 0.993184, 0.992297, 0.991331, 0.990283, 0.989147, 0.987917, 0.986588, 0.985153, 0.983608, 0.981939, 0.980153, 0.978262, 0.976251, 0.974115, 0.971846, 0.969435, 0.966873, 0.964152, 0.961261, 0.958189, 0.954926, 0.951459, 0.947775, 0.943862, 0.939704, 0.935287, 0.930594, 0.925609, 0.920311, 0.914684, 0.908705, 0.902353, 0.895604, 0.888434, 0.880817, 0.872724, 0.864126, 0.85499, 0.845287, 0.834972, 0.824026, 0.812371, 0.80004, 0.786834, 0.773017, 0.757909, 0.742711, 0.724878, 0.709241, 0.686186, 0.674099, 0.678109, 0.676645, 0.677113, 0.676964, 0.677011, 0.676996, 0.677001, 0.676999, 0.677, 0.677, 0.677, 0.677, 0.677, 0.677, 0.677, 0.677, 0.677, 0.677, 0.677, 0.677, 0.677, 0.677, 0.677, 0.677, 0.677, 0.677, 0.677, 0.677, 
1, 1, 0.999998, 0.999962, 0.999904, 0.999819, 0.999706, 0.999563, 0.99939, 0.999182, 0.99894, 0.998659, 0.998339, 0.997976, 0.997568, 0.997111, 0.996604, 0.996043, 0.995424, 0.994744, 0.993998, 0.993184, 0.992297, 0.991331, 0.990283, 0.989147, 0.987917, 0.986588, 0.985153, 0.983607, 0.981939, 0.980153, 0.978262, 0.976251, 0.974115, 0.971845, 0.969434, 0.966873, 0.964151, 0.96126, 0.958189, 0.954925, 0.951458, 0.947774, 0.943861, 0.939703, 0.935286, 0.930593, 0.925607, 0.92031, 0.914683, 0.908704, 0.902351, 0.895603, 0.888433, 0.880815, 0.872722, 0.864124, 0.854988, 0.845285, 0.83497, 0.824023, 0.812368, 0.800037, 0.786831, 0.773014, 0.757906, 0.742708, 0.724875, 0.709238, 0.686183, 0.674095, 0.678105, 0.676642, 0.67711, 0.67696, 0.677007, 0.676992, 0.676997, 0.676996, 0.676996, 0.676996, 0.676996, 0.676996, 0.676996, 0.676996, 0.676996, 0.676996, 0.676996, 0.676996, 0.676996, 0.676996, 0.676996, 0.676996, 0.676996, 0.676996, 0.676996, 0.676996, 0.676996, 0.676996, 
1, 1, 0.999998, 0.999962, 0.999904, 0.999819, 0.999706, 0.999563, 0.99939, 0.999182, 0.99894, 0.998659, 0.998339, 0.997976, 0.997568, 0.997111, 0.996604, 0.996043, 0.995424, 0.994744, 0.993998, 0.993184, 0.992297, 0.991331, 0.990283, 0.989146, 0.987916, 0.986588, 0.985152, 0.983607, 0.981938, 0.980153, 0.978261, 0.97625, 0.974114, 0.971845, 0.969434, 0.966872, 0.964151, 0.96126, 0.958188, 0.954924, 0.951457, 0.947774, 0.94386, 0.939702, 0.935285, 0.930592, 0.925606, 0.920309, 0.914681, 0.908702, 0.90235, 0.895601, 0.888431, 0.880814, 0.87272, 0.864122, 0.854986, 0.845283, 0.834968, 0.824021, 0.812366, 0.800035, 0.786829, 0.773011, 0.757904, 0.742705, 0.724872, 0.709235, 0.686179, 0.674092, 0.678102, 0.676638, 0.677106, 0.676957, 0.677004, 0.676989, 0.676994, 0.676992, 0.676993, 0.676993, 0.676993, 0.676993, 0.676993, 0.676993, 0.676993, 0.676993, 0.676993, 0.676993, 0.676993, 0.676993, 0.676993, 0.676993, 0.676993, 0.676993, 0.676993, 0.676993, 0.676993, 0.676993, 
1, 1, 0.999998, 0.999962, 0.999904, 0.999819, 0.999706, 0.999563, 0.99939, 0.999182, 0.99894, 0.998659, 0.998339, 0.997976, 0.997567, 0.997111, 0.996604, 0.996043, 0.995424, 0.994743, 0.993998, 0.993184, 0.992296, 0.991331, 0.990282, 0.989146, 0.987916, 0.986587, 0.985152, 0.983607, 0.981938, 0.980152, 0.978261, 0.97625, 0.974114, 0.971844, 0.969433, 0.966872, 0.96415, 0.961259, 0.958187, 0.954924, 0.951456, 0.947773, 0.943859, 0.939702, 0.935284, 0.930591, 0.925605, 0.920308, 0.91468, 0.908701, 0.902349, 0.8956, 0.88843, 0.880812, 0.872718, 0.86412, 0.854984, 0.845281, 0.834966, 0.824019, 0.812364, 0.800033, 0.786826, 0.773009, 0.757901, 0.742702, 0.724869, 0.709232, 0.686176, 0.674088, 0.678098, 0.676635, 0.677103, 0.676953, 0.677, 0.676986, 0.67699, 0.676989, 0.676989, 0.676989, 0.676989, 0.676989, 0.676989, 0.676989, 0.676989, 0.676989, 0.676989, 0.676989, 0.676989, 0.676989, 0.676989, 0.676989, 0.676989, 0.676989, 0.676989, 0.676989, 0.676989, 0.676989, 
1, 1, 0.999998, 0.999962, 0.999904, 0.999819, 0.999706, 0.999563, 0.99939, 0.999182, 0.99894, 0.998659, 0.998339, 0.997976, 0.997567, 0.997111, 0.996604, 0.996043, 0.995424, 0.994743, 0.993998, 0.993184, 0.992296, 0.991331, 0.990282, 0.989146, 0.987916, 0.986587, 0.985152, 0.983607, 0.981938, 0.980152, 0.978261, 0.97625, 0.974114, 0.971844, 0.969433, 0.966871, 0.96415, 0.961258, 0.958187, 0.954923, 0.951456, 0.947772, 0.943859, 0.939701, 0.935283, 0.93059, 0.925604, 0.920307, 0.914679, 0.9087, 0.902347, 0.895598, 0.888428, 0.88081, 0.872717, 0.864119, 0.854982, 0.845279, 0.834964, 0.824017, 0.812361, 0.80003, 0.786824, 0.773006, 0.757898, 0.742699, 0.724866, 0.709228, 0.686173, 0.674085, 0.678095, 0.676632, 0.677099, 0.67695, 0.676997, 0.676982, 0.676987, 0.676985, 0.676986, 0.676986, 0.676986, 0.676986, 0.676986, 0.676986, 0.676986, 0.676986, 0.676986, 0.676986, 0.676986, 0.676986, 0.676986, 0.676986, 0.676986, 0.676986, 0.676986, 0.676986, 0.676986, 0.676986, 
1, 1, 0.999998, 0.999962, 0.999904, 0.999819, 0.999706, 0.999563, 0.99939, 0.999182, 0.99894, 0.998659, 0.998339, 0.997976, 0.997567, 0.997111, 0.996604, 0.996042, 0.995423, 0.994743, 0.993998, 0.993184, 0.992296, 0.991331, 0.990282, 0.989146, 0.987916, 0.986587, 0.985152, 0.983606, 0.981937, 0.980152, 0.97826, 0.976249, 0.974113, 0.971844, 0.969432, 0.966871, 0.964149, 0.961258, 0.958186, 0.954922, 0.951455, 0.947771, 0.943858, 0.9397, 0.935282, 0.930589, 0.925603, 0.920306, 0.914678, 0.908698, 0.902346, 0.895597, 0.888427, 0.880809, 0.872715, 0.864117, 0.854981, 0.845277, 0.834962, 0.824015, 0.812359, 0.800028, 0.786821, 0.773003, 0.757895, 0.742696, 0.724863, 0.709225, 0.686169, 0.674082, 0.678092, 0.676628, 0.677096, 0.676947, 0.676994, 0.676979, 0.676984, 0.676982, 0.676983, 0.676983, 0.676983, 0.676983, 0.676983, 0.676983, 0.676983, 0.676983, 0.676983, 0.676983, 0.676983, 0.676983, 0.676983, 0.676983, 0.676983, 0.676983, 0.676983, 0.676983, 0.676983, 0.676983, 
1, 1, 0.999998, 0.999962, 0.999904, 0.999819, 0.999706, 0.999563, 0.99939, 0.999182, 0.99894, 0.998659, 0.998339, 0.997976, 0.997567, 0.997111, 0.996604, 0.996042, 0.995423, 0.994743, 0.993998, 0.993184, 0.992296, 0.99133, 0.990282, 0.989146, 0.987916, 0.986587, 0.985151, 0.983606, 0.981937, 0.980151, 0.97826, 0.976249, 0.974113, 0.971843, 0.969432, 0.96687, 0.964149, 0.961257, 0.958185, 0.954922, 0.951454, 0.947771, 0.943857, 0.939699, 0.935281, 0.930588, 0.925602, 0.920305, 0.914677, 0.908697, 0.902345, 0.895596, 0.888425, 0.880807, 0.872713, 0.864115, 0.854979, 0.845275, 0.83496, 0.824013, 0.812357, 0.800025, 0.786819, 0.773001, 0.757893, 0.742694, 0.72486, 0.709222, 0.686166, 0.674079, 0.678088, 0.676625, 0.677093, 0.676943, 0.676991, 0.676976, 0.67698, 0.676979, 0.676979, 0.676979, 0.676979, 0.676979, 0.676979, 0.676979, 0.676979, 0.676979, 0.676979, 0.676979, 0.676979, 0.676979, 0.676979, 0.676979, 0.676979, 0.676979, 0.676979, 0.676979, 0.676979, 0.676979, 
1, 1, 0.999998, 0.999962, 0.999904, 0.999819, 0.999706, 0.999563, 0.99939, 0.999182, 0.998939, 0.998659, 0.998339, 0.997976, 0.997567, 0.997111, 0.996604, 0.996042, 0.995423, 0.994743, 0.993998, 0.993184, 0.992296, 0.99133, 0.990282, 0.989145, 0.987915, 0.986587, 0.985151, 0.983606, 0.981937, 0.980151, 0.97826, 0.976249, 0.974112, 0.971843, 0.969432, 0.96687, 0.964148, 0.961257, 0.958185, 0.954921, 0.951454, 0.94777, 0.943856, 0.939698, 0.935281, 0.930587, 0.925601, 0.920304, 0.914675, 0.908696, 0.902343, 0.895594, 0.888424, 0.880806, 0.872712, 0.864114, 0.854977, 0.845273, 0.834958, 0.824011, 0.812355, 0.800023, 0.786816, 0.772998, 0.75789, 0.742691, 0.724857, 0.709219, 0.686163, 0.674075, 0.678085, 0.676622, 0.67709, 0.67694, 0.676987, 0.676973, 0.676977, 0.676976, 0.676976, 0.676976, 0.676976, 0.676976, 0.676976, 0.676976, 0.676976, 0.676976, 0.676976, 0.676976, 0.676976, 0.676976, 0.676976, 0.676976, 0.676976, 0.676976, 0.676976, 0.676976, 0.676976, 0.676976, 
1, 1, 0.999998, 0.999962, 0.999904, 0.999819, 0.999706, 0.999563, 0.99939, 0.999182, 0.998939, 0.998659, 0.998339, 0.997975, 0.997567, 0.997111, 0.996604, 0.996042, 0.995423, 0.994743, 0.993998, 0.993183, 0.992296, 0.99133, 0.990282, 0.989145, 0.987915, 0.986586, 0.985151, 0.983606, 0.981937, 0.980151, 0.978259, 0.976248, 0.974112, 0.971842, 0.969431, 0.966869, 0.964148, 0.961256, 0.958184, 0.95492, 0.951453, 0.947769, 0.943855, 0.939697, 0.93528, 0.930586, 0.9256, 0.920302, 0.914674, 0.908695, 0.902342, 0.895593, 0.888422, 0.880804, 0.87271, 0.864112, 0.854975, 0.845271, 0.834956, 0.824009, 0.812353, 0.800021, 0.786814, 0.772996, 0.757888, 0.742688, 0.724854, 0.709217, 0.68616, 0.674072, 0.678082, 0.676619, 0.677087, 0.676937, 0.676984, 0.676969, 0.676974, 0.676973, 0.676973, 0.676973, 0.676973, 0.676973, 0.676973, 0.676973, 0.676973, 0.676973, 0.676973, 0.676973, 0.676973, 0.676973, 0.676973, 0.676973, 0.676973, 0.676973, 0.676973, 0.676973, 0.676973, 0.676973, 
1, 1, 0.999998, 0.999962, 0.999904, 0.999819, 0.999706, 0.999563, 0.999389, 0.999182, 0.998939, 0.998659, 0.998339, 0.997975, 0.997567, 0.997111, 0.996604, 0.996042, 0.995423, 0.994743, 0.993998, 0.993183, 0.992296, 0.99133, 0.990281, 0.989145, 0.987915, 0.986586, 0.985151, 0.983605, 0.981936, 0.98015, 0.978259, 0.976248, 0.974112, 0.971842, 0.969431, 0.966869, 0.964147, 0.961256, 0.958184, 0.95492, 0.951452, 0.947768, 0.943855, 0.939696, 0.935279, 0.930585, 0.925599, 0.920301, 0.914673, 0.908694, 0.902341, 0.895592, 0.888421, 0.880803, 0.872709, 0.86411, 0.854974, 0.84527, 0.834954, 0.824007, 0.81235, 0.800019, 0.786812, 0.772994, 0.757885, 0.742686, 0.724852, 0.709214, 0.686157, 0.674069, 0.678079, 0.676616, 0.677084, 0.676934, 0.676981, 0.676966, 0.676971, 0.67697, 0.67697, 0.67697, 0.67697, 0.67697, 0.67697, 0.67697, 0.67697, 0.67697, 0.67697, 0.67697, 0.67697, 0.67697, 0.67697, 0.67697, 0.67697, 0.67697, 0.67697, 0.67697, 0.67697, 0.67697, 
1, 1, 0.999998, 0.999962, 0.999904, 0.999819, 0.999706, 0.999563, 0.999389, 0.999182, 0.998939, 0.998659, 0.998338, 0.997975, 0.997567, 0.997111, 0.996604, 0.996042, 0.995423, 0.994743, 0.993998, 0.993183, 0.992295, 0.99133, 0.990281, 0.989145, 0.987915, 0.986586, 0.985151, 0.983605, 0.981936, 0.98015, 0.978259, 0.976248, 0.974111, 0.971842, 0.96943, 0.966868, 0.964147, 0.961255, 0.958183, 0.954919, 0.951452, 0.947768, 0.943854, 0.939696, 0.935278, 0.930584, 0.925598, 0.9203, 0.914672, 0.908692, 0.90234, 0.89559, 0.888419, 0.880801, 0.872707, 0.864109, 0.854972, 0.845268, 0.834952, 0.824005, 0.812348, 0.800017, 0.786809, 0.772991, 0.757883, 0.742683, 0.724849, 0.709211, 0.686154, 0.674066, 0.678076, 0.676613, 0.677081, 0.676931, 0.676978, 0.676963, 0.676968, 0.676967, 0.676967, 0.676967, 0.676967, 0.676967, 0.676967, 0.676967, 0.676967, 0.676967, 0.676967, 0.676967, 0.676967, 0.676967, 0.676967, 0.676967, 0.676967, 0.676967, 0.676967, 0.676967, 0.676967, 0.676967, 
1, 1, 0.999998, 0.999962, 0.999904, 0.999819, 0.999706, 0.999563, 0.999389, 0.999182, 0.998939, 0.998659, 0.998338, 0.997975, 0.997567, 0.997111, 0.996604, 0.996042, 0.995423, 0.994743, 0.993997, 0.993183, 0.992295, 0.99133, 0.990281, 0.989145, 0.987915, 0.986586, 0.98515, 0.983605, 0.981936, 0.98015, 0.978258, 0.976247, 0.974111, 0.971841, 0.96943, 0.966868, 0.964146, 0.961255, 0.958182, 0.954919, 0.951451, 0.947767, 0.943853, 0.939695, 0.935277, 0.930584, 0.925597, 0.920299, 0.914671, 0.908691, 0.902338, 0.895589, 0.888418, 0.8808, 0.872706, 0.864107, 0.85497, 0.845266, 0.83495, 0.824003, 0.812346, 0.800015, 0.786807, 0.772989, 0.75788, 0.742681, 0.724846, 0.709208, 0.686151, 0.674063, 0.678073, 0.67661, 0.677078, 0.676928, 0.676975, 0.676961, 0.676965, 0.676964, 0.676964, 0.676964, 0.676964, 0.676964, 0.676964, 0.676964, 0.676964, 0.676964, 0.676964, 0.676964, 0.676964, 0.676964, 0.676964, 0.676964, 0.676964, 0.676964, 0.676964, 0.676964, 0.676964, 0.676964, 
1, 1, 0.999998, 0.999962, 0.999904, 0.999819, 0.999706, 0.999563, 0.999389, 0.999182, 0.998939, 0.998659, 0.998338, 0.997975, 0.997567, 0.997111, 0.996604, 0.996042, 0.995423, 0.994743, 0.993997, 0.993183, 0.992295, 0.99133, 0.990281, 0.989145, 0.987915, 0.986586, 0.98515, 0.983605, 0.981935, 0.98015, 0.978258, 0.976247, 0.97411, 0.971841, 0.969429, 0.966867, 0.964146, 0.961254, 0.958182, 0.954918, 0.95145, 0.947766, 0.943852, 0.939694, 0.935276, 0.930583, 0.925596, 0.920298, 0.91467, 0.90869, 0.902337, 0.895588, 0.888417, 0.880799, 0.872704, 0.864106, 0.854969, 0.845264, 0.834948, 0.824001, 0.812344, 0.800013, 0.786805, 0.772987, 0.757878, 0.742678, 0.724844, 0.709206, 0.686148, 0.67406, 0.67807, 0.676607, 0.677075, 0.676925, 0.676973, 0.676958, 0.676962, 0.676961, 0.676961, 0.676961, 0.676961, 0.676961, 0.676961, 0.676961, 0.676961, 0.676961, 0.676961, 0.676961, 0.676961, 0.676961, 0.676961, 0.676961, 0.676961, 0.676961, 0.676961, 0.676961, 0.676961, 0.676961, 
1, 1, 0.999998, 0.999962, 0.999904, 0.999819, 0.999706, 0.999563, 0.999389, 0.999182, 0.998939, 0.998659, 0.998338, 0.997975, 0.997567, 0.997111, 0.996603, 0.996042, 0.995423, 0.994743, 0.993997, 0.993183, 0.992295, 0.991329, 0.990281, 0.989144, 0.987914, 0.986585, 0.98515, 0.983604, 0.981935, 0.980149, 0.978258, 0.976247, 0.97411, 0.97184, 0.969429, 0.966867, 0.964145, 0.961253, 0.958181, 0.954917, 0.95145, 0.947766, 0.943852, 0.939693, 0.935275, 0.930582, 0.925595, 0.920297, 0.914669, 0.908689, 0.902336, 0.895587, 0.888416, 0.880797, 0.872703, 0.864104, 0.854967, 0.845263, 0.834947, 0.823999, 0.812343, 0.80001, 0.786803, 0.772984, 0.757875, 0.742676, 0.724841, 0.709203, 0.686146, 0.674057, 0.678067, 0.676604, 0.677072, 0.676922, 0.67697, 0.676955, 0.67696, 0.676958, 0.676958, 0.676958, 0.676958, 0.676958, 0.676958, 0.676958, 0.676958, 0.676958, 0.676958, 0.676958, 0.676958, 0.676958, 0.676958, 0.676958, 0.676958, 0.676958, 0.676958, 0.676958, 0.676958, 0.676958, 
1, 1, 0.999998, 0.999962, 0.999904, 0.999819, 0.999706, 0.999563, 0.999389, 0.999182, 0.998939, 0.998659, 0.998338, 0.997975, 0.997567, 0.997111, 0.996603, 0.996042, 0.995423, 0.994742, 0.993997, 0.993183, 0.992295, 0.991329, 0.990281, 0.989144, 0.987914, 0.986585, 0.98515, 0.983604, 0.981935, 0.980149, 0.978257, 0.976246, 0.97411, 0.97184, 0.969429, 0.966867, 0.964145, 0.961253, 0.958181, 0.954917, 0.951449, 0.947765, 0.943851, 0.939693, 0.935275, 0.930581, 0.925594, 0.920297, 0.914668, 0.908688, 0.902335, 0.895585, 0.888414, 0.880796, 0.872702, 0.864103, 0.854966, 0.845261, 0.834945, 0.823997, 0.812341, 0.800008, 0.786801, 0.772982, 0.757873, 0.742673, 0.724839, 0.7092, 0.686143, 0.674055, 0.678065, 0.676601, 0.677069, 0.67692, 0.676967, 0.676952, 0.676957, 0.676955, 0.676956, 0.676956, 0.676956, 0.676956, 0.676956, 0.676956, 0.676956, 0.676956, 0.676956, 0.676956, 0.676956, 0.676956, 0.676956, 0.676956, 0.676956, 0.676956, 0.676956, 0.676956, 0.676956, 0.676956, 
1, 1, 0.999998, 0.999962, 0.999904, 0.999819, 0.999706, 0.999563, 0.999389, 0.999182, 0.998939, 0.998659, 0.998338, 0.997975, 0.997567, 0.997111, 0.996603, 0.996042, 0.995423, 0.994742, 0.993997, 0.993183, 0.992295, 0.991329, 0.990281, 0.989144, 0.987914, 0.986585, 0.985149, 0.983604, 0.981935, 0.980149, 0.978257, 0.976246, 0.974109, 0.97184, 0.969428, 0.966866, 0.964144, 0.961253, 0.95818, 0.954916, 0.951449, 0.947764, 0.94385, 0.939692, 0.935274, 0.93058, 0.925594, 0.920296, 0.914667, 0.908687, 0.902334, 0.895584, 0.888413, 0.880795, 0.8727, 0.864101, 0.854964, 0.84526, 0.834943, 0.823995, 0.812339, 0.800007, 0.786799, 0.77298, 0.757871, 0.742671, 0.724836, 0.709198, 0.68614, 0.674052, 0.678062, 0.676599, 0.677067, 0.676917, 0.676964, 0.676949, 0.676954, 0.676953, 0.676953, 0.676953, 0.676953, 0.676953, 0.676953, 0.676953, 0.676953, 0.676953, 0.676953, 0.676953, 0.676953, 0.676953, 0.676953, 0.676953, 0.676953, 0.676953, 0.676953, 0.676953, 0.676953, 0.676953, 
1, 1, 0.999998, 0.999962, 0.999904, 0.999819, 0.999706, 0.999563, 0.999389, 0.999182, 0.998939, 0.998659, 0.998338, 0.997975, 0.997567, 0.997111, 0.996603, 0.996042, 0.995423, 0.994742, 0.993997, 0.993183, 0.992295, 0.991329, 0.99028, 0.989144, 0.987914, 0.986585, 0.985149, 0.983604, 0.981935, 0.980149, 0.978257, 0.976246, 0.974109, 0.971839, 0.969428, 0.966866, 0.964144, 0.961252, 0.95818, 0.954916, 0.951448, 0.947764, 0.94385, 0.939691, 0.935273, 0.930579, 0.925593, 0.920295, 0.914666, 0.908686, 0.902333, 0.895583, 0.888412, 0.880793, 0.872699, 0.8641, 0.854963, 0.845258, 0.834942, 0.823994, 0.812337, 0.800005, 0.786797, 0.772978, 0.757869, 0.742669, 0.724834, 0.709195, 0.686138, 0.674049, 0.678059, 0.676596, 0.677064, 0.676914, 0.676962, 0.676947, 0.676951, 0.67695, 0.67695, 0.67695, 0.67695, 0.67695, 0.67695, 0.67695, 0.67695, 0.67695, 0.67695, 0.67695, 0.67695, 0.67695, 0.67695, 0.67695, 0.67695, 0.67695, 0.67695, 0.67695, 0.67695, 0.67695, 
1, 1, 0.999998, 0.999962, 0.999904, 0.999819, 0.999706, 0.999563, 0.999389, 0.999182, 0.998939, 0.998659, 0.998338, 0.997975, 0.997567, 0.997111, 0.996603, 0.996042, 0.995423, 0.994742, 0.993997, 0.993182, 0.992295, 0.991329, 0.99028, 0.989144, 0.987914, 0.986585, 0.985149, 0.983603, 0.981934, 0.980148, 0.978257, 0.976245, 0.974109, 0.971839, 0.969427, 0.966865, 0.964143, 0.961252, 0.958179, 0.954915, 0.951447, 0.947763, 0.943849, 0.93969, 0.935272, 0.930579, 0.925592, 0.920294, 0.914665, 0.908685, 0.902332, 0.895582, 0.888411, 0.880792, 0.872697, 0.864098, 0.854961, 0.845256, 0.83494, 0.823992, 0.812335, 0.800003, 0.786795, 0.772976, 0.757867, 0.742666, 0.724831, 0.709193, 0.686135, 0.674047, 0.678057, 0.676593, 0.677061, 0.676912, 0.676959, 0.676944, 0.676949, 0.676947, 0.676948, 0.676948, 0.676948, 0.676948, 0.676948, 0.676948, 0.676948, 0.676948, 0.676948, 0.676948, 0.676948, 0.676948, 0.676948, 0.676948, 0.676948, 0.676948, 0.676948, 0.676948, 0.676948, 0.676948, 
1, 1, 0.999998, 0.999962, 0.999904, 0.999819, 0.999706, 0.999563, 0.999389, 0.999182, 0.998939, 0.998659, 0.998338, 0.997975, 0.997567, 0.997111, 0.996603, 0.996042, 0.995422, 0.994742, 0.993997, 0.993182, 0.992295, 0.991329, 0.99028, 0.989144, 0.987914, 0.986584, 0.985149, 0.983603, 0.981934, 0.980148, 0.978256, 0.976245, 0.974108, 0.971839, 0.969427, 0.966865, 0.964143, 0.961251, 0.958179, 0.954915, 0.951447, 0.947763, 0.943848, 0.93969, 0.935272, 0.930578, 0.925591, 0.920293, 0.914664, 0.908684, 0.902331, 0.895581, 0.88841, 0.880791, 0.872696, 0.864097, 0.85496, 0.845255, 0.834938, 0.82399, 0.812333, 0.800001, 0.786793, 0.772974, 0.757864, 0.742664, 0.724829, 0.70919, 0.686132, 0.674044, 0.678054, 0.676591, 0.677059, 0.676909, 0.676956, 0.676941, 0.676946, 0.676945, 0.676945, 0.676945, 0.676945, 0.676945, 0.676945, 0.676945, 0.676945, 0.676945, 0.676945, 0.676945, 0.676945, 0.676945, 0.676945, 0.676945, 0.676945, 0.676945, 0.676945, 0.676945, 0.676945, 0.676945, 
1, 1, 0.999998, 0.999962, 0.999904, 0.999819, 0.999706, 0.999563, 0.999389, 0.999182, 0.998939, 0.998659, 0.998338, 0.997975, 0.997567, 0.997111, 0.996603, 0.996042, 0.995422, 0.994742, 0.993997, 0.993182, 0.992294, 0.991329, 0.99028, 0.989144, 0.987913, 0.986584, 0.985149, 0.983603, 0.981934, 0.980148, 0.978256, 0.976245, 0.974108, 0.971838, 0.969427, 0.966865, 0.964143, 0.961251, 0.958178, 0.954914, 0.951446, 0.947762, 0.943848, 0.939689, 0.935271, 0.930577, 0.92559, 0.920292, 0.914663, 0.908683, 0.90233, 0.89558, 0.888408, 0.88079, 0.872695, 0.864096, 0.854958, 0.845253, 0.834937, 0.823989, 0.812332, 0.799999, 0.786791, 0.772972, 0.757862, 0.742662, 0.724827, 0.709188, 0.68613, 0.674041, 0.678052, 0.676588, 0.677056, 0.676907, 0.676954, 0.676939, 0.676944, 0.676942, 0.676943, 0.676942, 0.676942, 0.676942, 0.676942, 0.676942, 0.676942, 0.676942, 0.676942, 0.676942, 0.676942, 0.676942, 0.676942, 0.676942, 0.676942, 0.676942, 0.676942, 0.676942, 0.676942, 0.676942, 
1, 1, 0.999998, 0.999962, 0.999904, 0.999819, 0.999706, 0.999563, 0.999389, 0.999182, 0.998939, 0.998659, 0.998338, 0.997975, 0.997567, 0.99711, 0.996603, 0.996042, 0.995422, 0.994742, 0.993997, 0.993182, 0.992294, 0.991329, 0.99028, 0.989143, 0.987913, 0.986584, 0.985148, 0.983603, 0.981934, 0.980148, 0.978256, 0.976244, 0.974108, 0.971838, 0.969426, 0.966864, 0.964142, 0.96125, 0.958178, 0.954914, 0.951446, 0.947761, 0.943847, 0.939688, 0.93527, 0.930576, 0.925589, 0.920291, 0.914662, 0.908682, 0.902329, 0.895579, 0.888407, 0.880788, 0.872694, 0.864094, 0.854957, 0.845252, 0.834935, 0.823987, 0.81233, 0.799997, 0.786789, 0.77297, 0.75786, 0.74266, 0.724825, 0.709186, 0.686128, 0.674039, 0.678049, 0.676586, 0.677054, 0.676904, 0.676951, 0.676936, 0.676941, 0.67694, 0.67694, 0.67694, 0.67694, 0.67694, 0.67694, 0.67694, 0.67694, 0.67694, 0.67694, 0.67694, 0.67694, 0.67694, 0.67694, 0.67694, 0.67694, 0.67694, 0.67694, 0.67694, 0.67694, 0.67694, 
1, 1, 0.999998, 0.999962, 0.999904, 0.999819, 0.999706, 0.999563, 0.999389, 0.999182, 0.998939, 0.998659, 0.998338, 0.997975, 0.997567, 0.99711, 0.996603, 0.996041, 0.995422, 0.994742, 0.993997, 0.993182, 0.992294, 0.991328, 0.99028, 0.989143, 0.987913, 0.986584, 0.985148, 0.983603, 0.981933, 0.980147, 0.978255, 0.976244, 0.974108, 0.971838, 0.969426, 0.966864, 0.964142, 0.96125, 0.958177, 0.954913, 0.951445, 0.947761, 0.943846, 0.939688, 0.93527, 0.930576, 0.925589, 0.92029, 0.914661, 0.908681, 0.902328, 0.895578, 0.888406, 0.880787, 0.872692, 0.864093, 0.854955, 0.845251, 0.834934, 0.823985, 0.812328, 0.799996, 0.786787, 0.772968, 0.757858, 0.742658, 0.724822, 0.709183, 0.686125, 0.674036, 0.678047, 0.676583, 0.677051, 0.676902, 0.676949, 0.676934, 0.676939, 0.676937, 0.676938, 0.676937, 0.676938, 0.676938, 0.676938, 0.676938, 0.676938, 0.676938, 0.676938, 0.676938, 0.676938, 0.676938, 0.676938, 0.676938, 0.676938, 0.676938, 0.676938, 0.676938, 0.676938, 0.676938, 
1, 1, 0.999998, 0.999962, 0.999904, 0.999819, 0.999706, 0.999563, 0.999389, 0.999182, 0.998939, 0.998659, 0.998338, 0.997975, 0.997567, 0.99711, 0.996603, 0.996041, 0.995422, 0.994742, 0.993996, 0.993182, 0.992294, 0.991328, 0.99028, 0.989143, 0.987913, 0.986584, 0.985148, 0.983602, 0.981933, 0.980147, 0.978255, 0.976244, 0.974107, 0.971837, 0.969426, 0.966863, 0.964141, 0.961249, 0.958177, 0.954913, 0.951445, 0.94776, 0.943846, 0.939687, 0.935269, 0.930575, 0.925588, 0.92029, 0.914661, 0.90868, 0.902327, 0.895577, 0.888405, 0.880786, 0.872691, 0.864092, 0.854954, 0.845249, 0.834932, 0.823984, 0.812327, 0.799994, 0.786786, 0.772966, 0.757856, 0.742656, 0.72482, 0.709181, 0.686123, 0.674034, 0.678044, 0.676581, 0.677049, 0.676899, 0.676946, 0.676932, 0.676936, 0.676935, 0.676935, 0.676935, 0.676935, 0.676935, 0.676935, 0.676935, 0.676935, 0.676935, 0.676935, 0.676935, 0.676935, 0.676935, 0.676935, 0.676935, 0.676935, 0.676935, 0.676935, 0.676935, 0.676935, 0.676935, 
1, 1, 0.999998, 0.999962, 0.999904, 0.999819, 0.999706, 0.999563, 0.999389, 0.999182, 0.998939, 0.998659, 0.998338, 0.997975, 0.997567, 0.99711, 0.996603, 0.996041, 0.995422, 0.994742, 0.993996, 0.993182, 0.992294, 0.991328, 0.99028, 0.989143, 0.987913, 0.986584, 0.985148, 0.983602, 0.981933, 0.980147, 0.978255, 0.976244, 0.974107, 0.971837, 0.969425, 0.966863, 0.964141, 0.961249, 0.958176, 0.954912, 0.951444, 0.94776, 0.943845, 0.939687, 0.935268, 0.930574, 0.925587, 0.920289, 0.91466, 0.908679, 0.902326, 0.895576, 0.888404, 0.880785, 0.87269, 0.86409, 0.854953, 0.845248, 0.834931, 0.823982, 0.812325, 0.799992, 0.786784, 0.772964, 0.757854, 0.742654, 0.724818, 0.709179, 0.68612, 0.674032, 0.678042, 0.676578, 0.677046, 0.676897, 0.676944, 0.676929, 0.676934, 0.676932, 0.676933, 0.676933, 0.676933, 0.676933, 0.676933, 0.676933, 0.676933, 0.676933, 0.676933, 0.676933, 0.676933, 0.676933, 0.676933, 0.676933, 0.676933, 0.676933, 0.676933, 0.676933, 0.676933, 0.676933, 
1, 1, 0.999998, 0.999962, 0.999904, 0.999819, 0.999706, 0.999563, 0.999389, 0.999182, 0.998939, 0.998659, 0.998338, 0.997975, 0.997567, 0.99711, 0.996603, 0.996041, 0.995422, 0.994742, 0.993996, 0.993182, 0.992294, 0.991328, 0.990279, 0.989143, 0.987913, 0.986583, 0.985148, 0.983602, 0.981933, 0.980147, 0.978255, 0.976243, 0.974107, 0.971837, 0.969425, 0.966863, 0.964141, 0.961249, 0.958176, 0.954912, 0.951444, 0.947759, 0.943845, 0.939686, 0.935268, 0.930573, 0.925586, 0.920288, 0.914659, 0.908678, 0.902325, 0.895575, 0.888403, 0.880784, 0.872689, 0.864089, 0.854952, 0.845246, 0.834929, 0.823981, 0.812323, 0.79999, 0.786782, 0.772962, 0.757852, 0.742652, 0.724816, 0.709177, 0.686118, 0.674029, 0.67804, 0.676576, 0.677044, 0.676895, 0.676942, 0.676927, 0.676932, 0.67693, 0.676931, 0.67693, 0.67693, 0.67693, 0.67693, 0.67693, 0.67693, 0.67693, 0.67693, 0.67693, 0.67693, 0.67693, 0.67693, 0.67693, 0.67693, 0.67693, 0.67693, 0.67693, 0.67693, 0.67693, 
1, 1, 0.999998, 0.999962, 0.999904, 0.999819, 0.999706, 0.999563, 0.999389, 0.999182, 0.998939, 0.998659, 0.998338, 0.997975, 0.997567, 0.99711, 0.996603, 0.996041, 0.995422, 0.994742, 0.993996, 0.993182, 0.992294, 0.991328, 0.990279, 0.989143, 0.987912, 0.986583, 0.985148, 0.983602, 0.981933, 0.980146, 0.978255, 0.976243, 0.974106, 0.971836, 0.969425, 0.966862, 0.96414, 0.961248, 0.958176, 0.954911, 0.951443, 0.947759, 0.943844, 0.939685, 0.935267, 0.930573, 0.925586, 0.920287, 0.914658, 0.908678, 0.902324, 0.895574, 0.888402, 0.880783, 0.872688, 0.864088, 0.85495, 0.845245, 0.834928, 0.823979, 0.812322, 0.799989, 0.78678, 0.772961, 0.757851, 0.74265, 0.724814, 0.709175, 0.686116, 0.674027, 0.678037, 0.676574, 0.677042, 0.676892, 0.67694, 0.676925, 0.676929, 0.676928, 0.676928, 0.676928, 0.676928, 0.676928, 0.676928, 0.676928, 0.676928, 0.676928, 0.676928, 0.676928, 0.676928, 0.676928, 0.676928, 0.676928, 0.676928, 0.676928, 0.676928, 0.676928, 0.676928, 0.676928, 
1, 1, 0.999998, 0.999962, 0.999904, 0.999819, 0.999706, 0.999563, 0.999389, 0.999182, 0.998939, 0.998659, 0.998338, 0.997975, 0.997567, 0.99711, 0.996603, 0.996041, 0.995422, 0.994742, 0.993996, 0.993182, 0.992294, 0.991328, 0.990279, 0.989143, 0.987912, 0.986583, 0.985147, 0.983602, 0.981932, 0.980146, 0.978254, 0.976243, 0.974106, 0.971836, 0.969424, 0.966862, 0.96414, 0.961248, 0.958175, 0.954911, 0.951443, 0.947758, 0.943844, 0.939685, 0.935266, 0.930572, 0.925585, 0.920286, 0.914657, 0.908677, 0.902323, 0.895573, 0.888401, 0.880782, 0.872687, 0.864087, 0.854949, 0.845244, 0.834927, 0.823978, 0.81232, 0.799987, 0.786779, 0.772959, 0.757849, 0.742648, 0.724812, 0.709173, 0.686114, 0.674025, 0.678035, 0.676572, 0.67704, 0.67689, 0.676937, 0.676922, 0.676927, 0.676926, 0.676926, 0.676926, 0.676926, 0.676926, 0.676926, 0.676926, 0.676926, 0.676926, 0.676926, 0.676926, 0.676926, 0.676926, 0.676926, 0.676926, 0.676926, 0.676926, 0.676926, 0.676926, 0.676926, 0.676926, 
1, 1, 0.999998, 0.999962, 0.999904, 0.999819, 0.999706, 0.999563, 0.999389, 0.999182, 0.998939, 0.998659, 0.998338, 0.997975, 0.997567, 0.99711, 0.996603, 0.996041, 0.995422, 0.994742, 0.993996, 0.993182, 0.992294, 0.991328, 0.990279, 0.989143, 0.987912, 0.986583, 0.985147, 0.983602, 0.981932, 0.980146, 0.978254, 0.976243, 0.974106, 0.971836, 0.969424, 0.966862, 0.964139, 0.961247, 0.958175, 0.95491, 0.951442, 0.947758, 0.943843, 0.939684, 0.935266, 0.930571, 0.925584, 0.920286, 0.914656, 0.908676, 0.902322, 0.895572, 0.8884, 0.880781, 0.872685, 0.864086, 0.854948, 0.845242, 0.834925, 0.823977, 0.812319, 0.799986, 0.786777, 0.772957, 0.757847, 0.742646, 0.72481, 0.709171, 0.686112, 0.674023, 0.678033, 0.676569, 0.677037, 0.676888, 0.676935, 0.67692, 0.676925, 0.676923, 0.676924, 0.676924, 0.676924, 0.676924, 0.676924, 0.676924, 0.676924, 0.676924, 0.676924, 0.676924, 0.676924, 0.676924, 0.676924, 0.676924, 0.676924, 0.676924, 0.676924, 0.676924, 0.676924, 0.676924, 
1, 1, 0.999998, 0.999962, 0.999904, 0.999819, 0.999706, 0.999563, 0.999389, 0.999182, 0.998939, 0.998659, 0.998338, 0.997975, 0.997567, 0.99711, 0.996603, 0.996041, 0.995422, 0.994741, 0.993996, 0.993182, 0.992294, 0.991328, 0.990279, 0.989142, 0.987912, 0.986583, 0.985147, 0.983601, 0.981932, 0.980146, 0.978254, 0.976242, 0.974106, 0.971835, 0.969424, 0.966861, 0.964139, 0.961247, 0.958174, 0.95491, 0.951442, 0.947757, 0.943842, 0.939684, 0.935265, 0.930571, 0.925584, 0.920285, 0.914656, 0.908675, 0.902321, 0.895571, 0.888399, 0.88078, 0.872684, 0.864085, 0.854947, 0.845241, 0.834924, 0.823975, 0.812317, 0.799984, 0.786775, 0.772956, 0.757845, 0.742644, 0.724808, 0.709169, 0.68611, 0.67402, 0.678031, 0.676567, 0.677035, 0.676886, 0.676933, 0.676918, 0.676923, 0.676921, 0.676922, 0.676922, 0.676922, 0.676922, 0.676922, 0.676922, 0.676922, 0.676922, 0.676922, 0.676922, 0.676922, 0.676922, 0.676922, 0.676922, 0.676922, 0.676922, 0.676922, 0.676922, 0.676922, 0.676922, 
1, 1, 0.999998, 0.999962, 0.999904, 0.999819, 0.999706, 0.999563, 0.999389, 0.999182, 0.998939, 0.998659, 0.998338, 0.997975, 0.997567, 0.99711, 0.996603, 0.996041, 0.995422, 0.994741, 0.993996, 0.993181, 0.992294, 0.991328, 0.990279, 0.989142, 0.987912, 0.986583, 0.985147, 0.983601, 0.981932, 0.980146, 0.978254, 0.976242, 0.974105, 0.971835, 0.969423, 0.966861, 0.964139, 0.961247, 0.958174, 0.954909, 0.951441, 0.947757, 0.943842, 0.939683, 0.935264, 0.93057, 0.925583, 0.920284, 0.914655, 0.908674, 0.90232, 0.89557, 0.888398, 0.880779, 0.872683, 0.864083, 0.854945, 0.84524, 0.834923, 0.823974, 0.812316, 0.799983, 0.786774, 0.772954, 0.757843, 0.742642, 0.724806, 0.709167, 0.686107, 0.674018, 0.678029, 0.676565, 0.677033, 0.676884, 0.676931, 0.676916, 0.676921, 0.676919, 0.67692, 0.676919, 0.67692, 0.67692, 0.67692, 0.67692, 0.67692, 0.67692, 0.67692, 0.67692, 0.67692, 0.67692, 0.67692, 0.67692, 0.67692, 0.67692, 0.67692, 0.67692, 0.67692, 0.67692, 
1, 1, 0.999998, 0.999962, 0.999904, 0.999819, 0.999706, 0.999563, 0.999389, 0.999182, 0.998939, 0.998659, 0.998338, 0.997975, 0.997566, 0.99711, 0.996603, 0.996041, 0.995422, 0.994741, 0.993996, 0.993181, 0.992293, 0.991328, 0.990279, 0.989142, 0.987912, 0.986583, 0.985147, 0.983601, 0.981932, 0.980145, 0.978253, 0.976242, 0.974105, 0.971835, 0.969423, 0.966861, 0.964138, 0.961246, 0.958173, 0.954909, 0.951441, 0.947756, 0.943841, 0.939682, 0.935264, 0.93057, 0.925582, 0.920284, 0.914654, 0.908674, 0.90232, 0.895569, 0.888397, 0.880778, 0.872682, 0.864082, 0.854944, 0.845239, 0.834921, 0.823972, 0.812315, 0.799981, 0.786772, 0.772952, 0.757842, 0.742641, 0.724804, 0.709165, 0.686105, 0.674016, 0.678027, 0.676563, 0.677031, 0.676882, 0.676929, 0.676914, 0.676919, 0.676917, 0.676918, 0.676917, 0.676917, 0.676917, 0.676917, 0.676917, 0.676917, 0.676917, 0.676917, 0.676917, 0.676917, 0.676917, 0.676917, 0.676917, 0.676917, 0.676917, 0.676917, 0.676917, 0.676917, 0.676917, 
1, 1, 0.999998, 0.999962, 0.999904, 0.999819, 0.999706, 0.999563, 0.999389, 0.999182, 0.998939, 0.998659, 0.998338, 0.997975, 0.997566, 0.99711, 0.996603, 0.996041, 0.995422, 0.994741, 0.993996, 0.993181, 0.992293, 0.991327, 0.990279, 0.989142, 0.987912, 0.986582, 0.985147, 0.983601, 0.981931, 0.980145, 0.978253, 0.976242, 0.974105, 0.971835, 0.969423, 0.96686, 0.964138, 0.961246, 0.958173, 0.954909, 0.95144, 0.947756, 0.943841, 0.939682, 0.935263, 0.930569, 0.925582, 0.920283, 0.914653, 0.908673, 0.902319, 0.895568, 0.888396, 0.880777, 0.872681, 0.864081, 0.854943, 0.845237, 0.83492, 0.823971, 0.812313, 0.79998, 0.786771, 0.772951, 0.75784, 0.742639, 0.724803, 0.709163, 0.686103, 0.674014, 0.678025, 0.676561, 0.677029, 0.676879, 0.676927, 0.676912, 0.676917, 0.676915, 0.676916, 0.676915, 0.676915, 0.676915, 0.676915, 0.676915, 0.676915, 0.676915, 0.676915, 0.676915, 0.676915, 0.676915, 0.676915, 0.676915, 0.676915, 0.676915, 0.676915, 0.676915, 0.676915, 0.676915, 
1, 1, 0.999998, 0.999962, 0.999904, 0.999819, 0.999706, 0.999563, 0.999389, 0.999182, 0.998939, 0.998659, 0.998338, 0.997975, 0.997566, 0.99711, 0.996603, 0.996041, 0.995422, 0.994741, 0.993996, 0.993181, 0.992293, 0.991327, 0.990279, 0.989142, 0.987912, 0.986582, 0.985147, 0.983601, 0.981931, 0.980145, 0.978253, 0.976241, 0.974105, 0.971834, 0.969422, 0.96686, 0.964138, 0.961245, 0.958173, 0.954908, 0.95144, 0.947755, 0.94384, 0.939681, 0.935263, 0.930568, 0.925581, 0.920282, 0.914653, 0.908672, 0.902318, 0.895567, 0.888395, 0.880776, 0.87268, 0.86408, 0.854942, 0.845236, 0.834919, 0.82397, 0.812312, 0.799978, 0.786769, 0.772949, 0.757838, 0.742637, 0.724801, 0.709161, 0.686101, 0.674012, 0.678023, 0.676559, 0.677027, 0.676877, 0.676925, 0.67691, 0.676915, 0.676913, 0.676914, 0.676913, 0.676913, 0.676913, 0.676913, 0.676913, 0.676913, 0.676913, 0.676913, 0.676913, 0.676913, 0.676913, 0.676913, 0.676913, 0.676913, 0.676913, 0.676913, 0.676913, 0.676913, 0.676913, 
1, 1, 0.999998, 0.999962, 0.999904, 0.999819, 0.999706, 0.999563, 0.999389, 0.999182, 0.998939, 0.998659, 0.998338, 0.997975, 0.997566, 0.99711, 0.996603, 0.996041, 0.995422, 0.994741, 0.993996, 0.993181, 0.992293, 0.991327, 0.990279, 0.989142, 0.987911, 0.986582, 0.985146, 0.983601, 0.981931, 0.980145, 0.978253, 0.976241, 0.974104, 0.971834, 0.969422, 0.96686, 0.964137, 0.961245, 0.958172, 0.954908, 0.951439, 0.947755, 0.94384, 0.939681, 0.935262, 0.930568, 0.92558, 0.920282, 0.914652, 0.908671, 0.902317, 0.895566, 0.888394, 0.880775, 0.872679, 0.864079, 0.854941, 0.845235, 0.834918, 0.823968, 0.81231, 0.799977, 0.786768, 0.772948, 0.757837, 0.742635, 0.724799, 0.709159, 0.6861, 0.67401, 0.678021, 0.676557, 0.677025, 0.676876, 0.676923, 0.676908, 0.676913, 0.676911, 0.676912, 0.676911, 0.676911, 0.676911, 0.676911, 0.676911, 0.676911, 0.676911, 0.676911, 0.676911, 0.676911, 0.676911, 0.676911, 0.676911, 0.676911, 0.676911, 0.676911, 0.676911, 0.676911, 0.676911, 
1, 1, 0.999998, 0.999962, 0.999904, 0.999819, 0.999706, 0.999563, 0.999389, 0.999182, 0.998939, 0.998659, 0.998338, 0.997975, 0.997566, 0.99711, 0.996603, 0.996041, 0.995422, 0.994741, 0.993996, 0.993181, 0.992293, 0.991327, 0.990278, 0.989142, 0.987911, 0.986582, 0.985146, 0.9836, 0.981931, 0.980145, 0.978253, 0.976241, 0.974104, 0.971834, 0.969422, 0.966859, 0.964137, 0.961245, 0.958172, 0.954907, 0.951439, 0.947754, 0.943839, 0.93968, 0.935262, 0.930567, 0.92558, 0.920281, 0.914651, 0.90867, 0.902316, 0.895566, 0.888393, 0.880774, 0.872678, 0.864078, 0.85494, 0.845234, 0.834916, 0.823967, 0.812309, 0.799976, 0.786766, 0.772946, 0.757835, 0.742634, 0.724797, 0.709157, 0.686098, 0.674008, 0.678019, 0.676555, 0.677023, 0.676874, 0.676921, 0.676906, 0.676911, 0.676909, 0.67691, 0.676909, 0.67691, 0.67691, 0.67691, 0.67691, 0.67691, 0.67691, 0.67691, 0.67691, 0.67691, 0.67691, 0.67691, 0.67691, 0.67691, 0.67691, 0.67691, 0.67691, 0.67691, 0.67691, 
1, 1, 0.999998, 0.999962, 0.999904, 0.999819, 0.999706, 0.999563, 0.999389, 0.999182, 0.998939, 0.998659, 0.998338, 0.997975, 0.997566, 0.99711, 0.996602, 0.996041, 0.995422, 0.994741, 0.993996, 0.993181, 0.992293, 0.991327, 0.990278, 0.989142, 0.987911, 0.986582, 0.985146, 0.9836, 0.981931, 0.980144, 0.978252, 0.976241, 0.974104, 0.971834, 0.969422, 0.966859, 0.964137, 0.961244, 0.958172, 0.954907, 0.951439, 0.947754, 0.943839, 0.93968, 0.935261, 0.930567, 0.925579, 0.92028, 0.914651, 0.90867, 0.902316, 0.895565, 0.888393, 0.880773, 0.872677, 0.864077, 0.854939, 0.845233, 0.834915, 0.823966, 0.812308, 0.799974, 0.786765, 0.772945, 0.757834, 0.742632, 0.724796, 0.709156, 0.686096, 0.674006, 0.678017, 0.676553, 0.677021, 0.676872, 0.676919, 0.676904, 0.676909, 0.676907, 0.676908, 0.676908, 0.676908, 0.676908, 0.676908, 0.676908, 0.676908, 0.676908, 0.676908, 0.676908, 0.676908, 0.676908, 0.676908, 0.676908, 0.676908, 0.676908, 0.676908, 0.676908, 0.676908, 0.676908, 
1, 1, 0.999998, 0.999962, 0.999904, 0.999819, 0.999706, 0.999563, 0.999389, 0.999182, 0.998939, 0.998659, 0.998338, 0.997975, 0.997566, 0.99711, 0.996602, 0.996041, 0.995422, 0.994741, 0.993996, 0.993181, 0.992293, 0.991327, 0.990278, 0.989142, 0.987911, 0.986582, 0.985146, 0.9836, 0.981931, 0.980144, 0.978252, 0.976241, 0.974104, 0.971833, 0.969421, 0.966859, 0.964136, 0.961244, 0.958171, 0.954907, 0.951438, 0.947753, 0.943838, 0.939679, 0.935261, 0.930566, 0.925578, 0.92028, 0.91465, 0.908669, 0.902315, 0.895564, 0.888392, 0.880772, 0.872676, 0.864076, 0.854938, 0.845232, 0.834914, 0.823965, 0.812307, 0.799973, 0.786764, 0.772943, 0.757832, 0.742631, 0.724794, 0.709154, 0.686094, 0.674005, 0.678015, 0.676551, 0.67702, 0.67687, 0.676917, 0.676902, 0.676907, 0.676905, 0.676906, 0.676906, 0.676906, 0.676906, 0.676906, 0.676906, 0.676906, 0.676906, 0.676906, 0.676906, 0.676906, 0.676906, 0.676906, 0.676906, 0.676906, 0.676906, 0.676906, 0.676906, 0.676906, 0.676906, 
1, 1, 0.999998, 0.999962, 0.999904, 0.999819, 0.999706, 0.999563, 0.999389, 0.999182, 0.998939, 0.998658, 0.998338, 0.997975, 0.997566, 0.99711, 0.996602, 0.996041, 0.995421, 0.994741, 0.993995, 0.993181, 0.992293, 0.991327, 0.990278, 0.989141, 0.987911, 0.986582, 0.985146, 0.9836, 0.98193, 0.980144, 0.978252, 0.97624, 0.974103, 0.971833, 0.969421, 0.966859, 0.964136, 0.961244, 0.958171, 0.954906, 0.951438, 0.947753, 0.943838, 0.939679, 0.93526, 0.930565, 0.925578, 0.920279, 0.914649, 0.908668, 0.902314, 0.895563, 0.888391, 0.880771, 0.872675, 0.864075, 0.854937, 0.845231, 0.834913, 0.823964, 0.812305, 0.799972, 0.786762, 0.772942, 0.757831, 0.742629, 0.724792, 0.709152, 0.686092, 0.674003, 0.678013, 0.67655, 0.677018, 0.676868, 0.676915, 0.6769, 0.676905, 0.676904, 0.676904, 0.676904, 0.676904, 0.676904, 0.676904, 0.676904, 0.676904, 0.676904, 0.676904, 0.676904, 0.676904, 0.676904, 0.676904, 0.676904, 0.676904, 0.676904, 0.676904, 0.676904, 0.676904, 0.676904, 
1, 1, 0.999998, 0.999962, 0.999904, 0.999819, 0.999706, 0.999563, 0.999389, 0.999182, 0.998939, 0.998658, 0.998338, 0.997975, 0.997566, 0.99711, 0.996602, 0.996041, 0.995421, 0.994741, 0.993995, 0.993181, 0.992293, 0.991327, 0.990278, 0.989141, 0.987911, 0.986582, 0.985146, 0.9836, 0.98193, 0.980144, 0.978252, 0.97624, 0.974103, 0.971833, 0.969421, 0.966858, 0.964136, 0.961243, 0.958171, 0.954906, 0.951437, 0.947752, 0.943838, 0.939678, 0.93526, 0.930565, 0.925577, 0.920278, 0.914649, 0.908668, 0.902313, 0.895562, 0.88839, 0.88077, 0.872675, 0.864074, 0.854936, 0.84523, 0.834912, 0.823962, 0.812304, 0.79997, 0.786761, 0.77294, 0.757829, 0.742627, 0.724791, 0.709151, 0.68609, 0.674001, 0.678012, 0.676548, 0.677016, 0.676866, 0.676914, 0.676899, 0.676903, 0.676902, 0.676902, 0.676902, 0.676902, 0.676902, 0.676902, 0.676902, 0.676902, 0.676902, 0.676902, 0.676902, 0.676902, 0.676902, 0.676902, 0.676902, 0.676902, 0.676902, 0.676902, 0.676902, 0.676902, 0.676902, 
1, 1, 0.999998, 0.999962, 0.999904, 0.999819, 0.999706, 0.999563, 0.999389, 0.999182, 0.998939, 0.998658, 0.998338, 0.997975, 0.997566, 0.99711, 0.996602, 0.996041, 0.995421, 0.994741, 0.993995, 0.993181, 0.992293, 0.991327, 0.990278, 0.989141, 0.987911, 0.986581, 0.985146, 0.9836, 0.98193, 0.980144, 0.978252, 0.97624, 0.974103, 0.971833, 0.969421, 0.966858, 0.964136, 0.961243, 0.95817, 0.954905, 0.951437, 0.947752, 0.943837, 0.939678, 0.935259, 0.930564, 0.925577, 0.920278, 0.914648, 0.908667, 0.902313, 0.895562, 0.888389, 0.880769, 0.872674, 0.864073, 0.854935, 0.845229, 0.834911, 0.823961, 0.812303, 0.799969, 0.78676, 0.772939, 0.757828, 0.742626, 0.724789, 0.709149, 0.686089, 0.673999, 0.67801, 0.676546, 0.677014, 0.676865, 0.676912, 0.676897, 0.676902, 0.6769, 0.676901, 0.6769, 0.6769, 0.6769, 0.6769, 0.6769, 0.6769, 0.6769, 0.6769, 0.6769, 0.6769, 0.6769, 0.6769, 0.6769, 0.6769, 0.6769, 0.6769, 0.6769, 0.6769, 0.6769, 
1, 1, 0.999998, 0.999962, 0.999904, 0.999819, 0.999706, 0.999563, 0.999389, 0.999182, 0.998939, 0.998658, 0.998338, 0.997975, 0.997566, 0.99711, 0.996602, 0.996041, 0.995421, 0.994741, 0.993995, 0.993181, 0.992293, 0.991327, 0.990278, 0.989141, 0.987911, 0.986581, 0.985145, 0.983599, 0.98193, 0.980144, 0.978251, 0.97624, 0.974103, 0.971832, 0.96942, 0.966858, 0.964135, 0.961243, 0.95817, 0.954905, 0.951437, 0.947752, 0.943837, 0.939677, 0.935259, 0.930564, 0.925576, 0.920277, 0.914647, 0.908666, 0.902312, 0.895561, 0.888389, 0.880769, 0.872673, 0.864072, 0.854934, 0.845228, 0.83491, 0.82396, 0.812302, 0.799968, 0.786758, 0.772938, 0.757826, 0.742624, 0.724788, 0.709147, 0.686087, 0.673997, 0.678008, 0.676544, 0.677012, 0.676863, 0.67691, 0.676895, 0.6769, 0.676898, 0.676899, 0.676899, 0.676899, 0.676899, 0.676899, 0.676899, 0.676899, 0.676899, 0.676899, 0.676899, 0.676899, 0.676899, 0.676899, 0.676899, 0.676899, 0.676899, 0.676899, 0.676899, 0.676899, 0.676899, 
1, 1, 0.999998, 0.999962, 0.999904, 0.999819, 0.999706, 0.999563, 0.999389, 0.999182, 0.998939, 0.998658, 0.998338, 0.997975, 0.997566, 0.99711, 0.996602, 0.996041, 0.995421, 0.994741, 0.993995, 0.993181, 0.992293, 0.991327, 0.990278, 0.989141, 0.987911, 0.986581, 0.985145, 0.983599, 0.98193, 0.980143, 0.978251, 0.97624, 0.974103, 0.971832, 0.96942, 0.966858, 0.964135, 0.961243, 0.95817, 0.954905, 0.951436, 0.947751, 0.943836, 0.939677, 0.935258, 0.930563, 0.925576, 0.920277, 0.914647, 0.908666, 0.902311, 0.89556, 0.888388, 0.880768, 0.872672, 0.864071, 0.854933, 0.845227, 0.834909, 0.823959, 0.812301, 0.799967, 0.786757, 0.772936, 0.757825, 0.742623, 0.724786, 0.709146, 0.686085, 0.673996, 0.678006, 0.676543, 0.677011, 0.676861, 0.676908, 0.676893, 0.676898, 0.676897, 0.676897, 0.676897, 0.676897, 0.676897, 0.676897, 0.676897, 0.676897, 0.676897, 0.676897, 0.676897, 0.676897, 0.676897, 0.676897, 0.676897, 0.676897, 0.676897, 0.676897, 0.676897, 0.676897, 0.676897, 
1, 1, 0.999998, 0.999962, 0.999904, 0.999819, 0.999706, 0.999563, 0.999389, 0.999182, 0.998939, 0.998658, 0.998338, 0.997975, 0.997566, 0.99711, 0.996602, 0.996041, 0.995421, 0.994741, 0.993995, 0.993181, 0.992293, 0.991327, 0.990278, 0.989141, 0.98791, 0.986581, 0.985145, 0.983599, 0.98193, 0.980143, 0.978251, 0.976239, 0.974102, 0.971832, 0.96942, 0.966857, 0.964135, 0.961242, 0.958169, 0.954904, 0.951436, 0.947751, 0.943836, 0.939677, 0.935258, 0.930563, 0.925575, 0.920276, 0.914646, 0.908665, 0.902311, 0.89556, 0.888387, 0.880767, 0.872671, 0.864071, 0.854932, 0.845226, 0.834908, 0.823958, 0.812299, 0.799965, 0.786756, 0.772935, 0.757824, 0.742622, 0.724785, 0.709144, 0.686084, 0.673994, 0.678005, 0.676541, 0.677009, 0.676859, 0.676907, 0.676892, 0.676896, 0.676895, 0.676895, 0.676895, 0.676895, 0.676895, 0.676895, 0.676895, 0.676895, 0.676895, 0.676895, 0.676895, 0.676895, 0.676895, 0.676895, 0.676895, 0.676895, 0.676895, 0.676895, 0.676895, 0.676895, 0.676895, 
1, 1, 0.999998, 0.999962, 0.999904, 0.999819, 0.999706, 0.999563, 0.999389, 0.999182, 0.998939, 0.998658, 0.998338, 0.997975, 0.997566, 0.99711, 0.996602, 0.996041, 0.995421, 0.994741, 0.993995, 0.993181, 0.992292, 0.991326, 0.990278, 0.989141, 0.98791, 0.986581, 0.985145, 0.983599, 0.981929, 0.980143, 0.978251, 0.976239, 0.974102, 0.971832, 0.96942, 0.966857, 0.964134, 0.961242, 0.958169, 0.954904, 0.951436, 0.947751, 0.943835, 0.939676, 0.935257, 0.930562, 0.925575, 0.920275, 0.914646, 0.908664, 0.90231, 0.895559, 0.888386, 0.880766, 0.87267, 0.86407, 0.854931, 0.845225, 0.834907, 0.823957, 0.812298, 0.799964, 0.786754, 0.772934, 0.757822, 0.74262, 0.724783, 0.709143, 0.686082, 0.673992, 0.678003, 0.676539, 0.677007, 0.676858, 0.676905, 0.67689, 0.676895, 0.676893, 0.676894, 0.676894, 0.676894, 0.676894, 0.676894, 0.676894, 0.676894, 0.676894, 0.676894, 0.676894, 0.676894, 0.676894, 0.676894, 0.676894, 0.676894, 0.676894, 0.676894, 0.676894, 0.676894, 0.676894, 
1, 1, 0.999998, 0.999962, 0.999904, 0.999819, 0.999706, 0.999563, 0.999389, 0.999182, 0.998939, 0.998658, 0.998338, 0.997975, 0.997566, 0.99711, 0.996602, 0.99604, 0.995421, 0.994741, 0.993995, 0.99318, 0.992292, 0.991326, 0.990278, 0.989141, 0.98791, 0.986581, 0.985145, 0.983599, 0.981929, 0.980143, 0.978251, 0.976239, 0.974102, 0.971832, 0.969419, 0.966857, 0.964134, 0.961242, 0.958169, 0.954904, 0.951435, 0.94775, 0.943835, 0.939676, 0.935257, 0.930562, 0.925574, 0.920275, 0.914645, 0.908664, 0.902309, 0.895558, 0.888386, 0.880766, 0.87267, 0.864069, 0.85493, 0.845224, 0.834906, 0.823956, 0.812297, 0.799963, 0.786753, 0.772932, 0.757821, 0.742619, 0.724782, 0.709141, 0.686081, 0.673991, 0.678001, 0.676538, 0.677006, 0.676856, 0.676903, 0.676889, 0.676893, 0.676892, 0.676892, 0.676892, 0.676892, 0.676892, 0.676892, 0.676892, 0.676892, 0.676892, 0.676892, 0.676892, 0.676892, 0.676892, 0.676892, 0.676892, 0.676892, 0.676892, 0.676892, 0.676892, 0.676892, 0.676892, 
1, 1, 0.999998, 0.999962, 0.999904, 0.999819, 0.999706, 0.999563, 0.999389, 0.999182, 0.998939, 0.998658, 0.998338, 0.997975, 0.997566, 0.99711, 0.996602, 0.99604, 0.995421, 0.994741, 0.993995, 0.99318, 0.992292, 0.991326, 0.990277, 0.989141, 0.98791, 0.986581, 0.985145, 0.983599, 0.981929, 0.980143, 0.978251, 0.976239, 0.974102, 0.971831, 0.969419, 0.966857, 0.964134, 0.961241, 0.958168, 0.954903, 0.951435, 0.94775, 0.943835, 0.939675, 0.935256, 0.930561, 0.925574, 0.920274, 0.914644, 0.908663, 0.902309, 0.895557, 0.888385, 0.880765, 0.872669, 0.864068, 0.854929, 0.845223, 0.834905, 0.823955, 0.812296, 0.799962, 0.786752, 0.772931, 0.75782, 0.742617, 0.72478, 0.70914, 0.686079, 0.673989, 0.678, 0.676536, 0.677004, 0.676855, 0.676902, 0.676887, 0.676892, 0.67689, 0.676891, 0.676891, 0.676891, 0.676891, 0.676891, 0.676891, 0.676891, 0.676891, 0.676891, 0.676891, 0.676891, 0.676891, 0.676891, 0.676891, 0.676891, 0.676891, 0.676891, 0.676891, 0.676891, 0.676891, 
1, 1, 0.999998, 0.999962, 0.999904, 0.999819, 0.999706, 0.999563, 0.999389, 0.999182, 0.998939, 0.998658, 0.998338, 0.997975, 0.997566, 0.99711, 0.996602, 0.99604, 0.995421, 0.994741, 0.993995, 0.99318, 0.992292, 0.991326, 0.990277, 0.989141, 0.98791, 0.986581, 0.985145, 0.983599, 0.981929, 0.980143, 0.97825, 0.976239, 0.974102, 0.971831, 0.969419, 0.966856, 0.964134, 0.961241, 0.958168, 0.954903, 0.951435, 0.947749, 0.943834, 0.939675, 0.935256, 0.930561, 0.925573, 0.920274, 0.914644, 0.908663, 0.902308, 0.895557, 0.888384, 0.880764, 0.872668, 0.864067, 0.854928, 0.845222, 0.834904, 0.823954, 0.812295, 0.799961, 0.786751, 0.77293, 0.757818, 0.742616, 0.724779, 0.709138, 0.686077, 0.673988, 0.677998, 0.676535, 0.677003, 0.676853, 0.6769, 0.676885, 0.67689, 0.676889, 0.676889, 0.676889, 0.676889, 0.676889, 0.676889, 0.676889, 0.676889, 0.676889, 0.676889, 0.676889, 0.676889, 0.676889, 0.676889, 0.676889, 0.676889, 0.676889, 0.676889, 0.676889, 0.676889, 0.676889, 
1, 1, 0.999998, 0.999962, 0.999904, 0.999819, 0.999706, 0.999563, 0.999389, 0.999182, 0.998939, 0.998658, 0.998338, 0.997975, 0.997566, 0.99711, 0.996602, 0.99604, 0.995421, 0.994741, 0.993995, 0.99318, 0.992292, 0.991326, 0.990277, 0.98914, 0.98791, 0.986581, 0.985145, 0.983599, 0.981929, 0.980142, 0.97825, 0.976238, 0.974101, 0.971831, 0.969419, 0.966856, 0.964133, 0.961241, 0.958168, 0.954903, 0.951434, 0.947749, 0.943834, 0.939674, 0.935255, 0.93056, 0.925573, 0.920273, 0.914643, 0.908662, 0.902307, 0.895556, 0.888383, 0.880763, 0.872667, 0.864066, 0.854927, 0.845221, 0.834903, 0.823953, 0.812294, 0.79996, 0.78675, 0.772929, 0.757817, 0.742615, 0.724777, 0.709137, 0.686076, 0.673986, 0.677997, 0.676533, 0.677001, 0.676852, 0.676899, 0.676884, 0.676889, 0.676887, 0.676888, 0.676887, 0.676887, 0.676887, 0.676887, 0.676887, 0.676887, 0.676887, 0.676887, 0.676887, 0.676887, 0.676887, 0.676887, 0.676887, 0.676887, 0.676887, 0.676887, 0.676887, 0.676887, 0.676887, 
1, 1, 0.999998, 0.999962, 0.999904, 0.999819, 0.999706, 0.999563, 0.999389, 0.999182, 0.998939, 0.998658, 0.998338, 0.997974, 0.997566, 0.99711, 0.996602, 0.99604, 0.995421, 0.99474, 0.993995, 0.99318, 0.992292, 0.991326, 0.990277, 0.98914, 0.98791, 0.98658, 0.985144, 0.983598, 0.981929, 0.980142, 0.97825, 0.976238, 0.974101, 0.971831, 0.969419, 0.966856, 0.964133, 0.961241, 0.958167, 0.954903, 0.951434, 0.947749, 0.943834, 0.939674, 0.935255, 0.93056, 0.925572, 0.920273, 0.914643, 0.908661, 0.902307, 0.895556, 0.888383, 0.880763, 0.872666, 0.864066, 0.854927, 0.84522, 0.834902, 0.823952, 0.812293, 0.799959, 0.786749, 0.772928, 0.757816, 0.742614, 0.724776, 0.709135, 0.686075, 0.673985, 0.677995, 0.676532, 0.677, 0.67685, 0.676897, 0.676882, 0.676887, 0.676886, 0.676886, 0.676886, 0.676886, 0.676886, 0.676886, 0.676886, 0.676886, 0.676886, 0.676886, 0.676886, 0.676886, 0.676886, 0.676886, 0.676886, 0.676886, 0.676886, 0.676886, 0.676886, 0.676886, 0.676886, 
1, 1, 0.999998, 0.999962, 0.999904, 0.999819, 0.999706, 0.999563, 0.999389, 0.999182, 0.998939, 0.998658, 0.998338, 0.997974, 0.997566, 0.99711, 0.996602, 0.99604, 0.995421, 0.99474, 0.993995, 0.99318, 0.992292, 0.991326, 0.990277, 0.98914, 0.98791, 0.98658, 0.985144, 0.983598, 0.981929, 0.980142, 0.97825, 0.976238, 0.974101, 0.971831, 0.969418, 0.966856, 0.964133, 0.96124, 0.958167, 0.954902, 0.951434, 0.947748, 0.943833, 0.939674, 0.935255, 0.93056, 0.925572, 0.920272, 0.914642, 0.908661, 0.902306, 0.895555, 0.888382, 0.880762, 0.872666, 0.864065, 0.854926, 0.845219, 0.834901, 0.823951, 0.812292, 0.799958, 0.786748, 0.772926, 0.757815, 0.742612, 0.724775, 0.709134, 0.686073, 0.673983, 0.677994, 0.67653, 0.676998, 0.676849, 0.676896, 0.676881, 0.676886, 0.676884, 0.676885, 0.676885, 0.676885, 0.676885, 0.676885, 0.676885, 0.676885, 0.676885, 0.676885, 0.676885, 0.676885, 0.676885, 0.676885, 0.676885, 0.676885, 0.676885, 0.676885, 0.676885, 0.676885, 0.676885, 
1, 1, 0.999998, 0.999962, 0.999904, 0.999819, 0.999706, 0.999563, 0.999389, 0.999182, 0.998939, 0.998658, 0.998338, 0.997974, 0.997566, 0.99711, 0.996602, 0.99604, 0.995421, 0.99474, 0.993995, 0.99318, 0.992292, 0.991326, 0.990277, 0.98914, 0.98791, 0.98658, 0.985144, 0.983598, 0.981929, 0.980142, 0.97825, 0.976238, 0.974101, 0.97183, 0.969418, 0.966855, 0.964133, 0.96124, 0.958167, 0.954902, 0.951433, 0.947748, 0.943833, 0.939673, 0.935254, 0.930559, 0.925571, 0.920272, 0.914642, 0.90866, 0.902306, 0.895554, 0.888382, 0.880761, 0.872665, 0.864064, 0.854925, 0.845218, 0.8349, 0.82395, 0.812291, 0.799957, 0.786747, 0.772925, 0.757814, 0.742611, 0.724774, 0.709133, 0.686072, 0.673982, 0.677993, 0.676529, 0.676997, 0.676847, 0.676894, 0.67688, 0.676884, 0.676883, 0.676883, 0.676883, 0.676883, 0.676883, 0.676883, 0.676883, 0.676883, 0.676883, 0.676883, 0.676883, 0.676883, 0.676883, 0.676883, 0.676883, 0.676883, 0.676883, 0.676883, 0.676883, 0.676883, 0.676883, 
1, 1, 0.999998, 0.999962, 0.999904, 0.999819, 0.999706, 0.999563, 0.999389, 0.999182, 0.998939, 0.998658, 0.998338, 0.997974, 0.997566, 0.99711, 0.996602, 0.99604, 0.995421, 0.99474, 0.993995, 0.99318, 0.992292, 0.991326, 0.990277, 0.98914, 0.98791, 0.98658, 0.985144, 0.983598, 0.981928, 0.980142, 0.97825, 0.976238, 0.974101, 0.97183, 0.969418, 0.966855, 0.964132, 0.96124, 0.958167, 0.954902, 0.951433, 0.947748, 0.943832, 0.939673, 0.935254, 0.930559, 0.925571, 0.920271, 0.914641, 0.90866, 0.902305, 0.895554, 0.888381, 0.880761, 0.872664, 0.864063, 0.854924, 0.845218, 0.834899, 0.823949, 0.81229, 0.799956, 0.786745, 0.772924, 0.757812, 0.74261, 0.724772, 0.709131, 0.68607, 0.67398, 0.677991, 0.676527, 0.676995, 0.676846, 0.676893, 0.676878, 0.676883, 0.676881, 0.676882, 0.676882, 0.676882, 0.676882, 0.676882, 0.676882, 0.676882, 0.676882, 0.676882, 0.676882, 0.676882, 0.676882, 0.676882, 0.676882, 0.676882, 0.676882, 0.676882, 0.676882, 0.676882, 0.676882, 
1, 1, 0.999998, 0.999962, 0.999904, 0.999819, 0.999706, 0.999563, 0.999389, 0.999182, 0.998939, 0.998658, 0.998338, 0.997974, 0.997566, 0.99711, 0.996602, 0.99604, 0.995421, 0.99474, 0.993995, 0.99318, 0.992292, 0.991326, 0.990277, 0.98914, 0.98791, 0.98658, 0.985144, 0.983598, 0.981928, 0.980142, 0.978249, 0.976238, 0.974101, 0.97183, 0.969418, 0.966855, 0.964132, 0.96124, 0.958166, 0.954901, 0.951433, 0.947747, 0.943832, 0.939673, 0.935253, 0.930558, 0.92557, 0.920271, 0.914641, 0.908659, 0.902304, 0.895553, 0.88838, 0.88076, 0.872664, 0.864063, 0.854923, 0.845217, 0.834898, 0.823948, 0.812289, 0.799955, 0.786744, 0.772923, 0.757811, 0.742609, 0.724771, 0.70913, 0.686069, 0.673979, 0.67799, 0.676526, 0.676994, 0.676844, 0.676892, 0.676877, 0.676881, 0.67688, 0.67688, 0.67688, 0.67688, 0.67688, 0.67688, 0.67688, 0.67688, 0.67688, 0.67688, 0.67688, 0.67688, 0.67688, 0.67688, 0.67688, 0.67688, 0.67688, 0.67688, 0.67688, 0.67688, 0.67688, 
1, 1, 0.999998, 0.999962, 0.999904, 0.999819, 0.999706, 0.999563, 0.999389, 0.999182, 0.998939, 0.998658, 0.998338, 0.997974, 0.997566, 0.997109, 0.996602, 0.99604, 0.995421, 0.99474, 0.993995, 0.99318, 0.992292, 0.991326, 0.990277, 0.98914, 0.987909, 0.98658, 0.985144, 0.983598, 0.981928, 0.980142, 0.978249, 0.976237, 0.9741, 0.97183, 0.969418, 0.966855, 0.964132, 0.961239, 0.958166, 0.954901, 0.951432, 0.947747, 0.943832, 0.939672, 0.935253, 0.930558, 0.92557, 0.92027, 0.91464, 0.908659, 0.902304, 0.895553, 0.88838, 0.880759, 0.872663, 0.864062, 0.854923, 0.845216, 0.834897, 0.823947, 0.812288, 0.799954, 0.786743, 0.772922, 0.75781, 0.742608, 0.72477, 0.709129, 0.686068, 0.673978, 0.677988, 0.676525, 0.676993, 0.676843, 0.67689, 0.676875, 0.67688, 0.676879, 0.676879, 0.676879, 0.676879, 0.676879, 0.676879, 0.676879, 0.676879, 0.676879, 0.676879, 0.676879, 0.676879, 0.676879, 0.676879, 0.676879, 0.676879, 0.676879, 0.676879, 0.676879, 0.676879, 0.676879, 
1, 1, 0.999998, 0.999962, 0.999904, 0.999819, 0.999706, 0.999563, 0.999389, 0.999182, 0.998939, 0.998658, 0.998338, 0.997974, 0.997566, 0.997109, 0.996602, 0.99604, 0.995421, 0.99474, 0.993995, 0.99318, 0.992292, 0.991326, 0.990277, 0.98914, 0.987909, 0.98658, 0.985144, 0.983598, 0.981928, 0.980142, 0.978249, 0.976237, 0.9741, 0.97183, 0.969417, 0.966855, 0.964132, 0.961239, 0.958166, 0.954901, 0.951432, 0.947747, 0.943831, 0.939672, 0.935253, 0.930557, 0.925569, 0.92027, 0.91464, 0.908658, 0.902303, 0.895552, 0.888379, 0.880759, 0.872662, 0.864061, 0.854922, 0.845215, 0.834897, 0.823947, 0.812287, 0.799953, 0.786742, 0.772921, 0.757809, 0.742606, 0.724769, 0.709128, 0.686066, 0.673976, 0.677987, 0.676523, 0.676991, 0.676842, 0.676889, 0.676874, 0.676879, 0.676877, 0.676878, 0.676878, 0.676878, 0.676878, 0.676878, 0.676878, 0.676878, 0.676878, 0.676878, 0.676878, 0.676878, 0.676878, 0.676878, 0.676878, 0.676878, 0.676878, 0.676878, 0.676878, 0.676878, 0.676878, 
1, 1, 0.999998, 0.999962, 0.999904, 0.999819, 0.999706, 0.999563, 0.999389, 0.999182, 0.998939, 0.998658, 0.998338, 0.997974, 0.997566, 0.997109, 0.996602, 0.99604, 0.995421, 0.99474, 0.993995, 0.99318, 0.992292, 0.991326, 0.990277, 0.98914, 0.987909, 0.98658, 0.985144, 0.983598, 0.981928, 0.980141, 0.978249, 0.976237, 0.9741, 0.971829, 0.969417, 0.966854, 0.964132, 0.961239, 0.958166, 0.954901, 0.951432, 0.947746, 0.943831, 0.939671, 0.935252, 0.930557, 0.925569, 0.92027, 0.914639, 0.908658, 0.902303, 0.895551, 0.888378, 0.880758, 0.872662, 0.864061, 0.854921, 0.845214, 0.834896, 0.823946, 0.812286, 0.799952, 0.786741, 0.77292, 0.757808, 0.742605, 0.724767, 0.709126, 0.686065, 0.673975, 0.677986, 0.676522, 0.67699, 0.67684, 0.676888, 0.676873, 0.676877, 0.676876, 0.676876, 0.676876, 0.676876, 0.676876, 0.676876, 0.676876, 0.676876, 0.676876, 0.676876, 0.676876, 0.676876, 0.676876, 0.676876, 0.676876, 0.676876, 0.676876, 0.676876, 0.676876, 0.676876, 0.676876, 
1, 1, 0.999998, 0.999962, 0.999904, 0.999819, 0.999706, 0.999563, 0.999389, 0.999182, 0.998939, 0.998658, 0.998338, 0.997974, 0.997566, 0.997109, 0.996602, 0.99604, 0.995421, 0.99474, 0.993995, 0.99318, 0.992292, 0.991326, 0.990277, 0.98914, 0.987909, 0.98658, 0.985144, 0.983598, 0.981928, 0.980141, 0.978249, 0.976237, 0.9741, 0.971829, 0.969417, 0.966854, 0.964131, 0.961239, 0.958165, 0.9549, 0.951431, 0.947746, 0.943831, 0.939671, 0.935252, 0.930557, 0.925569, 0.920269, 0.914639, 0.908657, 0.902302, 0.895551, 0.888378, 0.880757, 0.872661, 0.86406, 0.854921, 0.845214, 0.834895, 0.823945, 0.812286, 0.799951, 0.78674, 0.772919, 0.757807, 0.742604, 0.724766, 0.709125, 0.686064, 0.673974, 0.677984, 0.676521, 0.676989, 0.676839, 0.676886, 0.676871, 0.676876, 0.676875, 0.676875, 0.676875, 0.676875, 0.676875, 0.676875, 0.676875, 0.676875, 0.676875, 0.676875, 0.676875, 0.676875, 0.676875, 0.676875, 0.676875, 0.676875, 0.676875, 0.676875, 0.676875, 0.676875, 0.676875, 
1, 1, 0.999998, 0.999962, 0.999904, 0.999819, 0.999706, 0.999563, 0.999389, 0.999182, 0.998939, 0.998658, 0.998338, 0.997974, 0.997566, 0.997109, 0.996602, 0.99604, 0.995421, 0.99474, 0.993994, 0.99318, 0.992292, 0.991326, 0.990277, 0.98914, 0.987909, 0.98658, 0.985144, 0.983597, 0.981928, 0.980141, 0.978249, 0.976237, 0.9741, 0.971829, 0.969417, 0.966854, 0.964131, 0.961238, 0.958165, 0.9549, 0.951431, 0.947746, 0.94383, 0.939671, 0.935251, 0.930556, 0.925568, 0.920269, 0.914638, 0.908657, 0.902302, 0.89555, 0.888377, 0.880757, 0.87266, 0.864059, 0.85492, 0.845213, 0.834894, 0.823944, 0.812285, 0.79995, 0.78674, 0.772918, 0.757806, 0.742603, 0.724765, 0.709124, 0.686063, 0.673972, 0.677983, 0.676519, 0.676988, 0.676838, 0.676885, 0.67687, 0.676875, 0.676873, 0.676874, 0.676874, 0.676874, 0.676874, 0.676874, 0.676874, 0.676874, 0.676874, 0.676874, 0.676874, 0.676874, 0.676874, 0.676874, 0.676874, 0.676874, 0.676874, 0.676874, 0.676874, 0.676874, 0.676874, 
1, 1, 0.999998, 0.999962, 0.999904, 0.999819, 0.999706, 0.999563, 0.999389, 0.999182, 0.998939, 0.998658, 0.998338, 0.997974, 0.997566, 0.997109, 0.996602, 0.99604, 0.995421, 0.99474, 0.993994, 0.99318, 0.992292, 0.991326, 0.990277, 0.98914, 0.987909, 0.986579, 0.985143, 0.983597, 0.981928, 0.980141, 0.978249, 0.976237, 0.9741, 0.971829, 0.969417, 0.966854, 0.964131, 0.961238, 0.958165, 0.9549, 0.951431, 0.947746, 0.94383, 0.93967, 0.935251, 0.930556, 0.925568, 0.920268, 0.914638, 0.908656, 0.902301, 0.89555, 0.888377, 0.880756, 0.87266, 0.864058, 0.854919, 0.845212, 0.834894, 0.823943, 0.812284, 0.799949, 0.786739, 0.772917, 0.757805, 0.742602, 0.724764, 0.709123, 0.686061, 0.673971, 0.677982, 0.676518, 0.676986, 0.676837, 0.676884, 0.676869, 0.676874, 0.676872, 0.676873, 0.676873, 0.676873, 0.676873, 0.676873, 0.676873, 0.676873, 0.676873, 0.676873, 0.676873, 0.676873, 0.676873, 0.676873, 0.676873, 0.676873, 0.676873, 0.676873, 0.676873, 0.676873, 0.676873, 
1, 1, 0.999998, 0.999962, 0.999904, 0.999819, 0.999706, 0.999563, 0.999389, 0.999182, 0.998939, 0.998658, 0.998338, 0.997974, 0.997566, 0.997109, 0.996602, 0.99604, 0.995421, 0.99474, 0.993994, 0.99318, 0.992292, 0.991325, 0.990276, 0.98914, 0.987909, 0.986579, 0.985143, 0.983597, 0.981927, 0.980141, 0.978249, 0.976237, 0.974099, 0.971829, 0.969416, 0.966854, 0.964131, 0.961238, 0.958165, 0.9549, 0.951431, 0.947745, 0.94383, 0.93967, 0.935251, 0.930556, 0.925567, 0.920268, 0.914638, 0.908656, 0.902301, 0.895549, 0.888376, 0.880756, 0.872659, 0.864058, 0.854918, 0.845212, 0.834893, 0.823942, 0.812283, 0.799948, 0.786738, 0.772916, 0.757804, 0.742601, 0.724763, 0.709122, 0.68606, 0.67397, 0.677981, 0.676517, 0.676985, 0.676835, 0.676883, 0.676868, 0.676872, 0.676871, 0.676871, 0.676871, 0.676871, 0.676871, 0.676871, 0.676871, 0.676871, 0.676871, 0.676871, 0.676871, 0.676871, 0.676871, 0.676871, 0.676871, 0.676871, 0.676871, 0.676871, 0.676871, 0.676871, 0.676871, 
1, 1, 0.999998, 0.999962, 0.999904, 0.999819, 0.999706, 0.999563, 0.999389, 0.999182, 0.998939, 0.998658, 0.998338, 0.997974, 0.997566, 0.997109, 0.996602, 0.99604, 0.995421, 0.99474, 0.993994, 0.99318, 0.992292, 0.991325, 0.990276, 0.98914, 0.987909, 0.986579, 0.985143, 0.983597, 0.981927, 0.980141, 0.978248, 0.976236, 0.974099, 0.971829, 0.969416, 0.966853, 0.964131, 0.961238, 0.958164, 0.954899, 0.95143, 0.947745, 0.94383, 0.93967, 0.93525, 0.930555, 0.925567, 0.920267, 0.914637, 0.908655, 0.9023, 0.895549, 0.888376, 0.880755, 0.872658, 0.864057, 0.854918, 0.845211, 0.834892, 0.823942, 0.812282, 0.799947, 0.786737, 0.772915, 0.757803, 0.7426, 0.724762, 0.709121, 0.686059, 0.673969, 0.67798, 0.676516, 0.676984, 0.676834, 0.676881, 0.676867, 0.676871, 0.67687, 0.67687, 0.67687, 0.67687, 0.67687, 0.67687, 0.67687, 0.67687, 0.67687, 0.67687, 0.67687, 0.67687, 0.67687, 0.67687, 0.67687, 0.67687, 0.67687, 0.67687, 0.67687, 0.67687, 0.67687, 
1, 1, 0.999998, 0.999962, 0.999904, 0.999819, 0.999706, 0.999563, 0.999389, 0.999182, 0.998939, 0.998658, 0.998338, 0.997974, 0.997566, 0.997109, 0.996602, 0.99604, 0.995421, 0.99474, 0.993994, 0.99318, 0.992291, 0.991325, 0.990276, 0.989139, 0.987909, 0.986579, 0.985143, 0.983597, 0.981927, 0.980141, 0.978248, 0.976236, 0.974099, 0.971828, 0.969416, 0.966853, 0.96413, 0.961238, 0.958164, 0.954899, 0.95143, 0.947745, 0.943829, 0.939669, 0.93525, 0.930555, 0.925567, 0.920267, 0.914637, 0.908655, 0.9023, 0.895548, 0.888375, 0.880754, 0.872658, 0.864057, 0.854917, 0.84521, 0.834891, 0.823941, 0.812281, 0.799946, 0.786736, 0.772914, 0.757802, 0.742599, 0.724761, 0.70912, 0.686058, 0.673967, 0.677978, 0.676515, 0.676983, 0.676833, 0.67688, 0.676865, 0.67687, 0.676869, 0.676869, 0.676869, 0.676869, 0.676869, 0.676869, 0.676869, 0.676869, 0.676869, 0.676869, 0.676869, 0.676869, 0.676869, 0.676869, 0.676869, 0.676869, 0.676869, 0.676869, 0.676869, 0.676869, 0.676869, 
1, 1, 0.999998, 0.999962, 0.999904, 0.999819, 0.999706, 0.999563, 0.999389, 0.999182, 0.998939, 0.998658, 0.998338, 0.997974, 0.997566, 0.997109, 0.996602, 0.99604, 0.995421, 0.99474, 0.993994, 0.99318, 0.992291, 0.991325, 0.990276, 0.989139, 0.987909, 0.986579, 0.985143, 0.983597, 0.981927, 0.980141, 0.978248, 0.976236, 0.974099, 0.971828, 0.969416, 0.966853, 0.96413, 0.961237, 0.958164, 0.954899, 0.95143, 0.947744, 0.943829, 0.939669, 0.93525, 0.930555, 0.925566, 0.920267, 0.914636, 0.908655, 0.902299, 0.895548, 0.888375, 0.880754, 0.872657, 0.864056, 0.854916, 0.845209, 0.834891, 0.82394, 0.812281, 0.799946, 0.786735, 0.772913, 0.757801, 0.742598, 0.72476, 0.709118, 0.686057, 0.673966, 0.677977, 0.676513, 0.676982, 0.676832, 0.676879, 0.676864, 0.676869, 0.676867, 0.676868, 0.676868, 0.676868, 0.676868, 0.676868, 0.676868, 0.676868, 0.676868, 0.676868, 0.676868, 0.676868, 0.676868, 0.676868, 0.676868, 0.676868, 0.676868, 0.676868, 0.676868, 0.676868, 0.676868, 
1, 1, 0.999998, 0.999962, 0.999904, 0.999819, 0.999706, 0.999563, 0.999389, 0.999182, 0.998939, 0.998658, 0.998338, 0.997974, 0.997566, 0.997109, 0.996602, 0.99604, 0.995421, 0.99474, 0.993994, 0.99318, 0.992291, 0.991325, 0.990276, 0.989139, 0.987909, 0.986579, 0.985143, 0.983597, 0.981927, 0.98014, 0.978248, 0.976236, 0.974099, 0.971828, 0.969416, 0.966853, 0.96413, 0.961237, 0.958164, 0.954899, 0.95143, 0.947744, 0.943829, 0.939669, 0.935249, 0.930554, 0.925566, 0.920266, 0.914636, 0.908654, 0.902299, 0.895547, 0.888374, 0.880753, 0.872657, 0.864055, 0.854916, 0.845209, 0.83489, 0.823939, 0.81228, 0.799945, 0.786734, 0.772912, 0.7578, 0.742597, 0.724759, 0.709117, 0.686056, 0.673965, 0.677976, 0.676512, 0.67698, 0.676831, 0.676878, 0.676863, 0.676868, 0.676866, 0.676867, 0.676867, 0.676867, 0.676867, 0.676867, 0.676867, 0.676867, 0.676867, 0.676867, 0.676867, 0.676867, 0.676867, 0.676867, 0.676867, 0.676867, 0.676867, 0.676867, 0.676867, 0.676867, 0.676867, 
1, 1, 0.999998, 0.999962, 0.999904, 0.999819, 0.999706, 0.999563, 0.999389, 0.999182, 0.998939, 0.998658, 0.998338, 0.997974, 0.997566, 0.997109, 0.996602, 0.99604, 0.99542, 0.99474, 0.993994, 0.993179, 0.992291, 0.991325, 0.990276, 0.989139, 0.987909, 0.986579, 0.985143, 0.983597, 0.981927, 0.98014, 0.978248, 0.976236, 0.974099, 0.971828, 0.969416, 0.966853, 0.96413, 0.961237, 0.958164, 0.954898, 0.951429, 0.947744, 0.943828, 0.939669, 0.935249, 0.930554, 0.925566, 0.920266, 0.914635, 0.908654, 0.902299, 0.895547, 0.888374, 0.880753, 0.872656, 0.864055, 0.854915, 0.845208, 0.834889, 0.823939, 0.812279, 0.799944, 0.786733, 0.772912, 0.757799, 0.742596, 0.724758, 0.709116, 0.686054, 0.673964, 0.677975, 0.676511, 0.676979, 0.67683, 0.676877, 0.676862, 0.676867, 0.676865, 0.676866, 0.676866, 0.676866, 0.676866, 0.676866, 0.676866, 0.676866, 0.676866, 0.676866, 0.676866, 0.676866, 0.676866, 0.676866, 0.676866, 0.676866, 0.676866, 0.676866, 0.676866, 0.676866, 0.676866, 
1, 1, 0.999998, 0.999962, 0.999904, 0.999819, 0.999706, 0.999563, 0.999389, 0.999182, 0.998939, 0.998658, 0.998337, 0.997974, 0.997566, 0.997109, 0.996602, 0.99604, 0.99542, 0.99474, 0.993994, 0.993179, 0.992291, 0.991325, 0.990276, 0.989139, 0.987909, 0.986579, 0.985143, 0.983597, 0.981927, 0.98014, 0.978248, 0.976236, 0.974099, 0.971828, 0.969415, 0.966852, 0.96413, 0.961237, 0.958163, 0.954898, 0.951429, 0.947744, 0.943828, 0.939668, 0.935249, 0.930554, 0.925565, 0.920266, 0.914635, 0.908653, 0.902298, 0.895546, 0.888373, 0.880752, 0.872656, 0.864054, 0.854915, 0.845208, 0.834889, 0.823938, 0.812278, 0.799943, 0.786733, 0.772911, 0.757798, 0.742595, 0.724757, 0.709115, 0.686053, 0.673963, 0.677974, 0.67651, 0.676978, 0.676829, 0.676876, 0.676861, 0.676866, 0.676864, 0.676865, 0.676864, 0.676865, 0.676864, 0.676864, 0.676864, 0.676864, 0.676864, 0.676864, 0.676864, 0.676864, 0.676864, 0.676864, 0.676864, 0.676864, 0.676864, 0.676864, 0.676864, 0.676864, 0.676864, 
1, 1, 0.999998, 0.999962, 0.999904, 0.999819, 0.999706, 0.999563, 0.999389, 0.999182, 0.998939, 0.998658, 0.998337, 0.997974, 0.997566, 0.997109, 0.996602, 0.99604, 0.99542, 0.99474, 0.993994, 0.993179, 0.992291, 0.991325, 0.990276, 0.989139, 0.987908, 0.986579, 0.985143, 0.983597, 0.981927, 0.98014, 0.978248, 0.976236, 0.974098, 0.971828, 0.969415, 0.966852, 0.964129, 0.961237, 0.958163, 0.954898, 0.951429, 0.947743, 0.943828, 0.939668, 0.935249, 0.930553, 0.925565, 0.920265, 0.914635, 0.908653, 0.902298, 0.895546, 0.888373, 0.880752, 0.872655, 0.864054, 0.854914, 0.845207, 0.834888, 0.823937, 0.812278, 0.799943, 0.786732, 0.77291, 0.757797, 0.742594, 0.724756, 0.709114, 0.686052, 0.673962, 0.677973, 0.676509, 0.676977, 0.676827, 0.676875, 0.67686, 0.676865, 0.676863, 0.676864, 0.676863, 0.676863, 0.676863, 0.676863, 0.676863, 0.676863, 0.676863, 0.676863, 0.676863, 0.676863, 0.676863, 0.676863, 0.676863, 0.676863, 0.676863, 0.676863, 0.676863, 0.676863, 0.676863, 
1, 1, 0.999998, 0.999962, 0.999904, 0.999819, 0.999706, 0.999563, 0.999389, 0.999182, 0.998939, 0.998658, 0.998337, 0.997974, 0.997566, 0.997109, 0.996602, 0.99604, 0.99542, 0.99474, 0.993994, 0.993179, 0.992291, 0.991325, 0.990276, 0.989139, 0.987908, 0.986579, 0.985143, 0.983597, 0.981927, 0.98014, 0.978248, 0.976236, 0.974098, 0.971828, 0.969415, 0.966852, 0.964129, 0.961236, 0.958163, 0.954898, 0.951429, 0.947743, 0.943828, 0.939668, 0.935248, 0.930553, 0.925564, 0.920265, 0.914634, 0.908652, 0.902297, 0.895545, 0.888372, 0.880751, 0.872655, 0.864053, 0.854913, 0.845206, 0.834887, 0.823937, 0.812277, 0.799942, 0.786731, 0.772909, 0.757796, 0.742593, 0.724755, 0.709113, 0.686051, 0.673961, 0.677972, 0.676508, 0.676976, 0.676826, 0.676874, 0.676859, 0.676863, 0.676862, 0.676862, 0.676862, 0.676862, 0.676862, 0.676862, 0.676862, 0.676862, 0.676862, 0.676862, 0.676862, 0.676862, 0.676862, 0.676862, 0.676862, 0.676862, 0.676862, 0.676862, 0.676862, 0.676862, 0.676862, 
1, 1, 0.999998, 0.999962, 0.999904, 0.999819, 0.999706, 0.999563, 0.999389, 0.999182, 0.998939, 0.998658, 0.998337, 0.997974, 0.997566, 0.997109, 0.996602, 0.99604, 0.99542, 0.99474, 0.993994, 0.993179, 0.992291, 0.991325, 0.990276, 0.989139, 0.987908, 0.986579, 0.985143, 0.983596, 0.981927, 0.98014, 0.978247, 0.976235, 0.974098, 0.971827, 0.969415, 0.966852, 0.964129, 0.961236, 0.958163, 0.954897, 0.951428, 0.947743, 0.943827, 0.939667, 0.935248, 0.930553, 0.925564, 0.920264, 0.914634, 0.908652, 0.902297, 0.895545, 0.888372, 0.880751, 0.872654, 0.864053, 0.854913, 0.845206, 0.834887, 0.823936, 0.812276, 0.799941, 0.78673, 0.772908, 0.757796, 0.742592, 0.724754, 0.709112, 0.68605, 0.67396, 0.677971, 0.676507, 0.676975, 0.676825, 0.676873, 0.676858, 0.676862, 0.676861, 0.676861, 0.676861, 0.676861, 0.676861, 0.676861, 0.676861, 0.676861, 0.676861, 0.676861, 0.676861, 0.676861, 0.676861, 0.676861, 0.676861, 0.676861, 0.676861, 0.676861, 0.676861, 0.676861, 0.676861, 
1, 1, 0.999998, 0.999962, 0.999904, 0.999819, 0.999706, 0.999563, 0.999389, 0.999182, 0.998939, 0.998658, 0.998337, 0.997974, 0.997566, 0.997109, 0.996602, 0.99604, 0.99542, 0.99474, 0.993994, 0.993179, 0.992291, 0.991325, 0.990276, 0.989139, 0.987908, 0.986579, 0.985143, 0.983596, 0.981926, 0.98014, 0.978247, 0.976235, 0.974098, 0.971827, 0.969415, 0.966852, 0.964129, 0.961236, 0.958163, 0.954897, 0.951428, 0.947743, 0.943827, 0.939667, 0.935248, 0.930552, 0.925564, 0.920264, 0.914634, 0.908652, 0.902296, 0.895545, 0.888371, 0.88075, 0.872653, 0.864052, 0.854912, 0.845205, 0.834886, 0.823935, 0.812276, 0.79994, 0.786729, 0.772907, 0.757795, 0.742592, 0.724753, 0.709112, 0.686049, 0.673959, 0.67797, 0.676506, 0.676974, 0.676824, 0.676872, 0.676857, 0.676861, 0.67686, 0.67686, 0.67686, 0.67686, 0.67686, 0.67686, 0.67686, 0.67686, 0.67686, 0.67686, 0.67686, 0.67686, 0.67686, 0.67686, 0.67686, 0.67686, 0.67686, 0.67686, 0.67686, 0.67686, 0.67686, 
1, 1, 0.999998, 0.999962, 0.999904, 0.999819, 0.999706, 0.999563, 0.999389, 0.999182, 0.998939, 0.998658, 0.998337, 0.997974, 0.997566, 0.997109, 0.996602, 0.99604, 0.99542, 0.99474, 0.993994, 0.993179, 0.992291, 0.991325, 0.990276, 0.989139, 0.987908, 0.986579, 0.985142, 0.983596, 0.981926, 0.98014, 0.978247, 0.976235, 0.974098, 0.971827, 0.969415, 0.966852, 0.964129, 0.961236, 0.958162, 0.954897, 0.951428, 0.947742, 0.943827, 0.939667, 0.935247, 0.930552, 0.925564, 0.920264, 0.914633, 0.908651, 0.902296, 0.895544, 0.888371, 0.88075, 0.872653, 0.864051, 0.854912, 0.845204, 0.834885, 0.823935, 0.812275, 0.79994, 0.786729, 0.772907, 0.757794, 0.742591, 0.724752, 0.709111, 0.686048, 0.673958, 0.677969, 0.676505, 0.676973, 0.676823, 0.676871, 0.676856, 0.67686, 0.676859, 0.676859, 0.676859, 0.676859, 0.676859, 0.676859, 0.676859, 0.676859, 0.676859, 0.676859, 0.676859, 0.676859, 0.676859, 0.676859, 0.676859, 0.676859, 0.676859, 0.676859, 0.676859, 0.676859, 0.676859, 
1, 1, 0.999998, 0.999962, 0.999904, 0.999819, 0.999706, 0.999563, 0.999389, 0.999182, 0.998939, 0.998658, 0.998337, 0.997974, 0.997566, 0.997109, 0.996602, 0.99604, 0.99542, 0.99474, 0.993994, 0.993179, 0.992291, 0.991325, 0.990276, 0.989139, 0.987908, 0.986579, 0.985142, 0.983596, 0.981926, 0.98014, 0.978247, 0.976235, 0.974098, 0.971827, 0.969415, 0.966852, 0.964129, 0.961236, 0.958162, 0.954897, 0.951428, 0.947742, 0.943827, 0.939667, 0.935247, 0.930552, 0.925563, 0.920263, 0.914633, 0.908651, 0.902296, 0.895544, 0.88837, 0.880749, 0.872653, 0.864051, 0.854911, 0.845204, 0.834885, 0.823934, 0.812274, 0.799939, 0.786728, 0.772906, 0.757793, 0.74259, 0.724751, 0.70911, 0.686047, 0.673957, 0.677968, 0.676504, 0.676972, 0.676822, 0.67687, 0.676855, 0.676859, 0.676858, 0.676858, 0.676858, 0.676858, 0.676858, 0.676858, 0.676858, 0.676858, 0.676858, 0.676858, 0.676858, 0.676858, 0.676858, 0.676858, 0.676858, 0.676858, 0.676858, 0.676858, 0.676858, 0.676858, 0.676858, 
1, 1, 0.999998, 0.999962, 0.999904, 0.999819, 0.999706, 0.999563, 0.999389, 0.999182, 0.998939, 0.998658, 0.998337, 0.997974, 0.997566, 0.997109, 0.996602, 0.99604, 0.99542, 0.99474, 0.993994, 0.993179, 0.992291, 0.991325, 0.990276, 0.989139, 0.987908, 0.986578, 0.985142, 0.983596, 0.981926, 0.98014, 0.978247, 0.976235, 0.974098, 0.971827, 0.969414, 0.966851, 0.964128, 0.961235, 0.958162, 0.954897, 0.951428, 0.947742, 0.943826, 0.939666, 0.935247, 0.930551, 0.925563, 0.920263, 0.914633, 0.908651, 0.902295, 0.895543, 0.88837, 0.880749, 0.872652, 0.86405, 0.854911, 0.845203, 0.834884, 0.823933, 0.812274, 0.799938, 0.786727, 0.772905, 0.757792, 0.742589, 0.72475, 0.709109, 0.686046, 0.673956, 0.677967, 0.676503, 0.676971, 0.676821, 0.676869, 0.676854, 0.676859, 0.676857, 0.676858, 0.676857, 0.676857, 0.676857, 0.676857, 0.676857, 0.676857, 0.676857, 0.676857, 0.676857, 0.676857, 0.676857, 0.676857, 0.676857, 0.676857, 0.676857, 0.676857, 0.676857, 0.676857, 0.676857, 
1, 1, 0.999998, 0.999962, 0.999904, 0.999819, 0.999706, 0.999563, 0.999389, 0.999182, 0.998939, 0.998658, 0.998337, 0.997974, 0.997566, 0.997109, 0.996602, 0.99604, 0.99542, 0.99474, 0.993994, 0.993179, 0.992291, 0.991325, 0.990276, 0.989139, 0.987908, 0.986578, 0.985142, 0.983596, 0.981926, 0.980139, 0.978247, 0.976235, 0.974098, 0.971827, 0.969414, 0.966851, 0.964128, 0.961235, 0.958162, 0.954896, 0.951427, 0.947742, 0.943826, 0.939666, 0.935247, 0.930551, 0.925563, 0.920263, 0.914632, 0.90865, 0.902295, 0.895543, 0.888369, 0.880748, 0.872652, 0.86405, 0.85491, 0.845203, 0.834884, 0.823933, 0.812273, 0.799938, 0.786727, 0.772904, 0.757792, 0.742588, 0.72475, 0.709108, 0.686046, 0.673955, 0.677966, 0.676502, 0.67697, 0.676821, 0.676868, 0.676853, 0.676858, 0.676856, 0.676857, 0.676856, 0.676856, 0.676856, 0.676856, 0.676856, 0.676856, 0.676856, 0.676856, 0.676856, 0.676856, 0.676856, 0.676856, 0.676856, 0.676856, 0.676856, 0.676856, 0.676856, 0.676856, 0.676856, 
1, 1, 0.999998, 0.999962, 0.999904, 0.999819, 0.999706, 0.999563, 0.999389, 0.999182, 0.998939, 0.998658, 0.998337, 0.997974, 0.997566, 0.997109, 0.996602, 0.99604, 0.99542, 0.99474, 0.993994, 0.993179, 0.992291, 0.991325, 0.990276, 0.989139, 0.987908, 0.986578, 0.985142, 0.983596, 0.981926, 0.980139, 0.978247, 0.976235, 0.974097, 0.971827, 0.969414, 0.966851, 0.964128, 0.961235, 0.958162, 0.954896, 0.951427, 0.947742, 0.943826, 0.939666, 0.935246, 0.930551, 0.925562, 0.920262, 0.914632, 0.90865, 0.902294, 0.895542, 0.888369, 0.880748, 0.872651, 0.864049, 0.85491, 0.845202, 0.834883, 0.823932, 0.812272, 0.799937, 0.786726, 0.772904, 0.757791, 0.742587, 0.724749, 0.709107, 0.686045, 0.673954, 0.677965, 0.676501, 0.676969, 0.67682, 0.676867, 0.676852, 0.676857, 0.676855, 0.676856, 0.676856, 0.676856, 0.676856, 0.676856, 0.676856, 0.676856, 0.676856, 0.676856, 0.676856, 0.676856, 0.676856, 0.676856, 0.676856, 0.676856, 0.676856, 0.676856, 0.676856, 0.676856, 0.676856, 
1, 1, 0.999998, 0.999962, 0.999904, 0.999819, 0.999706, 0.999563, 0.999389, 0.999182, 0.998939, 0.998658, 0.998337, 0.997974, 0.997566, 0.997109, 0.996601, 0.99604, 0.99542, 0.99474, 0.993994, 0.993179, 0.992291, 0.991325, 0.990276, 0.989139, 0.987908, 0.986578, 0.985142, 0.983596, 0.981926, 0.980139, 0.978247, 0.976235, 0.974097, 0.971827, 0.969414, 0.966851, 0.964128, 0.961235, 0.958161, 0.954896, 0.951427, 0.947741, 0.943826, 0.939666, 0.935246, 0.930551, 0.925562, 0.920262, 0.914632, 0.908649, 0.902294, 0.895542, 0.888369, 0.880748, 0.872651, 0.864049, 0.854909, 0.845202, 0.834882, 0.823932, 0.812272, 0.799936, 0.786725, 0.772903, 0.75779, 0.742587, 0.724748, 0.709106, 0.686044, 0.673953, 0.677964, 0.6765, 0.676968, 0.676819, 0.676866, 0.676851, 0.676856, 0.676854, 0.676855, 0.676855, 0.676855, 0.676855, 0.676855, 0.676855, 0.676855, 0.676855, 0.676855, 0.676855, 0.676855, 0.676855, 0.676855, 0.676855, 0.676855, 0.676855, 0.676855, 0.676855, 0.676855, 0.676855, 
1, 1, 0.999998, 0.999962, 0.999904, 0.999819, 0.999706, 0.999563, 0.999389, 0.999182, 0.998939, 0.998658, 0.998337, 0.997974, 0.997566, 0.997109, 0.996601, 0.99604, 0.99542, 0.99474, 0.993994, 0.993179, 0.992291, 0.991325, 0.990276, 0.989139, 0.987908, 0.986578, 0.985142, 0.983596, 0.981926, 0.980139, 0.978247, 0.976235, 0.974097, 0.971826, 0.969414, 0.966851, 0.964128, 0.961235, 0.958161, 0.954896, 0.951427, 0.947741, 0.943825, 0.939665, 0.935246, 0.93055, 0.925562, 0.920262, 0.914631, 0.908649, 0.902294, 0.895542, 0.888368, 0.880747, 0.87265, 0.864049, 0.854909, 0.845201, 0.834882, 0.823931, 0.812271, 0.799936, 0.786724, 0.772902, 0.757789, 0.742586, 0.724747, 0.709105, 0.686043, 0.673952, 0.677963, 0.676499, 0.676968, 0.676818, 0.676865, 0.67685, 0.676855, 0.676853, 0.676854, 0.676854, 0.676854, 0.676854, 0.676854, 0.676854, 0.676854, 0.676854, 0.676854, 0.676854, 0.676854, 0.676854, 0.676854, 0.676854, 0.676854, 0.676854, 0.676854, 0.676854, 0.676854, 0.676854, 
1, 1, 0.999998, 0.999962, 0.999904, 0.999819, 0.999706, 0.999563, 0.999389, 0.999182, 0.998939, 0.998658, 0.998337, 0.997974, 0.997566, 0.997109, 0.996601, 0.99604, 0.99542, 0.99474, 0.993994, 0.993179, 0.992291, 0.991325, 0.990276, 0.989139, 0.987908, 0.986578, 0.985142, 0.983596, 0.981926, 0.980139, 0.978247, 0.976235, 0.974097, 0.971826, 0.969414, 0.966851, 0.964128, 0.961235, 0.958161, 0.954896, 0.951427, 0.947741, 0.943825, 0.939665, 0.935246, 0.93055, 0.925561, 0.920262, 0.914631, 0.908649, 0.902293, 0.895541, 0.888368, 0.880747, 0.87265, 0.864048, 0.854908, 0.845201, 0.834881, 0.82393, 0.81227, 0.799935, 0.786724, 0.772902, 0.757789, 0.742585, 0.724746, 0.709105, 0.686042, 0.673951, 0.677962, 0.676498, 0.676967, 0.676817, 0.676864, 0.676849, 0.676854, 0.676853, 0.676853, 0.676853, 0.676853, 0.676853, 0.676853, 0.676853, 0.676853, 0.676853, 0.676853, 0.676853, 0.676853, 0.676853, 0.676853, 0.676853, 0.676853, 0.676853, 0.676853, 0.676853, 0.676853, 0.676853, 
1, 1, 0.999998, 0.999962, 0.999904, 0.999819, 0.999706, 0.999563, 0.999389, 0.999182, 0.998939, 0.998658, 0.998337, 0.997974, 0.997566, 0.997109, 0.996601, 0.99604, 0.99542, 0.994739, 0.993994, 0.993179, 0.992291, 0.991325, 0.990276, 0.989138, 0.987908, 0.986578, 0.985142, 0.983596, 0.981926, 0.980139, 0.978246, 0.976234, 0.974097, 0.971826, 0.969414, 0.966851, 0.964127, 0.961234, 0.958161, 0.954896, 0.951426, 0.947741, 0.943825, 0.939665, 0.935245, 0.93055, 0.925561, 0.920261, 0.914631, 0.908648, 0.902293, 0.895541, 0.888367, 0.880746, 0.872649, 0.864048, 0.854908, 0.8452, 0.834881, 0.82393, 0.81227, 0.799934, 0.786723, 0.772901, 0.757788, 0.742584, 0.724746, 0.709104, 0.686041, 0.67395, 0.677962, 0.676498, 0.676966, 0.676816, 0.676863, 0.676848, 0.676853, 0.676852, 0.676852, 0.676852, 0.676852, 0.676852, 0.676852, 0.676852, 0.676852, 0.676852, 0.676852, 0.676852, 0.676852, 0.676852, 0.676852, 0.676852, 0.676852, 0.676852, 0.676852, 0.676852, 0.676852, 0.676852, 
1, 1, 0.999998, 0.999962, 0.999904, 0.999819, 0.999706, 0.999563, 0.999389, 0.999182, 0.998939, 0.998658, 0.998337, 0.997974, 0.997566, 0.997109, 0.996601, 0.99604, 0.99542, 0.994739, 0.993994, 0.993179, 0.992291, 0.991325, 0.990275, 0.989138, 0.987908, 0.986578, 0.985142, 0.983596, 0.981926, 0.980139, 0.978246, 0.976234, 0.974097, 0.971826, 0.969414, 0.96685, 0.964127, 0.961234, 0.958161, 0.954895, 0.951426, 0.947741, 0.943825, 0.939665, 0.935245, 0.93055, 0.925561, 0.920261, 0.91463, 0.908648, 0.902293, 0.895541, 0.888367, 0.880746, 0.872649, 0.864047, 0.854907, 0.8452, 0.83488, 0.823929, 0.812269, 0.799934, 0.786723, 0.7729, 0.757787, 0.742584, 0.724745, 0.709103, 0.68604, 0.67395, 0.677961, 0.676497, 0.676965, 0.676815, 0.676863, 0.676848, 0.676852, 0.676851, 0.676851, 0.676851, 0.676851, 0.676851, 0.676851, 0.676851, 0.676851, 0.676851, 0.676851, 0.676851, 0.676851, 0.676851, 0.676851, 0.676851, 0.676851, 0.676851, 0.676851, 0.676851, 0.676851, 0.676851, 
1, 1, 0.999998, 0.999962, 0.999904, 0.999819, 0.999706, 0.999563, 0.999389, 0.999182, 0.998939, 0.998658, 0.998337, 0.997974, 0.997566, 0.997109, 0.996601, 0.99604, 0.99542, 0.994739, 0.993994, 0.993179, 0.992291, 0.991325, 0.990275, 0.989138, 0.987908, 0.986578, 0.985142, 0.983596, 0.981926, 0.980139, 0.978246, 0.976234, 0.974097, 0.971826, 0.969413, 0.96685, 0.964127, 0.961234, 0.958161, 0.954895, 0.951426, 0.94774, 0.943825, 0.939665, 0.935245, 0.930549, 0.925561, 0.920261, 0.91463, 0.908648, 0.902292, 0.89554, 0.888367, 0.880746, 0.872648, 0.864047, 0.854907, 0.845199, 0.83488, 0.823929, 0.812269, 0.799933, 0.786722, 0.7729, 0.757787, 0.742583, 0.724744, 0.709102, 0.68604, 0.673949, 0.67796, 0.676496, 0.676964, 0.676814, 0.676862, 0.676847, 0.676851, 0.67685, 0.67685, 0.67685, 0.67685, 0.67685, 0.67685, 0.67685, 0.67685, 0.67685, 0.67685, 0.67685, 0.67685, 0.67685, 0.67685, 0.67685, 0.67685, 0.67685, 0.67685, 0.67685, 0.67685, 0.67685, 
1, 1, 0.999998, 0.999962, 0.999904, 0.999819, 0.999706, 0.999563, 0.999389, 0.999182, 0.998939, 0.998658, 0.998337, 0.997974, 0.997566, 0.997109, 0.996601, 0.99604, 0.99542, 0.994739, 0.993994, 0.993179, 0.992291, 0.991324, 0.990275, 0.989138, 0.987908, 0.986578, 0.985142, 0.983595, 0.981926, 0.980139, 0.978246, 0.976234, 0.974097, 0.971826, 0.969413, 0.96685, 0.964127, 0.961234, 0.95816, 0.954895, 0.951426, 0.94774, 0.943824, 0.939664, 0.935245, 0.930549, 0.92556, 0.92026, 0.91463, 0.908648, 0.902292, 0.89554, 0.888366, 0.880745, 0.872648, 0.864046, 0.854906, 0.845199, 0.834879, 0.823928, 0.812268, 0.799933, 0.786721, 0.772899, 0.757786, 0.742582, 0.724743, 0.709101, 0.686039, 0.673948, 0.677959, 0.676495, 0.676963, 0.676814, 0.676861, 0.676846, 0.676851, 0.676849, 0.67685, 0.67685, 0.67685, 0.67685, 0.67685, 0.67685, 0.67685, 0.67685, 0.67685, 0.67685, 0.67685, 0.67685, 0.67685, 0.67685, 0.67685, 0.67685, 0.67685, 0.67685, 0.67685, 0.67685, 
1, 1, 0.999998, 0.999962, 0.999904, 0.999819, 0.999706, 0.999563, 0.999389, 0.999182, 0.998939, 0.998658, 0.998337, 0.997974, 0.997566, 0.997109, 0.996601, 0.99604, 0.99542, 0.994739, 0.993994, 0.993179, 0.992291, 0.991324, 0.990275, 0.989138, 0.987908, 0.986578, 0.985142, 0.983595, 0.981925, 0.980139, 0.978246, 0.976234, 0.974097, 0.971826, 0.969413, 0.96685, 0.964127, 0.961234, 0.95816, 0.954895, 0.951426, 0.94774, 0.943824, 0.939664, 0.935244, 0.930549, 0.92556, 0.92026, 0.914629, 0.908647, 0.902292, 0.89554, 0.888366, 0.880745, 0.872648, 0.864046, 0.854906, 0.845198, 0.834879, 0.823928, 0.812268, 0.799932, 0.786721, 0.772898, 0.757785, 0.742582, 0.724743, 0.709101, 0.686038, 0.673947, 0.677958, 0.676494, 0.676963, 0.676813, 0.67686, 0.676845, 0.67685, 0.676848, 0.676849, 0.676849, 0.676849, 0.676849, 0.676849, 0.676849, 0.676849, 0.676849, 0.676849, 0.676849, 0.676849, 0.676849, 0.676849, 0.676849, 0.676849, 0.676849, 0.676849, 0.676849, 0.676849, 0.676849, 
1, 1, 0.999998, 0.999962, 0.999904, 0.999819, 0.999706, 0.999563, 0.999389, 0.999182, 0.998939, 0.998658, 0.998337, 0.997974, 0.997566, 0.997109, 0.996601, 0.99604, 0.99542, 0.994739, 0.993994, 0.993179, 0.992291, 0.991324, 0.990275, 0.989138, 0.987907, 0.986578, 0.985142, 0.983595, 0.981925, 0.980139, 0.978246, 0.976234, 0.974097, 0.971826, 0.969413, 0.96685, 0.964127, 0.961234, 0.95816, 0.954895, 0.951426, 0.94774, 0.943824, 0.939664, 0.935244, 0.930549, 0.92556, 0.92026, 0.914629, 0.908647, 0.902291, 0.895539, 0.888366, 0.880744, 0.872647, 0.864045, 0.854905, 0.845198, 0.834878, 0.823927, 0.812267, 0.799931, 0.78672, 0.772898, 0.757785, 0.742581, 0.724742, 0.7091, 0.686037, 0.673946, 0.677958, 0.676493, 0.676962, 0.676812, 0.676859, 0.676844, 0.676849, 0.676848, 0.676848, 0.676848, 0.676848, 0.676848, 0.676848, 0.676848, 0.676848, 0.676848, 0.676848, 0.676848, 0.676848, 0.676848, 0.676848, 0.676848, 0.676848, 0.676848, 0.676848, 0.676848, 0.676848, 0.676848, 
1, 1, 0.999998, 0.999962, 0.999904, 0.999819, 0.999706, 0.999563, 0.999389, 0.999182, 0.998939, 0.998658, 0.998337, 0.997974, 0.997566, 0.997109, 0.996601, 0.99604, 0.99542, 0.994739, 0.993994, 0.993179, 0.992291, 0.991324, 0.990275, 0.989138, 0.987907, 0.986578, 0.985142, 0.983595, 0.981925, 0.980139, 0.978246, 0.976234, 0.974096, 0.971826, 0.969413, 0.96685, 0.964127, 0.961234, 0.95816, 0.954895, 0.951425, 0.94774, 0.943824, 0.939664, 0.935244, 0.930548, 0.92556, 0.92026, 0.914629, 0.908647, 0.902291, 0.895539, 0.888365, 0.880744, 0.872647, 0.864045, 0.854905, 0.845197, 0.834878, 0.823927, 0.812267, 0.799931, 0.78672, 0.772897, 0.757784, 0.74258, 0.724741, 0.709099, 0.686036, 0.673946, 0.677957, 0.676493, 0.676961, 0.676811, 0.676859, 0.676844, 0.676848, 0.676847, 0.676847, 0.676847, 0.676847, 0.676847, 0.676847, 0.676847, 0.676847, 0.676847, 0.676847, 0.676847, 0.676847, 0.676847, 0.676847, 0.676847, 0.676847, 0.676847, 0.676847, 0.676847, 0.676847, 0.676847, 
1, 1, 0.999998, 0.999962, 0.999904, 0.999819, 0.999706, 0.999563, 0.999389, 0.999182, 0.998939, 0.998658, 0.998337, 0.997974, 0.997566, 0.997109, 0.996601, 0.996039, 0.99542, 0.994739, 0.993994, 0.993179, 0.992291, 0.991324, 0.990275, 0.989138, 0.987907, 0.986578, 0.985142, 0.983595, 0.981925, 0.980139, 0.978246, 0.976234, 0.974096, 0.971825, 0.969413, 0.96685, 0.964127, 0.961233, 0.95816, 0.954894, 0.951425, 0.947739, 0.943824, 0.939663, 0.935244, 0.930548, 0.925559, 0.920259, 0.914629, 0.908646, 0.902291, 0.895539, 0.888365, 0.880744, 0.872646, 0.864045, 0.854905, 0.845197, 0.834877, 0.823926, 0.812266, 0.79993, 0.786719, 0.772897, 0.757783, 0.74258, 0.724741, 0.709099, 0.686036, 0.673945, 0.677956, 0.676492, 0.67696, 0.676811, 0.676858, 0.676843, 0.676848, 0.676846, 0.676847, 0.676846, 0.676846, 0.676846, 0.676846, 0.676846, 0.676846, 0.676846, 0.676846, 0.676846, 0.676846, 0.676846, 0.676846, 0.676846, 0.676846, 0.676846, 0.676846, 0.676846, 0.676846, 0.676846, 
1, 1, 0.999998, 0.999962, 0.999904, 0.999819, 0.999706, 0.999563, 0.999389, 0.999182, 0.998939, 0.998658, 0.998337, 0.997974, 0.997566, 0.997109, 0.996601, 0.996039, 0.99542, 0.994739, 0.993994, 0.993179, 0.992291, 0.991324, 0.990275, 0.989138, 0.987907, 0.986578, 0.985141, 0.983595, 0.981925, 0.980138, 0.978246, 0.976234, 0.974096, 0.971825, 0.969413, 0.96685, 0.964126, 0.961233, 0.95816, 0.954894, 0.951425, 0.947739, 0.943823, 0.939663, 0.935243, 0.930548, 0.925559, 0.920259, 0.914628, 0.908646, 0.90229, 0.895538, 0.888365, 0.880743, 0.872646, 0.864044, 0.854904, 0.845196, 0.834877, 0.823926, 0.812266, 0.79993, 0.786718, 0.772896, 0.757783, 0.742579, 0.72474, 0.709098, 0.686035, 0.673944, 0.677955, 0.676491, 0.676959, 0.67681, 0.676857, 0.676842, 0.676847, 0.676845, 0.676846, 0.676846, 0.676846, 0.676846, 0.676846, 0.676846, 0.676846, 0.676846, 0.676846, 0.676846, 0.676846, 0.676846, 0.676846, 0.676846, 0.676846, 0.676846, 0.676846, 0.676846, 0.676846, 0.676846, 
1, 1, 0.999998, 0.999962, 0.999904, 0.999819, 0.999706, 0.999563, 0.999389, 0.999182, 0.998939, 0.998658, 0.998337, 0.997974, 0.997566, 0.997109, 0.996601, 0.996039, 0.99542, 0.994739, 0.993994, 0.993179, 0.99229, 0.991324, 0.990275, 0.989138, 0.987907, 0.986578, 0.985141, 0.983595, 0.981925, 0.980138, 0.978246, 0.976234, 0.974096, 0.971825, 0.969413, 0.966849, 0.964126, 0.961233, 0.95816, 0.954894, 0.951425, 0.947739, 0.943823, 0.939663, 0.935243, 0.930548, 0.925559, 0.920259, 0.914628, 0.908646, 0.90229, 0.895538, 0.888364, 0.880743, 0.872646, 0.864044, 0.854904, 0.845196, 0.834876, 0.823925, 0.812265, 0.799929, 0.786718, 0.772895, 0.757782, 0.742578, 0.724739, 0.709097, 0.686034, 0.673943, 0.677955, 0.67649, 0.676959, 0.676809, 0.676856, 0.676841, 0.676846, 0.676845, 0.676845, 0.676845, 0.676845, 0.676845, 0.676845, 0.676845, 0.676845, 0.676845, 0.676845, 0.676845, 0.676845, 0.676845, 0.676845, 0.676845, 0.676845, 0.676845, 0.676845, 0.676845, 0.676845, 0.676845, 
1, 1, 0.999998, 0.999962, 0.999904, 0.999819, 0.999706, 0.999563, 0.999389, 0.999182, 0.998939, 0.998658, 0.998337, 0.997974, 0.997565, 0.997109, 0.996601, 0.996039, 0.99542, 0.994739, 0.993994, 0.993179, 0.99229, 0.991324, 0.990275, 0.989138, 0.987907, 0.986578, 0.985141, 0.983595, 0.981925, 0.980138, 0.978246, 0.976234, 0.974096, 0.971825, 0.969413, 0.966849, 0.964126, 0.961233, 0.958159, 0.954894, 0.951425, 0.947739, 0.943823, 0.939663, 0.935243, 0.930547, 0.925559, 0.920259, 0.914628, 0.908646, 0.90229, 0.895538, 0.888364, 0.880743, 0.872645, 0.864043, 0.854903, 0.845196, 0.834876, 0.823925, 0.812265, 0.799929, 0.786717, 0.772895, 0.757782, 0.742578, 0.724739, 0.709097, 0.686034, 0.673943, 0.677954, 0.67649, 0.676958, 0.676808, 0.676856, 0.676841, 0.676845, 0.676844, 0.676844, 0.676844, 0.676844, 0.676844, 0.676844, 0.676844, 0.676844, 0.676844, 0.676844, 0.676844, 0.676844, 0.676844, 0.676844, 0.676844, 0.676844, 0.676844, 0.676844, 0.676844, 0.676844, 0.676844, 
1, 1, 0.999998, 0.999962, 0.999904, 0.999819, 0.999706, 0.999563, 0.999389, 0.999182, 0.998939, 0.998658, 0.998337, 0.997974, 0.997565, 0.997109, 0.996601, 0.996039, 0.99542, 0.994739, 0.993994, 0.993179, 0.99229, 0.991324, 0.990275, 0.989138, 0.987907, 0.986578, 0.985141, 0.983595, 0.981925, 0.980138, 0.978246, 0.976233, 0.974096, 0.971825, 0.969412, 0.966849, 0.964126, 0.961233, 0.958159, 0.954894, 0.951425, 0.947739, 0.943823, 0.939663, 0.935243, 0.930547, 0.925558, 0.920258, 0.914628, 0.908645, 0.90229, 0.895537, 0.888364, 0.880742, 0.872645, 0.864043, 0.854903, 0.845195, 0.834876, 0.823924, 0.812264, 0.799928, 0.786717, 0.772894, 0.757781, 0.742577, 0.724738, 0.709096, 0.686033, 0.673942, 0.677953, 0.676489, 0.676957, 0.676808, 0.676855, 0.67684, 0.676845, 0.676843, 0.676844, 0.676844, 0.676844, 0.676844, 0.676844, 0.676844, 0.676844, 0.676844, 0.676844, 0.676844, 0.676844, 0.676844, 0.676844, 0.676844, 0.676844, 0.676844, 0.676844, 0.676844, 0.676844, 0.676844, 
1, 1, 0.999998, 0.999962, 0.999904, 0.999819, 0.999706, 0.999563, 0.999389, 0.999182, 0.998939, 0.998658, 0.998337, 0.997974, 0.997565, 0.997109, 0.996601, 0.996039, 0.99542, 0.994739, 0.993993, 0.993179, 0.99229, 0.991324, 0.990275, 0.989138, 0.987907, 0.986577, 0.985141, 0.983595, 0.981925, 0.980138, 0.978246, 0.976233, 0.974096, 0.971825, 0.969412, 0.966849, 0.964126, 0.961233, 0.958159, 0.954894, 0.951424, 0.947739, 0.943823, 0.939663, 0.935243, 0.930547, 0.925558, 0.920258, 0.914627, 0.908645, 0.902289, 0.895537, 0.888363, 0.880742, 0.872645, 0.864043, 0.854903, 0.845195, 0.834875, 0.823924, 0.812264, 0.799928, 0.786716, 0.772894, 0.75778, 0.742577, 0.724737, 0.709095, 0.686032, 0.673941, 0.677952, 0.676488, 0.676957, 0.676807, 0.676854, 0.676839, 0.676844, 0.676843, 0.676843, 0.676843, 0.676843, 0.676843, 0.676843, 0.676843, 0.676843, 0.676843, 0.676843, 0.676843, 0.676843, 0.676843, 0.676843, 0.676843, 0.676843, 0.676843, 0.676843, 0.676843, 0.676843, 0.676843, 
1, 1, 0.999998, 0.999962, 0.999904, 0.999819, 0.999706, 0.999563, 0.999389, 0.999182, 0.998939, 0.998658, 0.998337, 0.997974, 0.997565, 0.997109, 0.996601, 0.996039, 0.99542, 0.994739, 0.993993, 0.993179, 0.99229, 0.991324, 0.990275, 0.989138, 0.987907, 0.986577, 0.985141, 0.983595, 0.981925, 0.980138, 0.978245, 0.976233, 0.974096, 0.971825, 0.969412, 0.966849, 0.964126, 0.961233, 0.958159, 0.954894, 0.951424, 0.947738, 0.943823, 0.939662, 0.935242, 0.930547, 0.925558, 0.920258, 0.914627, 0.908645, 0.902289, 0.895537, 0.888363, 0.880742, 0.872644, 0.864042, 0.854902, 0.845194, 0.834875, 0.823923, 0.812263, 0.799927, 0.786716, 0.772893, 0.75778, 0.742576, 0.724737, 0.709095, 0.686032, 0.673941, 0.677952, 0.676488, 0.676956, 0.676806, 0.676854, 0.676839, 0.676843, 0.676842, 0.676842, 0.676842, 0.676842, 0.676842, 0.676842, 0.676842, 0.676842, 0.676842, 0.676842, 0.676842, 0.676842, 0.676842, 0.676842, 0.676842, 0.676842, 0.676842, 0.676842, 0.676842, 0.676842, 0.676842, 
1, 1, 0.999998, 0.999962, 0.999904, 0.999819, 0.999706, 0.999563, 0.999389, 0.999182, 0.998939, 0.998658, 0.998337, 0.997974, 0.997565, 0.997109, 0.996601, 0.996039, 0.99542, 0.994739, 0.993993, 0.993179, 0.99229, 0.991324, 0.990275, 0.989138, 0.987907, 0.986577, 0.985141, 0.983595, 0.981925, 0.980138, 0.978245, 0.976233, 0.974096, 0.971825, 0.969412, 0.966849, 0.964126, 0.961233, 0.958159, 0.954893, 0.951424, 0.947738, 0.943822, 0.939662, 0.935242, 0.930547, 0.925558, 0.920258, 0.914627, 0.908644, 0.902289, 0.895536, 0.888363, 0.880741, 0.872644, 0.864042, 0.854902, 0.845194, 0.834874, 0.823923, 0.812263, 0.799927, 0.786715, 0.772893, 0.757779, 0.742575, 0.724736, 0.709094, 0.686031, 0.67394, 0.677951, 0.676487, 0.676955, 0.676806, 0.676853, 0.676838, 0.676843, 0.676841, 0.676842, 0.676842, 0.676842, 0.676842, 0.676842, 0.676842, 0.676842, 0.676842, 0.676842, 0.676842, 0.676842, 0.676842, 0.676842, 0.676842, 0.676842, 0.676842, 0.676842, 0.676842, 0.676842, 0.676842, 
1, 1, 0.999998, 0.999962, 0.999904, 0.999819, 0.999706, 0.999563, 0.999389, 0.999182, 0.998939, 0.998658, 0.998337, 0.997974, 0.997565, 0.997109, 0.996601, 0.996039, 0.99542, 0.994739, 0.993993, 0.993179, 0.99229, 0.991324, 0.990275, 0.989138, 0.987907, 0.986577, 0.985141, 0.983595, 0.981925, 0.980138, 0.978245, 0.976233, 0.974096, 0.971825, 0.969412, 0.966849, 0.964126, 0.961233, 0.958159, 0.954893, 0.951424, 0.947738, 0.943822, 0.939662, 0.935242, 0.930546, 0.925558, 0.920257, 0.914627, 0.908644, 0.902289, 0.895536, 0.888362, 0.880741, 0.872644, 0.864042, 0.854901, 0.845194, 0.834874, 0.823923, 0.812262, 0.799926, 0.786715, 0.772892, 0.757779, 0.742575, 0.724736, 0.709093, 0.68603, 0.673939, 0.67795, 0.676486, 0.676955, 0.676805, 0.676852, 0.676837, 0.676842, 0.676841, 0.676841, 0.676841, 0.676841, 0.676841, 0.676841, 0.676841, 0.676841, 0.676841, 0.676841, 0.676841, 0.676841, 0.676841, 0.676841, 0.676841, 0.676841, 0.676841, 0.676841, 0.676841, 0.676841, 0.676841, 
1, 1, 0.999998, 0.999962, 0.999904, 0.999819, 0.999706, 0.999563, 0.999389, 0.999182, 0.998939, 0.998658, 0.998337, 0.997974, 0.997565, 0.997109, 0.996601, 0.996039, 0.99542, 0.994739, 0.993993, 0.993179, 0.99229, 0.991324, 0.990275, 0.989138, 0.987907, 0.986577, 0.985141, 0.983595, 0.981925, 0.980138, 0.978245, 0.976233, 0.974096, 0.971825, 0.969412, 0.966849, 0.964126, 0.961232, 0.958159, 0.954893, 0.951424, 0.947738, 0.943822, 0.939662, 0.935242, 0.930546, 0.925557, 0.920257, 0.914626, 0.908644, 0.902288, 0.895536, 0.888362, 0.880741, 0.872643, 0.864041, 0.854901, 0.845193, 0.834874, 0.823922, 0.812262, 0.799926, 0.786714, 0.772892, 0.757778, 0.742574, 0.724735, 0.709093, 0.68603, 0.673939, 0.67795, 0.676486, 0.676954, 0.676804, 0.676852, 0.676837, 0.676841, 0.67684, 0.67684, 0.67684, 0.67684, 0.67684, 0.67684, 0.67684, 0.67684, 0.67684, 0.67684, 0.67684, 0.67684, 0.67684, 0.67684, 0.67684, 0.67684, 0.67684, 0.67684, 0.67684, 0.67684, 0.67684, 
1, 1, 0.999998, 0.999962, 0.999904, 0.999819, 0.999706, 0.999563, 0.999389, 0.999182, 0.998939, 0.998658, 0.998337, 0.997974, 0.997565, 0.997109, 0.996601, 0.996039, 0.99542, 0.994739, 0.993993, 0.993179, 0.99229, 0.991324, 0.990275, 0.989138, 0.987907, 0.986577, 0.985141, 0.983595, 0.981925, 0.980138, 0.978245, 0.976233, 0.974095, 0.971825, 0.969412, 0.966849, 0.964125, 0.961232, 0.958159, 0.954893, 0.951424, 0.947738, 0.943822, 0.939662, 0.935242, 0.930546, 0.925557, 0.920257, 0.914626, 0.908644, 0.902288, 0.895536, 0.888362, 0.88074, 0.872643, 0.864041, 0.854901, 0.845193, 0.834873, 0.823922, 0.812261, 0.799925, 0.786714, 0.772891, 0.757778, 0.742574, 0.724734, 0.709092, 0.686029, 0.673938, 0.677949, 0.676485, 0.676953, 0.676804, 0.676851, 0.676836, 0.676841, 0.676839, 0.67684, 0.67684, 0.67684, 0.67684, 0.67684, 0.67684, 0.67684, 0.67684, 0.67684, 0.67684, 0.67684, 0.67684, 0.67684, 0.67684, 0.67684, 0.67684, 0.67684, 0.67684, 0.67684, 0.67684, 
1, 1, 0.999998, 0.999962, 0.999904, 0.999819, 0.999706, 0.999563, 0.999389, 0.999182, 0.998939, 0.998658, 0.998337, 0.997974, 0.997565, 0.997109, 0.996601, 0.996039, 0.99542, 0.994739, 0.993993, 0.993179, 0.99229, 0.991324, 0.990275, 0.989138, 0.987907, 0.986577, 0.985141, 0.983595, 0.981925, 0.980138, 0.978245, 0.976233, 0.974095, 0.971824, 0.969412, 0.966849, 0.964125, 0.961232, 0.958158, 0.954893, 0.951424, 0.947738, 0.943822, 0.939662, 0.935242, 0.930546, 0.925557, 0.920257, 0.914626, 0.908644, 0.902288, 0.895535, 0.888362, 0.88074, 0.872643, 0.864041, 0.8549, 0.845193, 0.834873, 0.823921, 0.812261, 0.799925, 0.786713, 0.772891, 0.757777, 0.742573, 0.724734, 0.709092, 0.686028, 0.673937, 0.677949, 0.676485, 0.676953, 0.676803, 0.67685, 0.676835, 0.67684, 0.676839, 0.676839, 0.676839, 0.676839, 0.676839, 0.676839, 0.676839, 0.676839, 0.676839, 0.676839, 0.676839, 0.676839, 0.676839, 0.676839, 0.676839, 0.676839, 0.676839, 0.676839, 0.676839, 0.676839, 0.676839, 
1, 1, 0.999998, 0.999962, 0.999904, 0.999819, 0.999706, 0.999563, 0.999389, 0.999182, 0.998939, 0.998658, 0.998337, 0.997974, 0.997565, 0.997109, 0.996601, 0.996039, 0.99542, 0.994739, 0.993993, 0.993178, 0.99229, 0.991324, 0.990275, 0.989138, 0.987907, 0.986577, 0.985141, 0.983595, 0.981925, 0.980138, 0.978245, 0.976233, 0.974095, 0.971824, 0.969412, 0.966848, 0.964125, 0.961232, 0.958158, 0.954893, 0.951423, 0.947738, 0.943822, 0.939661, 0.935241, 0.930546, 0.925557, 0.920257, 0.914626, 0.908643, 0.902288, 0.895535, 0.888361, 0.88074, 0.872642, 0.86404, 0.8549, 0.845192, 0.834872, 0.823921, 0.812261, 0.799925, 0.786713, 0.77289, 0.757777, 0.742573, 0.724733, 0.709091, 0.686028, 0.673937, 0.677948, 0.676484, 0.676952, 0.676802, 0.67685, 0.676835, 0.67684, 0.676838, 0.676839, 0.676838, 0.676838, 0.676838, 0.676838, 0.676838, 0.676838, 0.676838, 0.676838, 0.676838, 0.676838, 0.676838, 0.676838, 0.676838, 0.676838, 0.676838, 0.676838, 0.676838, 0.676838, 0.676838, 
1, 1, 0.999998, 0.999962, 0.999904, 0.999819, 0.999706, 0.999563, 0.999389, 0.999182, 0.998939, 0.998658, 0.998337, 0.997974, 0.997565, 0.997109, 0.996601, 0.996039, 0.99542, 0.994739, 0.993993, 0.993178, 0.99229, 0.991324, 0.990275, 0.989138, 0.987907, 0.986577, 0.985141, 0.983595, 0.981924, 0.980138, 0.978245, 0.976233, 0.974095, 0.971824, 0.969412, 0.966848, 0.964125, 0.961232, 0.958158, 0.954893, 0.951423, 0.947737, 0.943821, 0.939661, 0.935241, 0.930545, 0.925557, 0.920256, 0.914625, 0.908643, 0.902287, 0.895535, 0.888361, 0.88074, 0.872642, 0.86404, 0.8549, 0.845192, 0.834872, 0.823921, 0.81226, 0.799924, 0.786713, 0.77289, 0.757776, 0.742572, 0.724733, 0.709091, 0.686027, 0.673936, 0.677947, 0.676483, 0.676952, 0.676802, 0.676849, 0.676834, 0.676839, 0.676837, 0.676838, 0.676838, 0.676838, 0.676838, 0.676838, 0.676838, 0.676838, 0.676838, 0.676838, 0.676838, 0.676838, 0.676838, 0.676838, 0.676838, 0.676838, 0.676838, 0.676838, 0.676838, 0.676838, 0.676838, 
1, 1, 0.999998, 0.999962, 0.999904, 0.999819, 0.999706, 0.999563, 0.999389, 0.999182, 0.998939, 0.998658, 0.998337, 0.997974, 0.997565, 0.997109, 0.996601, 0.996039, 0.99542, 0.994739, 0.993993, 0.993178, 0.99229, 0.991324, 0.990275, 0.989138, 0.987907, 0.986577, 0.985141, 0.983594, 0.981924, 0.980138, 0.978245, 0.976233, 0.974095, 0.971824, 0.969412, 0.966848, 0.964125, 0.961232, 0.958158, 0.954893, 0.951423, 0.947737, 0.943821, 0.939661, 0.935241, 0.930545, 0.925556, 0.920256, 0.914625, 0.908643, 0.902287, 0.895535, 0.888361, 0.880739, 0.872642, 0.86404, 0.854899, 0.845191, 0.834872, 0.82392, 0.81226, 0.799924, 0.786712, 0.772889, 0.757776, 0.742572, 0.724732, 0.70909, 0.686027, 0.673936, 0.677947, 0.676483, 0.676951, 0.676801, 0.676849, 0.676834, 0.676838, 0.676837, 0.676837, 0.676837, 0.676837, 0.676837, 0.676837, 0.676837, 0.676837, 0.676837, 0.676837, 0.676837, 0.676837, 0.676837, 0.676837, 0.676837, 0.676837, 0.676837, 0.676837, 0.676837, 0.676837, 0.676837, 
1, 1, 0.999998, 0.999962, 0.999904, 0.999819, 0.999706, 0.999563, 0.999389, 0.999182, 0.998939, 0.998658, 0.998337, 0.997974, 0.997565, 0.997109, 0.996601, 0.996039, 0.99542, 0.994739, 0.993993, 0.993178, 0.99229, 0.991324, 0.990275, 0.989138, 0.987907, 0.986577, 0.985141, 0.983594, 0.981924, 0.980138, 0.978245, 0.976233, 0.974095, 0.971824, 0.969411, 0.966848, 0.964125, 0.961232, 0.958158, 0.954892, 0.951423, 0.947737, 0.943821, 0.939661, 0.935241, 0.930545, 0.925556, 0.920256, 0.914625, 0.908643, 0.902287, 0.895534, 0.88836, 0.880739, 0.872642, 0.864039, 0.854899, 0.845191, 0.834871, 0.82392, 0.812259, 0.799923, 0.786712, 0.772889, 0.757775, 0.742571, 0.724732, 0.709089, 0.686026, 0.673935, 0.677946, 0.676482, 0.67695, 0.676801, 0.676848, 0.676833, 0.676838, 0.676836, 0.676837, 0.676837, 0.676837, 0.676837, 0.676837, 0.676837, 0.676837, 0.676837, 0.676837, 0.676837, 0.676837, 0.676837, 0.676837, 0.676837, 0.676837, 0.676837, 0.676837, 0.676837, 0.676837, 0.676837, 
1, 1, 0.999998, 0.999962, 0.999904, 0.999819, 0.999706, 0.999563, 0.999389, 0.999182, 0.998939, 0.998658, 0.998337, 0.997974, 0.997565, 0.997109, 0.996601, 0.996039, 0.99542, 0.994739, 0.993993, 0.993178, 0.99229, 0.991324, 0.990275, 0.989138, 0.987907, 0.986577, 0.985141, 0.983594, 0.981924, 0.980138, 0.978245, 0.976233, 0.974095, 0.971824, 0.969411, 0.966848, 0.964125, 0.961232, 0.958158, 0.954892, 0.951423, 0.947737, 0.943821, 0.939661, 0.935241, 0.930545, 0.925556, 0.920256, 0.914625, 0.908642, 0.902287, 0.895534, 0.88836, 0.880739, 0.872641, 0.864039, 0.854899, 0.845191, 0.834871, 0.823919, 0.812259, 0.799923, 0.786711, 0.772888, 0.757775, 0.742571, 0.724731, 0.709089, 0.686026, 0.673934, 0.677946, 0.676482, 0.67695, 0.6768, 0.676847, 0.676833, 0.676837, 0.676836, 0.676836, 0.676836, 0.676836, 0.676836, 0.676836, 0.676836, 0.676836, 0.676836, 0.676836, 0.676836, 0.676836, 0.676836, 0.676836, 0.676836, 0.676836, 0.676836, 0.676836, 0.676836, 0.676836, 0.676836, 
1, 1, 0.999998, 0.999962, 0.999904, 0.999819, 0.999706, 0.999563, 0.999389, 0.999182, 0.998939, 0.998658, 0.998337, 0.997974, 0.997565, 0.997109, 0.996601, 0.996039, 0.99542, 0.994739, 0.993993, 0.993178, 0.99229, 0.991324, 0.990275, 0.989138, 0.987907, 0.986577, 0.985141, 0.983594, 0.981924, 0.980137, 0.978245, 0.976233, 0.974095, 0.971824, 0.969411, 0.966848, 0.964125, 0.961232, 0.958158, 0.954892, 0.951423, 0.947737, 0.943821, 0.939661, 0.935241, 0.930545, 0.925556, 0.920256, 0.914625, 0.908642, 0.902286, 0.895534, 0.88836, 0.880738, 0.872641, 0.864039, 0.854898, 0.84519, 0.834871, 0.823919, 0.812259, 0.799923, 0.786711, 0.772888, 0.757774, 0.74257, 0.724731, 0.709088, 0.686025, 0.673934, 0.677945, 0.676481, 0.676949, 0.6768, 0.676847, 0.676832, 0.676837, 0.676835, 0.676836, 0.676836, 0.676836, 0.676836, 0.676836, 0.676836, 0.676836, 0.676836, 0.676836, 0.676836, 0.676836, 0.676836, 0.676836, 0.676836, 0.676836, 0.676836, 0.676836, 0.676836, 0.676836, 0.676836, 
1, 1, 0.999998, 0.999962, 0.999904, 0.999819, 0.999706, 0.999563, 0.999389, 0.999182, 0.998939, 0.998658, 0.998337, 0.997974, 0.997565, 0.997109, 0.996601, 0.996039, 0.99542, 0.994739, 0.993993, 0.993178, 0.99229, 0.991324, 0.990275, 0.989138, 0.987907, 0.986577, 0.985141, 0.983594, 0.981924, 0.980137, 0.978245, 0.976232, 0.974095, 0.971824, 0.969411, 0.966848, 0.964125, 0.961231, 0.958158, 0.954892, 0.951423, 0.947737, 0.943821, 0.93966, 0.93524, 0.930545, 0.925556, 0.920255, 0.914624, 0.908642, 0.902286, 0.895534, 0.88836, 0.880738, 0.872641, 0.864039, 0.854898, 0.84519, 0.83487, 0.823919, 0.812258, 0.799922, 0.78671, 0.772888, 0.757774, 0.74257, 0.72473, 0.709088, 0.686024, 0.673933, 0.677945, 0.676481, 0.676949, 0.676799, 0.676846, 0.676831, 0.676836, 0.676835, 0.676835, 0.676835, 0.676835, 0.676835, 0.676835, 0.676835, 0.676835, 0.676835, 0.676835, 0.676835, 0.676835, 0.676835, 0.676835, 0.676835, 0.676835, 0.676835, 0.676835, 0.676835, 0.676835, 0.676835, 
1, 1, 0.999998, 0.999962, 0.999904, 0.999819, 0.999706, 0.999563, 0.999389, 0.999182, 0.998939, 0.998658, 0.998337, 0.997974, 0.997565, 0.997109, 0.996601, 0.996039, 0.99542, 0.994739, 0.993993, 0.993178, 0.99229, 0.991324, 0.990275, 0.989138, 0.987907, 0.986577, 0.985141, 0.983594, 0.981924, 0.980137, 0.978245, 0.976232, 0.974095, 0.971824, 0.969411, 0.966848, 0.964125, 0.961231, 0.958158, 0.954892, 0.951423, 0.947737, 0.943821, 0.93966, 0.93524, 0.930544, 0.925556, 0.920255, 0.914624, 0.908642, 0.902286, 0.895533, 0.888359, 0.880738, 0.87264, 0.864038, 0.854898, 0.84519, 0.83487, 0.823918, 0.812258, 0.799922, 0.78671, 0.772887, 0.757774, 0.742569, 0.72473, 0.709087, 0.686024, 0.673933, 0.677944, 0.67648, 0.676948, 0.676799, 0.676846, 0.676831, 0.676836, 0.676834, 0.676835, 0.676834, 0.676834, 0.676834, 0.676834, 0.676834, 0.676834, 0.676834, 0.676834, 0.676834, 0.676834, 0.676834, 0.676834, 0.676834, 0.676834, 0.676834, 0.676834, 0.676834, 0.676834, 0.676834, 
1, 1, 0.999998, 0.999962, 0.999904, 0.999819, 0.999706, 0.999563, 0.999389, 0.999182, 0.998939, 0.998658, 0.998337, 0.997974, 0.997565, 0.997109, 0.996601, 0.996039, 0.99542, 0.994739, 0.993993, 0.993178, 0.99229, 0.991324, 0.990275, 0.989137, 0.987907, 0.986577, 0.985141, 0.983594, 0.981924, 0.980137, 0.978245, 0.976232, 0.974095, 0.971824, 0.969411, 0.966848, 0.964124, 0.961231, 0.958157, 0.954892, 0.951422, 0.947737, 0.943821, 0.93966, 0.93524, 0.930544, 0.925555, 0.920255, 0.914624, 0.908642, 0.902286, 0.895533, 0.888359, 0.880738, 0.87264, 0.864038, 0.854898, 0.84519, 0.83487, 0.823918, 0.812258, 0.799921, 0.78671, 0.772887, 0.757773, 0.742569, 0.724729, 0.709087, 0.686023, 0.673932, 0.677944, 0.676479, 0.676948, 0.676798, 0.676845, 0.67683, 0.676835, 0.676834, 0.676834, 0.676834, 0.676834, 0.676834, 0.676834, 0.676834, 0.676834, 0.676834, 0.676834, 0.676834, 0.676834, 0.676834, 0.676834, 0.676834, 0.676834, 0.676834, 0.676834, 0.676834, 0.676834, 0.676834, 
1, 1, 0.999998, 0.999962, 0.999904, 0.999819, 0.999706, 0.999563, 0.999389, 0.999182, 0.998939, 0.998658, 0.998337, 0.997974, 0.997565, 0.997109, 0.996601, 0.996039, 0.99542, 0.994739, 0.993993, 0.993178, 0.99229, 0.991324, 0.990275, 0.989137, 0.987907, 0.986577, 0.985141, 0.983594, 0.981924, 0.980137, 0.978245, 0.976232, 0.974095, 0.971824, 0.969411, 0.966848, 0.964124, 0.961231, 0.958157, 0.954892, 0.951422, 0.947736, 0.94382, 0.93966, 0.93524, 0.930544, 0.925555, 0.920255, 0.914624, 0.908641, 0.902286, 0.895533, 0.888359, 0.880737, 0.87264, 0.864038, 0.854897, 0.845189, 0.834869, 0.823918, 0.812257, 0.799921, 0.786709, 0.772886, 0.757773, 0.742568, 0.724729, 0.709086, 0.686023, 0.673932, 0.677943, 0.676479, 0.676947, 0.676798, 0.676845, 0.67683, 0.676835, 0.676833, 0.676834, 0.676833, 0.676833, 0.676833, 0.676833, 0.676833, 0.676833, 0.676833, 0.676833, 0.676833, 0.676833, 0.676833, 0.676833, 0.676833, 0.676833, 0.676833, 0.676833, 0.676833, 0.676833, 0.676833, 
1, 1, 0.999998, 0.999962, 0.999904, 0.999819, 0.999706, 0.999563, 0.999389, 0.999182, 0.998939, 0.998658, 0.998337, 0.997974, 0.997565, 0.997109, 0.996601, 0.996039, 0.99542, 0.994739, 0.993993, 0.993178, 0.99229, 0.991324, 0.990275, 0.989137, 0.987907, 0.986577, 0.98514, 0.983594, 0.981924, 0.980137, 0.978244, 0.976232, 0.974095, 0.971824, 0.969411, 0.966848, 0.964124, 0.961231, 0.958157, 0.954892, 0.951422, 0.947736, 0.94382, 0.93966, 0.93524, 0.930544, 0.925555, 0.920255, 0.914624, 0.908641, 0.902285, 0.895533, 0.888359, 0.880737, 0.87264, 0.864037, 0.854897, 0.845189, 0.834869, 0.823917, 0.812257, 0.799921, 0.786709, 0.772886, 0.757772, 0.742568, 0.724728, 0.709086, 0.686022, 0.673931, 0.677943, 0.676478, 0.676947, 0.676797, 0.676844, 0.676829, 0.676834, 0.676833, 0.676833, 0.676833, 0.676833, 0.676833, 0.676833, 0.676833, 0.676833, 0.676833, 0.676833, 0.676833, 0.676833, 0.676833, 0.676833, 0.676833, 0.676833, 0.676833, 0.676833, 0.676833, 0.676833, 0.676833, 
1, 1, 0.999998, 0.999962, 0.999904, 0.999819, 0.999706, 0.999563, 0.999389, 0.999182, 0.998939, 0.998658, 0.998337, 0.997974, 0.997565, 0.997109, 0.996601, 0.996039, 0.99542, 0.994739, 0.993993, 0.993178, 0.99229, 0.991324, 0.990275, 0.989137, 0.987907, 0.986577, 0.98514, 0.983594, 0.981924, 0.980137, 0.978244, 0.976232, 0.974095, 0.971824, 0.969411, 0.966848, 0.964124, 0.961231, 0.958157, 0.954892, 0.951422, 0.947736, 0.94382, 0.93966, 0.93524, 0.930544, 0.925555, 0.920255, 0.914624, 0.908641, 0.902285, 0.895533, 0.888359, 0.880737, 0.872639, 0.864037, 0.854897, 0.845189, 0.834869, 0.823917, 0.812257, 0.79992, 0.786708, 0.772886, 0.757772, 0.742568, 0.724728, 0.709086, 0.686022, 0.673931, 0.677942, 0.676478, 0.676946, 0.676797, 0.676844, 0.676829, 0.676834, 0.676832, 0.676833, 0.676832, 0.676832, 0.676832, 0.676832, 0.676832, 0.676832, 0.676832, 0.676832, 0.676832, 0.676832, 0.676832, 0.676832, 0.676832, 0.676832, 0.676832, 0.676832, 0.676832, 0.676832, 0.676832, 
1, 1, 0.999998, 0.999962, 0.999904, 0.999819, 0.999706, 0.999563, 0.999389, 0.999182, 0.998939, 0.998658, 0.998337, 0.997974, 0.997565, 0.997109, 0.996601, 0.996039, 0.99542, 0.994739, 0.993993, 0.993178, 0.99229, 0.991324, 0.990274, 0.989137, 0.987907, 0.986577, 0.98514, 0.983594, 0.981924, 0.980137, 0.978244, 0.976232, 0.974095, 0.971824, 0.969411, 0.966847, 0.964124, 0.961231, 0.958157, 0.954891, 0.951422, 0.947736, 0.94382, 0.93966, 0.93524, 0.930544, 0.925555, 0.920254, 0.914623, 0.908641, 0.902285, 0.895532, 0.888358, 0.880737, 0.872639, 0.864037, 0.854896, 0.845188, 0.834868, 0.823917, 0.812256, 0.79992, 0.786708, 0.772885, 0.757771, 0.742567, 0.724728, 0.709085, 0.686021, 0.67393, 0.677942, 0.676477, 0.676946, 0.676796, 0.676843, 0.676828, 0.676833, 0.676832, 0.676832, 0.676832, 0.676832, 0.676832, 0.676832, 0.676832, 0.676832, 0.676832, 0.676832, 0.676832, 0.676832, 0.676832, 0.676832, 0.676832, 0.676832, 0.676832, 0.676832, 0.676832, 0.676832, 0.676832, 
1, 1, 0.999998, 0.999962, 0.999904, 0.999819, 0.999706, 0.999563, 0.999389, 0.999182, 0.998939, 0.998658, 0.998337, 0.997974, 0.997565, 0.997109, 0.996601, 0.996039, 0.99542, 0.994739, 0.993993, 0.993178, 0.99229, 0.991324, 0.990274, 0.989137, 0.987906, 0.986577, 0.98514, 0.983594, 0.981924, 0.980137, 0.978244, 0.976232, 0.974094, 0.971823, 0.969411, 0.966847, 0.964124, 0.961231, 0.958157, 0.954891, 0.951422, 0.947736, 0.94382, 0.93966, 0.935239, 0.930544, 0.925555, 0.920254, 0.914623, 0.908641, 0.902285, 0.895532, 0.888358, 0.880737, 0.872639, 0.864037, 0.854896, 0.845188, 0.834868, 0.823916, 0.812256, 0.79992, 0.786708, 0.772885, 0.757771, 0.742567, 0.724727, 0.709085, 0.686021, 0.67393, 0.677941, 0.676477, 0.676945, 0.676796, 0.676843, 0.676828, 0.676833, 0.676831, 0.676832, 0.676831, 0.676832, 0.676831, 0.676831, 0.676831, 0.676831, 0.676831, 0.676831, 0.676831, 0.676831, 0.676831, 0.676831, 0.676831, 0.676831, 0.676831, 0.676831, 0.676831, 0.676831, 0.676831, 
1, 1, 0.999998, 0.999962, 0.999904, 0.999819, 0.999706, 0.999563, 0.999389, 0.999182, 0.998939, 0.998658, 0.998337, 0.997974, 0.997565, 0.997109, 0.996601, 0.996039, 0.99542, 0.994739, 0.993993, 0.993178, 0.99229, 0.991324, 0.990274, 0.989137, 0.987906, 0.986577, 0.98514, 0.983594, 0.981924, 0.980137, 0.978244, 0.976232, 0.974094, 0.971823, 0.969411, 0.966847, 0.964124, 0.961231, 0.958157, 0.954891, 0.951422, 0.947736, 0.94382, 0.939659, 0.935239, 0.930543, 0.925554, 0.920254, 0.914623, 0.90864, 0.902285, 0.895532, 0.888358, 0.880736, 0.872639, 0.864036, 0.854896, 0.845188, 0.834868, 0.823916, 0.812256, 0.799919, 0.786707, 0.772884, 0.757771, 0.742566, 0.724727, 0.709084, 0.686021, 0.673929, 0.677941, 0.676477, 0.676945, 0.676795, 0.676842, 0.676827, 0.676832, 0.676831, 0.676831, 0.676831, 0.676831, 0.676831, 0.676831, 0.676831, 0.676831, 0.676831, 0.676831, 0.676831, 0.676831, 0.676831, 0.676831, 0.676831, 0.676831, 0.676831, 0.676831, 0.676831, 0.676831, 0.676831, 
1, 1, 0.999998, 0.999962, 0.999904, 0.999819, 0.999706, 0.999563, 0.999389, 0.999182, 0.998939, 0.998658, 0.998337, 0.997974, 0.997565, 0.997109, 0.996601, 0.996039, 0.99542, 0.994739, 0.993993, 0.993178, 0.99229, 0.991324, 0.990274, 0.989137, 0.987906, 0.986577, 0.98514, 0.983594, 0.981924, 0.980137, 0.978244, 0.976232, 0.974094, 0.971823, 0.969411, 0.966847, 0.964124, 0.961231, 0.958157, 0.954891, 0.951422, 0.947736, 0.94382, 0.939659, 0.935239, 0.930543, 0.925554, 0.920254, 0.914623, 0.90864, 0.902284, 0.895532, 0.888358, 0.880736, 0.872638, 0.864036, 0.854896, 0.845188, 0.834868, 0.823916, 0.812255, 0.799919, 0.786707, 0.772884, 0.75777, 0.742566, 0.724726, 0.709084, 0.68602, 0.673929, 0.67794, 0.676476, 0.676944, 0.676795, 0.676842, 0.676827, 0.676832, 0.67683, 0.676831, 0.676831, 0.676831, 0.676831, 0.676831, 0.676831, 0.676831, 0.676831, 0.676831, 0.676831, 0.676831, 0.676831, 0.676831, 0.676831, 0.676831, 0.676831, 0.676831, 0.676831, 0.676831, 0.676831, 
1, 1, 0.999998, 0.999962, 0.999904, 0.999819, 0.999706, 0.999563, 0.999389, 0.999182, 0.998939, 0.998658, 0.998337, 0.997974, 0.997565, 0.997109, 0.996601, 0.996039, 0.99542, 0.994739, 0.993993, 0.993178, 0.99229, 0.991324, 0.990274, 0.989137, 0.987906, 0.986577, 0.98514, 0.983594, 0.981924, 0.980137, 0.978244, 0.976232, 0.974094, 0.971823, 0.969411, 0.966847, 0.964124, 0.961231, 0.958157, 0.954891, 0.951422, 0.947736, 0.94382, 0.939659, 0.935239, 0.930543, 0.925554, 0.920254, 0.914623, 0.90864, 0.902284, 0.895532, 0.888358, 0.880736, 0.872638, 0.864036, 0.854895, 0.845187, 0.834867, 0.823916, 0.812255, 0.799919, 0.786707, 0.772884, 0.75777, 0.742566, 0.724726, 0.709083, 0.68602, 0.673928, 0.67794, 0.676476, 0.676944, 0.676794, 0.676841, 0.676827, 0.676831, 0.67683, 0.67683, 0.67683, 0.67683, 0.67683, 0.67683, 0.67683, 0.67683, 0.67683, 0.67683, 0.67683, 0.67683, 0.67683, 0.67683, 0.67683, 0.67683, 0.67683, 0.67683, 0.67683, 0.67683, 0.67683, 
1, 1, 0.999998, 0.999962, 0.999904, 0.999819, 0.999706, 0.999563, 0.999389, 0.999182, 0.998939, 0.998658, 0.998337, 0.997974, 0.997565, 0.997109, 0.996601, 0.996039, 0.99542, 0.994739, 0.993993, 0.993178, 0.99229, 0.991324, 0.990274, 0.989137, 0.987906, 0.986577, 0.98514, 0.983594, 0.981924, 0.980137, 0.978244, 0.976232, 0.974094, 0.971823, 0.96941, 0.966847, 0.964124, 0.96123, 0.958157, 0.954891, 0.951422, 0.947735, 0.943819, 0.939659, 0.935239, 0.930543, 0.925554, 0.920254, 0.914623, 0.90864, 0.902284, 0.895531, 0.888357, 0.880736, 0.872638, 0.864036, 0.854895, 0.845187, 0.834867, 0.823915, 0.812255, 0.799918, 0.786706, 0.772883, 0.75777, 0.742565, 0.724725, 0.709083, 0.686019, 0.673928, 0.677939, 0.676475, 0.676943, 0.676794, 0.676841, 0.676826, 0.676831, 0.676829, 0.67683, 0.67683, 0.67683, 0.67683, 0.67683, 0.67683, 0.67683, 0.67683, 0.67683, 0.67683, 0.67683, 0.67683, 0.67683, 0.67683, 0.67683, 0.67683, 0.67683, 0.67683, 0.67683, 0.67683, 
1, 1, 0.999998, 0.999962, 0.999904, 0.999819, 0.999706, 0.999563, 0.999389, 0.999182, 0.998939, 0.998658, 0.998337, 0.997974, 0.997565, 0.997109, 0.996601, 0.996039, 0.99542, 0.994739, 0.993993, 0.993178, 0.99229, 0.991324, 0.990274, 0.989137, 0.987906, 0.986577, 0.98514, 0.983594, 0.981924, 0.980137, 0.978244, 0.976232, 0.974094, 0.971823, 0.96941, 0.966847, 0.964124, 0.96123, 0.958157, 0.954891, 0.951421, 0.947735, 0.943819, 0.939659, 0.935239, 0.930543, 0.925554, 0.920254, 0.914622, 0.90864, 0.902284, 0.895531, 0.888357, 0.880735, 0.872638, 0.864035, 0.854895, 0.845187, 0.834867, 0.823915, 0.812254, 0.799918, 0.786706, 0.772883, 0.757769, 0.742565, 0.724725, 0.709083, 0.686019, 0.673928, 0.677939, 0.676475, 0.676943, 0.676793, 0.676841, 0.676826, 0.67683, 0.676829, 0.676829, 0.676829, 0.676829, 0.676829, 0.676829, 0.676829, 0.676829, 0.676829, 0.676829, 0.676829, 0.676829, 0.676829, 0.676829, 0.676829, 0.676829, 0.676829, 0.676829, 0.676829, 0.676829, 0.676829, 
1, 1, 0.999998, 0.999962, 0.999904, 0.999819, 0.999706, 0.999563, 0.999389, 0.999182, 0.998939, 0.998658, 0.998337, 0.997974, 0.997565, 0.997109, 0.996601, 0.996039, 0.99542, 0.994739, 0.993993, 0.993178, 0.99229, 0.991324, 0.990274, 0.989137, 0.987906, 0.986577, 0.98514, 0.983594, 0.981924, 0.980137, 0.978244, 0.976232, 0.974094, 0.971823, 0.96941, 0.966847, 0.964124, 0.96123, 0.958156, 0.954891, 0.951421, 0.947735, 0.943819, 0.939659, 0.935239, 0.930543, 0.925554, 0.920253, 0.914622, 0.90864, 0.902284, 0.895531, 0.888357, 0.880735, 0.872638, 0.864035, 0.854895, 0.845186, 0.834866, 0.823915, 0.812254, 0.799918, 0.786706, 0.772883, 0.757769, 0.742565, 0.724725, 0.709082, 0.686018, 0.673927, 0.677938, 0.676474, 0.676943, 0.676793, 0.67684, 0.676825, 0.67683, 0.676828, 0.676829, 0.676829, 0.676829, 0.676829, 0.676829, 0.676829, 0.676829, 0.676829, 0.676829, 0.676829, 0.676829, 0.676829, 0.676829, 0.676829, 0.676829, 0.676829, 0.676829, 0.676829, 0.676829, 0.676829, 
1, 1, 0.999998, 0.999962, 0.999904, 0.999819, 0.999706, 0.999563, 0.999389, 0.999182, 0.998939, 0.998658, 0.998337, 0.997974, 0.997565, 0.997109, 0.996601, 0.996039, 0.99542, 0.994739, 0.993993, 0.993178, 0.99229, 0.991324, 0.990274, 0.989137, 0.987906, 0.986576, 0.98514, 0.983594, 0.981924, 0.980137, 0.978244, 0.976232, 0.974094, 0.971823, 0.96941, 0.966847, 0.964124, 0.96123, 0.958156, 0.954891, 0.951421, 0.947735, 0.943819, 0.939659, 0.935239, 0.930543, 0.925554, 0.920253, 0.914622, 0.908639, 0.902283, 0.895531, 0.888357, 0.880735, 0.872637, 0.864035, 0.854894, 0.845186, 0.834866, 0.823914, 0.812254, 0.799917, 0.786705, 0.772882, 0.757769, 0.742564, 0.724724, 0.709082, 0.686018, 0.673927, 0.677938, 0.676474, 0.676942, 0.676792, 0.67684, 0.676825, 0.67683, 0.676828, 0.676829, 0.676828, 0.676828, 0.676828, 0.676828, 0.676828, 0.676828, 0.676828, 0.676828, 0.676828, 0.676828, 0.676828, 0.676828, 0.676828, 0.676828, 0.676828, 0.676828, 0.676828, 0.676828, 0.676828, 
1, 1, 0.999998, 0.999962, 0.999904, 0.999819, 0.999706, 0.999563, 0.999389, 0.999182, 0.998939, 0.998658, 0.998337, 0.997974, 0.997565, 0.997109, 0.996601, 0.996039, 0.99542, 0.994739, 0.993993, 0.993178, 0.99229, 0.991323, 0.990274, 0.989137, 0.987906, 0.986576, 0.98514, 0.983594, 0.981924, 0.980137, 0.978244, 0.976232, 0.974094, 0.971823, 0.96941, 0.966847, 0.964123, 0.96123, 0.958156, 0.954891, 0.951421, 0.947735, 0.943819, 0.939659, 0.935238, 0.930542, 0.925553, 0.920253, 0.914622, 0.908639, 0.902283, 0.895531, 0.888357, 0.880735, 0.872637, 0.864035, 0.854894, 0.845186, 0.834866, 0.823914, 0.812253, 0.799917, 0.786705, 0.772882, 0.757768, 0.742564, 0.724724, 0.709081, 0.686018, 0.673926, 0.677938, 0.676473, 0.676942, 0.676792, 0.676839, 0.676824, 0.676829, 0.676828, 0.676828, 0.676828, 0.676828, 0.676828, 0.676828, 0.676828, 0.676828, 0.676828, 0.676828, 0.676828, 0.676828, 0.676828, 0.676828, 0.676828, 0.676828, 0.676828, 0.676828, 0.676828, 0.676828, 0.676828, 
1, 1, 0.999998, 0.999962, 0.999904, 0.999819, 0.999706, 0.999563, 0.999389, 0.999182, 0.998939, 0.998658, 0.998337, 0.997974, 0.997565, 0.997109, 0.996601, 0.996039, 0.99542, 0.994739, 0.993993, 0.993178, 0.99229, 0.991323, 0.990274, 0.989137, 0.987906, 0.986576, 0.98514, 0.983594, 0.981924, 0.980137, 0.978244, 0.976232, 0.974094, 0.971823, 0.96941, 0.966847, 0.964123, 0.96123, 0.958156, 0.954891, 0.951421, 0.947735, 0.943819, 0.939658, 0.935238, 0.930542, 0.925553, 0.920253, 0.914622, 0.908639, 0.902283, 0.895531, 0.888356, 0.880735, 0.872637, 0.864035, 0.854894, 0.845186, 0.834866, 0.823914, 0.812253, 0.799917, 0.786705, 0.772882, 0.757768, 0.742563, 0.724724, 0.709081, 0.686017, 0.673926, 0.677937, 0.676473, 0.676941, 0.676792, 0.676839, 0.676824, 0.676829, 0.676827, 0.676828, 0.676828, 0.676828, 0.676828, 0.676828, 0.676828, 0.676828, 0.676828, 0.676828, 0.676828, 0.676828, 0.676828, 0.676828, 0.676828, 0.676828, 0.676828, 0.676828, 0.676828, 0.676828, 0.676828, 
1, 1, 0.999998, 0.999962, 0.999904, 0.999819, 0.999706, 0.999563, 0.999389, 0.999182, 0.998939, 0.998658, 0.998337, 0.997974, 0.997565, 0.997109, 0.996601, 0.996039, 0.99542, 0.994739, 0.993993, 0.993178, 0.99229, 0.991323, 0.990274, 0.989137, 0.987906, 0.986576, 0.98514, 0.983594, 0.981924, 0.980137, 0.978244, 0.976232, 0.974094, 0.971823, 0.96941, 0.966847, 0.964123, 0.96123, 0.958156, 0.95489, 0.951421, 0.947735, 0.943819, 0.939658, 0.935238, 0.930542, 0.925553, 0.920253, 0.914622, 0.908639, 0.902283, 0.89553, 0.888356, 0.880734, 0.872637, 0.864034, 0.854894, 0.845186, 0.834865, 0.823914, 0.812253, 0.799917, 0.786705, 0.772881, 0.757768, 0.742563, 0.724723, 0.709081, 0.686017, 0.673925, 0.677937, 0.676473, 0.676941, 0.676791, 0.676839, 0.676824, 0.676828, 0.676827, 0.676827, 0.676827, 0.676827, 0.676827, 0.676827, 0.676827, 0.676827, 0.676827, 0.676827, 0.676827, 0.676827, 0.676827, 0.676827, 0.676827, 0.676827, 0.676827, 0.676827, 0.676827, 0.676827, 0.676827, 
1, 1, 0.999998, 0.999962, 0.999904, 0.999819, 0.999706, 0.999563, 0.999389, 0.999182, 0.998939, 0.998658, 0.998337, 0.997974, 0.997565, 0.997109, 0.996601, 0.996039, 0.99542, 0.994739, 0.993993, 0.993178, 0.99229, 0.991323, 0.990274, 0.989137, 0.987906, 0.986576, 0.98514, 0.983594, 0.981924, 0.980137, 0.978244, 0.976232, 0.974094, 0.971823, 0.96941, 0.966847, 0.964123, 0.96123, 0.958156, 0.95489, 0.951421, 0.947735, 0.943819, 0.939658, 0.935238, 0.930542, 0.925553, 0.920253, 0.914621, 0.908639, 0.902283, 0.89553, 0.888356, 0.880734, 0.872637, 0.864034, 0.854894, 0.845185, 0.834865, 0.823913, 0.812253, 0.799916, 0.786704, 0.772881, 0.757767, 0.742563, 0.724723, 0.70908, 0.686016, 0.673925, 0.677936, 0.676472, 0.676941, 0.676791, 0.676838, 0.676823, 0.676828, 0.676826, 0.676827, 0.676827, 0.676827, 0.676827, 0.676827, 0.676827, 0.676827, 0.676827, 0.676827, 0.676827, 0.676827, 0.676827, 0.676827, 0.676827, 0.676827, 0.676827, 0.676827, 0.676827, 0.676827, 0.676827, 
1, 1, 0.999998, 0.999962, 0.999904, 0.999819, 0.999706, 0.999563, 0.999389, 0.999182, 0.998939, 0.998658, 0.998337, 0.997974, 0.997565, 0.997109, 0.996601, 0.996039, 0.99542, 0.994739, 0.993993, 0.993178, 0.99229, 0.991323, 0.990274, 0.989137, 0.987906, 0.986576, 0.98514, 0.983594, 0.981923, 0.980137, 0.978244, 0.976231, 0.974094, 0.971823, 0.96941, 0.966847, 0.964123, 0.96123, 0.958156, 0.95489, 0.951421, 0.947735, 0.943819, 0.939658, 0.935238, 0.930542, 0.925553, 0.920253, 0.914621, 0.908639, 0.902283, 0.89553, 0.888356, 0.880734, 0.872636, 0.864034, 0.854893, 0.845185, 0.834865, 0.823913, 0.812252, 0.799916, 0.786704, 0.772881, 0.757767, 0.742562, 0.724723, 0.70908, 0.686016, 0.673925, 0.677936, 0.676472, 0.67694, 0.67679, 0.676838, 0.676823, 0.676828, 0.676826, 0.676827, 0.676826, 0.676826, 0.676826, 0.676826, 0.676826, 0.676826, 0.676826, 0.676826, 0.676826, 0.676826, 0.676826, 0.676826, 0.676826, 0.676826, 0.676826, 0.676826, 0.676826, 0.676826, 0.676826, 
1, 1, 0.999998, 0.999962, 0.999904, 0.999819, 0.999706, 0.999563, 0.999389, 0.999182, 0.998939, 0.998658, 0.998337, 0.997974, 0.997565, 0.997109, 0.996601, 0.996039, 0.99542, 0.994739, 0.993993, 0.993178, 0.99229, 0.991323, 0.990274, 0.989137, 0.987906, 0.986576, 0.98514, 0.983594, 0.981923, 0.980137, 0.978244, 0.976231, 0.974094, 0.971823, 0.96941, 0.966847, 0.964123, 0.96123, 0.958156, 0.95489, 0.951421, 0.947735, 0.943819, 0.939658, 0.935238, 0.930542, 0.925553, 0.920252, 0.914621, 0.908639, 0.902283, 0.89553, 0.888356, 0.880734, 0.872636, 0.864034, 0.854893, 0.845185, 0.834865, 0.823913, 0.812252, 0.799916, 0.786704, 0.77288, 0.757767, 0.742562, 0.724722, 0.70908, 0.686016, 0.673924, 0.677936, 0.676472, 0.67694, 0.67679, 0.676837, 0.676822, 0.676827, 0.676826, 0.676826, 0.676826, 0.676826, 0.676826, 0.676826, 0.676826, 0.676826, 0.676826, 0.676826, 0.676826, 0.676826, 0.676826, 0.676826, 0.676826, 0.676826, 0.676826, 0.676826, 0.676826, 0.676826, 0.676826, 
1, 1, 0.999998, 0.999962, 0.999904, 0.999819, 0.999706, 0.999563, 0.999389, 0.999182, 0.998939, 0.998658, 0.998337, 0.997974, 0.997565, 0.997109, 0.996601, 0.996039, 0.995419, 0.994739, 0.993993, 0.993178, 0.99229, 0.991323, 0.990274, 0.989137, 0.987906, 0.986576, 0.98514, 0.983594, 0.981923, 0.980137, 0.978244, 0.976231, 0.974094, 0.971823, 0.96941, 0.966846, 0.964123, 0.96123, 0.958156, 0.95489, 0.951421, 0.947735, 0.943818, 0.939658, 0.935238, 0.930542, 0.925553, 0.920252, 0.914621, 0.908638, 0.902282, 0.89553, 0.888356, 0.880734, 0.872636, 0.864034, 0.854893, 0.845185, 0.834864, 0.823913, 0.812252, 0.799915, 0.786703, 0.77288, 0.757766, 0.742562, 0.724722, 0.709079, 0.686015, 0.673924, 0.677935, 0.676471, 0.676939, 0.67679, 0.676837, 0.676822, 0.676827, 0.676825, 0.676826, 0.676826, 0.676826, 0.676826, 0.676826, 0.676826, 0.676826, 0.676826, 0.676826, 0.676826, 0.676826, 0.676826, 0.676826, 0.676826, 0.676826, 0.676826, 0.676826, 0.676826, 0.676826, 0.676826, 
1, 1, 0.999998, 0.999962, 0.999904, 0.999819, 0.999706, 0.999563, 0.999389, 0.999182, 0.998939, 0.998658, 0.998337, 0.997974, 0.997565, 0.997109, 0.996601, 0.996039, 0.995419, 0.994739, 0.993993, 0.993178, 0.99229, 0.991323, 0.990274, 0.989137, 0.987906, 0.986576, 0.98514, 0.983593, 0.981923, 0.980136, 0.978244, 0.976231, 0.974094, 0.971823, 0.96941, 0.966846, 0.964123, 0.96123, 0.958156, 0.95489, 0.951421, 0.947734, 0.943818, 0.939658, 0.935238, 0.930542, 0.925553, 0.920252, 0.914621, 0.908638, 0.902282, 0.89553, 0.888355, 0.880734, 0.872636, 0.864033, 0.854893, 0.845184, 0.834864, 0.823912, 0.812252, 0.799915, 0.786703, 0.77288, 0.757766, 0.742562, 0.724722, 0.709079, 0.686015, 0.673924, 0.677935, 0.676471, 0.676939, 0.676789, 0.676837, 0.676822, 0.676826, 0.676825, 0.676825, 0.676825, 0.676825, 0.676825, 0.676825, 0.676825, 0.676825, 0.676825, 0.676825, 0.676825, 0.676825, 0.676825, 0.676825, 0.676825, 0.676825, 0.676825, 0.676825, 0.676825, 0.676825, 0.676825, 
1, 1, 0.999998, 0.999962, 0.999904, 0.999819, 0.999706, 0.999563, 0.999389, 0.999182, 0.998939, 0.998658, 0.998337, 0.997974, 0.997565, 0.997109, 0.996601, 0.996039, 0.995419, 0.994739, 0.993993, 0.993178, 0.99229, 0.991323, 0.990274, 0.989137, 0.987906, 0.986576, 0.98514, 0.983593, 0.981923, 0.980136, 0.978244, 0.976231, 0.974094, 0.971823, 0.96941, 0.966846, 0.964123, 0.96123, 0.958156, 0.95489, 0.95142, 0.947734, 0.943818, 0.939658, 0.935238, 0.930542, 0.925552, 0.920252, 0.914621, 0.908638, 0.902282, 0.895529, 0.888355, 0.880733, 0.872636, 0.864033, 0.854892, 0.845184, 0.834864, 0.823912, 0.812251, 0.799915, 0.786703, 0.77288, 0.757766, 0.742561, 0.724721, 0.709079, 0.686015, 0.673923, 0.677935, 0.67647, 0.676939, 0.676789, 0.676836, 0.676821, 0.676826, 0.676825, 0.676825, 0.676825, 0.676825, 0.676825, 0.676825, 0.676825, 0.676825, 0.676825, 0.676825, 0.676825, 0.676825, 0.676825, 0.676825, 0.676825, 0.676825, 0.676825, 0.676825, 0.676825, 0.676825, 0.676825, 
1, 1, 0.999998, 0.999962, 0.999904, 0.999819, 0.999706, 0.999563, 0.999389, 0.999182, 0.998939, 0.998658, 0.998337, 0.997974, 0.997565, 0.997109, 0.996601, 0.996039, 0.995419, 0.994739, 0.993993, 0.993178, 0.99229, 0.991323, 0.990274, 0.989137, 0.987906, 0.986576, 0.98514, 0.983593, 0.981923, 0.980136, 0.978244, 0.976231, 0.974094, 0.971823, 0.96941, 0.966846, 0.964123, 0.96123, 0.958156, 0.95489, 0.95142, 0.947734, 0.943818, 0.939658, 0.935238, 0.930541, 0.925552, 0.920252, 0.914621, 0.908638, 0.902282, 0.895529, 0.888355, 0.880733, 0.872635, 0.864033, 0.854892, 0.845184, 0.834864, 0.823912, 0.812251, 0.799915, 0.786703, 0.772879, 0.757765, 0.742561, 0.724721, 0.709078, 0.686014, 0.673923, 0.677934, 0.67647, 0.676938, 0.676789, 0.676836, 0.676821, 0.676826, 0.676824, 0.676825, 0.676825, 0.676825, 0.676825, 0.676825, 0.676825, 0.676825, 0.676825, 0.676825, 0.676825, 0.676825, 0.676825, 0.676825, 0.676825, 0.676825, 0.676825, 0.676825, 0.676825, 0.676825, 0.676825, 
1, 1, 0.999998, 0.999962, 0.999904, 0.999819, 0.999706, 0.999563, 0.999389, 0.999182, 0.998939, 0.998658, 0.998337, 0.997974, 0.997565, 0.997109, 0.996601, 0.996039, 0.995419, 0.994739, 0.993993, 0.993178, 0.99229, 0.991323, 0.990274, 0.989137, 0.987906, 0.986576, 0.98514, 0.983593, 0.981923, 0.980136, 0.978244, 0.976231, 0.974094, 0.971822, 0.96941, 0.966846, 0.964123, 0.96123, 0.958156, 0.95489, 0.95142, 0.947734, 0.943818, 0.939658, 0.935237, 0.930541, 0.925552, 0.920252, 0.914621, 0.908638, 0.902282, 0.895529, 0.888355, 0.880733, 0.872635, 0.864033, 0.854892, 0.845184, 0.834864, 0.823912, 0.812251, 0.799914, 0.786702, 0.772879, 0.757765, 0.742561, 0.724721, 0.709078, 0.686014, 0.673922, 0.677934, 0.67647, 0.676938, 0.676788, 0.676836, 0.676821, 0.676825, 0.676824, 0.676824, 0.676824, 0.676824, 0.676824, 0.676824, 0.676824, 0.676824, 0.676824, 0.676824, 0.676824, 0.676824, 0.676824, 0.676824, 0.676824, 0.676824, 0.676824, 0.676824, 0.676824, 0.676824, 0.676824, 
1, 1, 0.999998, 0.999962, 0.999904, 0.999819, 0.999706, 0.999563, 0.999389, 0.999182, 0.998939, 0.998658, 0.998337, 0.997974, 0.997565, 0.997109, 0.996601, 0.996039, 0.995419, 0.994739, 0.993993, 0.993178, 0.99229, 0.991323, 0.990274, 0.989137, 0.987906, 0.986576, 0.98514, 0.983593, 0.981923, 0.980136, 0.978244, 0.976231, 0.974094, 0.971822, 0.96941, 0.966846, 0.964123, 0.961229, 0.958156, 0.95489, 0.95142, 0.947734, 0.943818, 0.939657, 0.935237, 0.930541, 0.925552, 0.920252, 0.91462, 0.908638, 0.902282, 0.895529, 0.888355, 0.880733, 0.872635, 0.864033, 0.854892, 0.845184, 0.834863, 0.823912, 0.812251, 0.799914, 0.786702, 0.772879, 0.757765, 0.74256, 0.72472, 0.709078, 0.686014, 0.673922, 0.677934, 0.676469, 0.676938, 0.676788, 0.676835, 0.67682, 0.676825, 0.676824, 0.676824, 0.676824, 0.676824, 0.676824, 0.676824, 0.676824, 0.676824, 0.676824, 0.676824, 0.676824, 0.676824, 0.676824, 0.676824, 0.676824, 0.676824, 0.676824, 0.676824, 0.676824, 0.676824, 0.676824, 
1, 1, 0.999998, 0.999962, 0.999904, 0.999819, 0.999706, 0.999563, 0.999389, 0.999182, 0.998939, 0.998658, 0.998337, 0.997974, 0.997565, 0.997109, 0.996601, 0.996039, 0.995419, 0.994739, 0.993993, 0.993178, 0.99229, 0.991323, 0.990274, 0.989137, 0.987906, 0.986576, 0.98514, 0.983593, 0.981923, 0.980136, 0.978243, 0.976231, 0.974094, 0.971822, 0.96941, 0.966846, 0.964123, 0.961229, 0.958155, 0.95489, 0.95142, 0.947734, 0.943818, 0.939657, 0.935237, 0.930541, 0.925552, 0.920252, 0.91462, 0.908638, 0.902282, 0.895529, 0.888355, 0.880733, 0.872635, 0.864032, 0.854892, 0.845183, 0.834863, 0.823911, 0.812251, 0.799914, 0.786702, 0.772879, 0.757765, 0.74256, 0.72472, 0.709077, 0.686013, 0.673922, 0.677933, 0.676469, 0.676937, 0.676788, 0.676835, 0.67682, 0.676825, 0.676823, 0.676824, 0.676824, 0.676824, 0.676824, 0.676824, 0.676824, 0.676824, 0.676824, 0.676824, 0.676824, 0.676824, 0.676824, 0.676824, 0.676824, 0.676824, 0.676824, 0.676824, 0.676824, 0.676824, 0.676824, 
1, 1, 0.999998, 0.999962, 0.999904, 0.999819, 0.999706, 0.999563, 0.999389, 0.999182, 0.998939, 0.998658, 0.998337, 0.997974, 0.997565, 0.997109, 0.996601, 0.996039, 0.995419, 0.994739, 0.993993, 0.993178, 0.99229, 0.991323, 0.990274, 0.989137, 0.987906, 0.986576, 0.98514, 0.983593, 0.981923, 0.980136, 0.978243, 0.976231, 0.974093, 0.971822, 0.96941, 0.966846, 0.964123, 0.961229, 0.958155, 0.95489, 0.95142, 0.947734, 0.943818, 0.939657, 0.935237, 0.930541, 0.925552, 0.920251, 0.91462, 0.908637, 0.902281, 0.895529, 0.888354, 0.880733, 0.872635, 0.864032, 0.854892, 0.845183, 0.834863, 0.823911, 0.81225, 0.799914, 0.786702, 0.772878, 0.757764, 0.74256, 0.72472, 0.709077, 0.686013, 0.673922, 0.677933, 0.676469, 0.676937, 0.676787, 0.676835, 0.67682, 0.676824, 0.676823, 0.676823, 0.676823, 0.676823, 0.676823, 0.676823, 0.676823, 0.676823, 0.676823, 0.676823, 0.676823, 0.676823, 0.676823, 0.676823, 0.676823, 0.676823, 0.676823, 0.676823, 0.676823, 0.676823, 0.676823, 
1, 1, 0.999998, 0.999962, 0.999904, 0.999819, 0.999706, 0.999563, 0.999389, 0.999182, 0.998939, 0.998658, 0.998337, 0.997974, 0.997565, 0.997109, 0.996601, 0.996039, 0.995419, 0.994739, 0.993993, 0.993178, 0.99229, 0.991323, 0.990274, 0.989137, 0.987906, 0.986576, 0.98514, 0.983593, 0.981923, 0.980136, 0.978243, 0.976231, 0.974093, 0.971822, 0.969409, 0.966846, 0.964123, 0.961229, 0.958155, 0.95489, 0.95142, 0.947734, 0.943818, 0.939657, 0.935237, 0.930541, 0.925552, 0.920251, 0.91462, 0.908637, 0.902281, 0.895529, 0.888354, 0.880732, 0.872635, 0.864032, 0.854891, 0.845183, 0.834863, 0.823911, 0.81225, 0.799914, 0.786701, 0.772878, 0.757764, 0.742559, 0.724719, 0.709077, 0.686013, 0.673921, 0.677933, 0.676468, 0.676937, 0.676787, 0.676834, 0.676819, 0.676824, 0.676823, 0.676823, 0.676823, 0.676823, 0.676823, 0.676823, 0.676823, 0.676823, 0.676823, 0.676823, 0.676823, 0.676823, 0.676823, 0.676823, 0.676823, 0.676823, 0.676823, 0.676823, 0.676823, 0.676823, 0.676823, 
1, 1, 0.999998, 0.999962, 0.999904, 0.999819, 0.999706, 0.999563, 0.999389, 0.999182, 0.998939, 0.998658, 0.998337, 0.997974, 0.997565, 0.997109, 0.996601, 0.996039, 0.995419, 0.994739, 0.993993, 0.993178, 0.99229, 0.991323, 0.990274, 0.989137, 0.987906, 0.986576, 0.98514, 0.983593, 0.981923, 0.980136, 0.978243, 0.976231, 0.974093, 0.971822, 0.969409, 0.966846, 0.964123, 0.961229, 0.958155, 0.95489, 0.95142, 0.947734, 0.943818, 0.939657, 0.935237, 0.930541, 0.925552, 0.920251, 0.91462, 0.908637, 0.902281, 0.895528, 0.888354, 0.880732, 0.872634, 0.864032, 0.854891, 0.845183, 0.834863, 0.823911, 0.81225, 0.799913, 0.786701, 0.772878, 0.757764, 0.742559, 0.724719, 0.709076, 0.686012, 0.673921, 0.677932, 0.676468, 0.676936, 0.676787, 0.676834, 0.676819, 0.676824, 0.676822, 0.676823, 0.676823, 0.676823, 0.676823, 0.676823, 0.676823, 0.676823, 0.676823, 0.676823, 0.676823, 0.676823, 0.676823, 0.676823, 0.676823, 0.676823, 0.676823, 0.676823, 0.676823, 0.676823, 0.676823, 
1, 1, 0.999998, 0.999962, 0.999904, 0.999819, 0.999706, 0.999563, 0.999389, 0.999182, 0.998939, 0.998658, 0.998337, 0.997974, 0.997565, 0.997109, 0.996601, 0.996039, 0.995419, 0.994739, 0.993993, 0.993178, 0.99229, 0.991323, 0.990274, 0.989137, 0.987906, 0.986576, 0.98514, 0.983593, 0.981923, 0.980136, 0.978243, 0.976231, 0.974093, 0.971822, 0.969409, 0.966846, 0.964123, 0.961229, 0.958155, 0.954889, 0.95142, 0.947734, 0.943818, 0.939657, 0.935237, 0.930541, 0.925552, 0.920251, 0.91462, 0.908637, 0.902281, 0.895528, 0.888354, 0.880732, 0.872634, 0.864032, 0.854891, 0.845183, 0.834862, 0.823911, 0.81225, 0.799913, 0.786701, 0.772878, 0.757764, 0.742559, 0.724719, 0.709076, 0.686012, 0.673921, 0.677932, 0.676468, 0.676936, 0.676786, 0.676834, 0.676819, 0.676823, 0.676822, 0.676822, 0.676822, 0.676822, 0.676822, 0.676822, 0.676822, 0.676822, 0.676822, 0.676822, 0.676822, 0.676822, 0.676822, 0.676822, 0.676822, 0.676822, 0.676822, 0.676822, 0.676822, 0.676822, 0.676822, 
1, 1, 0.999998, 0.999962, 0.999904, 0.999819, 0.999706, 0.999563, 0.999389, 0.999182, 0.998939, 0.998658, 0.998337, 0.997974, 0.997565, 0.997109, 0.996601, 0.996039, 0.995419, 0.994739, 0.993993, 0.993178, 0.99229, 0.991323, 0.990274, 0.989137, 0.987906, 0.986576, 0.98514, 0.983593, 0.981923, 0.980136, 0.978243, 0.976231, 0.974093, 0.971822, 0.969409, 0.966846, 0.964123, 0.961229, 0.958155, 0.954889, 0.95142, 0.947734, 0.943818, 0.939657, 0.935237, 0.930541, 0.925552, 0.920251, 0.91462, 0.908637, 0.902281, 0.895528, 0.888354, 0.880732, 0.872634, 0.864032, 0.854891, 0.845183, 0.834862, 0.82391, 0.812249, 0.799913, 0.786701, 0.772877, 0.757763, 0.742559, 0.724719, 0.709076, 0.686012, 0.67392, 0.677932, 0.676468, 0.676936, 0.676786, 0.676833, 0.676818, 0.676823, 0.676822, 0.676822, 0.676822, 0.676822, 0.676822, 0.676822, 0.676822, 0.676822, 0.676822, 0.676822, 0.676822, 0.676822, 0.676822, 0.676822, 0.676822, 0.676822, 0.676822, 0.676822, 0.676822, 0.676822, 0.676822, 
1, 1, 0.999998, 0.999962, 0.999904, 0.999819, 0.999706, 0.999563, 0.999389, 0.999182, 0.998939, 0.998658, 0.998337, 0.997974, 0.997565, 0.997109, 0.996601, 0.996039, 0.995419, 0.994739, 0.993993, 0.993178, 0.99229, 0.991323, 0.990274, 0.989137, 0.987906, 0.986576, 0.98514, 0.983593, 0.981923, 0.980136, 0.978243, 0.976231, 0.974093, 0.971822, 0.969409, 0.966846, 0.964122, 0.961229, 0.958155, 0.954889, 0.95142, 0.947734, 0.943817, 0.939657, 0.935237, 0.930541, 0.925551, 0.920251, 0.91462, 0.908637, 0.902281, 0.895528, 0.888354, 0.880732, 0.872634, 0.864032, 0.854891, 0.845182, 0.834862, 0.82391, 0.812249, 0.799913, 0.7867, 0.772877, 0.757763, 0.742558, 0.724718, 0.709076, 0.686011, 0.67392, 0.677931, 0.676467, 0.676936, 0.676786, 0.676833, 0.676818, 0.676823, 0.676821, 0.676822, 0.676822, 0.676822, 0.676822, 0.676822, 0.676822, 0.676822, 0.676822, 0.676822, 0.676822, 0.676822, 0.676822, 0.676822, 0.676822, 0.676822, 0.676822, 0.676822, 0.676822, 0.676822, 0.676822, 
1, 1, 0.999998, 0.999962, 0.999904, 0.999819, 0.999706, 0.999563, 0.999389, 0.999182, 0.998939, 0.998658, 0.998337, 0.997974, 0.997565, 0.997109, 0.996601, 0.996039, 0.995419, 0.994739, 0.993993, 0.993178, 0.99229, 0.991323, 0.990274, 0.989137, 0.987906, 0.986576, 0.98514, 0.983593, 0.981923, 0.980136, 0.978243, 0.976231, 0.974093, 0.971822, 0.969409, 0.966846, 0.964122, 0.961229, 0.958155, 0.954889, 0.95142, 0.947734, 0.943817, 0.939657, 0.935237, 0.930541, 0.925551, 0.920251, 0.91462, 0.908637, 0.902281, 0.895528, 0.888354, 0.880732, 0.872634, 0.864031, 0.854891, 0.845182, 0.834862, 0.82391, 0.812249, 0.799912, 0.7867, 0.772877, 0.757763, 0.742558, 0.724718, 0.709075, 0.686011, 0.67392, 0.677931, 0.676467, 0.676935, 0.676786, 0.676833, 0.676818, 0.676823, 0.676821, 0.676822, 0.676821, 0.676821, 0.676821, 0.676821, 0.676821, 0.676821, 0.676821, 0.676821, 0.676821, 0.676821, 0.676821, 0.676821, 0.676821, 0.676821, 0.676821, 0.676821, 0.676821, 0.676821, 0.676821, 
1, 1, 0.999998, 0.999962, 0.999904, 0.999819, 0.999706, 0.999563, 0.999389, 0.999181, 0.998939, 0.998658, 0.998337, 0.997974, 0.997565, 0.997109, 0.996601, 0.996039, 0.995419, 0.994739, 0.993993, 0.993178, 0.99229, 0.991323, 0.990274, 0.989137, 0.987906, 0.986576, 0.98514, 0.983593, 0.981923, 0.980136, 0.978243, 0.976231, 0.974093, 0.971822, 0.969409, 0.966846, 0.964122, 0.961229, 0.958155, 0.954889, 0.95142, 0.947734, 0.943817, 0.939657, 0.935237, 0.93054, 0.925551, 0.920251, 0.914619, 0.908637, 0.902281, 0.895528, 0.888353, 0.880732, 0.872634, 0.864031, 0.85489, 0.845182, 0.834862, 0.82391, 0.812249, 0.799912, 0.7867, 0.772877, 0.757763, 0.742558, 0.724718, 0.709075, 0.686011, 0.673919, 0.677931, 0.676467, 0.676935, 0.676785, 0.676833, 0.676818, 0.676822, 0.676821, 0.676821, 0.676821, 0.676821, 0.676821, 0.676821, 0.676821, 0.676821, 0.676821, 0.676821, 0.676821, 0.676821, 0.676821, 0.676821, 0.676821, 0.676821, 0.676821, 0.676821, 0.676821, 0.676821, 0.676821, 
1, 1, 0.999998, 0.999962, 0.999904, 0.999819, 0.999706, 0.999563, 0.999389, 0.999181, 0.998939, 0.998658, 0.998337, 0.997974, 0.997565, 0.997109, 0.996601, 0.996039, 0.995419, 0.994739, 0.993993, 0.993178, 0.992289, 0.991323, 0.990274, 0.989137, 0.987906, 0.986576, 0.98514, 0.983593, 0.981923, 0.980136, 0.978243, 0.976231, 0.974093, 0.971822, 0.969409, 0.966846, 0.964122, 0.961229, 0.958155, 0.954889, 0.95142, 0.947733, 0.943817, 0.939657, 0.935236, 0.93054, 0.925551, 0.920251, 0.914619, 0.908637, 0.90228, 0.895528, 0.888353, 0.880731, 0.872634, 0.864031, 0.85489, 0.845182, 0.834862, 0.82391, 0.812249, 0.799912, 0.7867, 0.772876, 0.757762, 0.742558, 0.724718, 0.709075, 0.686011, 0.673919, 0.677931, 0.676466, 0.676935, 0.676785, 0.676832, 0.676817, 0.676822, 0.676821, 0.676821, 0.676821, 0.676821, 0.676821, 0.676821, 0.676821, 0.676821, 0.676821, 0.676821, 0.676821, 0.676821, 0.676821, 0.676821, 0.676821, 0.676821, 0.676821, 0.676821, 0.676821, 0.676821, 0.676821, 
1, 1, 0.999998, 0.999962, 0.999904, 0.999819, 0.999706, 0.999563, 0.999389, 0.999181, 0.998939, 0.998658, 0.998337, 0.997974, 0.997565, 0.997109, 0.996601, 0.996039, 0.995419, 0.994739, 0.993993, 0.993178, 0.992289, 0.991323, 0.990274, 0.989137, 0.987906, 0.986576, 0.98514, 0.983593, 0.981923, 0.980136, 0.978243, 0.976231, 0.974093, 0.971822, 0.969409, 0.966846, 0.964122, 0.961229, 0.958155, 0.954889, 0.95142, 0.947733, 0.943817, 0.939657, 0.935236, 0.93054, 0.925551, 0.920251, 0.914619, 0.908636, 0.90228, 0.895528, 0.888353, 0.880731, 0.872633, 0.864031, 0.85489, 0.845182, 0.834861, 0.823909, 0.812248, 0.799912, 0.7867, 0.772876, 0.757762, 0.742557, 0.724717, 0.709074, 0.68601, 0.673919, 0.67793, 0.676466, 0.676934, 0.676785, 0.676832, 0.676817, 0.676822, 0.67682, 0.676821, 0.676821, 0.676821, 0.676821, 0.676821, 0.676821, 0.676821, 0.676821, 0.676821, 0.676821, 0.676821, 0.676821, 0.676821, 0.676821, 0.676821, 0.676821, 0.676821, 0.676821, 0.676821, 0.676821, 
1, 1, 0.999998, 0.999962, 0.999904, 0.999819, 0.999706, 0.999563, 0.999389, 0.999181, 0.998939, 0.998658, 0.998337, 0.997974, 0.997565, 0.997109, 0.996601, 0.996039, 0.995419, 0.994739, 0.993993, 0.993178, 0.992289, 0.991323, 0.990274, 0.989137, 0.987906, 0.986576, 0.98514, 0.983593, 0.981923, 0.980136, 0.978243, 0.976231, 0.974093, 0.971822, 0.969409, 0.966846, 0.964122, 0.961229, 0.958155, 0.954889, 0.951419, 0.947733, 0.943817, 0.939657, 0.935236, 0.93054, 0.925551, 0.92025, 0.914619, 0.908636, 0.90228, 0.895527, 0.888353, 0.880731, 0.872633, 0.864031, 0.85489, 0.845182, 0.834861, 0.823909, 0.812248, 0.799912, 0.786699, 0.772876, 0.757762, 0.742557, 0.724717, 0.709074, 0.68601, 0.673919, 0.67793, 0.676466, 0.676934, 0.676784, 0.676832, 0.676817, 0.676821, 0.67682, 0.67682, 0.67682, 0.67682, 0.67682, 0.67682, 0.67682, 0.67682, 0.67682, 0.67682, 0.67682, 0.67682, 0.67682, 0.67682, 0.67682, 0.67682, 0.67682, 0.67682, 0.67682, 0.67682, 0.67682, 
1, 1, 0.999998, 0.999962, 0.999904, 0.999819, 0.999706, 0.999563, 0.999389, 0.999181, 0.998939, 0.998658, 0.998337, 0.997974, 0.997565, 0.997109, 0.996601, 0.996039, 0.995419, 0.994739, 0.993993, 0.993178, 0.992289, 0.991323, 0.990274, 0.989137, 0.987906, 0.986576, 0.98514, 0.983593, 0.981923, 0.980136, 0.978243, 0.976231, 0.974093, 0.971822, 0.969409, 0.966846, 0.964122, 0.961229, 0.958155, 0.954889, 0.951419, 0.947733, 0.943817, 0.939656, 0.935236, 0.93054, 0.925551, 0.92025, 0.914619, 0.908636, 0.90228, 0.895527, 0.888353, 0.880731, 0.872633, 0.864031, 0.85489, 0.845181, 0.834861, 0.823909, 0.812248, 0.799911, 0.786699, 0.772876, 0.757762, 0.742557, 0.724717, 0.709074, 0.68601, 0.673918, 0.67793, 0.676466, 0.676934, 0.676784, 0.676831, 0.676817, 0.676821, 0.67682, 0.67682, 0.67682, 0.67682, 0.67682, 0.67682, 0.67682, 0.67682, 0.67682, 0.67682, 0.67682, 0.67682, 0.67682, 0.67682, 0.67682, 0.67682, 0.67682, 0.67682, 0.67682, 0.67682, 0.67682, 
1, 1, 0.999998, 0.999962, 0.999904, 0.999819, 0.999706, 0.999563, 0.999389, 0.999181, 0.998939, 0.998658, 0.998337, 0.997974, 0.997565, 0.997109, 0.996601, 0.996039, 0.995419, 0.994739, 0.993993, 0.993178, 0.992289, 0.991323, 0.990274, 0.989137, 0.987906, 0.986576, 0.98514, 0.983593, 0.981923, 0.980136, 0.978243, 0.976231, 0.974093, 0.971822, 0.969409, 0.966846, 0.964122, 0.961229, 0.958155, 0.954889, 0.951419, 0.947733, 0.943817, 0.939656, 0.935236, 0.93054, 0.925551, 0.92025, 0.914619, 0.908636, 0.90228, 0.895527, 0.888353, 0.880731, 0.872633, 0.86403, 0.85489, 0.845181, 0.834861, 0.823909, 0.812248, 0.799911, 0.786699, 0.772876, 0.757761, 0.742557, 0.724717, 0.709074, 0.68601, 0.673918, 0.677929, 0.676465, 0.676934, 0.676784, 0.676831, 0.676816, 0.676821, 0.676819, 0.67682, 0.67682, 0.67682, 0.67682, 0.67682, 0.67682, 0.67682, 0.67682, 0.67682, 0.67682, 0.67682, 0.67682, 0.67682, 0.67682, 0.67682, 0.67682, 0.67682, 0.67682, 0.67682, 0.67682, 
1, 1, 0.999998, 0.999962, 0.999904, 0.999819, 0.999706, 0.999563, 0.999389, 0.999181, 0.998939, 0.998658, 0.998337, 0.997974, 0.997565, 0.997109, 0.996601, 0.996039, 0.995419, 0.994739, 0.993993, 0.993178, 0.992289, 0.991323, 0.990274, 0.989137, 0.987906, 0.986576, 0.985139, 0.983593, 0.981923, 0.980136, 0.978243, 0.976231, 0.974093, 0.971822, 0.969409, 0.966846, 0.964122, 0.961229, 0.958155, 0.954889, 0.951419, 0.947733, 0.943817, 0.939656, 0.935236, 0.93054, 0.925551, 0.92025, 0.914619, 0.908636, 0.90228, 0.895527, 0.888353, 0.880731, 0.872633, 0.86403, 0.854889, 0.845181, 0.834861, 0.823909, 0.812248, 0.799911, 0.786699, 0.772875, 0.757761, 0.742557, 0.724716, 0.709074, 0.686009, 0.673918, 0.677929, 0.676465, 0.676933, 0.676784, 0.676831, 0.676816, 0.676821, 0.676819, 0.67682, 0.67682, 0.67682, 0.67682, 0.67682, 0.67682, 0.67682, 0.67682, 0.67682, 0.67682, 0.67682, 0.67682, 0.67682, 0.67682, 0.67682, 0.67682, 0.67682, 0.67682, 0.67682, 0.67682, 
1, 1, 0.999998, 0.999962, 0.999904, 0.999819, 0.999706, 0.999563, 0.999389, 0.999181, 0.998939, 0.998658, 0.998337, 0.997974, 0.997565, 0.997109, 0.996601, 0.996039, 0.995419, 0.994739, 0.993993, 0.993178, 0.992289, 0.991323, 0.990274, 0.989137, 0.987906, 0.986576, 0.985139, 0.983593, 0.981923, 0.980136, 0.978243, 0.976231, 0.974093, 0.971822, 0.969409, 0.966845, 0.964122, 0.961229, 0.958155, 0.954889, 0.951419, 0.947733, 0.943817, 0.939656, 0.935236, 0.93054, 0.925551, 0.92025, 0.914619, 0.908636, 0.90228, 0.895527, 0.888353, 0.880731, 0.872633, 0.86403, 0.854889, 0.845181, 0.834861, 0.823909, 0.812248, 0.799911, 0.786699, 0.772875, 0.757761, 0.742556, 0.724716, 0.709073, 0.686009, 0.673918, 0.677929, 0.676465, 0.676933, 0.676783, 0.676831, 0.676816, 0.67682, 0.676819, 0.676819, 0.676819, 0.676819, 0.676819, 0.676819, 0.676819, 0.676819, 0.676819, 0.676819, 0.676819, 0.676819, 0.676819, 0.676819, 0.676819, 0.676819, 0.676819, 0.676819, 0.676819, 0.676819, 0.676819, 
1, 1, 0.999998, 0.999962, 0.999904, 0.999819, 0.999706, 0.999563, 0.999389, 0.999181, 0.998939, 0.998658, 0.998337, 0.997974, 0.997565, 0.997109, 0.996601, 0.996039, 0.995419, 0.994739, 0.993993, 0.993178, 0.992289, 0.991323, 0.990274, 0.989137, 0.987906, 0.986576, 0.985139, 0.983593, 0.981923, 0.980136, 0.978243, 0.976231, 0.974093, 0.971822, 0.969409, 0.966845, 0.964122, 0.961229, 0.958155, 0.954889, 0.951419, 0.947733, 0.943817, 0.939656, 0.935236, 0.93054, 0.925551, 0.92025, 0.914619, 0.908636, 0.90228, 0.895527, 0.888353, 0.880731, 0.872633, 0.86403, 0.854889, 0.845181, 0.83486, 0.823908, 0.812247, 0.799911, 0.786698, 0.772875, 0.757761, 0.742556, 0.724716, 0.709073, 0.686009, 0.673917, 0.677929, 0.676465, 0.676933, 0.676783, 0.67683, 0.676816, 0.67682, 0.676819, 0.676819, 0.676819, 0.676819, 0.676819, 0.676819, 0.676819, 0.676819, 0.676819, 0.676819, 0.676819, 0.676819, 0.676819, 0.676819, 0.676819, 0.676819, 0.676819, 0.676819, 0.676819, 0.676819, 0.676819, 
1, 1, 0.999998, 0.999962, 0.999904, 0.999819, 0.999706, 0.999563, 0.999389, 0.999181, 0.998939, 0.998658, 0.998337, 0.997974, 0.997565, 0.997109, 0.996601, 0.996039, 0.995419, 0.994739, 0.993993, 0.993178, 0.992289, 0.991323, 0.990274, 0.989137, 0.987906, 0.986576, 0.985139, 0.983593, 0.981923, 0.980136, 0.978243, 0.976231, 0.974093, 0.971822, 0.969409, 0.966845, 0.964122, 0.961229, 0.958155, 0.954889, 0.951419, 0.947733, 0.943817, 0.939656, 0.935236, 0.93054, 0.925551, 0.92025, 0.914619, 0.908636, 0.90228, 0.895527, 0.888352, 0.88073, 0.872633, 0.86403, 0.854889, 0.845181, 0.83486, 0.823908, 0.812247, 0.799911, 0.786698, 0.772875, 0.757761, 0.742556, 0.724716, 0.709073, 0.686009, 0.673917, 0.677928, 0.676464, 0.676933, 0.676783, 0.67683, 0.676815, 0.67682, 0.676818, 0.676819, 0.676819, 0.676819, 0.676819, 0.676819, 0.676819, 0.676819, 0.676819, 0.676819, 0.676819, 0.676819, 0.676819, 0.676819, 0.676819, 0.676819, 0.676819, 0.676819, 0.676819, 0.676819, 0.676819, 
1, 1, 0.999998, 0.999962, 0.999904, 0.999819, 0.999706, 0.999563, 0.999389, 0.999181, 0.998939, 0.998658, 0.998337, 0.997974, 0.997565, 0.997109, 0.996601, 0.996039, 0.995419, 0.994739, 0.993993, 0.993178, 0.992289, 0.991323, 0.990274, 0.989137, 0.987906, 0.986576, 0.985139, 0.983593, 0.981923, 0.980136, 0.978243, 0.976231, 0.974093, 0.971822, 0.969409, 0.966845, 0.964122, 0.961229, 0.958155, 0.954889, 0.951419, 0.947733, 0.943817, 0.939656, 0.935236, 0.93054, 0.92555, 0.92025, 0.914619, 0.908636, 0.90228, 0.895527, 0.888352, 0.88073, 0.872632, 0.86403, 0.854889, 0.84518, 0.83486, 0.823908, 0.812247, 0.79991, 0.786698, 0.772875, 0.75776, 0.742556, 0.724715, 0.709073, 0.686008, 0.673917, 0.677928, 0.676464, 0.676932, 0.676783, 0.67683, 0.676815, 0.67682, 0.676818, 0.676819, 0.676819, 0.676819, 0.676819, 0.676819, 0.676819, 0.676819, 0.676819, 0.676819, 0.676819, 0.676819, 0.676819, 0.676819, 0.676819, 0.676819, 0.676819, 0.676819, 0.676819, 0.676819, 0.676819, 
1, 1, 0.999998, 0.999962, 0.999904, 0.999819, 0.999706, 0.999563, 0.999389, 0.999181, 0.998939, 0.998658, 0.998337, 0.997974, 0.997565, 0.997109, 0.996601, 0.996039, 0.995419, 0.994739, 0.993993, 0.993178, 0.992289, 0.991323, 0.990274, 0.989137, 0.987906, 0.986576, 0.985139, 0.983593, 0.981923, 0.980136, 0.978243, 0.976231, 0.974093, 0.971822, 0.969409, 0.966845, 0.964122, 0.961228, 0.958154, 0.954889, 0.951419, 0.947733, 0.943817, 0.939656, 0.935236, 0.93054, 0.92555, 0.92025, 0.914618, 0.908636, 0.902279, 0.895527, 0.888352, 0.88073, 0.872632, 0.86403, 0.854889, 0.84518, 0.83486, 0.823908, 0.812247, 0.79991, 0.786698, 0.772874, 0.75776, 0.742556, 0.724715, 0.709072, 0.686008, 0.673917, 0.677928, 0.676464, 0.676932, 0.676782, 0.67683, 0.676815, 0.67682, 0.676818, 0.676818, 0.676818, 0.676818, 0.676818, 0.676818, 0.676818, 0.676818, 0.676818, 0.676818, 0.676818, 0.676818, 0.676818, 0.676818, 0.676818, 0.676818, 0.676818, 0.676818, 0.676818, 0.676818, 0.676818, 
1, 1, 0.999998, 0.999962, 0.999904, 0.999819, 0.999706, 0.999563, 0.999389, 0.999181, 0.998939, 0.998658, 0.998337, 0.997974, 0.997565, 0.997108, 0.996601, 0.996039, 0.995419, 0.994739, 0.993993, 0.993178, 0.992289, 0.991323, 0.990274, 0.989137, 0.987906, 0.986576, 0.985139, 0.983593, 0.981923, 0.980136, 0.978243, 0.976231, 0.974093, 0.971822, 0.969409, 0.966845, 0.964122, 0.961228, 0.958154, 0.954889, 0.951419, 0.947733, 0.943817, 0.939656, 0.935236, 0.93054, 0.92555, 0.92025, 0.914618, 0.908636, 0.902279, 0.895526, 0.888352, 0.88073, 0.872632, 0.86403, 0.854889, 0.84518, 0.83486, 0.823908, 0.812247, 0.79991, 0.786698, 0.772874, 0.75776, 0.742555, 0.724715, 0.709072, 0.686008, 0.673916, 0.677928, 0.676464, 0.676932, 0.676782, 0.676829, 0.676815, 0.676819, 0.676818, 0.676818, 0.676818, 0.676818, 0.676818, 0.676818, 0.676818, 0.676818, 0.676818, 0.676818, 0.676818, 0.676818, 0.676818, 0.676818, 0.676818, 0.676818, 0.676818, 0.676818, 0.676818, 0.676818, 0.676818, 
1, 1, 0.999998, 0.999962, 0.999904, 0.999819, 0.999706, 0.999563, 0.999389, 0.999181, 0.998939, 0.998658, 0.998337, 0.997974, 0.997565, 0.997108, 0.996601, 0.996039, 0.995419, 0.994739, 0.993993, 0.993178, 0.992289, 0.991323, 0.990274, 0.989137, 0.987906, 0.986576, 0.985139, 0.983593, 0.981923, 0.980136, 0.978243, 0.976231, 0.974093, 0.971822, 0.969409, 0.966845, 0.964122, 0.961228, 0.958154, 0.954889, 0.951419, 0.947733, 0.943817, 0.939656, 0.935236, 0.930539, 0.92555, 0.92025, 0.914618, 0.908635, 0.902279, 0.895526, 0.888352, 0.88073, 0.872632, 0.864029, 0.854889, 0.84518, 0.83486, 0.823908, 0.812247, 0.79991, 0.786698, 0.772874, 0.75776, 0.742555, 0.724715, 0.709072, 0.686008, 0.673916, 0.677928, 0.676463, 0.676932, 0.676782, 0.676829, 0.676814, 0.676819, 0.676818, 0.676818, 0.676818, 0.676818, 0.676818, 0.676818, 0.676818, 0.676818, 0.676818, 0.676818, 0.676818, 0.676818, 0.676818, 0.676818, 0.676818, 0.676818, 0.676818, 0.676818, 0.676818, 0.676818, 0.676818, 
1, 1, 0.999998, 0.999962, 0.999904, 0.999819, 0.999706, 0.999563, 0.999389, 0.999181, 0.998939, 0.998658, 0.998337, 0.997974, 0.997565, 0.997108, 0.996601, 0.996039, 0.995419, 0.994739, 0.993993, 0.993178, 0.992289, 0.991323, 0.990274, 0.989137, 0.987906, 0.986576, 0.985139, 0.983593, 0.981923, 0.980136, 0.978243, 0.976231, 0.974093, 0.971822, 0.969409, 0.966845, 0.964122, 0.961228, 0.958154, 0.954889, 0.951419, 0.947733, 0.943816, 0.939656, 0.935236, 0.930539, 0.92555, 0.92025, 0.914618, 0.908635, 0.902279, 0.895526, 0.888352, 0.88073, 0.872632, 0.864029, 0.854888, 0.84518, 0.83486, 0.823908, 0.812246, 0.79991, 0.786697, 0.772874, 0.75776, 0.742555, 0.724715, 0.709072, 0.686007, 0.673916, 0.677927, 0.676463, 0.676931, 0.676782, 0.676829, 0.676814, 0.676819, 0.676817, 0.676818, 0.676818, 0.676818, 0.676818, 0.676818, 0.676818, 0.676818, 0.676818, 0.676818, 0.676818, 0.676818, 0.676818, 0.676818, 0.676818, 0.676818, 0.676818, 0.676818, 0.676818, 0.676818, 0.676818, 
1, 1, 0.999998, 0.999962, 0.999904, 0.999819, 0.999706, 0.999563, 0.999389, 0.999181, 0.998939, 0.998658, 0.998337, 0.997974, 0.997565, 0.997108, 0.996601, 0.996039, 0.995419, 0.994738, 0.993993, 0.993178, 0.992289, 0.991323, 0.990274, 0.989137, 0.987906, 0.986576, 0.985139, 0.983593, 0.981923, 0.980136, 0.978243, 0.97623, 0.974093, 0.971822, 0.969409, 0.966845, 0.964122, 0.961228, 0.958154, 0.954888, 0.951419, 0.947733, 0.943816, 0.939656, 0.935235, 0.930539, 0.92555, 0.92025, 0.914618, 0.908635, 0.902279, 0.895526, 0.888352, 0.88073, 0.872632, 0.864029, 0.854888, 0.84518, 0.834859, 0.823907, 0.812246, 0.79991, 0.786697, 0.772874, 0.75776, 0.742555, 0.724714, 0.709072, 0.686007, 0.673916, 0.677927, 0.676463, 0.676931, 0.676782, 0.676829, 0.676814, 0.676819, 0.676817, 0.676818, 0.676817, 0.676818, 0.676817, 0.676817, 0.676817, 0.676817, 0.676817, 0.676817, 0.676817, 0.676817, 0.676817, 0.676817, 0.676817, 0.676817, 0.676817, 0.676817, 0.676817, 0.676817, 0.676817, 
1, 1, 0.999998, 0.999962, 0.999904, 0.999819, 0.999706, 0.999563, 0.999389, 0.999181, 0.998939, 0.998658, 0.998337, 0.997974, 0.997565, 0.997108, 0.996601, 0.996039, 0.995419, 0.994738, 0.993993, 0.993178, 0.992289, 0.991323, 0.990274, 0.989137, 0.987906, 0.986576, 0.985139, 0.983593, 0.981923, 0.980136, 0.978243, 0.97623, 0.974093, 0.971822, 0.969409, 0.966845, 0.964122, 0.961228, 0.958154, 0.954888, 0.951419, 0.947733, 0.943816, 0.939656, 0.935235, 0.930539, 0.92555, 0.920249, 0.914618, 0.908635, 0.902279, 0.895526, 0.888352, 0.88073, 0.872632, 0.864029, 0.854888, 0.84518, 0.834859, 0.823907, 0.812246, 0.799909, 0.786697, 0.772874, 0.757759, 0.742555, 0.724714, 0.709071, 0.686007, 0.673915, 0.677927, 0.676463, 0.676931, 0.676781, 0.676829, 0.676814, 0.676818, 0.676817, 0.676817, 0.676817, 0.676817, 0.676817, 0.676817, 0.676817, 0.676817, 0.676817, 0.676817, 0.676817, 0.676817, 0.676817, 0.676817, 0.676817, 0.676817, 0.676817, 0.676817, 0.676817, 0.676817, 0.676817, 
1, 1, 0.999998, 0.999962, 0.999904, 0.999819, 0.999706, 0.999563, 0.999389, 0.999181, 0.998939, 0.998658, 0.998337, 0.997974, 0.997565, 0.997108, 0.996601, 0.996039, 0.995419, 0.994738, 0.993993, 0.993178, 0.992289, 0.991323, 0.990274, 0.989137, 0.987906, 0.986576, 0.985139, 0.983593, 0.981923, 0.980136, 0.978243, 0.97623, 0.974093, 0.971822, 0.969409, 0.966845, 0.964122, 0.961228, 0.958154, 0.954888, 0.951419, 0.947733, 0.943816, 0.939656, 0.935235, 0.930539, 0.92555, 0.920249, 0.914618, 0.908635, 0.902279, 0.895526, 0.888352, 0.88073, 0.872632, 0.864029, 0.854888, 0.84518, 0.834859, 0.823907, 0.812246, 0.799909, 0.786697, 0.772873, 0.757759, 0.742554, 0.724714, 0.709071, 0.686007, 0.673915, 0.677927, 0.676463, 0.676931, 0.676781, 0.676828, 0.676813, 0.676818, 0.676817, 0.676817, 0.676817, 0.676817, 0.676817, 0.676817, 0.676817, 0.676817, 0.676817, 0.676817, 0.676817, 0.676817, 0.676817, 0.676817, 0.676817, 0.676817, 0.676817, 0.676817, 0.676817, 0.676817, 0.676817, 
1, 1, 0.999998, 0.999962, 0.999904, 0.999819, 0.999706, 0.999563, 0.999389, 0.999181, 0.998939, 0.998658, 0.998337, 0.997974, 0.997565, 0.997108, 0.996601, 0.996039, 0.995419, 0.994738, 0.993993, 0.993178, 0.992289, 0.991323, 0.990274, 0.989137, 0.987906, 0.986576, 0.985139, 0.983593, 0.981923, 0.980136, 0.978243, 0.97623, 0.974093, 0.971822, 0.969409, 0.966845, 0.964122, 0.961228, 0.958154, 0.954888, 0.951419, 0.947732, 0.943816, 0.939656, 0.935235, 0.930539, 0.92555, 0.920249, 0.914618, 0.908635, 0.902279, 0.895526, 0.888352, 0.88073, 0.872632, 0.864029, 0.854888, 0.845179, 0.834859, 0.823907, 0.812246, 0.799909, 0.786697, 0.772873, 0.757759, 0.742554, 0.724714, 0.709071, 0.686007, 0.673915, 0.677927, 0.676462, 0.676931, 0.676781, 0.676828, 0.676813, 0.676818, 0.676817, 0.676817, 0.676817, 0.676817, 0.676817, 0.676817, 0.676817, 0.676817, 0.676817, 0.676817, 0.676817, 0.676817, 0.676817, 0.676817, 0.676817, 0.676817, 0.676817, 0.676817, 0.676817, 0.676817, 0.676817, 
1, 1, 0.999998, 0.999962, 0.999904, 0.999819, 0.999706, 0.999563, 0.999389, 0.999181, 0.998939, 0.998658, 0.998337, 0.997974, 0.997565, 0.997108, 0.996601, 0.996039, 0.995419, 0.994738, 0.993993, 0.993178, 0.992289, 0.991323, 0.990274, 0.989136, 0.987906, 0.986576, 0.985139, 0.983593, 0.981923, 0.980136, 0.978243, 0.97623, 0.974093, 0.971821, 0.969409, 0.966845, 0.964122, 0.961228, 0.958154, 0.954888, 0.951419, 0.947732, 0.943816, 0.939656, 0.935235, 0.930539, 0.92555, 0.920249, 0.914618, 0.908635, 0.902279, 0.895526, 0.888351, 0.880729, 0.872631, 0.864029, 0.854888, 0.845179, 0.834859, 0.823907, 0.812246, 0.799909, 0.786697, 0.772873, 0.757759, 0.742554, 0.724714, 0.709071, 0.686006, 0.673915, 0.677926, 0.676462, 0.67693, 0.676781, 0.676828, 0.676813, 0.676818, 0.676816, 0.676817, 0.676817, 0.676817, 0.676817, 0.676817, 0.676817, 0.676817, 0.676817, 0.676817, 0.676817, 0.676817, 0.676817, 0.676817, 0.676817, 0.676817, 0.676817, 0.676817, 0.676817, 0.676817, 0.676817, 
1, 1, 0.999998, 0.999962, 0.999904, 0.999819, 0.999706, 0.999563, 0.999389, 0.999181, 0.998939, 0.998658, 0.998337, 0.997974, 0.997565, 0.997108, 0.996601, 0.996039, 0.995419, 0.994738, 0.993993, 0.993178, 0.992289, 0.991323, 0.990274, 0.989136, 0.987906, 0.986576, 0.985139, 0.983593, 0.981923, 0.980136, 0.978243, 0.97623, 0.974093, 0.971821, 0.969409, 0.966845, 0.964122, 0.961228, 0.958154, 0.954888, 0.951419, 0.947732, 0.943816, 0.939655, 0.935235, 0.930539, 0.92555, 0.920249, 0.914618, 0.908635, 0.902279, 0.895526, 0.888351, 0.880729, 0.872631, 0.864029, 0.854888, 0.845179, 0.834859, 0.823907, 0.812246, 0.799909, 0.786697, 0.772873, 0.757759, 0.742554, 0.724714, 0.709071, 0.686006, 0.673915, 0.677926, 0.676462, 0.67693, 0.676781, 0.676828, 0.676813, 0.676818, 0.676816, 0.676817, 0.676816, 0.676816, 0.676816, 0.676816, 0.676816, 0.676816, 0.676816, 0.676816, 0.676816, 0.676816, 0.676816, 0.676816, 0.676816, 0.676816, 0.676816, 0.676816, 0.676816, 0.676816, 0.676816, 
1, 1, 0.999998, 0.999962, 0.999904, 0.999819, 0.999706, 0.999563, 0.999389, 0.999181, 0.998939, 0.998658, 0.998337, 0.997974, 0.997565, 0.997108, 0.996601, 0.996039, 0.995419, 0.994738, 0.993993, 0.993178, 0.992289, 0.991323, 0.990274, 0.989136, 0.987906, 0.986576, 0.985139, 0.983593, 0.981923, 0.980136, 0.978243, 0.97623, 0.974093, 0.971821, 0.969409, 0.966845, 0.964122, 0.961228, 0.958154, 0.954888, 0.951419, 0.947732, 0.943816, 0.939655, 0.935235, 0.930539, 0.92555, 0.920249, 0.914618, 0.908635, 0.902279, 0.895526, 0.888351, 0.880729, 0.872631, 0.864029, 0.854888, 0.845179, 0.834859, 0.823907, 0.812245, 0.799909, 0.786696, 0.772873, 0.757759, 0.742554, 0.724713, 0.70907, 0.686006, 0.673914, 0.677926, 0.676462, 0.67693, 0.67678, 0.676828, 0.676813, 0.676817, 0.676816, 0.676816, 0.676816, 0.676816, 0.676816, 0.676816, 0.676816, 0.676816, 0.676816, 0.676816, 0.676816, 0.676816, 0.676816, 0.676816, 0.676816, 0.676816, 0.676816, 0.676816, 0.676816, 0.676816, 0.676816, 
1, 1, 0.999998, 0.999962, 0.999904, 0.999819, 0.999706, 0.999563, 0.999389, 0.999181, 0.998939, 0.998658, 0.998337, 0.997974, 0.997565, 0.997108, 0.996601, 0.996039, 0.995419, 0.994738, 0.993993, 0.993178, 0.992289, 0.991323, 0.990274, 0.989136, 0.987906, 0.986576, 0.985139, 0.983593, 0.981923, 0.980136, 0.978243, 0.97623, 0.974093, 0.971821, 0.969408, 0.966845, 0.964122, 0.961228, 0.958154, 0.954888, 0.951419, 0.947732, 0.943816, 0.939655, 0.935235, 0.930539, 0.92555, 0.920249, 0.914618, 0.908635, 0.902278, 0.895526, 0.888351, 0.880729, 0.872631, 0.864028, 0.854888, 0.845179, 0.834859, 0.823906, 0.812245, 0.799909, 0.786696, 0.772873, 0.757758, 0.742554, 0.724713, 0.70907, 0.686006, 0.673914, 0.677926, 0.676462, 0.67693, 0.67678, 0.676827, 0.676813, 0.676817, 0.676816, 0.676816, 0.676816, 0.676816, 0.676816, 0.676816, 0.676816, 0.676816, 0.676816, 0.676816, 0.676816, 0.676816, 0.676816, 0.676816, 0.676816, 0.676816, 0.676816, 0.676816, 0.676816, 0.676816, 0.676816, 
1, 1, 0.999998, 0.999962, 0.999904, 0.999819, 0.999706, 0.999563, 0.999389, 0.999181, 0.998939, 0.998658, 0.998337, 0.997974, 0.997565, 0.997108, 0.996601, 0.996039, 0.995419, 0.994738, 0.993993, 0.993178, 0.992289, 0.991323, 0.990274, 0.989136, 0.987906, 0.986576, 0.985139, 0.983593, 0.981923, 0.980136, 0.978243, 0.97623, 0.974093, 0.971821, 0.969408, 0.966845, 0.964121, 0.961228, 0.958154, 0.954888, 0.951418, 0.947732, 0.943816, 0.939655, 0.935235, 0.930539, 0.92555, 0.920249, 0.914618, 0.908635, 0.902278, 0.895525, 0.888351, 0.880729, 0.872631, 0.864028, 0.854887, 0.845179, 0.834858, 0.823906, 0.812245, 0.799908, 0.786696, 0.772873, 0.757758, 0.742553, 0.724713, 0.70907, 0.686006, 0.673914, 0.677926, 0.676461, 0.67693, 0.67678, 0.676827, 0.676812, 0.676817, 0.676816, 0.676816, 0.676816, 0.676816, 0.676816, 0.676816, 0.676816, 0.676816, 0.676816, 0.676816, 0.676816, 0.676816, 0.676816, 0.676816, 0.676816, 0.676816, 0.676816, 0.676816, 0.676816, 0.676816, 0.676816, 
1, 1, 0.999998, 0.999962, 0.999904, 0.999819, 0.999706, 0.999563, 0.999389, 0.999181, 0.998939, 0.998658, 0.998337, 0.997974, 0.997565, 0.997108, 0.996601, 0.996039, 0.995419, 0.994738, 0.993993, 0.993178, 0.992289, 0.991323, 0.990274, 0.989136, 0.987905, 0.986576, 0.985139, 0.983593, 0.981923, 0.980136, 0.978243, 0.97623, 0.974093, 0.971821, 0.969408, 0.966845, 0.964121, 0.961228, 0.958154, 0.954888, 0.951418, 0.947732, 0.943816, 0.939655, 0.935235, 0.930539, 0.92555, 0.920249, 0.914617, 0.908635, 0.902278, 0.895525, 0.888351, 0.880729, 0.872631, 0.864028, 0.854887, 0.845179, 0.834858, 0.823906, 0.812245, 0.799908, 0.786696, 0.772872, 0.757758, 0.742553, 0.724713, 0.70907, 0.686005, 0.673914, 0.677925, 0.676461, 0.67693, 0.67678, 0.676827, 0.676812, 0.676817, 0.676815, 0.676816, 0.676816, 0.676816, 0.676816, 0.676816, 0.676816, 0.676816, 0.676816, 0.676816, 0.676816, 0.676816, 0.676816, 0.676816, 0.676816, 0.676816, 0.676816, 0.676816, 0.676816, 0.676816, 0.676816, 
1, 1, 0.999998, 0.999962, 0.999904, 0.999819, 0.999706, 0.999563, 0.999389, 0.999181, 0.998938, 0.998658, 0.998337, 0.997974, 0.997565, 0.997108, 0.996601, 0.996039, 0.995419, 0.994738, 0.993993, 0.993178, 0.992289, 0.991323, 0.990274, 0.989136, 0.987905, 0.986576, 0.985139, 0.983593, 0.981923, 0.980136, 0.978243, 0.97623, 0.974093, 0.971821, 0.969408, 0.966845, 0.964121, 0.961228, 0.958154, 0.954888, 0.951418, 0.947732, 0.943816, 0.939655, 0.935235, 0.930539, 0.925549, 0.920249, 0.914617, 0.908635, 0.902278, 0.895525, 0.888351, 0.880729, 0.872631, 0.864028, 0.854887, 0.845179, 0.834858, 0.823906, 0.812245, 0.799908, 0.786696, 0.772872, 0.757758, 0.742553, 0.724713, 0.70907, 0.686005, 0.673914, 0.677925, 0.676461, 0.676929, 0.67678, 0.676827, 0.676812, 0.676817, 0.676815, 0.676816, 0.676816, 0.676816, 0.676816, 0.676816, 0.676816, 0.676816, 0.676816, 0.676816, 0.676816, 0.676816, 0.676816, 0.676816, 0.676816, 0.676816, 0.676816, 0.676816, 0.676816, 0.676816, 0.676816, 
1, 1, 0.999998, 0.999962, 0.999904, 0.999819, 0.999706, 0.999563, 0.999389, 0.999181, 0.998938, 0.998658, 0.998337, 0.997974, 0.997565, 0.997108, 0.996601, 0.996039, 0.995419, 0.994738, 0.993993, 0.993178, 0.992289, 0.991323, 0.990274, 0.989136, 0.987905, 0.986576, 0.985139, 0.983593, 0.981922, 0.980136, 0.978243, 0.97623, 0.974092, 0.971821, 0.969408, 0.966845, 0.964121, 0.961228, 0.958154, 0.954888, 0.951418, 0.947732, 0.943816, 0.939655, 0.935235, 0.930539, 0.925549, 0.920249, 0.914617, 0.908634, 0.902278, 0.895525, 0.888351, 0.880729, 0.872631, 0.864028, 0.854887, 0.845179, 0.834858, 0.823906, 0.812245, 0.799908, 0.786696, 0.772872, 0.757758, 0.742553, 0.724713, 0.70907, 0.686005, 0.673914, 0.677925, 0.676461, 0.676929, 0.676779, 0.676827, 0.676812, 0.676816, 0.676815, 0.676815, 0.676815, 0.676815, 0.676815, 0.676815, 0.676815, 0.676815, 0.676815, 0.676815, 0.676815, 0.676815, 0.676815, 0.676815, 0.676815, 0.676815, 0.676815, 0.676815, 0.676815, 0.676815, 0.676815, 
1, 1, 0.999998, 0.999962, 0.999904, 0.999819, 0.999706, 0.999563, 0.999389, 0.999181, 0.998938, 0.998658, 0.998337, 0.997974, 0.997565, 0.997108, 0.996601, 0.996039, 0.995419, 0.994738, 0.993993, 0.993178, 0.992289, 0.991323, 0.990274, 0.989136, 0.987905, 0.986576, 0.985139, 0.983593, 0.981922, 0.980135, 0.978243, 0.97623, 0.974092, 0.971821, 0.969408, 0.966845, 0.964121, 0.961228, 0.958154, 0.954888, 0.951418, 0.947732, 0.943816, 0.939655, 0.935235, 0.930539, 0.925549, 0.920249, 0.914617, 0.908634, 0.902278, 0.895525, 0.888351, 0.880729, 0.872631, 0.864028, 0.854887, 0.845178, 0.834858, 0.823906, 0.812245, 0.799908, 0.786696, 0.772872, 0.757758, 0.742553, 0.724712, 0.709069, 0.686005, 0.673913, 0.677925, 0.676461, 0.676929, 0.676779, 0.676827, 0.676812, 0.676816, 0.676815, 0.676815, 0.676815, 0.676815, 0.676815, 0.676815, 0.676815, 0.676815, 0.676815, 0.676815, 0.676815, 0.676815, 0.676815, 0.676815, 0.676815, 0.676815, 0.676815, 0.676815, 0.676815, 0.676815, 0.676815, 
1, 1, 0.999998, 0.999962, 0.999904, 0.999819, 0.999706, 0.999563, 0.999389, 0.999181, 0.998938, 0.998658, 0.998337, 0.997974, 0.997565, 0.997108, 0.996601, 0.996039, 0.995419, 0.994738, 0.993993, 0.993178, 0.992289, 0.991323, 0.990274, 0.989136, 0.987905, 0.986576, 0.985139, 0.983593, 0.981922, 0.980135, 0.978243, 0.97623, 0.974092, 0.971821, 0.969408, 0.966845, 0.964121, 0.961228, 0.958154, 0.954888, 0.951418, 0.947732, 0.943816, 0.939655, 0.935235, 0.930539, 0.925549, 0.920249, 0.914617, 0.908634, 0.902278, 0.895525, 0.888351, 0.880729, 0.872631, 0.864028, 0.854887, 0.845178, 0.834858, 0.823906, 0.812245, 0.799908, 0.786695, 0.772872, 0.757758, 0.742553, 0.724712, 0.709069, 0.686005, 0.673913, 0.677925, 0.67646, 0.676929, 0.676779, 0.676826, 0.676811, 0.676816, 0.676815, 0.676815, 0.676815, 0.676815, 0.676815, 0.676815, 0.676815, 0.676815, 0.676815, 0.676815, 0.676815, 0.676815, 0.676815, 0.676815, 0.676815, 0.676815, 0.676815, 0.676815, 0.676815, 0.676815, 0.676815, 
1, 1, 0.999998, 0.999962, 0.999904, 0.999819, 0.999706, 0.999563, 0.999389, 0.999181, 0.998938, 0.998658, 0.998337, 0.997974, 0.997565, 0.997108, 0.996601, 0.996039, 0.995419, 0.994738, 0.993993, 0.993178, 0.992289, 0.991323, 0.990274, 0.989136, 0.987905, 0.986576, 0.985139, 0.983593, 0.981922, 0.980135, 0.978243, 0.97623, 0.974092, 0.971821, 0.969408, 0.966845, 0.964121, 0.961228, 0.958154, 0.954888, 0.951418, 0.947732, 0.943816, 0.939655, 0.935235, 0.930539, 0.925549, 0.920249, 0.914617, 0.908634, 0.902278, 0.895525, 0.888351, 0.880729, 0.872631, 0.864028, 0.854887, 0.845178, 0.834858, 0.823906, 0.812245, 0.799908, 0.786695, 0.772872, 0.757757, 0.742553, 0.724712, 0.709069, 0.686005, 0.673913, 0.677925, 0.67646, 0.676929, 0.676779, 0.676826, 0.676811, 0.676816, 0.676815, 0.676815, 0.676815, 0.676815, 0.676815, 0.676815, 0.676815, 0.676815, 0.676815, 0.676815, 0.676815, 0.676815, 0.676815, 0.676815, 0.676815, 0.676815, 0.676815, 0.676815, 0.676815, 0.676815, 0.676815, 
1, 1, 0.999998, 0.999962, 0.999904, 0.999819, 0.999706, 0.999563, 0.999389, 0.999181, 0.998938, 0.998658, 0.998337, 0.997974, 0.997565, 0.997108, 0.996601, 0.996039, 0.995419, 0.994738, 0.993993, 0.993178, 0.992289, 0.991323, 0.990274, 0.989136, 0.987905, 0.986576, 0.985139, 0.983593, 0.981922, 0.980135, 0.978243, 0.97623, 0.974092, 0.971821, 0.969408, 0.966845, 0.964121, 0.961228, 0.958154, 0.954888, 0.951418, 0.947732, 0.943816, 0.939655, 0.935235, 0.930538, 0.925549, 0.920249, 0.914617, 0.908634, 0.902278, 0.895525, 0.888351, 0.880729, 0.87263, 0.864028, 0.854887, 0.845178, 0.834858, 0.823906, 0.812244, 0.799908, 0.786695, 0.772872, 0.757757, 0.742552, 0.724712, 0.709069, 0.686004, 0.673913, 0.677924, 0.67646, 0.676928, 0.676779, 0.676826, 0.676811, 0.676816, 0.676814, 0.676815, 0.676815, 0.676815, 0.676815, 0.676815, 0.676815, 0.676815, 0.676815, 0.676815, 0.676815, 0.676815, 0.676815, 0.676815, 0.676815, 0.676815, 0.676815, 0.676815, 0.676815, 0.676815, 0.676815, 
1, 1, 0.999998, 0.999962, 0.999904, 0.999819, 0.999706, 0.999563, 0.999389, 0.999181, 0.998938, 0.998658, 0.998337, 0.997974, 0.997565, 0.997108, 0.996601, 0.996039, 0.995419, 0.994738, 0.993993, 0.993178, 0.992289, 0.991323, 0.990274, 0.989136, 0.987905, 0.986576, 0.985139, 0.983593, 0.981922, 0.980135, 0.978243, 0.97623, 0.974092, 0.971821, 0.969408, 0.966845, 0.964121, 0.961228, 0.958154, 0.954888, 0.951418, 0.947732, 0.943816, 0.939655, 0.935235, 0.930538, 0.925549, 0.920248, 0.914617, 0.908634, 0.902278, 0.895525, 0.88835, 0.880728, 0.87263, 0.864028, 0.854887, 0.845178, 0.834858, 0.823905, 0.812244, 0.799908, 0.786695, 0.772871, 0.757757, 0.742552, 0.724712, 0.709069, 0.686004, 0.673913, 0.677924, 0.67646, 0.676928, 0.676779, 0.676826, 0.676811, 0.676816, 0.676814, 0.676815, 0.676814, 0.676815, 0.676815, 0.676815, 0.676815, 0.676815, 0.676815, 0.676815, 0.676815, 0.676815, 0.676815, 0.676815, 0.676815, 0.676815, 0.676815, 0.676815, 0.676815, 0.676815, 0.676815, 
1, 1, 0.999998, 0.999962, 0.999904, 0.999819, 0.999706, 0.999563, 0.999389, 0.999181, 0.998938, 0.998658, 0.998337, 0.997974, 0.997565, 0.997108, 0.996601, 0.996039, 0.995419, 0.994738, 0.993993, 0.993178, 0.992289, 0.991323, 0.990274, 0.989136, 0.987905, 0.986576, 0.985139, 0.983593, 0.981922, 0.980135, 0.978243, 0.97623, 0.974092, 0.971821, 0.969408, 0.966845, 0.964121, 0.961228, 0.958154, 0.954888, 0.951418, 0.947732, 0.943816, 0.939655, 0.935235, 0.930538, 0.925549, 0.920248, 0.914617, 0.908634, 0.902278, 0.895525, 0.88835, 0.880728, 0.87263, 0.864028, 0.854887, 0.845178, 0.834857, 0.823905, 0.812244, 0.799907, 0.786695, 0.772871, 0.757757, 0.742552, 0.724712, 0.709069, 0.686004, 0.673913, 0.677924, 0.67646, 0.676928, 0.676778, 0.676826, 0.676811, 0.676816, 0.676814, 0.676814, 0.676814, 0.676814, 0.676814, 0.676814, 0.676814, 0.676814, 0.676814, 0.676814, 0.676814, 0.676814, 0.676814, 0.676814, 0.676814, 0.676814, 0.676814, 0.676814, 0.676814, 0.676814, 0.676814, 
1, 1, 0.999998, 0.999962, 0.999904, 0.999819, 0.999706, 0.999563, 0.999389, 0.999181, 0.998938, 0.998658, 0.998337, 0.997974, 0.997565, 0.997108, 0.996601, 0.996039, 0.995419, 0.994738, 0.993993, 0.993178, 0.992289, 0.991323, 0.990274, 0.989136, 0.987905, 0.986576, 0.985139, 0.983593, 0.981922, 0.980135, 0.978243, 0.97623, 0.974092, 0.971821, 0.969408, 0.966845, 0.964121, 0.961228, 0.958154, 0.954888, 0.951418, 0.947732, 0.943816, 0.939655, 0.935235, 0.930538, 0.925549, 0.920248, 0.914617, 0.908634, 0.902278, 0.895525, 0.88835, 0.880728, 0.87263, 0.864028, 0.854886, 0.845178, 0.834857, 0.823905, 0.812244, 0.799907, 0.786695, 0.772871, 0.757757, 0.742552, 0.724712, 0.709069, 0.686004, 0.673912, 0.677924, 0.67646, 0.676928, 0.676778, 0.676826, 0.676811, 0.676815, 0.676814, 0.676814, 0.676814, 0.676814, 0.676814, 0.676814, 0.676814, 0.676814, 0.676814, 0.676814, 0.676814, 0.676814, 0.676814, 0.676814, 0.676814, 0.676814, 0.676814, 0.676814, 0.676814, 0.676814, 0.676814, 
1, 1, 0.999998, 0.999962, 0.999904, 0.999819, 0.999706, 0.999563, 0.999389, 0.999181, 0.998938, 0.998658, 0.998337, 0.997974, 0.997565, 0.997108, 0.996601, 0.996039, 0.995419, 0.994738, 0.993993, 0.993178, 0.992289, 0.991323, 0.990274, 0.989136, 0.987905, 0.986576, 0.985139, 0.983593, 0.981922, 0.980135, 0.978242, 0.97623, 0.974092, 0.971821, 0.969408, 0.966845, 0.964121, 0.961228, 0.958154, 0.954888, 0.951418, 0.947732, 0.943816, 0.939655, 0.935235, 0.930538, 0.925549, 0.920248, 0.914617, 0.908634, 0.902278, 0.895525, 0.88835, 0.880728, 0.87263, 0.864027, 0.854886, 0.845178, 0.834857, 0.823905, 0.812244, 0.799907, 0.786695, 0.772871, 0.757757, 0.742552, 0.724711, 0.709068, 0.686004, 0.673912, 0.677924, 0.67646, 0.676928, 0.676778, 0.676825, 0.67681, 0.676815, 0.676814, 0.676814, 0.676814, 0.676814, 0.676814, 0.676814, 0.676814, 0.676814, 0.676814, 0.676814, 0.676814, 0.676814, 0.676814, 0.676814, 0.676814, 0.676814, 0.676814, 0.676814, 0.676814, 0.676814, 0.676814, 
1, 1, 0.999998, 0.999962, 0.999904, 0.999819, 0.999706, 0.999563, 0.999389, 0.999181, 0.998938, 0.998658, 0.998337, 0.997974, 0.997565, 0.997108, 0.996601, 0.996039, 0.995419, 0.994738, 0.993993, 0.993178, 0.992289, 0.991323, 0.990274, 0.989136, 0.987905, 0.986575, 0.985139, 0.983593, 0.981922, 0.980135, 0.978242, 0.97623, 0.974092, 0.971821, 0.969408, 0.966845, 0.964121, 0.961228, 0.958154, 0.954888, 0.951418, 0.947732, 0.943816, 0.939655, 0.935234, 0.930538, 0.925549, 0.920248, 0.914617, 0.908634, 0.902278, 0.895525, 0.88835, 0.880728, 0.87263, 0.864027, 0.854886, 0.845178, 0.834857, 0.823905, 0.812244, 0.799907, 0.786695, 0.772871, 0.757757, 0.742552, 0.724711, 0.709068, 0.686004, 0.673912, 0.677924, 0.676459, 0.676928, 0.676778, 0.676825, 0.67681, 0.676815, 0.676814, 0.676814, 0.676814, 0.676814, 0.676814, 0.676814, 0.676814, 0.676814, 0.676814, 0.676814, 0.676814, 0.676814, 0.676814, 0.676814, 0.676814, 0.676814, 0.676814, 0.676814, 0.676814, 0.676814, 0.676814, 
1, 1, 0.999998, 0.999962, 0.999904, 0.999819, 0.999706, 0.999563, 0.999389, 0.999181, 0.998938, 0.998658, 0.998337, 0.997974, 0.997565, 0.997108, 0.996601, 0.996039, 0.995419, 0.994738, 0.993993, 0.993178, 0.992289, 0.991323, 0.990274, 0.989136, 0.987905, 0.986575, 0.985139, 0.983593, 0.981922, 0.980135, 0.978242, 0.97623, 0.974092, 0.971821, 0.969408, 0.966845, 0.964121, 0.961228, 0.958154, 0.954888, 0.951418, 0.947732, 0.943815, 0.939655, 0.935234, 0.930538, 0.925549, 0.920248, 0.914617, 0.908634, 0.902278, 0.895525, 0.88835, 0.880728, 0.87263, 0.864027, 0.854886, 0.845178, 0.834857, 0.823905, 0.812244, 0.799907, 0.786694, 0.772871, 0.757757, 0.742552, 0.724711, 0.709068, 0.686004, 0.673912, 0.677923, 0.676459, 0.676928, 0.676778, 0.676825, 0.67681, 0.676815, 0.676813, 0.676814, 0.676814, 0.676814, 0.676814, 0.676814, 0.676814, 0.676814, 0.676814, 0.676814, 0.676814, 0.676814, 0.676814, 0.676814, 0.676814, 0.676814, 0.676814, 0.676814, 0.676814, 0.676814, 0.676814, 
1, 1, 0.999998, 0.999962, 0.999904, 0.999819, 0.999706, 0.999563, 0.999389, 0.999181, 0.998938, 0.998658, 0.998337, 0.997974, 0.997565, 0.997108, 0.996601, 0.996039, 0.995419, 0.994738, 0.993993, 0.993178, 0.992289, 0.991323, 0.990274, 0.989136, 0.987905, 0.986575, 0.985139, 0.983593, 0.981922, 0.980135, 0.978242, 0.97623, 0.974092, 0.971821, 0.969408, 0.966845, 0.964121, 0.961228, 0.958154, 0.954888, 0.951418, 0.947732, 0.943815, 0.939655, 0.935234, 0.930538, 0.925549, 0.920248, 0.914617, 0.908634, 0.902277, 0.895525, 0.88835, 0.880728, 0.87263, 0.864027, 0.854886, 0.845178, 0.834857, 0.823905, 0.812244, 0.799907, 0.786694, 0.772871, 0.757756, 0.742551, 0.724711, 0.709068, 0.686003, 0.673912, 0.677923, 0.676459, 0.676927, 0.676778, 0.676825, 0.67681, 0.676815, 0.676813, 0.676814, 0.676814, 0.676814, 0.676814, 0.676814, 0.676814, 0.676814, 0.676814, 0.676814, 0.676814, 0.676814, 0.676814, 0.676814, 0.676814, 0.676814, 0.676814, 0.676814, 0.676814, 0.676814, 0.676814, 
1, 1, 0.999998, 0.999962, 0.999904, 0.999819, 0.999706, 0.999563, 0.999389, 0.999181, 0.998938, 0.998658, 0.998337, 0.997974, 0.997565, 0.997108, 0.996601, 0.996039, 0.995419, 0.994738, 0.993993, 0.993178, 0.992289, 0.991323, 0.990274, 0.989136, 0.987905, 0.986575, 0.985139, 0.983593, 0.981922, 0.980135, 0.978242, 0.97623, 0.974092, 0.971821, 0.969408, 0.966845, 0.964121, 0.961228, 0.958154, 0.954888, 0.951418, 0.947732, 0.943815, 0.939655, 0.935234, 0.930538, 0.925549, 0.920248, 0.914617, 0.908634, 0.902277, 0.895524, 0.88835, 0.880728, 0.87263, 0.864027, 0.854886, 0.845177, 0.834857, 0.823905, 0.812244, 0.799907, 0.786694, 0.772871, 0.757756, 0.742551, 0.724711, 0.709068, 0.686003, 0.673912, 0.677923, 0.676459, 0.676927, 0.676778, 0.676825, 0.67681, 0.676815, 0.676813, 0.676814, 0.676813, 0.676813, 0.676813, 0.676813, 0.676813, 0.676813, 0.676813, 0.676813, 0.676813, 0.676813, 0.676813, 0.676813, 0.676813, 0.676813, 0.676813, 0.676813, 0.676813, 0.676813, 0.676813, 
1, 1, 0.999998, 0.999962, 0.999904, 0.999819, 0.999706, 0.999563, 0.999389, 0.999181, 0.998938, 0.998658, 0.998337, 0.997974, 0.997565, 0.997108, 0.996601, 0.996039, 0.995419, 0.994738, 0.993993, 0.993178, 0.992289, 0.991323, 0.990274, 0.989136, 0.987905, 0.986575, 0.985139, 0.983593, 0.981922, 0.980135, 0.978242, 0.97623, 0.974092, 0.971821, 0.969408, 0.966845, 0.964121, 0.961228, 0.958154, 0.954888, 0.951418, 0.947732, 0.943815, 0.939655, 0.935234, 0.930538, 0.925549, 0.920248, 0.914617, 0.908634, 0.902277, 0.895524, 0.88835, 0.880728, 0.87263, 0.864027, 0.854886, 0.845177, 0.834857, 0.823905, 0.812243, 0.799907, 0.786694, 0.772871, 0.757756, 0.742551, 0.724711, 0.709068, 0.686003, 0.673911, 0.677923, 0.676459, 0.676927, 0.676777, 0.676825, 0.67681, 0.676814, 0.676813, 0.676813, 0.676813, 0.676813, 0.676813, 0.676813, 0.676813, 0.676813, 0.676813, 0.676813, 0.676813, 0.676813, 0.676813, 0.676813, 0.676813, 0.676813, 0.676813, 0.676813, 0.676813, 0.676813, 0.676813, 
1, 1, 0.999998, 0.999962, 0.999904, 0.999819, 0.999706, 0.999563, 0.999389, 0.999181, 0.998938, 0.998658, 0.998337, 0.997974, 0.997565, 0.997108, 0.996601, 0.996039, 0.995419, 0.994738, 0.993993, 0.993178, 0.992289, 0.991323, 0.990274, 0.989136, 0.987905, 0.986575, 0.985139, 0.983593, 0.981922, 0.980135, 0.978242, 0.97623, 0.974092, 0.971821, 0.969408, 0.966845, 0.964121, 0.961228, 0.958153, 0.954888, 0.951418, 0.947732, 0.943815, 0.939655, 0.935234, 0.930538, 0.925549, 0.920248, 0.914617, 0.908634, 0.902277, 0.895524, 0.88835, 0.880728, 0.87263, 0.864027, 0.854886, 0.845177, 0.834857, 0.823905, 0.812243, 0.799907, 0.786694, 0.77287, 0.757756, 0.742551, 0.724711, 0.709068, 0.686003, 0.673911, 0.677923, 0.676459, 0.676927, 0.676777, 0.676825, 0.67681, 0.676814, 0.676813, 0.676813, 0.676813, 0.676813, 0.676813, 0.676813, 0.676813, 0.676813, 0.676813, 0.676813, 0.676813, 0.676813, 0.676813, 0.676813, 0.676813, 0.676813, 0.676813, 0.676813, 0.676813, 0.676813, 0.676813, 
1, 1, 0.999998, 0.999962, 0.999904, 0.999819, 0.999706, 0.999563, 0.999389, 0.999181, 0.998938, 0.998658, 0.998337, 0.997974, 0.997565, 0.997108, 0.996601, 0.996039, 0.995419, 0.994738, 0.993993, 0.993178, 0.992289, 0.991323, 0.990274, 0.989136, 0.987905, 0.986575, 0.985139, 0.983592, 0.981922, 0.980135, 0.978242, 0.97623, 0.974092, 0.971821, 0.969408, 0.966845, 0.964121, 0.961228, 0.958153, 0.954888, 0.951418, 0.947732, 0.943815, 0.939655, 0.935234, 0.930538, 0.925549, 0.920248, 0.914617, 0.908634, 0.902277, 0.895524, 0.88835, 0.880728, 0.87263, 0.864027, 0.854886, 0.845177, 0.834857, 0.823905, 0.812243, 0.799906, 0.786694, 0.77287, 0.757756, 0.742551, 0.724711, 0.709067, 0.686003, 0.673911, 0.677923, 0.676459, 0.676927, 0.676777, 0.676824, 0.67681, 0.676814, 0.676813, 0.676813, 0.676813, 0.676813, 0.676813, 0.676813, 0.676813, 0.676813, 0.676813, 0.676813, 0.676813, 0.676813, 0.676813, 0.676813, 0.676813, 0.676813, 0.676813, 0.676813, 0.676813, 0.676813, 0.676813, 
1, 1, 0.999998, 0.999962, 0.999904, 0.999819, 0.999706, 0.999563, 0.999389, 0.999181, 0.998938, 0.998658, 0.998337, 0.997974, 0.997565, 0.997108, 0.996601, 0.996039, 0.995419, 0.994738, 0.993993, 0.993178, 0.992289, 0.991323, 0.990274, 0.989136, 0.987905, 0.986575, 0.985139, 0.983592, 0.981922, 0.980135, 0.978242, 0.97623, 0.974092, 0.971821, 0.969408, 0.966845, 0.964121, 0.961228, 0.958153, 0.954888, 0.951418, 0.947732, 0.943815, 0.939655, 0.935234, 0.930538, 0.925549, 0.920248, 0.914616, 0.908634, 0.902277, 0.895524, 0.88835, 0.880728, 0.87263, 0.864027, 0.854886, 0.845177, 0.834857, 0.823904, 0.812243, 0.799906, 0.786694, 0.77287, 0.757756, 0.742551, 0.72471, 0.709067, 0.686003, 0.673911, 0.677923, 0.676458, 0.676927, 0.676777, 0.676824, 0.676809, 0.676814, 0.676813, 0.676813, 0.676813, 0.676813, 0.676813, 0.676813, 0.676813, 0.676813, 0.676813, 0.676813, 0.676813, 0.676813, 0.676813, 0.676813, 0.676813, 0.676813, 0.676813, 0.676813, 0.676813, 0.676813, 0.676813, 
1, 1, 0.999998, 0.999962, 0.999904, 0.999819, 0.999706, 0.999563, 0.999389, 0.999181, 0.998938, 0.998658, 0.998337, 0.997974, 0.997565, 0.997108, 0.996601, 0.996039, 0.995419, 0.994738, 0.993993, 0.993178, 0.992289, 0.991323, 0.990274, 0.989136, 0.987905, 0.986575, 0.985139, 0.983592, 0.981922, 0.980135, 0.978242, 0.97623, 0.974092, 0.971821, 0.969408, 0.966844, 0.964121, 0.961227, 0.958153, 0.954888, 0.951418, 0.947732, 0.943815, 0.939655, 0.935234, 0.930538, 0.925549, 0.920248, 0.914616, 0.908633, 0.902277, 0.895524, 0.88835, 0.880728, 0.87263, 0.864027, 0.854886, 0.845177, 0.834857, 0.823904, 0.812243, 0.799906, 0.786694, 0.77287, 0.757756, 0.742551, 0.72471, 0.709067, 0.686003, 0.673911, 0.677922, 0.676458, 0.676927, 0.676777, 0.676824, 0.676809, 0.676814, 0.676812, 0.676813, 0.676813, 0.676813, 0.676813, 0.676813, 0.676813, 0.676813, 0.676813, 0.676813, 0.676813, 0.676813, 0.676813, 0.676813, 0.676813, 0.676813, 0.676813, 0.676813, 0.676813, 0.676813, 0.676813, 
1, 1, 0.999998, 0.999962, 0.999904, 0.999819, 0.999706, 0.999563, 0.999389, 0.999181, 0.998938, 0.998658, 0.998337, 0.997974, 0.997565, 0.997108, 0.996601, 0.996039, 0.995419, 0.994738, 0.993993, 0.993178, 0.992289, 0.991323, 0.990274, 0.989136, 0.987905, 0.986575, 0.985139, 0.983592, 0.981922, 0.980135, 0.978242, 0.97623, 0.974092, 0.971821, 0.969408, 0.966844, 0.964121, 0.961227, 0.958153, 0.954887, 0.951418, 0.947732, 0.943815, 0.939654, 0.935234, 0.930538, 0.925549, 0.920248, 0.914616, 0.908633, 0.902277, 0.895524, 0.88835, 0.880728, 0.872629, 0.864027, 0.854886, 0.845177, 0.834856, 0.823904, 0.812243, 0.799906, 0.786694, 0.77287, 0.757756, 0.742551, 0.72471, 0.709067, 0.686003, 0.673911, 0.677922, 0.676458, 0.676926, 0.676777, 0.676824, 0.676809, 0.676814, 0.676812, 0.676813, 0.676813, 0.676813, 0.676813, 0.676813, 0.676813, 0.676813, 0.676813, 0.676813, 0.676813, 0.676813, 0.676813, 0.676813, 0.676813, 0.676813, 0.676813, 0.676813, 0.676813, 0.676813, 0.676813, 
1, 1, 0.999998, 0.999962, 0.999904, 0.999819, 0.999706, 0.999563, 0.999389, 0.999181, 0.998938, 0.998658, 0.998337, 0.997974, 0.997565, 0.997108, 0.996601, 0.996039, 0.995419, 0.994738, 0.993992, 0.993178, 0.992289, 0.991323, 0.990273, 0.989136, 0.987905, 0.986575, 0.985139, 0.983592, 0.981922, 0.980135, 0.978242, 0.97623, 0.974092, 0.971821, 0.969408, 0.966844, 0.964121, 0.961227, 0.958153, 0.954887, 0.951418, 0.947731, 0.943815, 0.939654, 0.935234, 0.930538, 0.925549, 0.920248, 0.914616, 0.908633, 0.902277, 0.895524, 0.88835, 0.880727, 0.872629, 0.864027, 0.854886, 0.845177, 0.834856, 0.823904, 0.812243, 0.799906, 0.786694, 0.77287, 0.757756, 0.742551, 0.72471, 0.709067, 0.686002, 0.673911, 0.677922, 0.676458, 0.676926, 0.676777, 0.676824, 0.676809, 0.676814, 0.676812, 0.676813, 0.676813, 0.676813, 0.676813, 0.676813, 0.676813, 0.676813, 0.676813, 0.676813, 0.676813, 0.676813, 0.676813, 0.676813, 0.676813, 0.676813, 0.676813, 0.676813, 0.676813, 0.676813, 0.676813, 
1, 1, 0.999998, 0.999962, 0.999904, 0.999819, 0.999706, 0.999563, 0.999389, 0.999181, 0.998938, 0.998658, 0.998337, 0.997974, 0.997565, 0.997108, 0.996601, 0.996039, 0.995419, 0.994738, 0.993992, 0.993178, 0.992289, 0.991323, 0.990273, 0.989136, 0.987905, 0.986575, 0.985139, 0.983592, 0.981922, 0.980135, 0.978242, 0.97623, 0.974092, 0.971821, 0.969408, 0.966844, 0.964121, 0.961227, 0.958153, 0.954887, 0.951418, 0.947731, 0.943815, 0.939654, 0.935234, 0.930538, 0.925548, 0.920248, 0.914616, 0.908633, 0.902277, 0.895524, 0.88835, 0.880727, 0.872629, 0.864027, 0.854885, 0.845177, 0.834856, 0.823904, 0.812243, 0.799906, 0.786693, 0.77287, 0.757755, 0.74255, 0.72471, 0.709067, 0.686002, 0.673911, 0.677922, 0.676458, 0.676926, 0.676776, 0.676824, 0.676809, 0.676814, 0.676812, 0.676813, 0.676812, 0.676812, 0.676812, 0.676812, 0.676812, 0.676812, 0.676812, 0.676812, 0.676812, 0.676812, 0.676812, 0.676812, 0.676812, 0.676812, 0.676812, 0.676812, 0.676812, 0.676812, 0.676812, 
1, 1, 0.999998, 0.999962, 0.999904, 0.999819, 0.999706, 0.999563, 0.999389, 0.999181, 0.998938, 0.998658, 0.998337, 0.997974, 0.997565, 0.997108, 0.996601, 0.996039, 0.995419, 0.994738, 0.993992, 0.993178, 0.992289, 0.991323, 0.990273, 0.989136, 0.987905, 0.986575, 0.985139, 0.983592, 0.981922, 0.980135, 0.978242, 0.97623, 0.974092, 0.971821, 0.969408, 0.966844, 0.964121, 0.961227, 0.958153, 0.954887, 0.951418, 0.947731, 0.943815, 0.939654, 0.935234, 0.930538, 0.925548, 0.920248, 0.914616, 0.908633, 0.902277, 0.895524, 0.888349, 0.880727, 0.872629, 0.864026, 0.854885, 0.845177, 0.834856, 0.823904, 0.812243, 0.799906, 0.786693, 0.77287, 0.757755, 0.74255, 0.72471, 0.709067, 0.686002, 0.67391, 0.677922, 0.676458, 0.676926, 0.676776, 0.676824, 0.676809, 0.676813, 0.676812, 0.676812, 0.676812, 0.676812, 0.676812, 0.676812, 0.676812, 0.676812, 0.676812, 0.676812, 0.676812, 0.676812, 0.676812, 0.676812, 0.676812, 0.676812, 0.676812, 0.676812, 0.676812, 0.676812, 0.676812, 
1, 1, 0.999998, 0.999962, 0.999904, 0.999819, 0.999706, 0.999563, 0.999389, 0.999181, 0.998938, 0.998658, 0.998337, 0.997974, 0.997565, 0.997108, 0.996601, 0.996039, 0.995419, 0.994738, 0.993992, 0.993178, 0.992289, 0.991323, 0.990273, 0.989136, 0.987905, 0.986575, 0.985139, 0.983592, 0.981922, 0.980135, 0.978242, 0.97623, 0.974092, 0.971821, 0.969408, 0.966844, 0.964121, 0.961227, 0.958153, 0.954887, 0.951418, 0.947731, 0.943815, 0.939654, 0.935234, 0.930538, 0.925548, 0.920248, 0.914616, 0.908633, 0.902277, 0.895524, 0.888349, 0.880727, 0.872629, 0.864026, 0.854885, 0.845177, 0.834856, 0.823904, 0.812243, 0.799906, 0.786693, 0.77287, 0.757755, 0.74255, 0.72471, 0.709067, 0.686002, 0.67391, 0.677922, 0.676458, 0.676926, 0.676776, 0.676824, 0.676809, 0.676813, 0.676812, 0.676812, 0.676812, 0.676812, 0.676812, 0.676812, 0.676812, 0.676812, 0.676812, 0.676812, 0.676812, 0.676812, 0.676812, 0.676812, 0.676812, 0.676812, 0.676812, 0.676812, 0.676812, 0.676812, 0.676812, 
1, 1, 0.999998, 0.999962, 0.999904, 0.999819, 0.999706, 0.999563, 0.999389, 0.999181, 0.998938, 0.998658, 0.998337, 0.997974, 0.997565, 0.997108, 0.996601, 0.996039, 0.995419, 0.994738, 0.993992, 0.993178, 0.992289, 0.991323, 0.990273, 0.989136, 0.987905, 0.986575, 0.985139, 0.983592, 0.981922, 0.980135, 0.978242, 0.97623, 0.974092, 0.971821, 0.969408, 0.966844, 0.964121, 0.961227, 0.958153, 0.954887, 0.951418, 0.947731, 0.943815, 0.939654, 0.935234, 0.930538, 0.925548, 0.920248, 0.914616, 0.908633, 0.902277, 0.895524, 0.888349, 0.880727, 0.872629, 0.864026, 0.854885, 0.845177, 0.834856, 0.823904, 0.812243, 0.799906, 0.786693, 0.77287, 0.757755, 0.74255, 0.72471, 0.709067, 0.686002, 0.67391, 0.677922, 0.676458, 0.676926, 0.676776, 0.676823, 0.676809, 0.676813, 0.676812, 0.676812, 0.676812, 0.676812, 0.676812, 0.676812, 0.676812, 0.676812, 0.676812, 0.676812, 0.676812, 0.676812, 0.676812, 0.676812, 0.676812, 0.676812, 0.676812, 0.676812, 0.676812, 0.676812, 0.676812, 
1, 1, 0.999998, 0.999962, 0.999904, 0.999819, 0.999706, 0.999563, 0.999389, 0.999181, 0.998938, 0.998658, 0.998337, 0.997974, 0.997565, 0.997108, 0.996601, 0.996039, 0.995419, 0.994738, 0.993992, 0.993178, 0.992289, 0.991323, 0.990273, 0.989136, 0.987905, 0.986575, 0.985139, 0.983592, 0.981922, 0.980135, 0.978242, 0.97623, 0.974092, 0.971821, 0.969408, 0.966844, 0.964121, 0.961227, 0.958153, 0.954887, 0.951418, 0.947731, 0.943815, 0.939654, 0.935234, 0.930538, 0.925548, 0.920248, 0.914616, 0.908633, 0.902277, 0.895524, 0.888349, 0.880727, 0.872629, 0.864026, 0.854885, 0.845177, 0.834856, 0.823904, 0.812243, 0.799906, 0.786693, 0.772869, 0.757755, 0.74255, 0.72471, 0.709066, 0.686002, 0.67391, 0.677922, 0.676457, 0.676926, 0.676776, 0.676823, 0.676808, 0.676813, 0.676812, 0.676812, 0.676812, 0.676812, 0.676812, 0.676812, 0.676812, 0.676812, 0.676812, 0.676812, 0.676812, 0.676812, 0.676812, 0.676812, 0.676812, 0.676812, 0.676812, 0.676812, 0.676812, 0.676812, 0.676812, 
1, 1, 0.999998, 0.999962, 0.999904, 0.999819, 0.999706, 0.999563, 0.999389, 0.999181, 0.998938, 0.998658, 0.998337, 0.997974, 0.997565, 0.997108, 0.996601, 0.996039, 0.995419, 0.994738, 0.993992, 0.993178, 0.992289, 0.991323, 0.990273, 0.989136, 0.987905, 0.986575, 0.985139, 0.983592, 0.981922, 0.980135, 0.978242, 0.97623, 0.974092, 0.971821, 0.969408, 0.966844, 0.964121, 0.961227, 0.958153, 0.954887, 0.951418, 0.947731, 0.943815, 0.939654, 0.935234, 0.930538, 0.925548, 0.920248, 0.914616, 0.908633, 0.902277, 0.895524, 0.888349, 0.880727, 0.872629, 0.864026, 0.854885, 0.845177, 0.834856, 0.823904, 0.812242, 0.799906, 0.786693, 0.772869, 0.757755, 0.74255, 0.724709, 0.709066, 0.686002, 0.67391, 0.677922, 0.676457, 0.676926, 0.676776, 0.676823, 0.676808, 0.676813, 0.676812, 0.676812, 0.676812, 0.676812, 0.676812, 0.676812, 0.676812, 0.676812, 0.676812, 0.676812, 0.676812, 0.676812, 0.676812, 0.676812, 0.676812, 0.676812, 0.676812, 0.676812, 0.676812, 0.676812, 0.676812, 
1, 1, 0.999998, 0.999962, 0.999904, 0.999819, 0.999706, 0.999563, 0.999389, 0.999181, 0.998938, 0.998658, 0.998337, 0.997974, 0.997565, 0.997108, 0.996601, 0.996039, 0.995419, 0.994738, 0.993992, 0.993178, 0.992289, 0.991323, 0.990273, 0.989136, 0.987905, 0.986575, 0.985139, 0.983592, 0.981922, 0.980135, 0.978242, 0.97623, 0.974092, 0.971821, 0.969408, 0.966844, 0.964121, 0.961227, 0.958153, 0.954887, 0.951418, 0.947731, 0.943815, 0.939654, 0.935234, 0.930538, 0.925548, 0.920248, 0.914616, 0.908633, 0.902277, 0.895524, 0.888349, 0.880727, 0.872629, 0.864026, 0.854885, 0.845176, 0.834856, 0.823904, 0.812242, 0.799906, 0.786693, 0.772869, 0.757755, 0.74255, 0.724709, 0.709066, 0.686002, 0.67391, 0.677921, 0.676457, 0.676926, 0.676776, 0.676823, 0.676808, 0.676813, 0.676811, 0.676812, 0.676812, 0.676812, 0.676812, 0.676812, 0.676812, 0.676812, 0.676812, 0.676812, 0.676812, 0.676812, 0.676812, 0.676812, 0.676812, 0.676812, 0.676812, 0.676812, 0.676812, 0.676812, 0.676812, 
1, 1, 0.999998, 0.999962, 0.999904, 0.999819, 0.999706, 0.999563, 0.999389, 0.999181, 0.998938, 0.998658, 0.998337, 0.997974, 0.997565, 0.997108, 0.996601, 0.996039, 0.995419, 0.994738, 0.993992, 0.993178, 0.992289, 0.991323, 0.990273, 0.989136, 0.987905, 0.986575, 0.985139, 0.983592, 0.981922, 0.980135, 0.978242, 0.97623, 0.974092, 0.971821, 0.969408, 0.966844, 0.964121, 0.961227, 0.958153, 0.954887, 0.951418, 0.947731, 0.943815, 0.939654, 0.935234, 0.930538, 0.925548, 0.920248, 0.914616, 0.908633, 0.902277, 0.895524, 0.888349, 0.880727, 0.872629, 0.864026, 0.854885, 0.845176, 0.834856, 0.823904, 0.812242, 0.799905, 0.786693, 0.772869, 0.757755, 0.74255, 0.724709, 0.709066, 0.686001, 0.67391, 0.677921, 0.676457, 0.676925, 0.676776, 0.676823, 0.676808, 0.676813, 0.676811, 0.676812, 0.676812, 0.676812, 0.676812, 0.676812, 0.676812, 0.676812, 0.676812, 0.676812, 0.676812, 0.676812, 0.676812, 0.676812, 0.676812, 0.676812, 0.676812, 0.676812, 0.676812, 0.676812, 0.676812, 
1, 1, 0.999998, 0.999962, 0.999904, 0.999819, 0.999706, 0.999563, 0.999389, 0.999181, 0.998938, 0.998658, 0.998337, 0.997974, 0.997565, 0.997108, 0.996601, 0.996039, 0.995419, 0.994738, 0.993992, 0.993178, 0.992289, 0.991323, 0.990273, 0.989136, 0.987905, 0.986575, 0.985139, 0.983592, 0.981922, 0.980135, 0.978242, 0.97623, 0.974092, 0.971821, 0.969408, 0.966844, 0.964121, 0.961227, 0.958153, 0.954887, 0.951418, 0.947731, 0.943815, 0.939654, 0.935234, 0.930538, 0.925548, 0.920247, 0.914616, 0.908633, 0.902277, 0.895524, 0.888349, 0.880727, 0.872629, 0.864026, 0.854885, 0.845176, 0.834856, 0.823904, 0.812242, 0.799905, 0.786693, 0.772869, 0.757755, 0.74255, 0.724709, 0.709066, 0.686001, 0.67391, 0.677921, 0.676457, 0.676925, 0.676776, 0.676823, 0.676808, 0.676813, 0.676811, 0.676812, 0.676812, 0.676812, 0.676812, 0.676812, 0.676812, 0.676812, 0.676812, 0.676812, 0.676812, 0.676812, 0.676812, 0.676812, 0.676812, 0.676812, 0.676812, 0.676812, 0.676812, 0.676812, 0.676812, 
1, 1, 0.999998, 0.999962, 0.999904, 0.999819, 0.999706, 0.999563, 0.999389, 0.999181, 0.998938, 0.998658, 0.998337, 0.997974, 0.997565, 0.997108, 0.996601, 0.996039, 0.995419, 0.994738, 0.993992, 0.993177, 0.992289, 0.991323, 0.990273, 0.989136, 0.987905, 0.986575, 0.985139, 0.983592, 0.981922, 0.980135, 0.978242, 0.97623, 0.974092, 0.971821, 0.969408, 0.966844, 0.964121, 0.961227, 0.958153, 0.954887, 0.951417, 0.947731, 0.943815, 0.939654, 0.935234, 0.930538, 0.925548, 0.920247, 0.914616, 0.908633, 0.902277, 0.895524, 0.888349, 0.880727, 0.872629, 0.864026, 0.854885, 0.845176, 0.834856, 0.823903, 0.812242, 0.799905, 0.786693, 0.772869, 0.757755, 0.74255, 0.724709, 0.709066, 0.686001, 0.67391, 0.677921, 0.676457, 0.676925, 0.676775, 0.676823, 0.676808, 0.676813, 0.676811, 0.676812, 0.676811, 0.676811, 0.676811, 0.676811, 0.676811, 0.676811, 0.676811, 0.676811, 0.676811, 0.676811, 0.676811, 0.676811, 0.676811, 0.676811, 0.676811, 0.676811, 0.676811, 0.676811, 0.676811, 
1, 1, 0.999998, 0.999962, 0.999904, 0.999819, 0.999706, 0.999563, 0.999389, 0.999181, 0.998938, 0.998658, 0.998337, 0.997974, 0.997565, 0.997108, 0.996601, 0.996039, 0.995419, 0.994738, 0.993992, 0.993177, 0.992289, 0.991323, 0.990273, 0.989136, 0.987905, 0.986575, 0.985139, 0.983592, 0.981922, 0.980135, 0.978242, 0.97623, 0.974092, 0.971821, 0.969408, 0.966844, 0.964121, 0.961227, 0.958153, 0.954887, 0.951417, 0.947731, 0.943815, 0.939654, 0.935234, 0.930537, 0.925548, 0.920247, 0.914616, 0.908633, 0.902277, 0.895524, 0.888349, 0.880727, 0.872629, 0.864026, 0.854885, 0.845176, 0.834856, 0.823903, 0.812242, 0.799905, 0.786693, 0.772869, 0.757755, 0.74255, 0.724709, 0.709066, 0.686001, 0.673909, 0.677921, 0.676457, 0.676925, 0.676775, 0.676823, 0.676808, 0.676812, 0.676811, 0.676811, 0.676811, 0.676811, 0.676811, 0.676811, 0.676811, 0.676811, 0.676811, 0.676811, 0.676811, 0.676811, 0.676811, 0.676811, 0.676811, 0.676811, 0.676811, 0.676811, 0.676811, 0.676811, 0.676811, 
1, 1, 0.999998, 0.999962, 0.999904, 0.999819, 0.999706, 0.999563, 0.999389, 0.999181, 0.998938, 0.998658, 0.998337, 0.997974, 0.997565, 0.997108, 0.996601, 0.996039, 0.995419, 0.994738, 0.993992, 0.993177, 0.992289, 0.991323, 0.990273, 0.989136, 0.987905, 0.986575, 0.985139, 0.983592, 0.981922, 0.980135, 0.978242, 0.97623, 0.974092, 0.971821, 0.969408, 0.966844, 0.964121, 0.961227, 0.958153, 0.954887, 0.951417, 0.947731, 0.943815, 0.939654, 0.935234, 0.930537, 0.925548, 0.920247, 0.914616, 0.908633, 0.902277, 0.895524, 0.888349, 0.880727, 0.872629, 0.864026, 0.854885, 0.845176, 0.834856, 0.823903, 0.812242, 0.799905, 0.786693, 0.772869, 0.757754, 0.742549, 0.724709, 0.709066, 0.686001, 0.673909, 0.677921, 0.676457, 0.676925, 0.676775, 0.676823, 0.676808, 0.676812, 0.676811, 0.676811, 0.676811, 0.676811, 0.676811, 0.676811, 0.676811, 0.676811, 0.676811, 0.676811, 0.676811, 0.676811, 0.676811, 0.676811, 0.676811, 0.676811, 0.676811, 0.676811, 0.676811, 0.676811, 0.676811, 
1, 1, 0.999998, 0.999962, 0.999904, 0.999819, 0.999706, 0.999563, 0.999389, 0.999181, 0.998938, 0.998658, 0.998337, 0.997974, 0.997565, 0.997108, 0.996601, 0.996039, 0.995419, 0.994738, 0.993992, 0.993177, 0.992289, 0.991323, 0.990273, 0.989136, 0.987905, 0.986575, 0.985139, 0.983592, 0.981922, 0.980135, 0.978242, 0.97623, 0.974092, 0.971821, 0.969408, 0.966844, 0.964121, 0.961227, 0.958153, 0.954887, 0.951417, 0.947731, 0.943815, 0.939654, 0.935234, 0.930537, 0.925548, 0.920247, 0.914616, 0.908633, 0.902276, 0.895523, 0.888349, 0.880727, 0.872629, 0.864026, 0.854885, 0.845176, 0.834855, 0.823903, 0.812242, 0.799905, 0.786693, 0.772869, 0.757754, 0.742549, 0.724709, 0.709066, 0.686001, 0.673909, 0.677921, 0.676457, 0.676925, 0.676775, 0.676822, 0.676808, 0.676812, 0.676811, 0.676811, 0.676811, 0.676811, 0.676811, 0.676811, 0.676811, 0.676811, 0.676811, 0.676811, 0.676811, 0.676811, 0.676811, 0.676811, 0.676811, 0.676811, 0.676811, 0.676811, 0.676811, 0.676811, 0.676811, 
1, 1, 0.999998, 0.999962, 0.999904, 0.999819, 0.999706, 0.999563, 0.999389, 0.999181, 0.998938, 0.998658, 0.998337, 0.997974, 0.997565, 0.997108, 0.996601, 0.996039, 0.995419, 0.994738, 0.993992, 0.993177, 0.992289, 0.991323, 0.990273, 0.989136, 0.987905, 0.986575, 0.985139, 0.983592, 0.981922, 0.980135, 0.978242, 0.97623, 0.974092, 0.971821, 0.969408, 0.966844, 0.964121, 0.961227, 0.958153, 0.954887, 0.951417, 0.947731, 0.943815, 0.939654, 0.935234, 0.930537, 0.925548, 0.920247, 0.914616, 0.908633, 0.902276, 0.895523, 0.888349, 0.880727, 0.872629, 0.864026, 0.854885, 0.845176, 0.834855, 0.823903, 0.812242, 0.799905, 0.786692, 0.772869, 0.757754, 0.742549, 0.724709, 0.709066, 0.686001, 0.673909, 0.677921, 0.676456, 0.676925, 0.676775, 0.676822, 0.676807, 0.676812, 0.676811, 0.676811, 0.676811, 0.676811, 0.676811, 0.676811, 0.676811, 0.676811, 0.676811, 0.676811, 0.676811, 0.676811, 0.676811, 0.676811, 0.676811, 0.676811, 0.676811, 0.676811, 0.676811, 0.676811, 0.676811, 
1, 1, 0.999998, 0.999962, 0.999904, 0.999819, 0.999706, 0.999563, 0.999389, 0.999181, 0.998938, 0.998658, 0.998337, 0.997974, 0.997565, 0.997108, 0.996601, 0.996039, 0.995419, 0.994738, 0.993992, 0.993177, 0.992289, 0.991323, 0.990273, 0.989136, 0.987905, 0.986575, 0.985139, 0.983592, 0.981922, 0.980135, 0.978242, 0.97623, 0.974092, 0.971821, 0.969408, 0.966844, 0.964121, 0.961227, 0.958153, 0.954887, 0.951417, 0.947731, 0.943815, 0.939654, 0.935234, 0.930537, 0.925548, 0.920247, 0.914616, 0.908633, 0.902276, 0.895523, 0.888349, 0.880727, 0.872629, 0.864026, 0.854885, 0.845176, 0.834855, 0.823903, 0.812242, 0.799905, 0.786692, 0.772869, 0.757754, 0.742549, 0.724709, 0.709065, 0.686001, 0.673909, 0.677921, 0.676456, 0.676925, 0.676775, 0.676822, 0.676807, 0.676812, 0.676811, 0.676811, 0.676811, 0.676811, 0.676811, 0.676811, 0.676811, 0.676811, 0.676811, 0.676811, 0.676811, 0.676811, 0.676811, 0.676811, 0.676811, 0.676811, 0.676811, 0.676811, 0.676811, 0.676811, 0.676811, 
1, 1, 0.999998, 0.999962, 0.999904, 0.999819, 0.999706, 0.999563, 0.999389, 0.999181, 0.998938, 0.998658, 0.998337, 0.997974, 0.997565, 0.997108, 0.996601, 0.996039, 0.995419, 0.994738, 0.993992, 0.993177, 0.992289, 0.991323, 0.990273, 0.989136, 0.987905, 0.986575, 0.985139, 0.983592, 0.981922, 0.980135, 0.978242, 0.97623, 0.974092, 0.971821, 0.969408, 0.966844, 0.964121, 0.961227, 0.958153, 0.954887, 0.951417, 0.947731, 0.943815, 0.939654, 0.935234, 0.930537, 0.925548, 0.920247, 0.914616, 0.908633, 0.902276, 0.895523, 0.888349, 0.880727, 0.872629, 0.864026, 0.854885, 0.845176, 0.834855, 0.823903, 0.812242, 0.799905, 0.786692, 0.772869, 0.757754, 0.742549, 0.724709, 0.709065, 0.686001, 0.673909, 0.677921, 0.676456, 0.676925, 0.676775, 0.676822, 0.676807, 0.676812, 0.676811, 0.676811, 0.676811, 0.676811, 0.676811, 0.676811, 0.676811, 0.676811, 0.676811, 0.676811, 0.676811, 0.676811, 0.676811, 0.676811, 0.676811, 0.676811, 0.676811, 0.676811, 0.676811, 0.676811, 0.676811, 
1, 1, 0.999998, 0.999962, 0.999904, 0.999819, 0.999706, 0.999563, 0.999389, 0.999181, 0.998938, 0.998658, 0.998337, 0.997974, 0.997565, 0.997108, 0.996601, 0.996039, 0.995419, 0.994738, 0.993992, 0.993177, 0.992289, 0.991323, 0.990273, 0.989136, 0.987905, 0.986575, 0.985139, 0.983592, 0.981922, 0.980135, 0.978242, 0.97623, 0.974092, 0.971821, 0.969408, 0.966844, 0.964121, 0.961227, 0.958153, 0.954887, 0.951417, 0.947731, 0.943815, 0.939654, 0.935234, 0.930537, 0.925548, 0.920247, 0.914616, 0.908633, 0.902276, 0.895523, 0.888349, 0.880727, 0.872629, 0.864026, 0.854885, 0.845176, 0.834855, 0.823903, 0.812242, 0.799905, 0.786692, 0.772868, 0.757754, 0.742549, 0.724708, 0.709065, 0.686001, 0.673909, 0.67792, 0.676456, 0.676925, 0.676775, 0.676822, 0.676807, 0.676812, 0.67681, 0.676811, 0.676811, 0.676811, 0.676811, 0.676811, 0.676811, 0.676811, 0.676811, 0.676811, 0.676811, 0.676811, 0.676811, 0.676811, 0.676811, 0.676811, 0.676811, 0.676811, 0.676811, 0.676811, 0.676811, 
1, 1, 0.999998, 0.999962, 0.999904, 0.999819, 0.999706, 0.999563, 0.999389, 0.999181, 0.998938, 0.998658, 0.998337, 0.997974, 0.997565, 0.997108, 0.996601, 0.996039, 0.995419, 0.994738, 0.993992, 0.993177, 0.992289, 0.991323, 0.990273, 0.989136, 0.987905, 0.986575, 0.985139, 0.983592, 0.981922, 0.980135, 0.978242, 0.97623, 0.974092, 0.971821, 0.969408, 0.966844, 0.964121, 0.961227, 0.958153, 0.954887, 0.951417, 0.947731, 0.943815, 0.939654, 0.935234, 0.930537, 0.925548, 0.920247, 0.914616, 0.908633, 0.902276, 0.895523, 0.888349, 0.880727, 0.872628, 0.864026, 0.854884, 0.845176, 0.834855, 0.823903, 0.812242, 0.799905, 0.786692, 0.772868, 0.757754, 0.742549, 0.724708, 0.709065, 0.686001, 0.673909, 0.67792, 0.676456, 0.676924, 0.676775, 0.676822, 0.676807, 0.676812, 0.67681, 0.676811, 0.676811, 0.676811, 0.676811, 0.676811, 0.676811, 0.676811, 0.676811, 0.676811, 0.676811, 0.676811, 0.676811, 0.676811, 0.676811, 0.676811, 0.676811, 0.676811, 0.676811, 0.676811, 0.676811, 
1, 1, 0.999998, 0.999962, 0.999904, 0.999819, 0.999706, 0.999563, 0.999389, 0.999181, 0.998938, 0.998658, 0.998337, 0.997974, 0.997565, 0.997108, 0.996601, 0.996039, 0.995419, 0.994738, 0.993992, 0.993177, 0.992289, 0.991323, 0.990273, 0.989136, 0.987905, 0.986575, 0.985139, 0.983592, 0.981922, 0.980135, 0.978242, 0.97623, 0.974092, 0.971821, 0.969408, 0.966844, 0.964121, 0.961227, 0.958153, 0.954887, 0.951417, 0.947731, 0.943815, 0.939654, 0.935234, 0.930537, 0.925548, 0.920247, 0.914616, 0.908633, 0.902276, 0.895523, 0.888349, 0.880727, 0.872628, 0.864026, 0.854884, 0.845176, 0.834855, 0.823903, 0.812242, 0.799905, 0.786692, 0.772868, 0.757754, 0.742549, 0.724708, 0.709065, 0.686, 0.673909, 0.67792, 0.676456, 0.676924, 0.676775, 0.676822, 0.676807, 0.676812, 0.67681, 0.676811, 0.676811, 0.676811, 0.676811, 0.676811, 0.676811, 0.676811, 0.676811, 0.676811, 0.676811, 0.676811, 0.676811, 0.676811, 0.676811, 0.676811, 0.676811, 0.676811, 0.676811, 0.676811, 0.676811, 
1, 1, 0.999998, 0.999962, 0.999904, 0.999819, 0.999706, 0.999563, 0.999389, 0.999181, 0.998938, 0.998658, 0.998337, 0.997974, 0.997565, 0.997108, 0.996601, 0.996039, 0.995419, 0.994738, 0.993992, 0.993177, 0.992289, 0.991323, 0.990273, 0.989136, 0.987905, 0.986575, 0.985139, 0.983592, 0.981922, 0.980135, 0.978242, 0.97623, 0.974092, 0.971821, 0.969408, 0.966844, 0.964121, 0.961227, 0.958153, 0.954887, 0.951417, 0.947731, 0.943815, 0.939654, 0.935233, 0.930537, 0.925548, 0.920247, 0.914616, 0.908633, 0.902276, 0.895523, 0.888349, 0.880727, 0.872628, 0.864026, 0.854884, 0.845176, 0.834855, 0.823903, 0.812242, 0.799905, 0.786692, 0.772868, 0.757754, 0.742549, 0.724708, 0.709065, 0.686, 0.673909, 0.67792, 0.676456, 0.676924, 0.676775, 0.676822, 0.676807, 0.676812, 0.67681, 0.676811, 0.67681, 0.676811, 0.676811, 0.676811, 0.676811, 0.676811, 0.676811, 0.676811, 0.676811, 0.676811, 0.676811, 0.676811, 0.676811, 0.676811, 0.676811, 0.676811, 0.676811, 0.676811, 0.676811, 
1, 1, 0.999998, 0.999962, 0.999904, 0.999819, 0.999706, 0.999563, 0.999389, 0.999181, 0.998938, 0.998658, 0.998337, 0.997974, 0.997565, 0.997108, 0.996601, 0.996039, 0.995419, 0.994738, 0.993992, 0.993177, 0.992289, 0.991323, 0.990273, 0.989136, 0.987905, 0.986575, 0.985139, 0.983592, 0.981922, 0.980135, 0.978242, 0.97623, 0.974092, 0.971821, 0.969408, 0.966844, 0.964121, 0.961227, 0.958153, 0.954887, 0.951417, 0.947731, 0.943815, 0.939654, 0.935233, 0.930537, 0.925548, 0.920247, 0.914616, 0.908633, 0.902276, 0.895523, 0.888349, 0.880726, 0.872628, 0.864025, 0.854884, 0.845176, 0.834855, 0.823903, 0.812241, 0.799905, 0.786692, 0.772868, 0.757754, 0.742549, 0.724708, 0.709065, 0.686, 0.673909, 0.67792, 0.676456, 0.676924, 0.676774, 0.676822, 0.676807, 0.676812, 0.67681, 0.676811, 0.67681, 0.67681, 0.67681, 0.67681, 0.67681, 0.67681, 0.67681, 0.67681, 0.67681, 0.67681, 0.67681, 0.67681, 0.67681, 0.67681, 0.67681, 0.67681, 0.67681, 0.67681, 0.67681, 
1, 1, 0.999998, 0.999962, 0.999904, 0.999819, 0.999706, 0.999563, 0.999389, 0.999181, 0.998938, 0.998658, 0.998337, 0.997974, 0.997565, 0.997108, 0.996601, 0.996039, 0.995419, 0.994738, 0.993992, 0.993177, 0.992289, 0.991323, 0.990273, 0.989136, 0.987905, 0.986575, 0.985139, 0.983592, 0.981922, 0.980135, 0.978242, 0.97623, 0.974092, 0.971821, 0.969408, 0.966844, 0.964121, 0.961227, 0.958153, 0.954887, 0.951417, 0.947731, 0.943815, 0.939654, 0.935233, 0.930537, 0.925548, 0.920247, 0.914616, 0.908633, 0.902276, 0.895523, 0.888349, 0.880726, 0.872628, 0.864025, 0.854884, 0.845176, 0.834855, 0.823903, 0.812241, 0.799905, 0.786692, 0.772868, 0.757754, 0.742549, 0.724708, 0.709065, 0.686, 0.673908, 0.67792, 0.676456, 0.676924, 0.676774, 0.676822, 0.676807, 0.676811, 0.67681, 0.67681, 0.67681, 0.67681, 0.67681, 0.67681, 0.67681, 0.67681, 0.67681, 0.67681, 0.67681, 0.67681, 0.67681, 0.67681, 0.67681, 0.67681, 0.67681, 0.67681, 0.67681, 0.67681, 0.67681, 
1, 1, 0.999998, 0.999962, 0.999904, 0.999819, 0.999706, 0.999563, 0.999389, 0.999181, 0.998938, 0.998658, 0.998337, 0.997974, 0.997565, 0.997108, 0.996601, 0.996039, 0.995419, 0.994738, 0.993992, 0.993177, 0.992289, 0.991323, 0.990273, 0.989136, 0.987905, 0.986575, 0.985139, 0.983592, 0.981922, 0.980135, 0.978242, 0.97623, 0.974092, 0.971821, 0.969408, 0.966844, 0.964121, 0.961227, 0.958153, 0.954887, 0.951417, 0.947731, 0.943815, 0.939654, 0.935233, 0.930537, 0.925548, 0.920247, 0.914615, 0.908633, 0.902276, 0.895523, 0.888349, 0.880726, 0.872628, 0.864025, 0.854884, 0.845176, 0.834855, 0.823903, 0.812241, 0.799904, 0.786692, 0.772868, 0.757754, 0.742549, 0.724708, 0.709065, 0.686, 0.673908, 0.67792, 0.676456, 0.676924, 0.676774, 0.676822, 0.676807, 0.676811, 0.67681, 0.67681, 0.67681, 0.67681, 0.67681, 0.67681, 0.67681, 0.67681, 0.67681, 0.67681, 0.67681, 0.67681, 0.67681, 0.67681, 0.67681, 0.67681, 0.67681, 0.67681, 0.67681, 0.67681, 0.67681, 
1, 1, 0.999998, 0.999962, 0.999904, 0.999819, 0.999706, 0.999563, 0.999389, 0.999181, 0.998938, 0.998658, 0.998337, 0.997974, 0.997565, 0.997108, 0.996601, 0.996039, 0.995419, 0.994738, 0.993992, 0.993177, 0.992289, 0.991323, 0.990273, 0.989136, 0.987905, 0.986575, 0.985139, 0.983592, 0.981922, 0.980135, 0.978242, 0.97623, 0.974092, 0.971821, 0.969408, 0.966844, 0.964121, 0.961227, 0.958153, 0.954887, 0.951417, 0.947731, 0.943815, 0.939654, 0.935233, 0.930537, 0.925548, 0.920247, 0.914615, 0.908632, 0.902276, 0.895523, 0.888348, 0.880726, 0.872628, 0.864025, 0.854884, 0.845176, 0.834855, 0.823903, 0.812241, 0.799904, 0.786692, 0.772868, 0.757754, 0.742549, 0.724708, 0.709065, 0.686, 0.673908, 0.67792, 0.676456, 0.676924, 0.676774, 0.676822, 0.676807, 0.676811, 0.67681, 0.67681, 0.67681, 0.67681, 0.67681, 0.67681, 0.67681, 0.67681, 0.67681, 0.67681, 0.67681, 0.67681, 0.67681, 0.67681, 0.67681, 0.67681, 0.67681, 0.67681, 0.67681, 0.67681, 0.67681, 
1, 1, 0.999998, 0.999962, 0.999904, 0.999819, 0.999706, 0.999563, 0.999389, 0.999181, 0.998938, 0.998658, 0.998337, 0.997974, 0.997565, 0.997108, 0.996601, 0.996039, 0.995419, 0.994738, 0.993992, 0.993177, 0.992289, 0.991323, 0.990273, 0.989136, 0.987905, 0.986575, 0.985139, 0.983592, 0.981922, 0.980135, 0.978242, 0.97623, 0.974092, 0.971821, 0.969408, 0.966844, 0.964121, 0.961227, 0.958153, 0.954887, 0.951417, 0.947731, 0.943815, 0.939654, 0.935233, 0.930537, 0.925548, 0.920247, 0.914615, 0.908632, 0.902276, 0.895523, 0.888348, 0.880726, 0.872628, 0.864025, 0.854884, 0.845175, 0.834855, 0.823903, 0.812241, 0.799904, 0.786692, 0.772868, 0.757753, 0.742548, 0.724708, 0.709065, 0.686, 0.673908, 0.67792, 0.676456, 0.676924, 0.676774, 0.676821, 0.676807, 0.676811, 0.67681, 0.67681, 0.67681, 0.67681, 0.67681, 0.67681, 0.67681, 0.67681, 0.67681, 0.67681, 0.67681, 0.67681, 0.67681, 0.67681, 0.67681, 0.67681, 0.67681, 0.67681, 0.67681, 0.67681, 0.67681, 
1, 1, 0.999998, 0.999962, 0.999904, 0.999819, 0.999706, 0.999563, 0.999389, 0.999181, 0.998938, 0.998658, 0.998337, 0.997974, 0.997565, 0.997108, 0.996601, 0.996039, 0.995419, 0.994738, 0.993992, 0.993177, 0.992289, 0.991323, 0.990273, 0.989136, 0.987905, 0.986575, 0.985139, 0.983592, 0.981922, 0.980135, 0.978242, 0.97623, 0.974092, 0.971821, 0.969408, 0.966844, 0.96412, 0.961227, 0.958153, 0.954887, 0.951417, 0.947731, 0.943815, 0.939654, 0.935233, 0.930537, 0.925548, 0.920247, 0.914615, 0.908632, 0.902276, 0.895523, 0.888348, 0.880726, 0.872628, 0.864025, 0.854884, 0.845175, 0.834855, 0.823903, 0.812241, 0.799904, 0.786692, 0.772868, 0.757753, 0.742548, 0.724708, 0.709065, 0.686, 0.673908, 0.67792, 0.676455, 0.676924, 0.676774, 0.676821, 0.676806, 0.676811, 0.67681, 0.67681, 0.67681, 0.67681, 0.67681, 0.67681, 0.67681, 0.67681, 0.67681, 0.67681, 0.67681, 0.67681, 0.67681, 0.67681, 0.67681, 0.67681, 0.67681, 0.67681, 0.67681, 0.67681, 0.67681, 
1, 1, 0.999998, 0.999962, 0.999904, 0.999819, 0.999706, 0.999563, 0.999389, 0.999181, 0.998938, 0.998658, 0.998337, 0.997974, 0.997565, 0.997108, 0.996601, 0.996039, 0.995419, 0.994738, 0.993992, 0.993177, 0.992289, 0.991323, 0.990273, 0.989136, 0.987905, 0.986575, 0.985139, 0.983592, 0.981922, 0.980135, 0.978242, 0.97623, 0.974092, 0.971821, 0.969408, 0.966844, 0.96412, 0.961227, 0.958153, 0.954887, 0.951417, 0.947731, 0.943815, 0.939654, 0.935233, 0.930537, 0.925548, 0.920247, 0.914615, 0.908632, 0.902276, 0.895523, 0.888348, 0.880726, 0.872628, 0.864025, 0.854884, 0.845175, 0.834855, 0.823902, 0.812241, 0.799904, 0.786692, 0.772868, 0.757753, 0.742548, 0.724708, 0.709065, 0.686, 0.673908, 0.67792, 0.676455, 0.676924, 0.676774, 0.676821, 0.676806, 0.676811, 0.67681, 0.67681, 0.67681, 0.67681, 0.67681, 0.67681, 0.67681, 0.67681, 0.67681, 0.67681, 0.67681, 0.67681, 0.67681, 0.67681, 0.67681, 0.67681, 0.67681, 0.67681, 0.67681, 0.67681, 0.67681, 
1, 1, 0.999998, 0.999962, 0.999904, 0.999819, 0.999706, 0.999563, 0.999389, 0.999181, 0.998938, 0.998658, 0.998337, 0.997974, 0.997565, 0.997108, 0.996601, 0.996039, 0.995419, 0.994738, 0.993992, 0.993177, 0.992289, 0.991323, 0.990273, 0.989136, 0.987905, 0.986575, 0.985139, 0.983592, 0.981922, 0.980135, 0.978242, 0.97623, 0.974092, 0.971821, 0.969408, 0.966844, 0.96412, 0.961227, 0.958153, 0.954887, 0.951417, 0.947731, 0.943815, 0.939654, 0.935233, 0.930537, 0.925548, 0.920247, 0.914615, 0.908632, 0.902276, 0.895523, 0.888348, 0.880726, 0.872628, 0.864025, 0.854884, 0.845175, 0.834855, 0.823902, 0.812241, 0.799904, 0.786692, 0.772868, 0.757753, 0.742548, 0.724708, 0.709064, 0.686, 0.673908, 0.67792, 0.676455, 0.676924, 0.676774, 0.676821, 0.676806, 0.676811, 0.67681, 0.67681, 0.67681, 0.67681, 0.67681, 0.67681, 0.67681, 0.67681, 0.67681, 0.67681, 0.67681, 0.67681, 0.67681, 0.67681, 0.67681, 0.67681, 0.67681, 0.67681, 0.67681, 0.67681, 0.67681, 
1, 1, 0.999998, 0.999962, 0.999904, 0.999819, 0.999706, 0.999563, 0.999389, 0.999181, 0.998938, 0.998658, 0.998337, 0.997974, 0.997565, 0.997108, 0.996601, 0.996039, 0.995419, 0.994738, 0.993992, 0.993177, 0.992289, 0.991323, 0.990273, 0.989136, 0.987905, 0.986575, 0.985139, 0.983592, 0.981922, 0.980135, 0.978242, 0.97623, 0.974092, 0.971821, 0.969408, 0.966844, 0.96412, 0.961227, 0.958153, 0.954887, 0.951417, 0.947731, 0.943814, 0.939654, 0.935233, 0.930537, 0.925548, 0.920247, 0.914615, 0.908632, 0.902276, 0.895523, 0.888348, 0.880726, 0.872628, 0.864025, 0.854884, 0.845175, 0.834855, 0.823902, 0.812241, 0.799904, 0.786691, 0.772868, 0.757753, 0.742548, 0.724708, 0.709064, 0.686, 0.673908, 0.677919, 0.676455, 0.676924, 0.676774, 0.676821, 0.676806, 0.676811, 0.676809, 0.67681, 0.67681, 0.67681, 0.67681, 0.67681, 0.67681, 0.67681, 0.67681, 0.67681, 0.67681, 0.67681, 0.67681, 0.67681, 0.67681, 0.67681, 0.67681, 0.67681, 0.67681, 0.67681, 0.67681, 
1, 1, 0.999998, 0.999962, 0.999904, 0.999819, 0.999706, 0.999563, 0.999389, 0.999181, 0.998938, 0.998658, 0.998337, 0.997974, 0.997565, 0.997108, 0.996601, 0.996039, 0.995419, 0.994738, 0.993992, 0.993177, 0.992289, 0.991323, 0.990273, 0.989136, 0.987905, 0.986575, 0.985139, 0.983592, 0.981922, 0.980135, 0.978242, 0.97623, 0.974092, 0.971821, 0.969408, 0.966844, 0.96412, 0.961227, 0.958153, 0.954887, 0.951417, 0.947731, 0.943814, 0.939654, 0.935233, 0.930537, 0.925548, 0.920247, 0.914615, 0.908632, 0.902276, 0.895523, 0.888348, 0.880726, 0.872628, 0.864025, 0.854884, 0.845175, 0.834855, 0.823902, 0.812241, 0.799904, 0.786691, 0.772868, 0.757753, 0.742548, 0.724707, 0.709064, 0.686, 0.673908, 0.677919, 0.676455, 0.676924, 0.676774, 0.676821, 0.676806, 0.676811, 0.676809, 0.67681, 0.67681, 0.67681, 0.67681, 0.67681, 0.67681, 0.67681, 0.67681, 0.67681, 0.67681, 0.67681, 0.67681, 0.67681, 0.67681, 0.67681, 0.67681, 0.67681, 0.67681, 0.67681, 0.67681, 
1, 1, 0.999998, 0.999962, 0.999904, 0.999819, 0.999706, 0.999563, 0.999389, 0.999181, 0.998938, 0.998658, 0.998337, 0.997974, 0.997565, 0.997108, 0.996601, 0.996039, 0.995419, 0.994738, 0.993992, 0.993177, 0.992289, 0.991323, 0.990273, 0.989136, 0.987905, 0.986575, 0.985139, 0.983592, 0.981922, 0.980135, 0.978242, 0.97623, 0.974092, 0.971821, 0.969408, 0.966844, 0.96412, 0.961227, 0.958153, 0.954887, 0.951417, 0.947731, 0.943814, 0.939654, 0.935233, 0.930537, 0.925548, 0.920247, 0.914615, 0.908632, 0.902276, 0.895523, 0.888348, 0.880726, 0.872628, 0.864025, 0.854884, 0.845175, 0.834855, 0.823902, 0.812241, 0.799904, 0.786691, 0.772868, 0.757753, 0.742548, 0.724707, 0.709064, 0.686, 0.673908, 0.677919, 0.676455, 0.676923, 0.676774, 0.676821, 0.676806, 0.676811, 0.676809, 0.67681, 0.67681, 0.67681, 0.67681, 0.67681, 0.67681, 0.67681, 0.67681, 0.67681, 0.67681, 0.67681, 0.67681, 0.67681, 0.67681, 0.67681, 0.67681, 0.67681, 0.67681, 0.67681, 0.67681, 
1, 1, 0.999998, 0.999962, 0.999904, 0.999819, 0.999706, 0.999563, 0.999389, 0.999181, 0.998938, 0.998658, 0.998337, 0.997974, 0.997565, 0.997108, 0.996601, 0.996039, 0.995419, 0.994738, 0.993992, 0.993177, 0.992289, 0.991323, 0.990273, 0.989136, 0.987905, 0.986575, 0.985139, 0.983592, 0.981922, 0.980135, 0.978242, 0.97623, 0.974092, 0.971821, 0.969408, 0.966844, 0.96412, 0.961227, 0.958153, 0.954887, 0.951417, 0.947731, 0.943814, 0.939654, 0.935233, 0.930537, 0.925548, 0.920247, 0.914615, 0.908632, 0.902276, 0.895523, 0.888348, 0.880726, 0.872628, 0.864025, 0.854884, 0.845175, 0.834855, 0.823902, 0.812241, 0.799904, 0.786691, 0.772868, 0.757753, 0.742548, 0.724707, 0.709064, 0.685999, 0.673908, 0.677919, 0.676455, 0.676923, 0.676774, 0.676821, 0.676806, 0.676811, 0.676809, 0.67681, 0.67681, 0.67681, 0.67681, 0.67681, 0.67681, 0.67681, 0.67681, 0.67681, 0.67681, 0.67681, 0.67681, 0.67681, 0.67681, 0.67681, 0.67681, 0.67681, 0.67681, 0.67681, 0.67681, 
1, 1, 0.999998, 0.999962, 0.999904, 0.999819, 0.999706, 0.999563, 0.999389, 0.999181, 0.998938, 0.998658, 0.998337, 0.997974, 0.997565, 0.997108, 0.996601, 0.996039, 0.995419, 0.994738, 0.993992, 0.993177, 0.992289, 0.991323, 0.990273, 0.989136, 0.987905, 0.986575, 0.985139, 0.983592, 0.981922, 0.980135, 0.978242, 0.97623, 0.974092, 0.971821, 0.969408, 0.966844, 0.96412, 0.961227, 0.958153, 0.954887, 0.951417, 0.947731, 0.943814, 0.939654, 0.935233, 0.930537, 0.925548, 0.920247, 0.914615, 0.908632, 0.902276, 0.895523, 0.888348, 0.880726, 0.872628, 0.864025, 0.854884, 0.845175, 0.834854, 0.823902, 0.812241, 0.799904, 0.786691, 0.772868, 0.757753, 0.742548, 0.724707, 0.709064, 0.685999, 0.673908, 0.677919, 0.676455, 0.676923, 0.676774, 0.676821, 0.676806, 0.676811, 0.676809, 0.67681, 0.676809, 0.67681, 0.67681, 0.67681, 0.67681, 0.67681, 0.67681, 0.67681, 0.67681, 0.67681, 0.67681, 0.67681, 0.67681, 0.67681, 0.67681, 0.67681, 0.67681, 0.67681, 0.67681, 
1, 1, 0.999998, 0.999962, 0.999904, 0.999819, 0.999706, 0.999563, 0.999389, 0.999181, 0.998938, 0.998658, 0.998337, 0.997974, 0.997565, 0.997108, 0.996601, 0.996039, 0.995419, 0.994738, 0.993992, 0.993177, 0.992289, 0.991323, 0.990273, 0.989136, 0.987905, 0.986575, 0.985139, 0.983592, 0.981922, 0.980135, 0.978242, 0.97623, 0.974092, 0.971821, 0.969408, 0.966844, 0.96412, 0.961227, 0.958153, 0.954887, 0.951417, 0.947731, 0.943814, 0.939654, 0.935233, 0.930537, 0.925548, 0.920247, 0.914615, 0.908632, 0.902276, 0.895523, 0.888348, 0.880726, 0.872628, 0.864025, 0.854884, 0.845175, 0.834854, 0.823902, 0.812241, 0.799904, 0.786691, 0.772867, 0.757753, 0.742548, 0.724707, 0.709064, 0.685999, 0.673908, 0.677919, 0.676455, 0.676923, 0.676774, 0.676821, 0.676806, 0.676811, 0.676809, 0.67681, 0.676809, 0.676809, 0.676809, 0.676809, 0.676809, 0.676809, 0.676809, 0.676809, 0.676809, 0.676809, 0.676809, 0.676809, 0.676809, 0.676809, 0.676809, 0.676809, 0.676809, 0.676809, 0.676809, 
1, 1, 0.999998, 0.999962, 0.999904, 0.999819, 0.999706, 0.999563, 0.999389, 0.999181, 0.998938, 0.998658, 0.998337, 0.997974, 0.997565, 0.997108, 0.996601, 0.996039, 0.995419, 0.994738, 0.993992, 0.993177, 0.992289, 0.991323, 0.990273, 0.989136, 0.987905, 0.986575, 0.985139, 0.983592, 0.981922, 0.980135, 0.978242, 0.97623, 0.974092, 0.971821, 0.969408, 0.966844, 0.96412, 0.961227, 0.958153, 0.954887, 0.951417, 0.947731, 0.943814, 0.939654, 0.935233, 0.930537, 0.925547, 0.920247, 0.914615, 0.908632, 0.902276, 0.895523, 0.888348, 0.880726, 0.872628, 0.864025, 0.854884, 0.845175, 0.834854, 0.823902, 0.812241, 0.799904, 0.786691, 0.772867, 0.757753, 0.742548, 0.724707, 0.709064, 0.685999, 0.673908, 0.677919, 0.676455, 0.676923, 0.676773, 0.676821, 0.676806, 0.676811, 0.676809, 0.67681, 0.676809, 0.676809, 0.676809, 0.676809, 0.676809, 0.676809, 0.676809, 0.676809, 0.676809, 0.676809, 0.676809, 0.676809, 0.676809, 0.676809, 0.676809, 0.676809, 0.676809, 0.676809, 0.676809, 
1, 1, 0.999998, 0.999962, 0.999904, 0.999819, 0.999706, 0.999563, 0.999389, 0.999181, 0.998938, 0.998658, 0.998337, 0.997974, 0.997565, 0.997108, 0.996601, 0.996039, 0.995419, 0.994738, 0.993992, 0.993177, 0.992289, 0.991323, 0.990273, 0.989136, 0.987905, 0.986575, 0.985139, 0.983592, 0.981922, 0.980135, 0.978242, 0.97623, 0.974092, 0.97182, 0.969408, 0.966844, 0.96412, 0.961227, 0.958153, 0.954887, 0.951417, 0.947731, 0.943814, 0.939654, 0.935233, 0.930537, 0.925547, 0.920247, 0.914615, 0.908632, 0.902276, 0.895523, 0.888348, 0.880726, 0.872628, 0.864025, 0.854884, 0.845175, 0.834854, 0.823902, 0.812241, 0.799904, 0.786691, 0.772867, 0.757753, 0.742548, 0.724707, 0.709064, 0.685999, 0.673907, 0.677919, 0.676455, 0.676923, 0.676773, 0.676821, 0.676806, 0.67681, 0.676809, 0.676809, 0.676809, 0.676809, 0.676809, 0.676809, 0.676809, 0.676809, 0.676809, 0.676809, 0.676809, 0.676809, 0.676809, 0.676809, 0.676809, 0.676809, 0.676809, 0.676809, 0.676809, 0.676809, 0.676809, 
1, 1, 0.999998, 0.999962, 0.999904, 0.999819, 0.999706, 0.999563, 0.999389, 0.999181, 0.998938, 0.998658, 0.998337, 0.997974, 0.997565, 0.997108, 0.996601, 0.996039, 0.995419, 0.994738, 0.993992, 0.993177, 0.992289, 0.991323, 0.990273, 0.989136, 0.987905, 0.986575, 0.985139, 0.983592, 0.981922, 0.980135, 0.978242, 0.97623, 0.974092, 0.97182, 0.969408, 0.966844, 0.96412, 0.961227, 0.958153, 0.954887, 0.951417, 0.947731, 0.943814, 0.939654, 0.935233, 0.930537, 0.925547, 0.920247, 0.914615, 0.908632, 0.902276, 0.895523, 0.888348, 0.880726, 0.872628, 0.864025, 0.854884, 0.845175, 0.834854, 0.823902, 0.812241, 0.799904, 0.786691, 0.772867, 0.757753, 0.742548, 0.724707, 0.709064, 0.685999, 0.673907, 0.677919, 0.676455, 0.676923, 0.676773, 0.676821, 0.676806, 0.67681, 0.676809, 0.676809, 0.676809, 0.676809, 0.676809, 0.676809, 0.676809, 0.676809, 0.676809, 0.676809, 0.676809, 0.676809, 0.676809, 0.676809, 0.676809, 0.676809, 0.676809, 0.676809, 0.676809, 0.676809, 0.676809, 
1, 1, 0.999998, 0.999962, 0.999904, 0.999819, 0.999706, 0.999563, 0.999389, 0.999181, 0.998938, 0.998658, 0.998337, 0.997974, 0.997565, 0.997108, 0.996601, 0.996039, 0.995419, 0.994738, 0.993992, 0.993177, 0.992289, 0.991323, 0.990273, 0.989136, 0.987905, 0.986575, 0.985139, 0.983592, 0.981922, 0.980135, 0.978242, 0.97623, 0.974092, 0.97182, 0.969407, 0.966844, 0.96412, 0.961227, 0.958153, 0.954887, 0.951417, 0.947731, 0.943814, 0.939654, 0.935233, 0.930537, 0.925547, 0.920247, 0.914615, 0.908632, 0.902276, 0.895523, 0.888348, 0.880726, 0.872628, 0.864025, 0.854884, 0.845175, 0.834854, 0.823902, 0.812241, 0.799904, 0.786691, 0.772867, 0.757753, 0.742548, 0.724707, 0.709064, 0.685999, 0.673907, 0.677919, 0.676455, 0.676923, 0.676773, 0.676821, 0.676806, 0.67681, 0.676809, 0.676809, 0.676809, 0.676809, 0.676809, 0.676809, 0.676809, 0.676809, 0.676809, 0.676809, 0.676809, 0.676809, 0.676809, 0.676809, 0.676809, 0.676809, 0.676809, 0.676809, 0.676809, 0.676809, 0.676809, 
1, 1, 0.999998, 0.999962, 0.999904, 0.999819, 0.999706, 0.999563, 0.999389, 0.999181, 0.998938, 0.998658, 0.998337, 0.997974, 0.997565, 0.997108, 0.996601, 0.996039, 0.995419, 0.994738, 0.993992, 0.993177, 0.992289, 0.991323, 0.990273, 0.989136, 0.987905, 0.986575, 0.985139, 0.983592, 0.981922, 0.980135, 0.978242, 0.97623, 0.974092, 0.97182, 0.969407, 0.966844, 0.96412, 0.961227, 0.958153, 0.954887, 0.951417, 0.947731, 0.943814, 0.939654, 0.935233, 0.930537, 0.925547, 0.920247, 0.914615, 0.908632, 0.902276, 0.895523, 0.888348, 0.880726, 0.872628, 0.864025, 0.854884, 0.845175, 0.834854, 0.823902, 0.812241, 0.799904, 0.786691, 0.772867, 0.757753, 0.742548, 0.724707, 0.709064, 0.685999, 0.673907, 0.677919, 0.676455, 0.676923, 0.676773, 0.67682, 0.676806, 0.67681, 0.676809, 0.676809, 0.676809, 0.676809, 0.676809, 0.676809, 0.676809, 0.676809, 0.676809, 0.676809, 0.676809, 0.676809, 0.676809, 0.676809, 0.676809, 0.676809, 0.676809, 0.676809, 0.676809, 0.676809, 0.676809, 
1, 1, 0.999998, 0.999962, 0.999904, 0.999819, 0.999706, 0.999563, 0.999389, 0.999181, 0.998938, 0.998658, 0.998337, 0.997974, 0.997565, 0.997108, 0.996601, 0.996039, 0.995419, 0.994738, 0.993992, 0.993177, 0.992289, 0.991323, 0.990273, 0.989136, 0.987905, 0.986575, 0.985139, 0.983592, 0.981922, 0.980135, 0.978242, 0.97623, 0.974092, 0.97182, 0.969407, 0.966844, 0.96412, 0.961227, 0.958153, 0.954887, 0.951417, 0.947731, 0.943814, 0.939654, 0.935233, 0.930537, 0.925547, 0.920247, 0.914615, 0.908632, 0.902276, 0.895523, 0.888348, 0.880726, 0.872628, 0.864025, 0.854884, 0.845175, 0.834854, 0.823902, 0.812241, 0.799904, 0.786691, 0.772867, 0.757753, 0.742548, 0.724707, 0.709064, 0.685999, 0.673907, 0.677919, 0.676455, 0.676923, 0.676773, 0.67682, 0.676806, 0.67681, 0.676809, 0.676809, 0.676809, 0.676809, 0.676809, 0.676809, 0.676809, 0.676809, 0.676809, 0.676809, 0.676809, 0.676809, 0.676809, 0.676809, 0.676809, 0.676809, 0.676809, 0.676809, 0.676809, 0.676809, 0.676809, 
1, 1, 0.999998, 0.999962, 0.999904, 0.999819, 0.999706, 0.999563, 0.999389, 0.999181, 0.998938, 0.998658, 0.998337, 0.997974, 0.997565, 0.997108, 0.996601, 0.996039, 0.995419, 0.994738, 0.993992, 0.993177, 0.992289, 0.991323, 0.990273, 0.989136, 0.987905, 0.986575, 0.985139, 0.983592, 0.981922, 0.980135, 0.978242, 0.97623, 0.974092, 0.97182, 0.969407, 0.966844, 0.96412, 0.961227, 0.958153, 0.954887, 0.951417, 0.947731, 0.943814, 0.939654, 0.935233, 0.930537, 0.925547, 0.920247, 0.914615, 0.908632, 0.902276, 0.895523, 0.888348, 0.880726, 0.872628, 0.864025, 0.854884, 0.845175, 0.834854, 0.823902, 0.812241, 0.799904, 0.786691, 0.772867, 0.757753, 0.742548, 0.724707, 0.709064, 0.685999, 0.673907, 0.677919, 0.676454, 0.676923, 0.676773, 0.67682, 0.676805, 0.67681, 0.676809, 0.676809, 0.676809, 0.676809, 0.676809, 0.676809, 0.676809, 0.676809, 0.676809, 0.676809, 0.676809, 0.676809, 0.676809, 0.676809, 0.676809, 0.676809, 0.676809, 0.676809, 0.676809, 0.676809, 0.676809, 
1, 1, 0.999998, 0.999962, 0.999904, 0.999819, 0.999706, 0.999563, 0.999389, 0.999181, 0.998938, 0.998658, 0.998337, 0.997974, 0.997565, 0.997108, 0.996601, 0.996039, 0.995419, 0.994738, 0.993992, 0.993177, 0.992289, 0.991323, 0.990273, 0.989136, 0.987905, 0.986575, 0.985139, 0.983592, 0.981922, 0.980135, 0.978242, 0.97623, 0.974092, 0.97182, 0.969407, 0.966844, 0.96412, 0.961227, 0.958153, 0.954887, 0.951417, 0.947731, 0.943814, 0.939653, 0.935233, 0.930537, 0.925547, 0.920247, 0.914615, 0.908632, 0.902276, 0.895523, 0.888348, 0.880726, 0.872628, 0.864025, 0.854884, 0.845175, 0.834854, 0.823902, 0.812241, 0.799904, 0.786691, 0.772867, 0.757753, 0.742547, 0.724707, 0.709064, 0.685999, 0.673907, 0.677919, 0.676454, 0.676923, 0.676773, 0.67682, 0.676805, 0.67681, 0.676809, 0.676809, 0.676809, 0.676809, 0.676809, 0.676809, 0.676809, 0.676809, 0.676809, 0.676809, 0.676809, 0.676809, 0.676809, 0.676809, 0.676809, 0.676809, 0.676809, 0.676809, 0.676809, 0.676809, 0.676809, 
1, 1, 0.999998, 0.999962, 0.999904, 0.999819, 0.999706, 0.999563, 0.999389, 0.999181, 0.998938, 0.998658, 0.998337, 0.997974, 0.997565, 0.997108, 0.996601, 0.996039, 0.995419, 0.994738, 0.993992, 0.993177, 0.992289, 0.991323, 0.990273, 0.989136, 0.987905, 0.986575, 0.985139, 0.983592, 0.981922, 0.980135, 0.978242, 0.976229, 0.974092, 0.97182, 0.969407, 0.966844, 0.96412, 0.961227, 0.958153, 0.954887, 0.951417, 0.947731, 0.943814, 0.939653, 0.935233, 0.930537, 0.925547, 0.920247, 0.914615, 0.908632, 0.902276, 0.895523, 0.888348, 0.880726, 0.872628, 0.864025, 0.854884, 0.845175, 0.834854, 0.823902, 0.81224, 0.799903, 0.786691, 0.772867, 0.757753, 0.742547, 0.724707, 0.709064, 0.685999, 0.673907, 0.677919, 0.676454, 0.676923, 0.676773, 0.67682, 0.676805, 0.67681, 0.676809, 0.676809, 0.676809, 0.676809, 0.676809, 0.676809, 0.676809, 0.676809, 0.676809, 0.676809, 0.676809, 0.676809, 0.676809, 0.676809, 0.676809, 0.676809, 0.676809, 0.676809, 0.676809, 0.676809, 0.676809, 
1, 1, 0.999998, 0.999962, 0.999904, 0.999819, 0.999706, 0.999563, 0.999389, 0.999181, 0.998938, 0.998658, 0.998337, 0.997974, 0.997565, 0.997108, 0.996601, 0.996039, 0.995419, 0.994738, 0.993992, 0.993177, 0.992289, 0.991323, 0.990273, 0.989136, 0.987905, 0.986575, 0.985139, 0.983592, 0.981922, 0.980135, 0.978242, 0.976229, 0.974092, 0.97182, 0.969407, 0.966844, 0.96412, 0.961227, 0.958153, 0.954887, 0.951417, 0.947731, 0.943814, 0.939653, 0.935233, 0.930537, 0.925547, 0.920247, 0.914615, 0.908632, 0.902276, 0.895522, 0.888348, 0.880726, 0.872628, 0.864025, 0.854883, 0.845175, 0.834854, 0.823902, 0.81224, 0.799903, 0.786691, 0.772867, 0.757752, 0.742547, 0.724707, 0.709064, 0.685999, 0.673907, 0.677919, 0.676454, 0.676923, 0.676773, 0.67682, 0.676805, 0.67681, 0.676808, 0.676809, 0.676809, 0.676809, 0.676809, 0.676809, 0.676809, 0.676809, 0.676809, 0.676809, 0.676809, 0.676809, 0.676809, 0.676809, 0.676809, 0.676809, 0.676809, 0.676809, 0.676809, 0.676809, 0.676809, 
1, 1, 0.999998, 0.999962, 0.999904, 0.999819, 0.999706, 0.999563, 0.999389, 0.999181, 0.998938, 0.998658, 0.998337, 0.997974, 0.997565, 0.997108, 0.996601, 0.996039, 0.995419, 0.994738, 0.993992, 0.993177, 0.992289, 0.991323, 0.990273, 0.989136, 0.987905, 0.986575, 0.985139, 0.983592, 0.981922, 0.980135, 0.978242, 0.976229, 0.974092, 0.97182, 0.969407, 0.966844, 0.96412, 0.961227, 0.958153, 0.954887, 0.951417, 0.947731, 0.943814, 0.939653, 0.935233, 0.930537, 0.925547, 0.920247, 0.914615, 0.908632, 0.902276, 0.895522, 0.888348, 0.880726, 0.872628, 0.864025, 0.854883, 0.845175, 0.834854, 0.823902, 0.81224, 0.799903, 0.786691, 0.772867, 0.757752, 0.742547, 0.724707, 0.709063, 0.685999, 0.673907, 0.677918, 0.676454, 0.676923, 0.676773, 0.67682, 0.676805, 0.67681, 0.676808, 0.676809, 0.676809, 0.676809, 0.676809, 0.676809, 0.676809, 0.676809, 0.676809, 0.676809, 0.676809, 0.676809, 0.676809, 0.676809, 0.676809, 0.676809, 0.676809, 0.676809, 0.676809, 0.676809, 0.676809, 
1, 1, 0.999998, 0.999962, 0.999904, 0.999819, 0.999706, 0.999563, 0.999389, 0.999181, 0.998938, 0.998658, 0.998337, 0.997974, 0.997565, 0.997108, 0.996601, 0.996039, 0.995419, 0.994738, 0.993992, 0.993177, 0.992289, 0.991323, 0.990273, 0.989136, 0.987905, 0.986575, 0.985139, 0.983592, 0.981922, 0.980135, 0.978242, 0.976229, 0.974092, 0.97182, 0.969407, 0.966844, 0.96412, 0.961227, 0.958153, 0.954887, 0.951417, 0.947731, 0.943814, 0.939653, 0.935233, 0.930537, 0.925547, 0.920247, 0.914615, 0.908632, 0.902276, 0.895522, 0.888348, 0.880726, 0.872627, 0.864025, 0.854883, 0.845175, 0.834854, 0.823902, 0.81224, 0.799903, 0.786691, 0.772867, 0.757752, 0.742547, 0.724707, 0.709063, 0.685999, 0.673907, 0.677918, 0.676454, 0.676923, 0.676773, 0.67682, 0.676805, 0.67681, 0.676808, 0.676809, 0.676809, 0.676809, 0.676809, 0.676809, 0.676809, 0.676809, 0.676809, 0.676809, 0.676809, 0.676809, 0.676809, 0.676809, 0.676809, 0.676809, 0.676809, 0.676809, 0.676809, 0.676809, 0.676809, 
1, 1, 0.999998, 0.999962, 0.999904, 0.999819, 0.999706, 0.999563, 0.999389, 0.999181, 0.998938, 0.998658, 0.998337, 0.997974, 0.997565, 0.997108, 0.996601, 0.996039, 0.995419, 0.994738, 0.993992, 0.993177, 0.992289, 0.991323, 0.990273, 0.989136, 0.987905, 0.986575, 0.985139, 0.983592, 0.981922, 0.980135, 0.978242, 0.976229, 0.974092, 0.97182, 0.969407, 0.966844, 0.96412, 0.961227, 0.958153, 0.954887, 0.951417, 0.947731, 0.943814, 0.939653, 0.935233, 0.930537, 0.925547, 0.920247, 0.914615, 0.908632, 0.902275, 0.895522, 0.888348, 0.880726, 0.872627, 0.864025, 0.854883, 0.845175, 0.834854, 0.823902, 0.81224, 0.799903, 0.786691, 0.772867, 0.757752, 0.742547, 0.724707, 0.709063, 0.685999, 0.673907, 0.677918, 0.676454, 0.676922, 0.676773, 0.67682, 0.676805, 0.67681, 0.676808, 0.676809, 0.676809, 0.676809, 0.676809, 0.676809, 0.676809, 0.676809, 0.676809, 0.676809, 0.676809, 0.676809, 0.676809, 0.676809, 0.676809, 0.676809, 0.676809, 0.676809, 0.676809, 0.676809, 0.676809, 
1, 1, 0.999998, 0.999962, 0.999904, 0.999819, 0.999706, 0.999563, 0.999389, 0.999181, 0.998938, 0.998658, 0.998337, 0.997974, 0.997565, 0.997108, 0.996601, 0.996039, 0.995419, 0.994738, 0.993992, 0.993177, 0.992289, 0.991323, 0.990273, 0.989136, 0.987905, 0.986575, 0.985139, 0.983592, 0.981922, 0.980135, 0.978242, 0.976229, 0.974092, 0.97182, 0.969407, 0.966844, 0.96412, 0.961227, 0.958153, 0.954887, 0.951417, 0.947731, 0.943814, 0.939653, 0.935233, 0.930537, 0.925547, 0.920246, 0.914615, 0.908632, 0.902275, 0.895522, 0.888348, 0.880726, 0.872627, 0.864025, 0.854883, 0.845175, 0.834854, 0.823902, 0.81224, 0.799903, 0.786691, 0.772867, 0.757752, 0.742547, 0.724707, 0.709063, 0.685999, 0.673907, 0.677918, 0.676454, 0.676922, 0.676773, 0.67682, 0.676805, 0.67681, 0.676808, 0.676809, 0.676809, 0.676809, 0.676809, 0.676809, 0.676809, 0.676809, 0.676809, 0.676809, 0.676809, 0.676809, 0.676809, 0.676809, 0.676809, 0.676809, 0.676809, 0.676809, 0.676809, 0.676809, 0.676809, 
1, 1, 0.999998, 0.999962, 0.999904, 0.999819, 0.999706, 0.999563, 0.999389, 0.999181, 0.998938, 0.998658, 0.998337, 0.997974, 0.997565, 0.997108, 0.996601, 0.996039, 0.995419, 0.994738, 0.993992, 0.993177, 0.992289, 0.991323, 0.990273, 0.989136, 0.987905, 0.986575, 0.985139, 0.983592, 0.981922, 0.980135, 0.978242, 0.976229, 0.974092, 0.97182, 0.969407, 0.966844, 0.96412, 0.961227, 0.958153, 0.954887, 0.951417, 0.947731, 0.943814, 0.939653, 0.935233, 0.930537, 0.925547, 0.920246, 0.914615, 0.908632, 0.902275, 0.895522, 0.888348, 0.880726, 0.872627, 0.864025, 0.854883, 0.845175, 0.834854, 0.823902, 0.81224, 0.799903, 0.786691, 0.772867, 0.757752, 0.742547, 0.724706, 0.709063, 0.685998, 0.673907, 0.677918, 0.676454, 0.676922, 0.676773, 0.67682, 0.676805, 0.67681, 0.676808, 0.676809, 0.676809, 0.676809, 0.676809, 0.676809, 0.676809, 0.676809, 0.676809, 0.676809, 0.676809, 0.676809, 0.676809, 0.676809, 0.676809, 0.676809, 0.676809, 0.676809, 0.676809, 0.676809, 0.676809, 
1, 1, 0.999998, 0.999962, 0.999904, 0.999819, 0.999706, 0.999563, 0.999389, 0.999181, 0.998938, 0.998658, 0.998337, 0.997974, 0.997565, 0.997108, 0.996601, 0.996039, 0.995419, 0.994738, 0.993992, 0.993177, 0.992289, 0.991323, 0.990273, 0.989136, 0.987905, 0.986575, 0.985139, 0.983592, 0.981922, 0.980135, 0.978242, 0.976229, 0.974092, 0.97182, 0.969407, 0.966844, 0.96412, 0.961227, 0.958153, 0.954887, 0.951417, 0.947731, 0.943814, 0.939653, 0.935233, 0.930537, 0.925547, 0.920246, 0.914615, 0.908632, 0.902275, 0.895522, 0.888348, 0.880726, 0.872627, 0.864024, 0.854883, 0.845175, 0.834854, 0.823902, 0.81224, 0.799903, 0.786691, 0.772867, 0.757752, 0.742547, 0.724706, 0.709063, 0.685998, 0.673907, 0.677918, 0.676454, 0.676922, 0.676773, 0.67682, 0.676805, 0.67681, 0.676808, 0.676809, 0.676809, 0.676809, 0.676809, 0.676809, 0.676809, 0.676809, 0.676809, 0.676809, 0.676809, 0.676809, 0.676809, 0.676809, 0.676809, 0.676809, 0.676809, 0.676809, 0.676809, 0.676809, 0.676809, 
1, 1, 0.999998, 0.999962, 0.999904, 0.999819, 0.999706, 0.999563, 0.999389, 0.999181, 0.998938, 0.998658, 0.998337, 0.997974, 0.997565, 0.997108, 0.996601, 0.996039, 0.995419, 0.994738, 0.993992, 0.993177, 0.992289, 0.991323, 0.990273, 0.989136, 0.987905, 0.986575, 0.985139, 0.983592, 0.981922, 0.980135, 0.978242, 0.976229, 0.974092, 0.97182, 0.969407, 0.966844, 0.96412, 0.961227, 0.958153, 0.954887, 0.951417, 0.947731, 0.943814, 0.939653, 0.935233, 0.930537, 0.925547, 0.920246, 0.914615, 0.908632, 0.902275, 0.895522, 0.888348, 0.880726, 0.872627, 0.864024, 0.854883, 0.845175, 0.834854, 0.823902, 0.81224, 0.799903, 0.786691, 0.772867, 0.757752, 0.742547, 0.724706, 0.709063, 0.685998, 0.673907, 0.677918, 0.676454, 0.676922, 0.676773, 0.67682, 0.676805, 0.67681, 0.676808, 0.676809, 0.676808, 0.676809, 0.676808, 0.676808, 0.676808, 0.676808, 0.676808, 0.676808, 0.676808, 0.676808, 0.676808, 0.676808, 0.676808, 0.676808, 0.676808, 0.676808, 0.676808, 0.676808, 0.676808, 
1, 1, 0.999998, 0.999962, 0.999904, 0.999819, 0.999706, 0.999563, 0.999389, 0.999181, 0.998938, 0.998658, 0.998337, 0.997974, 0.997565, 0.997108, 0.996601, 0.996039, 0.995419, 0.994738, 0.993992, 0.993177, 0.992289, 0.991323, 0.990273, 0.989136, 0.987905, 0.986575, 0.985139, 0.983592, 0.981922, 0.980135, 0.978242, 0.976229, 0.974092, 0.97182, 0.969407, 0.966844, 0.96412, 0.961227, 0.958153, 0.954887, 0.951417, 0.947731, 0.943814, 0.939653, 0.935233, 0.930537, 0.925547, 0.920246, 0.914615, 0.908632, 0.902275, 0.895522, 0.888348, 0.880726, 0.872627, 0.864024, 0.854883, 0.845175, 0.834854, 0.823902, 0.81224, 0.799903, 0.78669, 0.772867, 0.757752, 0.742547, 0.724706, 0.709063, 0.685998, 0.673907, 0.677918, 0.676454, 0.676922, 0.676772, 0.67682, 0.676805, 0.67681, 0.676808, 0.676809, 0.676808, 0.676808, 0.676808, 0.676808, 0.676808, 0.676808, 0.676808, 0.676808, 0.676808, 0.676808, 0.676808, 0.676808, 0.676808, 0.676808, 0.676808, 0.676808, 0.676808, 0.676808, 0.676808, 
1, 1, 0.999998, 0.999962, 0.999904, 0.999819, 0.999706, 0.999563, 0.999389, 0.999181, 0.998938, 0.998658, 0.998337, 0.997974, 0.997565, 0.997108, 0.996601, 0.996039, 0.995419, 0.994738, 0.993992, 0.993177, 0.992289, 0.991323, 0.990273, 0.989136, 0.987905, 0.986575, 0.985139, 0.983592, 0.981922, 0.980135, 0.978242, 0.976229, 0.974092, 0.97182, 0.969407, 0.966844, 0.96412, 0.961227, 0.958153, 0.954887, 0.951417, 0.947731, 0.943814, 0.939653, 0.935233, 0.930537, 0.925547, 0.920246, 0.914615, 0.908632, 0.902275, 0.895522, 0.888348, 0.880726, 0.872627, 0.864024, 0.854883, 0.845174, 0.834854, 0.823901, 0.81224, 0.799903, 0.78669, 0.772867, 0.757752, 0.742547, 0.724706, 0.709063, 0.685998, 0.673907, 0.677918, 0.676454, 0.676922, 0.676772, 0.67682, 0.676805, 0.67681, 0.676808, 0.676809, 0.676808, 0.676808, 0.676808, 0.676808, 0.676808, 0.676808, 0.676808, 0.676808, 0.676808, 0.676808, 0.676808, 0.676808, 0.676808, 0.676808, 0.676808, 0.676808, 0.676808, 0.676808, 0.676808, 
1, 1, 0.999998, 0.999962, 0.999904, 0.999819, 0.999706, 0.999563, 0.999389, 0.999181, 0.998938, 0.998658, 0.998337, 0.997974, 0.997565, 0.997108, 0.996601, 0.996039, 0.995419, 0.994738, 0.993992, 0.993177, 0.992289, 0.991323, 0.990273, 0.989136, 0.987905, 0.986575, 0.985139, 0.983592, 0.981922, 0.980135, 0.978242, 0.976229, 0.974092, 0.97182, 0.969407, 0.966844, 0.96412, 0.961227, 0.958153, 0.954887, 0.951417, 0.94773, 0.943814, 0.939653, 0.935233, 0.930537, 0.925547, 0.920246, 0.914615, 0.908632, 0.902275, 0.895522, 0.888348, 0.880725, 0.872627, 0.864024, 0.854883, 0.845174, 0.834854, 0.823901, 0.81224, 0.799903, 0.78669, 0.772867, 0.757752, 0.742547, 0.724706, 0.709063, 0.685998, 0.673906, 0.677918, 0.676454, 0.676922, 0.676772, 0.67682, 0.676805, 0.676809, 0.676808, 0.676808, 0.676808, 0.676808, 0.676808, 0.676808, 0.676808, 0.676808, 0.676808, 0.676808, 0.676808, 0.676808, 0.676808, 0.676808, 0.676808, 0.676808, 0.676808, 0.676808, 0.676808, 0.676808, 0.676808, 
1, 1, 0.999998, 0.999962, 0.999904, 0.999819, 0.999706, 0.999563, 0.999389, 0.999181, 0.998938, 0.998658, 0.998337, 0.997974, 0.997565, 0.997108, 0.996601, 0.996039, 0.995419, 0.994738, 0.993992, 0.993177, 0.992289, 0.991323, 0.990273, 0.989136, 0.987905, 0.986575, 0.985139, 0.983592, 0.981922, 0.980135, 0.978242, 0.976229, 0.974092, 0.97182, 0.969407, 0.966844, 0.96412, 0.961227, 0.958153, 0.954887, 0.951417, 0.94773, 0.943814, 0.939653, 0.935233, 0.930537, 0.925547, 0.920246, 0.914615, 0.908632, 0.902275, 0.895522, 0.888348, 0.880725, 0.872627, 0.864024, 0.854883, 0.845174, 0.834854, 0.823901, 0.81224, 0.799903, 0.78669, 0.772867, 0.757752, 0.742547, 0.724706, 0.709063, 0.685998, 0.673906, 0.677918, 0.676454, 0.676922, 0.676772, 0.67682, 0.676805, 0.676809, 0.676808, 0.676808, 0.676808, 0.676808, 0.676808, 0.676808, 0.676808, 0.676808, 0.676808, 0.676808, 0.676808, 0.676808, 0.676808, 0.676808, 0.676808, 0.676808, 0.676808, 0.676808, 0.676808, 0.676808, 0.676808, 
1, 1, 0.999998, 0.999962, 0.999904, 0.999819, 0.999706, 0.999563, 0.999389, 0.999181, 0.998938, 0.998658, 0.998337, 0.997974, 0.997565, 0.997108, 0.996601, 0.996039, 0.995419, 0.994738, 0.993992, 0.993177, 0.992289, 0.991323, 0.990273, 0.989136, 0.987905, 0.986575, 0.985139, 0.983592, 0.981922, 0.980135, 0.978242, 0.976229, 0.974092, 0.97182, 0.969407, 0.966844, 0.96412, 0.961227, 0.958153, 0.954887, 0.951417, 0.94773, 0.943814, 0.939653, 0.935233, 0.930537, 0.925547, 0.920246, 0.914615, 0.908632, 0.902275, 0.895522, 0.888348, 0.880725, 0.872627, 0.864024, 0.854883, 0.845174, 0.834854, 0.823901, 0.81224, 0.799903, 0.78669, 0.772867, 0.757752, 0.742547, 0.724706, 0.709063, 0.685998, 0.673906, 0.677918, 0.676454, 0.676922, 0.676772, 0.67682, 0.676805, 0.676809, 0.676808, 0.676808, 0.676808, 0.676808, 0.676808, 0.676808, 0.676808, 0.676808, 0.676808, 0.676808, 0.676808, 0.676808, 0.676808, 0.676808, 0.676808, 0.676808, 0.676808, 0.676808, 0.676808, 0.676808, 0.676808, 
1, 1, 0.999998, 0.999962, 0.999904, 0.999819, 0.999706, 0.999563, 0.999389, 0.999181, 0.998938, 0.998658, 0.998337, 0.997974, 0.997565, 0.997108, 0.996601, 0.996039, 0.995419, 0.994738, 0.993992, 0.993177, 0.992289, 0.991323, 0.990273, 0.989136, 0.987905, 0.986575, 0.985139, 0.983592, 0.981922, 0.980135, 0.978242, 0.976229, 0.974092, 0.97182, 0.969407, 0.966844, 0.96412, 0.961227, 0.958153, 0.954887, 0.951417, 0.94773, 0.943814, 0.939653, 0.935233, 0.930537, 0.925547, 0.920246, 0.914615, 0.908632, 0.902275, 0.895522, 0.888348, 0.880725, 0.872627, 0.864024, 0.854883, 0.845174, 0.834854, 0.823901, 0.81224, 0.799903, 0.78669, 0.772866, 0.757752, 0.742547, 0.724706, 0.709063, 0.685998, 0.673906, 0.677918, 0.676454, 0.676922, 0.676772, 0.67682, 0.676805, 0.676809, 0.676808, 0.676808, 0.676808, 0.676808, 0.676808, 0.676808, 0.676808, 0.676808, 0.676808, 0.676808, 0.676808, 0.676808, 0.676808, 0.676808, 0.676808, 0.676808, 0.676808, 0.676808, 0.676808, 0.676808, 0.676808, 
1, 1, 0.999998, 0.999962, 0.999904, 0.999819, 0.999706, 0.999563, 0.999389, 0.999181, 0.998938, 0.998658, 0.998337, 0.997974, 0.997565, 0.997108, 0.996601, 0.996039, 0.995419, 0.994738, 0.993992, 0.993177, 0.992289, 0.991323, 0.990273, 0.989136, 0.987905, 0.986575, 0.985139, 0.983592, 0.981922, 0.980135, 0.978242, 0.976229, 0.974092, 0.97182, 0.969407, 0.966844, 0.96412, 0.961227, 0.958153, 0.954887, 0.951417, 0.94773, 0.943814, 0.939653, 0.935233, 0.930537, 0.925547, 0.920246, 0.914615, 0.908632, 0.902275, 0.895522, 0.888348, 0.880725, 0.872627, 0.864024, 0.854883, 0.845174, 0.834854, 0.823901, 0.81224, 0.799903, 0.78669, 0.772866, 0.757752, 0.742547, 0.724706, 0.709063, 0.685998, 0.673906, 0.677918, 0.676454, 0.676922, 0.676772, 0.67682, 0.676805, 0.676809, 0.676808, 0.676808, 0.676808, 0.676808, 0.676808, 0.676808, 0.676808, 0.676808, 0.676808, 0.676808, 0.676808, 0.676808, 0.676808, 0.676808, 0.676808, 0.676808, 0.676808, 0.676808, 0.676808, 0.676808, 0.676808, 
1, 1, 0.999998, 0.999962, 0.999904, 0.999819, 0.999706, 0.999563, 0.999389, 0.999181, 0.998938, 0.998658, 0.998337, 0.997974, 0.997565, 0.997108, 0.996601, 0.996039, 0.995419, 0.994738, 0.993992, 0.993177, 0.992289, 0.991323, 0.990273, 0.989136, 0.987905, 0.986575, 0.985139, 0.983592, 0.981922, 0.980135, 0.978242, 0.976229, 0.974092, 0.97182, 0.969407, 0.966844, 0.96412, 0.961227, 0.958153, 0.954887, 0.951417, 0.94773, 0.943814, 0.939653, 0.935233, 0.930537, 0.925547, 0.920246, 0.914615, 0.908632, 0.902275, 0.895522, 0.888348, 0.880725, 0.872627, 0.864024, 0.854883, 0.845174, 0.834854, 0.823901, 0.81224, 0.799903, 0.78669, 0.772866, 0.757752, 0.742547, 0.724706, 0.709063, 0.685998, 0.673906, 0.677918, 0.676454, 0.676922, 0.676772, 0.676819, 0.676805, 0.676809, 0.676808, 0.676808, 0.676808, 0.676808, 0.676808, 0.676808, 0.676808, 0.676808, 0.676808, 0.676808, 0.676808, 0.676808, 0.676808, 0.676808, 0.676808, 0.676808, 0.676808, 0.676808, 0.676808, 0.676808, 0.676808, 
1, 1, 0.999998, 0.999962, 0.999904, 0.999819, 0.999706, 0.999563, 0.999389, 0.999181, 0.998938, 0.998658, 0.998337, 0.997974, 0.997565, 0.997108, 0.996601, 0.996039, 0.995419, 0.994738, 0.993992, 0.993177, 0.992289, 0.991323, 0.990273, 0.989136, 0.987905, 0.986575, 0.985139, 0.983592, 0.981922, 0.980135, 0.978242, 0.976229, 0.974092, 0.97182, 0.969407, 0.966844, 0.96412, 0.961227, 0.958153, 0.954887, 0.951417, 0.94773, 0.943814, 0.939653, 0.935233, 0.930536, 0.925547, 0.920246, 0.914615, 0.908632, 0.902275, 0.895522, 0.888348, 0.880725, 0.872627, 0.864024, 0.854883, 0.845174, 0.834854, 0.823901, 0.81224, 0.799903, 0.78669, 0.772866, 0.757752, 0.742547, 0.724706, 0.709063, 0.685998, 0.673906, 0.677918, 0.676454, 0.676922, 0.676772, 0.676819, 0.676805, 0.676809, 0.676808, 0.676808, 0.676808, 0.676808, 0.676808, 0.676808, 0.676808, 0.676808, 0.676808, 0.676808, 0.676808, 0.676808, 0.676808, 0.676808, 0.676808, 0.676808, 0.676808, 0.676808, 0.676808, 0.676808, 0.676808, 
1, 1, 0.999998, 0.999962, 0.999904, 0.999819, 0.999706, 0.999563, 0.999389, 0.999181, 0.998938, 0.998658, 0.998337, 0.997974, 0.997565, 0.997108, 0.996601, 0.996039, 0.995419, 0.994738, 0.993992, 0.993177, 0.992289, 0.991323, 0.990273, 0.989136, 0.987905, 0.986575, 0.985139, 0.983592, 0.981922, 0.980135, 0.978242, 0.976229, 0.974092, 0.97182, 0.969407, 0.966844, 0.96412, 0.961227, 0.958153, 0.954887, 0.951417, 0.94773, 0.943814, 0.939653, 0.935233, 0.930536, 0.925547, 0.920246, 0.914615, 0.908632, 0.902275, 0.895522, 0.888348, 0.880725, 0.872627, 0.864024, 0.854883, 0.845174, 0.834854, 0.823901, 0.81224, 0.799903, 0.78669, 0.772866, 0.757752, 0.742547, 0.724706, 0.709063, 0.685998, 0.673906, 0.677918, 0.676453, 0.676922, 0.676772, 0.676819, 0.676804, 0.676809, 0.676808, 0.676808, 0.676808, 0.676808, 0.676808, 0.676808, 0.676808, 0.676808, 0.676808, 0.676808, 0.676808, 0.676808, 0.676808, 0.676808, 0.676808, 0.676808, 0.676808, 0.676808, 0.676808, 0.676808, 0.676808, 
1, 1, 0.999998, 0.999962, 0.999904, 0.999819, 0.999706, 0.999563, 0.999389, 0.999181, 0.998938, 0.998658, 0.998337, 0.997974, 0.997565, 0.997108, 0.996601, 0.996039, 0.995419, 0.994738, 0.993992, 0.993177, 0.992289, 0.991323, 0.990273, 0.989136, 0.987905, 0.986575, 0.985139, 0.983592, 0.981922, 0.980135, 0.978242, 0.976229, 0.974092, 0.97182, 0.969407, 0.966844, 0.96412, 0.961227, 0.958153, 0.954887, 0.951417, 0.94773, 0.943814, 0.939653, 0.935233, 0.930536, 0.925547, 0.920246, 0.914615, 0.908632, 0.902275, 0.895522, 0.888348, 0.880725, 0.872627, 0.864024, 0.854883, 0.845174, 0.834854, 0.823901, 0.81224, 0.799903, 0.78669, 0.772866, 0.757752, 0.742547, 0.724706, 0.709063, 0.685998, 0.673906, 0.677918, 0.676453, 0.676922, 0.676772, 0.676819, 0.676804, 0.676809, 0.676808, 0.676808, 0.676808, 0.676808, 0.676808, 0.676808, 0.676808, 0.676808, 0.676808, 0.676808, 0.676808, 0.676808, 0.676808, 0.676808, 0.676808, 0.676808, 0.676808, 0.676808, 0.676808, 0.676808, 0.676808, 
1, 1, 0.999998, 0.999962, 0.999904, 0.999819, 0.999706, 0.999563, 0.999389, 0.999181, 0.998938, 0.998658, 0.998337, 0.997974, 0.997565, 0.997108, 0.996601, 0.996039, 0.995419, 0.994738, 0.993992, 0.993177, 0.992289, 0.991323, 0.990273, 0.989136, 0.987905, 0.986575, 0.985139, 0.983592, 0.981922, 0.980135, 0.978242, 0.976229, 0.974092, 0.97182, 0.969407, 0.966844, 0.96412, 0.961227, 0.958152, 0.954887, 0.951417, 0.94773, 0.943814, 0.939653, 0.935233, 0.930536, 0.925547, 0.920246, 0.914615, 0.908632, 0.902275, 0.895522, 0.888347, 0.880725, 0.872627, 0.864024, 0.854883, 0.845174, 0.834854, 0.823901, 0.81224, 0.799903, 0.78669, 0.772866, 0.757752, 0.742547, 0.724706, 0.709063, 0.685998, 0.673906, 0.677918, 0.676453, 0.676922, 0.676772, 0.676819, 0.676804, 0.676809, 0.676808, 0.676808, 0.676808, 0.676808, 0.676808, 0.676808, 0.676808, 0.676808, 0.676808, 0.676808, 0.676808, 0.676808, 0.676808, 0.676808, 0.676808, 0.676808, 0.676808, 0.676808, 0.676808, 0.676808, 0.676808, 
1, 1, 0.999998, 0.999962, 0.999904, 0.999819, 0.999706, 0.999563, 0.999389, 0.999181, 0.998938, 0.998658, 0.998337, 0.997974, 0.997565, 0.997108, 0.996601, 0.996039, 0.995419, 0.994738, 0.993992, 0.993177, 0.992289, 0.991323, 0.990273, 0.989136, 0.987905, 0.986575, 0.985139, 0.983592, 0.981922, 0.980135, 0.978242, 0.976229, 0.974092, 0.97182, 0.969407, 0.966844, 0.96412, 0.961227, 0.958152, 0.954887, 0.951417, 0.94773, 0.943814, 0.939653, 0.935233, 0.930536, 0.925547, 0.920246, 0.914615, 0.908632, 0.902275, 0.895522, 0.888347, 0.880725, 0.872627, 0.864024, 0.854883, 0.845174, 0.834854, 0.823901, 0.81224, 0.799903, 0.78669, 0.772866, 0.757752, 0.742547, 0.724706, 0.709063, 0.685998, 0.673906, 0.677918, 0.676453, 0.676922, 0.676772, 0.676819, 0.676804, 0.676809, 0.676808, 0.676808, 0.676808, 0.676808, 0.676808, 0.676808, 0.676808, 0.676808, 0.676808, 0.676808, 0.676808, 0.676808, 0.676808, 0.676808, 0.676808, 0.676808, 0.676808, 0.676808, 0.676808, 0.676808, 0.676808, 
1, 1, 0.999998, 0.999962, 0.999904, 0.999819, 0.999706, 0.999563, 0.999389, 0.999181, 0.998938, 0.998658, 0.998337, 0.997974, 0.997565, 0.997108, 0.996601, 0.996039, 0.995419, 0.994738, 0.993992, 0.993177, 0.992289, 0.991323, 0.990273, 0.989136, 0.987905, 0.986575, 0.985139, 0.983592, 0.981922, 0.980135, 0.978242, 0.976229, 0.974092, 0.97182, 0.969407, 0.966844, 0.96412, 0.961227, 0.958152, 0.954887, 0.951417, 0.94773, 0.943814, 0.939653, 0.935233, 0.930536, 0.925547, 0.920246, 0.914615, 0.908632, 0.902275, 0.895522, 0.888347, 0.880725, 0.872627, 0.864024, 0.854883, 0.845174, 0.834853, 0.823901, 0.81224, 0.799903, 0.78669, 0.772866, 0.757752, 0.742547, 0.724706, 0.709063, 0.685998, 0.673906, 0.677918, 0.676453, 0.676922, 0.676772, 0.676819, 0.676804, 0.676809, 0.676808, 0.676808, 0.676808, 0.676808, 0.676808, 0.676808, 0.676808, 0.676808, 0.676808, 0.676808, 0.676808, 0.676808, 0.676808, 0.676808, 0.676808, 0.676808, 0.676808, 0.676808, 0.676808, 0.676808, 0.676808, 
1, 1, 0.999998, 0.999962, 0.999904, 0.999819, 0.999706, 0.999563, 0.999389, 0.999181, 0.998938, 0.998658, 0.998337, 0.997974, 0.997565, 0.997108, 0.996601, 0.996039, 0.995419, 0.994738, 0.993992, 0.993177, 0.992289, 0.991323, 0.990273, 0.989136, 0.987905, 0.986575, 0.985139, 0.983592, 0.981922, 0.980135, 0.978242, 0.976229, 0.974092, 0.97182, 0.969407, 0.966844, 0.96412, 0.961227, 0.958152, 0.954887, 0.951417, 0.94773, 0.943814, 0.939653, 0.935233, 0.930536, 0.925547, 0.920246, 0.914615, 0.908632, 0.902275, 0.895522, 0.888347, 0.880725, 0.872627, 0.864024, 0.854883, 0.845174, 0.834853, 0.823901, 0.81224, 0.799903, 0.78669, 0.772866, 0.757752, 0.742547, 0.724706, 0.709063, 0.685998, 0.673906, 0.677918, 0.676453, 0.676922, 0.676772, 0.676819, 0.676804, 0.676809, 0.676808, 0.676808, 0.676808, 0.676808, 0.676808, 0.676808, 0.676808, 0.676808, 0.676808, 0.676808, 0.676808, 0.676808, 0.676808, 0.676808, 0.676808, 0.676808, 0.676808, 0.676808, 0.676808, 0.676808, 0.676808, 
1, 1, 0.999998, 0.999962, 0.999904, 0.999819, 0.999706, 0.999563, 0.999389, 0.999181, 0.998938, 0.998658, 0.998337, 0.997974, 0.997565, 0.997108, 0.996601, 0.996039, 0.995419, 0.994738, 0.993992, 0.993177, 0.992289, 0.991323, 0.990273, 0.989136, 0.987905, 0.986575, 0.985139, 0.983592, 0.981922, 0.980135, 0.978242, 0.976229, 0.974092, 0.97182, 0.969407, 0.966844, 0.96412, 0.961227, 0.958152, 0.954886, 0.951417, 0.94773, 0.943814, 0.939653, 0.935233, 0.930536, 0.925547, 0.920246, 0.914615, 0.908632, 0.902275, 0.895522, 0.888347, 0.880725, 0.872627, 0.864024, 0.854883, 0.845174, 0.834853, 0.823901, 0.81224, 0.799903, 0.78669, 0.772866, 0.757752, 0.742547, 0.724706, 0.709063, 0.685998, 0.673906, 0.677918, 0.676453, 0.676922, 0.676772, 0.676819, 0.676804, 0.676809, 0.676807, 0.676808, 0.676808, 0.676808, 0.676808, 0.676808, 0.676808, 0.676808, 0.676808, 0.676808, 0.676808, 0.676808, 0.676808, 0.676808, 0.676808, 0.676808, 0.676808, 0.676808, 0.676808, 0.676808, 0.676808, 
1, 1, 0.999998, 0.999962, 0.999904, 0.999819, 0.999706, 0.999563, 0.999389, 0.999181, 0.998938, 0.998658, 0.998337, 0.997974, 0.997565, 0.997108, 0.996601, 0.996039, 0.995419, 0.994738, 0.993992, 0.993177, 0.992289, 0.991323, 0.990273, 0.989136, 0.987905, 0.986575, 0.985139, 0.983592, 0.981922, 0.980135, 0.978242, 0.976229, 0.974092, 0.97182, 0.969407, 0.966844, 0.96412, 0.961227, 0.958152, 0.954886, 0.951417, 0.94773, 0.943814, 0.939653, 0.935233, 0.930536, 0.925547, 0.920246, 0.914615, 0.908632, 0.902275, 0.895522, 0.888347, 0.880725, 0.872627, 0.864024, 0.854883, 0.845174, 0.834853, 0.823901, 0.81224, 0.799903, 0.78669, 0.772866, 0.757752, 0.742546, 0.724706, 0.709063, 0.685998, 0.673906, 0.677917, 0.676453, 0.676922, 0.676772, 0.676819, 0.676804, 0.676809, 0.676807, 0.676808, 0.676808, 0.676808, 0.676808, 0.676808, 0.676808, 0.676808, 0.676808, 0.676808, 0.676808, 0.676808, 0.676808, 0.676808, 0.676808, 0.676808, 0.676808, 0.676808, 0.676808, 0.676808, 0.676808, 
1, 1, 0.999998, 0.999962, 0.999904, 0.999819, 0.999706, 0.999563, 0.999389, 0.999181, 0.998938, 0.998658, 0.998337, 0.997974, 0.997565, 0.997108, 0.996601, 0.996039, 0.995419, 0.994738, 0.993992, 0.993177, 0.992289, 0.991323, 0.990273, 0.989136, 0.987905, 0.986575, 0.985139, 0.983592, 0.981922, 0.980135, 0.978242, 0.976229, 0.974092, 0.97182, 0.969407, 0.966844, 0.96412, 0.961227, 0.958152, 0.954886, 0.951417, 0.94773, 0.943814, 0.939653, 0.935233, 0.930536, 0.925547, 0.920246, 0.914615, 0.908632, 0.902275, 0.895522, 0.888347, 0.880725, 0.872627, 0.864024, 0.854883, 0.845174, 0.834853, 0.823901, 0.81224, 0.799903, 0.78669, 0.772866, 0.757752, 0.742546, 0.724706, 0.709062, 0.685998, 0.673906, 0.677917, 0.676453, 0.676922, 0.676772, 0.676819, 0.676804, 0.676809, 0.676807, 0.676808, 0.676808, 0.676808, 0.676808, 0.676808, 0.676808, 0.676808, 0.676808, 0.676808, 0.676808, 0.676808, 0.676808, 0.676808, 0.676808, 0.676808, 0.676808, 0.676808, 0.676808, 0.676808, 0.676808, 
1, 1, 0.999998, 0.999962, 0.999904, 0.999819, 0.999706, 0.999563, 0.999389, 0.999181, 0.998938, 0.998658, 0.998337, 0.997974, 0.997565, 0.997108, 0.996601, 0.996039, 0.995419, 0.994738, 0.993992, 0.993177, 0.992289, 0.991323, 0.990273, 0.989136, 0.987905, 0.986575, 0.985139, 0.983592, 0.981922, 0.980135, 0.978242, 0.976229, 0.974092, 0.97182, 0.969407, 0.966844, 0.96412, 0.961227, 0.958152, 0.954886, 0.951417, 0.94773, 0.943814, 0.939653, 0.935233, 0.930536, 0.925547, 0.920246, 0.914615, 0.908632, 0.902275, 0.895522, 0.888347, 0.880725, 0.872627, 0.864024, 0.854883, 0.845174, 0.834853, 0.823901, 0.81224, 0.799903, 0.78669, 0.772866, 0.757752, 0.742546, 0.724706, 0.709062, 0.685998, 0.673906, 0.677917, 0.676453, 0.676922, 0.676772, 0.676819, 0.676804, 0.676809, 0.676807, 0.676808, 0.676808, 0.676808, 0.676808, 0.676808, 0.676808, 0.676808, 0.676808, 0.676808, 0.676808, 0.676808, 0.676808, 0.676808, 0.676808, 0.676808, 0.676808, 0.676808, 0.676808, 0.676808, 0.676808, 
1, 1, 0.999998, 0.999962, 0.999904, 0.999819, 0.999706, 0.999563, 0.999389, 0.999181, 0.998938, 0.998658, 0.998337, 0.997974, 0.997565, 0.997108, 0.996601, 0.996039, 0.995419, 0.994738, 0.993992, 0.993177, 0.992289, 0.991323, 0.990273, 0.989136, 0.987905, 0.986575, 0.985139, 0.983592, 0.981922, 0.980135, 0.978242, 0.976229, 0.974092, 0.97182, 0.969407, 0.966844, 0.96412, 0.961227, 0.958152, 0.954886, 0.951417, 0.94773, 0.943814, 0.939653, 0.935233, 0.930536, 0.925547, 0.920246, 0.914615, 0.908632, 0.902275, 0.895522, 0.888347, 0.880725, 0.872627, 0.864024, 0.854883, 0.845174, 0.834853, 0.823901, 0.81224, 0.799903, 0.78669, 0.772866, 0.757752, 0.742546, 0.724706, 0.709062, 0.685998, 0.673906, 0.677917, 0.676453, 0.676921, 0.676772, 0.676819, 0.676804, 0.676809, 0.676807, 0.676808, 0.676808, 0.676808, 0.676808, 0.676808, 0.676808, 0.676808, 0.676808, 0.676808, 0.676808, 0.676808, 0.676808, 0.676808, 0.676808, 0.676808, 0.676808, 0.676808, 0.676808, 0.676808, 0.676808, 
1, 1, 0.999998, 0.999962, 0.999904, 0.999819, 0.999706, 0.999563, 0.999389, 0.999181, 0.998938, 0.998658, 0.998337, 0.997974, 0.997565, 0.997108, 0.996601, 0.996039, 0.995419, 0.994738, 0.993992, 0.993177, 0.992289, 0.991323, 0.990273, 0.989136, 0.987905, 0.986575, 0.985139, 0.983592, 0.981922, 0.980135, 0.978242, 0.976229, 0.974092, 0.97182, 0.969407, 0.966844, 0.96412, 0.961227, 0.958152, 0.954886, 0.951417, 0.94773, 0.943814, 0.939653, 0.935233, 0.930536, 0.925547, 0.920246, 0.914615, 0.908632, 0.902275, 0.895522, 0.888347, 0.880725, 0.872627, 0.864024, 0.854883, 0.845174, 0.834853, 0.823901, 0.81224, 0.799903, 0.78669, 0.772866, 0.757751, 0.742546, 0.724706, 0.709062, 0.685998, 0.673906, 0.677917, 0.676453, 0.676921, 0.676772, 0.676819, 0.676804, 0.676809, 0.676807, 0.676808, 0.676808, 0.676808, 0.676808, 0.676808, 0.676808, 0.676808, 0.676808, 0.676808, 0.676808, 0.676808, 0.676808, 0.676808, 0.676808, 0.676808, 0.676808, 0.676808, 0.676808, 0.676808, 0.676808, 
1, 1, 0.999998, 0.999962, 0.999904, 0.999819, 0.999706, 0.999563, 0.999389, 0.999181, 0.998938, 0.998658, 0.998337, 0.997974, 0.997565, 0.997108, 0.996601, 0.996039, 0.995419, 0.994738, 0.993992, 0.993177, 0.992289, 0.991323, 0.990273, 0.989136, 0.987905, 0.986575, 0.985139, 0.983592, 0.981922, 0.980135, 0.978242, 0.976229, 0.974092, 0.97182, 0.969407, 0.966844, 0.96412, 0.961227, 0.958152, 0.954886, 0.951417, 0.94773, 0.943814, 0.939653, 0.935233, 0.930536, 0.925547, 0.920246, 0.914615, 0.908631, 0.902275, 0.895522, 0.888347, 0.880725, 0.872627, 0.864024, 0.854883, 0.845174, 0.834853, 0.823901, 0.81224, 0.799903, 0.78669, 0.772866, 0.757751, 0.742546, 0.724706, 0.709062, 0.685998, 0.673906, 0.677917, 0.676453, 0.676921, 0.676772, 0.676819, 0.676804, 0.676809, 0.676807, 0.676808, 0.676808, 0.676808, 0.676808, 0.676808, 0.676808, 0.676808, 0.676808, 0.676808, 0.676808, 0.676808, 0.676808, 0.676808, 0.676808, 0.676808, 0.676808, 0.676808, 0.676808, 0.676808, 0.676808, 
1, 1, 0.999998, 0.999962, 0.999904, 0.999819, 0.999706, 0.999563, 0.999389, 0.999181, 0.998938, 0.998658, 0.998337, 0.997974, 0.997565, 0.997108, 0.996601, 0.996039, 0.995419, 0.994738, 0.993992, 0.993177, 0.992289, 0.991323, 0.990273, 0.989136, 0.987905, 0.986575, 0.985139, 0.983592, 0.981922, 0.980135, 0.978242, 0.976229, 0.974092, 0.97182, 0.969407, 0.966844, 0.96412, 0.961227, 0.958152, 0.954886, 0.951417, 0.94773, 0.943814, 0.939653, 0.935233, 0.930536, 0.925547, 0.920246, 0.914615, 0.908631, 0.902275, 0.895522, 0.888347, 0.880725, 0.872627, 0.864024, 0.854883, 0.845174, 0.834853, 0.823901, 0.81224, 0.799903, 0.78669, 0.772866, 0.757751, 0.742546, 0.724706, 0.709062, 0.685997, 0.673906, 0.677917, 0.676453, 0.676921, 0.676772, 0.676819, 0.676804, 0.676809, 0.676807, 0.676808, 0.676808, 0.676808, 0.676808, 0.676808, 0.676808, 0.676808, 0.676808, 0.676808, 0.676808, 0.676808, 0.676808, 0.676808, 0.676808, 0.676808, 0.676808, 0.676808, 0.676808, 0.676808, 0.676808, 
1, 1, 0.999998, 0.999962, 0.999904, 0.999819, 0.999706, 0.999563, 0.999389, 0.999181, 0.998938, 0.998658, 0.998337, 0.997974, 0.997565, 0.997108, 0.996601, 0.996039, 0.995419, 0.994738, 0.993992, 0.993177, 0.992289, 0.991323, 0.990273, 0.989136, 0.987905, 0.986575, 0.985139, 0.983592, 0.981922, 0.980135, 0.978242, 0.976229, 0.974092, 0.97182, 0.969407, 0.966844, 0.96412, 0.961227, 0.958152, 0.954886, 0.951417, 0.94773, 0.943814, 0.939653, 0.935233, 0.930536, 0.925547, 0.920246, 0.914615, 0.908631, 0.902275, 0.895522, 0.888347, 0.880725, 0.872627, 0.864024, 0.854883, 0.845174, 0.834853, 0.823901, 0.81224, 0.799903, 0.78669, 0.772866, 0.757751, 0.742546, 0.724706, 0.709062, 0.685997, 0.673906, 0.677917, 0.676453, 0.676921, 0.676772, 0.676819, 0.676804, 0.676809, 0.676807, 0.676808, 0.676808, 0.676808, 0.676808, 0.676808, 0.676808, 0.676808, 0.676808, 0.676808, 0.676808, 0.676808, 0.676808, 0.676808, 0.676808, 0.676808, 0.676808, 0.676808, 0.676808, 0.676808, 0.676808, 
1, 1, 0.999998, 0.999962, 0.999904, 0.999819, 0.999706, 0.999563, 0.999389, 0.999181, 0.998938, 0.998658, 0.998337, 0.997974, 0.997565, 0.997108, 0.996601, 0.996039, 0.995419, 0.994738, 0.993992, 0.993177, 0.992289, 0.991323, 0.990273, 0.989136, 0.987905, 0.986575, 0.985139, 0.983592, 0.981922, 0.980135, 0.978242, 0.976229, 0.974092, 0.97182, 0.969407, 0.966844, 0.96412, 0.961227, 0.958152, 0.954886, 0.951417, 0.94773, 0.943814, 0.939653, 0.935233, 0.930536, 0.925547, 0.920246, 0.914615, 0.908631, 0.902275, 0.895522, 0.888347, 0.880725, 0.872627, 0.864024, 0.854883, 0.845174, 0.834853, 0.823901, 0.81224, 0.799903, 0.78669, 0.772866, 0.757751, 0.742546, 0.724706, 0.709062, 0.685997, 0.673906, 0.677917, 0.676453, 0.676921, 0.676772, 0.676819, 0.676804, 0.676809, 0.676807, 0.676808, 0.676807, 0.676808, 0.676808, 0.676808, 0.676808, 0.676808, 0.676808, 0.676808, 0.676808, 0.676808, 0.676808, 0.676808, 0.676808, 0.676808, 0.676808, 0.676808, 0.676808, 0.676808, 0.676808, 
1, 1, 0.999998, 0.999962, 0.999904, 0.999819, 0.999706, 0.999563, 0.999389, 0.999181, 0.998938, 0.998658, 0.998337, 0.997974, 0.997565, 0.997108, 0.996601, 0.996039, 0.995419, 0.994738, 0.993992, 0.993177, 0.992289, 0.991323, 0.990273, 0.989136, 0.987905, 0.986575, 0.985139, 0.983592, 0.981922, 0.980135, 0.978242, 0.976229, 0.974092, 0.97182, 0.969407, 0.966844, 0.96412, 0.961227, 0.958152, 0.954886, 0.951417, 0.94773, 0.943814, 0.939653, 0.935233, 0.930536, 0.925547, 0.920246, 0.914614, 0.908631, 0.902275, 0.895522, 0.888347, 0.880725, 0.872627, 0.864024, 0.854883, 0.845174, 0.834853, 0.823901, 0.81224, 0.799902, 0.78669, 0.772866, 0.757751, 0.742546, 0.724705, 0.709062, 0.685997, 0.673906, 0.677917, 0.676453, 0.676921, 0.676772, 0.676819, 0.676804, 0.676809, 0.676807, 0.676808, 0.676807, 0.676808, 0.676807, 0.676807, 0.676807, 0.676807, 0.676807, 0.676807, 0.676807, 0.676807, 0.676807, 0.676807, 0.676807, 0.676807, 0.676807, 0.676807, 0.676807, 0.676807, 0.676807, 
1, 1, 0.999998, 0.999962, 0.999904, 0.999819, 0.999706, 0.999563, 0.999389, 0.999181, 0.998938, 0.998658, 0.998337, 0.997974, 0.997565, 0.997108, 0.996601, 0.996039, 0.995419, 0.994738, 0.993992, 0.993177, 0.992289, 0.991323, 0.990273, 0.989136, 0.987905, 0.986575, 0.985139, 0.983592, 0.981922, 0.980135, 0.978242, 0.976229, 0.974092, 0.97182, 0.969407, 0.966844, 0.96412, 0.961227, 0.958152, 0.954886, 0.951417, 0.94773, 0.943814, 0.939653, 0.935233, 0.930536, 0.925547, 0.920246, 0.914614, 0.908631, 0.902275, 0.895522, 0.888347, 0.880725, 0.872627, 0.864024, 0.854883, 0.845174, 0.834853, 0.823901, 0.812239, 0.799902, 0.78669, 0.772866, 0.757751, 0.742546, 0.724705, 0.709062, 0.685997, 0.673906, 0.677917, 0.676453, 0.676921, 0.676772, 0.676819, 0.676804, 0.676809, 0.676807, 0.676808, 0.676807, 0.676807, 0.676807, 0.676807, 0.676807, 0.676807, 0.676807, 0.676807, 0.676807, 0.676807, 0.676807, 0.676807, 0.676807, 0.676807, 0.676807, 0.676807, 0.676807, 0.676807, 0.676807, 
1, 1, 0.999998, 0.999962, 0.999904, 0.999819, 0.999706, 0.999563, 0.999389, 0.999181, 0.998938, 0.998658, 0.998337, 0.997974, 0.997565, 0.997108, 0.996601, 0.996039, 0.995419, 0.994738, 0.993992, 0.993177, 0.992289, 0.991323, 0.990273, 0.989136, 0.987905, 0.986575, 0.985139, 0.983592, 0.981922, 0.980135, 0.978242, 0.976229, 0.974092, 0.97182, 0.969407, 0.966844, 0.96412, 0.961227, 0.958152, 0.954886, 0.951417, 0.94773, 0.943814, 0.939653, 0.935233, 0.930536, 0.925547, 0.920246, 0.914614, 0.908631, 0.902275, 0.895522, 0.888347, 0.880725, 0.872627, 0.864024, 0.854883, 0.845174, 0.834853, 0.823901, 0.812239, 0.799902, 0.78669, 0.772866, 0.757751, 0.742546, 0.724705, 0.709062, 0.685997, 0.673906, 0.677917, 0.676453, 0.676921, 0.676771, 0.676819, 0.676804, 0.676809, 0.676807, 0.676808, 0.676807, 0.676807, 0.676807, 0.676807, 0.676807, 0.676807, 0.676807, 0.676807, 0.676807, 0.676807, 0.676807, 0.676807, 0.676807, 0.676807, 0.676807, 0.676807, 0.676807, 0.676807, 0.676807, 
1, 1, 0.999998, 0.999962, 0.999904, 0.999819, 0.999706, 0.999563, 0.999389, 0.999181, 0.998938, 0.998658, 0.998337, 0.997974, 0.997565, 0.997108, 0.996601, 0.996039, 0.995419, 0.994738, 0.993992, 0.993177, 0.992289, 0.991323, 0.990273, 0.989136, 0.987905, 0.986575, 0.985139, 0.983592, 0.981922, 0.980135, 0.978242, 0.976229, 0.974092, 0.97182, 0.969407, 0.966844, 0.96412, 0.961227, 0.958152, 0.954886, 0.951417, 0.94773, 0.943814, 0.939653, 0.935233, 0.930536, 0.925547, 0.920246, 0.914614, 0.908631, 0.902275, 0.895522, 0.888347, 0.880725, 0.872627, 0.864024, 0.854883, 0.845174, 0.834853, 0.823901, 0.812239, 0.799902, 0.78669, 0.772866, 0.757751, 0.742546, 0.724705, 0.709062, 0.685997, 0.673906, 0.677917, 0.676453, 0.676921, 0.676771, 0.676819, 0.676804, 0.676809, 0.676807, 0.676808, 0.676807, 0.676807, 0.676807, 0.676807, 0.676807, 0.676807, 0.676807, 0.676807, 0.676807, 0.676807, 0.676807, 0.676807, 0.676807, 0.676807, 0.676807, 0.676807, 0.676807, 0.676807, 0.676807, 
1, 1, 0.999998, 0.999962, 0.999904, 0.999819, 0.999706, 0.999563, 0.999389, 0.999181, 0.998938, 0.998658, 0.998337, 0.997974, 0.997565, 0.997108, 0.996601, 0.996039, 0.995419, 0.994738, 0.993992, 0.993177, 0.992289, 0.991323, 0.990273, 0.989136, 0.987905, 0.986575, 0.985139, 0.983592, 0.981922, 0.980135, 0.978242, 0.976229, 0.974091, 0.97182, 0.969407, 0.966844, 0.96412, 0.961227, 0.958152, 0.954886, 0.951417, 0.94773, 0.943814, 0.939653, 0.935233, 0.930536, 0.925547, 0.920246, 0.914614, 0.908631, 0.902275, 0.895522, 0.888347, 0.880725, 0.872627, 0.864024, 0.854883, 0.845174, 0.834853, 0.823901, 0.812239, 0.799902, 0.78669, 0.772866, 0.757751, 0.742546, 0.724705, 0.709062, 0.685997, 0.673905, 0.677917, 0.676453, 0.676921, 0.676771, 0.676819, 0.676804, 0.676809, 0.676807, 0.676807, 0.676807, 0.676807, 0.676807, 0.676807, 0.676807, 0.676807, 0.676807, 0.676807, 0.676807, 0.676807, 0.676807, 0.676807, 0.676807, 0.676807, 0.676807, 0.676807, 0.676807, 0.676807, 0.676807, 
1, 1, 0.999998, 0.999962, 0.999904, 0.999819, 0.999706, 0.999563, 0.999389, 0.999181, 0.998938, 0.998658, 0.998337, 0.997974, 0.997565, 0.997108, 0.996601, 0.996039, 0.995419, 0.994738, 0.993992, 0.993177, 0.992289, 0.991323, 0.990273, 0.989136, 0.987905, 0.986575, 0.985139, 0.983592, 0.981922, 0.980135, 0.978242, 0.976229, 0.974091, 0.97182, 0.969407, 0.966844, 0.96412, 0.961227, 0.958152, 0.954886, 0.951417, 0.94773, 0.943814, 0.939653, 0.935233, 0.930536, 0.925547, 0.920246, 0.914614, 0.908631, 0.902275, 0.895522, 0.888347, 0.880725, 0.872627, 0.864024, 0.854883, 0.845174, 0.834853, 0.823901, 0.812239, 0.799902, 0.78669, 0.772866, 0.757751, 0.742546, 0.724705, 0.709062, 0.685997, 0.673905, 0.677917, 0.676453, 0.676921, 0.676771, 0.676819, 0.676804, 0.676808, 0.676807, 0.676807, 0.676807, 0.676807, 0.676807, 0.676807, 0.676807, 0.676807, 0.676807, 0.676807, 0.676807, 0.676807, 0.676807, 0.676807, 0.676807, 0.676807, 0.676807, 0.676807, 0.676807, 0.676807, 0.676807, 
1, 1, 0.999998, 0.999962, 0.999904, 0.999819, 0.999706, 0.999563, 0.999389, 0.999181, 0.998938, 0.998658, 0.998337, 0.997974, 0.997565, 0.997108, 0.996601, 0.996039, 0.995419, 0.994738, 0.993992, 0.993177, 0.992289, 0.991323, 0.990273, 0.989136, 0.987905, 0.986575, 0.985139, 0.983592, 0.981922, 0.980135, 0.978242, 0.976229, 0.974091, 0.97182, 0.969407, 0.966844, 0.96412, 0.961227, 0.958152, 0.954886, 0.951417, 0.94773, 0.943814, 0.939653, 0.935233, 0.930536, 0.925547, 0.920246, 0.914614, 0.908631, 0.902275, 0.895522, 0.888347, 0.880725, 0.872627, 0.864024, 0.854883, 0.845174, 0.834853, 0.823901, 0.812239, 0.799902, 0.78669, 0.772866, 0.757751, 0.742546, 0.724705, 0.709062, 0.685997, 0.673905, 0.677917, 0.676453, 0.676921, 0.676771, 0.676819, 0.676804, 0.676808, 0.676807, 0.676807, 0.676807, 0.676807, 0.676807, 0.676807, 0.676807, 0.676807, 0.676807, 0.676807, 0.676807, 0.676807, 0.676807, 0.676807, 0.676807, 0.676807, 0.676807, 0.676807, 0.676807, 0.676807, 0.676807, 
1, 1, 0.999998, 0.999962, 0.999904, 0.999819, 0.999706, 0.999563, 0.999389, 0.999181, 0.998938, 0.998658, 0.998337, 0.997974, 0.997565, 0.997108, 0.996601, 0.996039, 0.995419, 0.994738, 0.993992, 0.993177, 0.992289, 0.991323, 0.990273, 0.989136, 0.987905, 0.986575, 0.985139, 0.983592, 0.981922, 0.980135, 0.978242, 0.976229, 0.974091, 0.97182, 0.969407, 0.966844, 0.96412, 0.961226, 0.958152, 0.954886, 0.951417, 0.94773, 0.943814, 0.939653, 0.935233, 0.930536, 0.925547, 0.920246, 0.914614, 0.908631, 0.902275, 0.895522, 0.888347, 0.880725, 0.872627, 0.864024, 0.854883, 0.845174, 0.834853, 0.823901, 0.812239, 0.799902, 0.78669, 0.772866, 0.757751, 0.742546, 0.724705, 0.709062, 0.685997, 0.673905, 0.677917, 0.676453, 0.676921, 0.676771, 0.676819, 0.676804, 0.676808, 0.676807, 0.676807, 0.676807, 0.676807, 0.676807, 0.676807, 0.676807, 0.676807, 0.676807, 0.676807, 0.676807, 0.676807, 0.676807, 0.676807, 0.676807, 0.676807, 0.676807, 0.676807, 0.676807, 0.676807, 0.676807, 
1, 1, 0.999998, 0.999962, 0.999904, 0.999819, 0.999706, 0.999563, 0.999389, 0.999181, 0.998938, 0.998658, 0.998337, 0.997974, 0.997565, 0.997108, 0.996601, 0.996039, 0.995419, 0.994738, 0.993992, 0.993177, 0.992289, 0.991323, 0.990273, 0.989136, 0.987905, 0.986575, 0.985139, 0.983592, 0.981922, 0.980135, 0.978242, 0.976229, 0.974091, 0.97182, 0.969407, 0.966844, 0.96412, 0.961226, 0.958152, 0.954886, 0.951417, 0.94773, 0.943814, 0.939653, 0.935233, 0.930536, 0.925547, 0.920246, 0.914614, 0.908631, 0.902275, 0.895522, 0.888347, 0.880725, 0.872627, 0.864024, 0.854883, 0.845174, 0.834853, 0.823901, 0.812239, 0.799902, 0.78669, 0.772866, 0.757751, 0.742546, 0.724705, 0.709062, 0.685997, 0.673905, 0.677917, 0.676453, 0.676921, 0.676771, 0.676819, 0.676804, 0.676808, 0.676807, 0.676807, 0.676807, 0.676807, 0.676807, 0.676807, 0.676807, 0.676807, 0.676807, 0.676807, 0.676807, 0.676807, 0.676807, 0.676807, 0.676807, 0.676807, 0.676807, 0.676807, 0.676807, 0.676807, 0.676807, 
1, 1, 0.999998, 0.999962, 0.999904, 0.999819, 0.999706, 0.999563, 0.999389, 0.999181, 0.998938, 0.998658, 0.998337, 0.997974, 0.997565, 0.997108, 0.996601, 0.996039, 0.995419, 0.994738, 0.993992, 0.993177, 0.992289, 0.991323, 0.990273, 0.989136, 0.987905, 0.986575, 0.985139, 0.983592, 0.981922, 0.980135, 0.978242, 0.976229, 0.974091, 0.97182, 0.969407, 0.966844, 0.96412, 0.961226, 0.958152, 0.954886, 0.951417, 0.94773, 0.943814, 0.939653, 0.935233, 0.930536, 0.925547, 0.920246, 0.914614, 0.908631, 0.902275, 0.895522, 0.888347, 0.880725, 0.872627, 0.864024, 0.854883, 0.845174, 0.834853, 0.823901, 0.812239, 0.799902, 0.78669, 0.772866, 0.757751, 0.742546, 0.724705, 0.709062, 0.685997, 0.673905, 0.677917, 0.676453, 0.676921, 0.676771, 0.676819, 0.676804, 0.676808, 0.676807, 0.676807, 0.676807, 0.676807, 0.676807, 0.676807, 0.676807, 0.676807, 0.676807, 0.676807, 0.676807, 0.676807, 0.676807, 0.676807, 0.676807, 0.676807, 0.676807, 0.676807, 0.676807, 0.676807, 0.676807, 
1, 1, 0.999998, 0.999962, 0.999904, 0.999819, 0.999706, 0.999563, 0.999389, 0.999181, 0.998938, 0.998658, 0.998337, 0.997974, 0.997565, 0.997108, 0.996601, 0.996039, 0.995419, 0.994738, 0.993992, 0.993177, 0.992289, 0.991323, 0.990273, 0.989136, 0.987905, 0.986575, 0.985139, 0.983592, 0.981922, 0.980135, 0.978242, 0.976229, 0.974091, 0.97182, 0.969407, 0.966844, 0.96412, 0.961226, 0.958152, 0.954886, 0.951417, 0.94773, 0.943814, 0.939653, 0.935233, 0.930536, 0.925547, 0.920246, 0.914614, 0.908631, 0.902275, 0.895522, 0.888347, 0.880725, 0.872627, 0.864024, 0.854883, 0.845174, 0.834853, 0.823901, 0.812239, 0.799902, 0.78669, 0.772866, 0.757751, 0.742546, 0.724705, 0.709062, 0.685997, 0.673905, 0.677917, 0.676453, 0.676921, 0.676771, 0.676819, 0.676804, 0.676808, 0.676807, 0.676807, 0.676807, 0.676807, 0.676807, 0.676807, 0.676807, 0.676807, 0.676807, 0.676807, 0.676807, 0.676807, 0.676807, 0.676807, 0.676807, 0.676807, 0.676807, 0.676807, 0.676807, 0.676807, 0.676807, 
1, 1, 0.999998, 0.999962, 0.999904, 0.999819, 0.999706, 0.999563, 0.999389, 0.999181, 0.998938, 0.998658, 0.998337, 0.997974, 0.997565, 0.997108, 0.996601, 0.996039, 0.995419, 0.994738, 0.993992, 0.993177, 0.992289, 0.991323, 0.990273, 0.989136, 0.987905, 0.986575, 0.985139, 0.983592, 0.981922, 0.980135, 0.978242, 0.976229, 0.974091, 0.97182, 0.969407, 0.966844, 0.96412, 0.961226, 0.958152, 0.954886, 0.951417, 0.94773, 0.943814, 0.939653, 0.935233, 0.930536, 0.925547, 0.920246, 0.914614, 0.908631, 0.902275, 0.895522, 0.888347, 0.880725, 0.872627, 0.864024, 0.854883, 0.845174, 0.834853, 0.823901, 0.812239, 0.799902, 0.78669, 0.772866, 0.757751, 0.742546, 0.724705, 0.709062, 0.685997, 0.673905, 0.677917, 0.676453, 0.676921, 0.676771, 0.676819, 0.676804, 0.676808, 0.676807, 0.676807, 0.676807, 0.676807, 0.676807, 0.676807, 0.676807, 0.676807, 0.676807, 0.676807, 0.676807, 0.676807, 0.676807, 0.676807, 0.676807, 0.676807, 0.676807, 0.676807, 0.676807, 0.676807, 0.676807, 
1, 1, 0.999998, 0.999962, 0.999904, 0.999819, 0.999706, 0.999563, 0.999389, 0.999181, 0.998938, 0.998658, 0.998337, 0.997974, 0.997565, 0.997108, 0.996601, 0.996039, 0.995419, 0.994738, 0.993992, 0.993177, 0.992289, 0.991323, 0.990273, 0.989136, 0.987905, 0.986575, 0.985139, 0.983592, 0.981922, 0.980135, 0.978242, 0.976229, 0.974091, 0.97182, 0.969407, 0.966844, 0.96412, 0.961226, 0.958152, 0.954886, 0.951417, 0.94773, 0.943814, 0.939653, 0.935233, 0.930536, 0.925547, 0.920246, 0.914614, 0.908631, 0.902275, 0.895522, 0.888347, 0.880725, 0.872627, 0.864024, 0.854883, 0.845174, 0.834853, 0.823901, 0.812239, 0.799902, 0.78669, 0.772866, 0.757751, 0.742546, 0.724705, 0.709062, 0.685997, 0.673905, 0.677917, 0.676453, 0.676921, 0.676771, 0.676819, 0.676804, 0.676808, 0.676807, 0.676807, 0.676807, 0.676807, 0.676807, 0.676807, 0.676807, 0.676807, 0.676807, 0.676807, 0.676807, 0.676807, 0.676807, 0.676807, 0.676807, 0.676807, 0.676807, 0.676807, 0.676807, 0.676807, 0.676807, 
1, 1, 0.999998, 0.999962, 0.999904, 0.999819, 0.999706, 0.999563, 0.999389, 0.999181, 0.998938, 0.998658, 0.998337, 0.997974, 0.997565, 0.997108, 0.996601, 0.996039, 0.995419, 0.994738, 0.993992, 0.993177, 0.992289, 0.991323, 0.990273, 0.989136, 0.987905, 0.986575, 0.985139, 0.983592, 0.981922, 0.980135, 0.978242, 0.976229, 0.974091, 0.97182, 0.969407, 0.966844, 0.96412, 0.961226, 0.958152, 0.954886, 0.951417, 0.94773, 0.943814, 0.939653, 0.935233, 0.930536, 0.925547, 0.920246, 0.914614, 0.908631, 0.902275, 0.895522, 0.888347, 0.880725, 0.872627, 0.864024, 0.854883, 0.845174, 0.834853, 0.823901, 0.812239, 0.799902, 0.78669, 0.772866, 0.757751, 0.742546, 0.724705, 0.709062, 0.685997, 0.673905, 0.677917, 0.676453, 0.676921, 0.676771, 0.676819, 0.676804, 0.676808, 0.676807, 0.676807, 0.676807, 0.676807, 0.676807, 0.676807, 0.676807, 0.676807, 0.676807, 0.676807, 0.676807, 0.676807, 0.676807, 0.676807, 0.676807, 0.676807, 0.676807, 0.676807, 0.676807, 0.676807, 0.676807, 
1, 1, 0.999998, 0.999962, 0.999904, 0.999819, 0.999706, 0.999563, 0.999389, 0.999181, 0.998938, 0.998658, 0.998337, 0.997974, 0.997565, 0.997108, 0.996601, 0.996039, 0.995419, 0.994738, 0.993992, 0.993177, 0.992289, 0.991323, 0.990273, 0.989136, 0.987905, 0.986575, 0.985139, 0.983592, 0.981922, 0.980135, 0.978242, 0.976229, 0.974091, 0.97182, 0.969407, 0.966844, 0.96412, 0.961226, 0.958152, 0.954886, 0.951417, 0.94773, 0.943814, 0.939653, 0.935233, 0.930536, 0.925547, 0.920246, 0.914614, 0.908631, 0.902275, 0.895522, 0.888347, 0.880725, 0.872627, 0.864024, 0.854883, 0.845174, 0.834853, 0.823901, 0.812239, 0.799902, 0.786689, 0.772866, 0.757751, 0.742546, 0.724705, 0.709062, 0.685997, 0.673905, 0.677917, 0.676453, 0.676921, 0.676771, 0.676818, 0.676804, 0.676808, 0.676807, 0.676807, 0.676807, 0.676807, 0.676807, 0.676807, 0.676807, 0.676807, 0.676807, 0.676807, 0.676807, 0.676807, 0.676807, 0.676807, 0.676807, 0.676807, 0.676807, 0.676807, 0.676807, 0.676807, 0.676807, 
1, 1, 0.999998, 0.999962, 0.999904, 0.999819, 0.999706, 0.999563, 0.999389, 0.999181, 0.998938, 0.998658, 0.998337, 0.997974, 0.997565, 0.997108, 0.996601, 0.996039, 0.995419, 0.994738, 0.993992, 0.993177, 0.992289, 0.991323, 0.990273, 0.989136, 0.987905, 0.986575, 0.985139, 0.983592, 0.981922, 0.980135, 0.978242, 0.976229, 0.974091, 0.97182, 0.969407, 0.966844, 0.96412, 0.961226, 0.958152, 0.954886, 0.951417, 0.94773, 0.943814, 0.939653, 0.935233, 0.930536, 0.925547, 0.920246, 0.914614, 0.908631, 0.902275, 0.895522, 0.888347, 0.880725, 0.872627, 0.864024, 0.854882, 0.845174, 0.834853, 0.823901, 0.812239, 0.799902, 0.786689, 0.772866, 0.757751, 0.742546, 0.724705, 0.709062, 0.685997, 0.673905, 0.677917, 0.676453, 0.676921, 0.676771, 0.676818, 0.676804, 0.676808, 0.676807, 0.676807, 0.676807, 0.676807, 0.676807, 0.676807, 0.676807, 0.676807, 0.676807, 0.676807, 0.676807, 0.676807, 0.676807, 0.676807, 0.676807, 0.676807, 0.676807, 0.676807, 0.676807, 0.676807, 0.676807, 
1, 1, 0.999998, 0.999962, 0.999904, 0.999819, 0.999706, 0.999563, 0.999389, 0.999181, 0.998938, 0.998658, 0.998337, 0.997974, 0.997565, 0.997108, 0.996601, 0.996039, 0.995419, 0.994738, 0.993992, 0.993177, 0.992289, 0.991323, 0.990273, 0.989136, 0.987905, 0.986575, 0.985139, 0.983592, 0.981922, 0.980135, 0.978242, 0.976229, 0.974091, 0.97182, 0.969407, 0.966844, 0.96412, 0.961226, 0.958152, 0.954886, 0.951417, 0.94773, 0.943814, 0.939653, 0.935233, 0.930536, 0.925547, 0.920246, 0.914614, 0.908631, 0.902275, 0.895522, 0.888347, 0.880725, 0.872627, 0.864024, 0.854882, 0.845174, 0.834853, 0.823901, 0.812239, 0.799902, 0.786689, 0.772866, 0.757751, 0.742546, 0.724705, 0.709062, 0.685997, 0.673905, 0.677917, 0.676453, 0.676921, 0.676771, 0.676818, 0.676804, 0.676808, 0.676807, 0.676807, 0.676807, 0.676807, 0.676807, 0.676807, 0.676807, 0.676807, 0.676807, 0.676807, 0.676807, 0.676807, 0.676807, 0.676807, 0.676807, 0.676807, 0.676807, 0.676807, 0.676807, 0.676807, 0.676807, 
1, 1, 0.999998, 0.999962, 0.999904, 0.999819, 0.999706, 0.999563, 0.999389, 0.999181, 0.998938, 0.998658, 0.998337, 0.997974, 0.997565, 0.997108, 0.996601, 0.996039, 0.995419, 0.994738, 0.993992, 0.993177, 0.992289, 0.991323, 0.990273, 0.989136, 0.987905, 0.986575, 0.985139, 0.983592, 0.981922, 0.980135, 0.978242, 0.976229, 0.974091, 0.97182, 0.969407, 0.966844, 0.96412, 0.961226, 0.958152, 0.954886, 0.951417, 0.94773, 0.943814, 0.939653, 0.935233, 0.930536, 0.925547, 0.920246, 0.914614, 0.908631, 0.902275, 0.895522, 0.888347, 0.880725, 0.872627, 0.864024, 0.854882, 0.845174, 0.834853, 0.823901, 0.812239, 0.799902, 0.786689, 0.772866, 0.757751, 0.742546, 0.724705, 0.709062, 0.685997, 0.673905, 0.677917, 0.676452, 0.676921, 0.676771, 0.676818, 0.676803, 0.676808, 0.676807, 0.676807, 0.676807, 0.676807, 0.676807, 0.676807, 0.676807, 0.676807, 0.676807, 0.676807, 0.676807, 0.676807, 0.676807, 0.676807, 0.676807, 0.676807, 0.676807, 0.676807, 0.676807, 0.676807, 0.676807, 
1, 1, 0.999998, 0.999962, 0.999904, 0.999819, 0.999706, 0.999563, 0.999389, 0.999181, 0.998938, 0.998658, 0.998337, 0.997974, 0.997565, 0.997108, 0.996601, 0.996039, 0.995419, 0.994738, 0.993992, 0.993177, 0.992289, 0.991323, 0.990273, 0.989136, 0.987905, 0.986575, 0.985139, 0.983592, 0.981922, 0.980135, 0.978242, 0.976229, 0.974091, 0.97182, 0.969407, 0.966844, 0.96412, 0.961226, 0.958152, 0.954886, 0.951417, 0.94773, 0.943814, 0.939653, 0.935233, 0.930536, 0.925547, 0.920246, 0.914614, 0.908631, 0.902275, 0.895522, 0.888347, 0.880725, 0.872627, 0.864024, 0.854882, 0.845174, 0.834853, 0.823901, 0.812239, 0.799902, 0.786689, 0.772866, 0.757751, 0.742546, 0.724705, 0.709062, 0.685997, 0.673905, 0.677917, 0.676452, 0.676921, 0.676771, 0.676818, 0.676803, 0.676808, 0.676807, 0.676807, 0.676807, 0.676807, 0.676807, 0.676807, 0.676807, 0.676807, 0.676807, 0.676807, 0.676807, 0.676807, 0.676807, 0.676807, 0.676807, 0.676807, 0.676807, 0.676807, 0.676807, 0.676807, 0.676807, 
1, 1, 0.999998, 0.999962, 0.999904, 0.999819, 0.999706, 0.999563, 0.999389, 0.999181, 0.998938, 0.998658, 0.998337, 0.997974, 0.997565, 0.997108, 0.996601, 0.996039, 0.995419, 0.994738, 0.993992, 0.993177, 0.992289, 0.991323, 0.990273, 0.989136, 0.987905, 0.986575, 0.985139, 0.983592, 0.981922, 0.980135, 0.978242, 0.976229, 0.974091, 0.97182, 0.969407, 0.966844, 0.96412, 0.961226, 0.958152, 0.954886, 0.951417, 0.94773, 0.943814, 0.939653, 0.935233, 0.930536, 0.925547, 0.920246, 0.914614, 0.908631, 0.902275, 0.895522, 0.888347, 0.880725, 0.872627, 0.864024, 0.854882, 0.845174, 0.834853, 0.823901, 0.812239, 0.799902, 0.786689, 0.772866, 0.757751, 0.742546, 0.724705, 0.709062, 0.685997, 0.673905, 0.677917, 0.676452, 0.676921, 0.676771, 0.676818, 0.676803, 0.676808, 0.676807, 0.676807, 0.676807, 0.676807, 0.676807, 0.676807, 0.676807, 0.676807, 0.676807, 0.676807, 0.676807, 0.676807, 0.676807, 0.676807, 0.676807, 0.676807, 0.676807, 0.676807, 0.676807, 0.676807, 0.676807, 
1, 1, 0.999998, 0.999962, 0.999904, 0.999819, 0.999706, 0.999563, 0.999389, 0.999181, 0.998938, 0.998658, 0.998337, 0.997974, 0.997565, 0.997108, 0.996601, 0.996039, 0.995419, 0.994738, 0.993992, 0.993177, 0.992289, 0.991323, 0.990273, 0.989136, 0.987905, 0.986575, 0.985139, 0.983592, 0.981922, 0.980135, 0.978242, 0.976229, 0.974091, 0.97182, 0.969407, 0.966844, 0.96412, 0.961226, 0.958152, 0.954886, 0.951417, 0.94773, 0.943814, 0.939653, 0.935233, 0.930536, 0.925547, 0.920246, 0.914614, 0.908631, 0.902275, 0.895522, 0.888347, 0.880725, 0.872627, 0.864024, 0.854882, 0.845174, 0.834853, 0.823901, 0.812239, 0.799902, 0.786689, 0.772866, 0.757751, 0.742546, 0.724705, 0.709062, 0.685997, 0.673905, 0.677917, 0.676452, 0.676921, 0.676771, 0.676818, 0.676803, 0.676808, 0.676807, 0.676807, 0.676807, 0.676807, 0.676807, 0.676807, 0.676807, 0.676807, 0.676807, 0.676807, 0.676807, 0.676807, 0.676807, 0.676807, 0.676807, 0.676807, 0.676807, 0.676807, 0.676807, 0.676807, 0.676807, 
1, 1, 0.999998, 0.999962, 0.999904, 0.999819, 0.999706, 0.999563, 0.999389, 0.999181, 0.998938, 0.998658, 0.998337, 0.997974, 0.997565, 0.997108, 0.996601, 0.996039, 0.995419, 0.994738, 0.993992, 0.993177, 0.992289, 0.991323, 0.990273, 0.989136, 0.987905, 0.986575, 0.985139, 0.983592, 0.981922, 0.980135, 0.978242, 0.976229, 0.974091, 0.97182, 0.969407, 0.966844, 0.96412, 0.961226, 0.958152, 0.954886, 0.951417, 0.94773, 0.943814, 0.939653, 0.935232, 0.930536, 0.925547, 0.920246, 0.914614, 0.908631, 0.902275, 0.895522, 0.888347, 0.880725, 0.872627, 0.864024, 0.854882, 0.845174, 0.834853, 0.823901, 0.812239, 0.799902, 0.786689, 0.772866, 0.757751, 0.742546, 0.724705, 0.709062, 0.685997, 0.673905, 0.677917, 0.676452, 0.676921, 0.676771, 0.676818, 0.676803, 0.676808, 0.676807, 0.676807, 0.676807, 0.676807, 0.676807, 0.676807, 0.676807, 0.676807, 0.676807, 0.676807, 0.676807, 0.676807, 0.676807, 0.676807, 0.676807, 0.676807, 0.676807, 0.676807, 0.676807, 0.676807, 0.676807, 
1, 1, 0.999998, 0.999962, 0.999904, 0.999819, 0.999706, 0.999563, 0.999389, 0.999181, 0.998938, 0.998658, 0.998337, 0.997974, 0.997565, 0.997108, 0.996601, 0.996039, 0.995419, 0.994738, 0.993992, 0.993177, 0.992289, 0.991323, 0.990273, 0.989136, 0.987905, 0.986575, 0.985139, 0.983592, 0.981922, 0.980135, 0.978242, 0.976229, 0.974091, 0.97182, 0.969407, 0.966844, 0.96412, 0.961226, 0.958152, 0.954886, 0.951417, 0.94773, 0.943814, 0.939653, 0.935232, 0.930536, 0.925547, 0.920246, 0.914614, 0.908631, 0.902275, 0.895522, 0.888347, 0.880725, 0.872627, 0.864024, 0.854882, 0.845174, 0.834853, 0.823901, 0.812239, 0.799902, 0.786689, 0.772865, 0.757751, 0.742546, 0.724705, 0.709062, 0.685997, 0.673905, 0.677917, 0.676452, 0.676921, 0.676771, 0.676818, 0.676803, 0.676808, 0.676807, 0.676807, 0.676807, 0.676807, 0.676807, 0.676807, 0.676807, 0.676807, 0.676807, 0.676807, 0.676807, 0.676807, 0.676807, 0.676807, 0.676807, 0.676807, 0.676807, 0.676807, 0.676807, 0.676807, 0.676807, 
1, 1, 0.999998, 0.999962, 0.999904, 0.999819, 0.999706, 0.999563, 0.999389, 0.999181, 0.998938, 0.998658, 0.998337, 0.997974, 0.997565, 0.997108, 0.996601, 0.996039, 0.995419, 0.994738, 0.993992, 0.993177, 0.992289, 0.991323, 0.990273, 0.989136, 0.987905, 0.986575, 0.985139, 0.983592, 0.981922, 0.980135, 0.978242, 0.976229, 0.974091, 0.97182, 0.969407, 0.966844, 0.96412, 0.961226, 0.958152, 0.954886, 0.951417, 0.94773, 0.943814, 0.939653, 0.935232, 0.930536, 0.925547, 0.920246, 0.914614, 0.908631, 0.902275, 0.895522, 0.888347, 0.880725, 0.872627, 0.864024, 0.854882, 0.845174, 0.834853, 0.823901, 0.812239, 0.799902, 0.786689, 0.772865, 0.757751, 0.742546, 0.724705, 0.709062, 0.685997, 0.673905, 0.677917, 0.676452, 0.676921, 0.676771, 0.676818, 0.676803, 0.676808, 0.676807, 0.676807, 0.676807, 0.676807, 0.676807, 0.676807, 0.676807, 0.676807, 0.676807, 0.676807, 0.676807, 0.676807, 0.676807, 0.676807, 0.676807, 0.676807, 0.676807, 0.676807, 0.676807, 0.676807, 0.676807, 
1, 1, 0.999998, 0.999962, 0.999904, 0.999819, 0.999706, 0.999563, 0.999389, 0.999181, 0.998938, 0.998658, 0.998337, 0.997974, 0.997565, 0.997108, 0.996601, 0.996039, 0.995419, 0.994738, 0.993992, 0.993177, 0.992289, 0.991323, 0.990273, 0.989136, 0.987905, 0.986575, 0.985139, 0.983592, 0.981922, 0.980135, 0.978242, 0.976229, 0.974091, 0.97182, 0.969407, 0.966844, 0.96412, 0.961226, 0.958152, 0.954886, 0.951417, 0.94773, 0.943814, 0.939653, 0.935232, 0.930536, 0.925547, 0.920246, 0.914614, 0.908631, 0.902275, 0.895522, 0.888347, 0.880725, 0.872627, 0.864024, 0.854882, 0.845174, 0.834853, 0.823901, 0.812239, 0.799902, 0.786689, 0.772865, 0.757751, 0.742546, 0.724705, 0.709062, 0.685997, 0.673905, 0.677917, 0.676452, 0.676921, 0.676771, 0.676818, 0.676803, 0.676808, 0.676807, 0.676807, 0.676807, 0.676807, 0.676807, 0.676807, 0.676807, 0.676807, 0.676807, 0.676807, 0.676807, 0.676807, 0.676807, 0.676807, 0.676807, 0.676807, 0.676807, 0.676807, 0.676807, 0.676807, 0.676807, 
1, 1, 0.999998, 0.999962, 0.999904, 0.999819, 0.999706, 0.999563, 0.999389, 0.999181, 0.998938, 0.998658, 0.998337, 0.997974, 0.997565, 0.997108, 0.996601, 0.996039, 0.995419, 0.994738, 0.993992, 0.993177, 0.992289, 0.991323, 0.990273, 0.989136, 0.987905, 0.986575, 0.985139, 0.983592, 0.981922, 0.980135, 0.978242, 0.976229, 0.974091, 0.97182, 0.969407, 0.966844, 0.96412, 0.961226, 0.958152, 0.954886, 0.951417, 0.94773, 0.943814, 0.939653, 0.935232, 0.930536, 0.925547, 0.920246, 0.914614, 0.908631, 0.902275, 0.895522, 0.888347, 0.880725, 0.872627, 0.864024, 0.854882, 0.845174, 0.834853, 0.823901, 0.812239, 0.799902, 0.786689, 0.772865, 0.757751, 0.742546, 0.724705, 0.709062, 0.685997, 0.673905, 0.677917, 0.676452, 0.676921, 0.676771, 0.676818, 0.676803, 0.676808, 0.676807, 0.676807, 0.676807, 0.676807, 0.676807, 0.676807, 0.676807, 0.676807, 0.676807, 0.676807, 0.676807, 0.676807, 0.676807, 0.676807, 0.676807, 0.676807, 0.676807, 0.676807, 0.676807, 0.676807, 0.676807, 
1, 1, 0.999998, 0.999962, 0.999904, 0.999819, 0.999706, 0.999563, 0.999389, 0.999181, 0.998938, 0.998658, 0.998337, 0.997974, 0.997565, 0.997108, 0.996601, 0.996039, 0.995419, 0.994738, 0.993992, 0.993177, 0.992289, 0.991323, 0.990273, 0.989136, 0.987905, 0.986575, 0.985139, 0.983592, 0.981922, 0.980135, 0.978242, 0.976229, 0.974091, 0.97182, 0.969407, 0.966844, 0.96412, 0.961226, 0.958152, 0.954886, 0.951416, 0.94773, 0.943814, 0.939653, 0.935232, 0.930536, 0.925547, 0.920246, 0.914614, 0.908631, 0.902275, 0.895522, 0.888347, 0.880725, 0.872627, 0.864024, 0.854882, 0.845174, 0.834853, 0.8239, 0.812239, 0.799902, 0.786689, 0.772865, 0.757751, 0.742546, 0.724705, 0.709062, 0.685997, 0.673905, 0.677917, 0.676452, 0.676921, 0.676771, 0.676818, 0.676803, 0.676808, 0.676807, 0.676807, 0.676807, 0.676807, 0.676807, 0.676807, 0.676807, 0.676807, 0.676807, 0.676807, 0.676807, 0.676807, 0.676807, 0.676807, 0.676807, 0.676807, 0.676807, 0.676807, 0.676807, 0.676807, 0.676807, 
1, 1, 0.999998, 0.999962, 0.999904, 0.999819, 0.999706, 0.999563, 0.999389, 0.999181, 0.998938, 0.998658, 0.998337, 0.997974, 0.997565, 0.997108, 0.996601, 0.996039, 0.995419, 0.994738, 0.993992, 0.993177, 0.992289, 0.991323, 0.990273, 0.989136, 0.987905, 0.986575, 0.985139, 0.983592, 0.981922, 0.980135, 0.978242, 0.976229, 0.974091, 0.97182, 0.969407, 0.966844, 0.96412, 0.961226, 0.958152, 0.954886, 0.951416, 0.94773, 0.943814, 0.939653, 0.935232, 0.930536, 0.925547, 0.920246, 0.914614, 0.908631, 0.902275, 0.895522, 0.888347, 0.880725, 0.872627, 0.864024, 0.854882, 0.845174, 0.834853, 0.8239, 0.812239, 0.799902, 0.786689, 0.772865, 0.757751, 0.742546, 0.724705, 0.709062, 0.685997, 0.673905, 0.677917, 0.676452, 0.676921, 0.676771, 0.676818, 0.676803, 0.676808, 0.676807, 0.676807, 0.676807, 0.676807, 0.676807, 0.676807, 0.676807, 0.676807, 0.676807, 0.676807, 0.676807, 0.676807, 0.676807, 0.676807, 0.676807, 0.676807, 0.676807, 0.676807, 0.676807, 0.676807, 0.676807, 
1, 1, 0.999998, 0.999962, 0.999904, 0.999819, 0.999706, 0.999563, 0.999389, 0.999181, 0.998938, 0.998658, 0.998337, 0.997974, 0.997565, 0.997108, 0.996601, 0.996039, 0.995419, 0.994738, 0.993992, 0.993177, 0.992289, 0.991323, 0.990273, 0.989136, 0.987905, 0.986575, 0.985139, 0.983592, 0.981922, 0.980135, 0.978242, 0.976229, 0.974091, 0.97182, 0.969407, 0.966844, 0.96412, 0.961226, 0.958152, 0.954886, 0.951416, 0.94773, 0.943814, 0.939653, 0.935232, 0.930536, 0.925547, 0.920246, 0.914614, 0.908631, 0.902275, 0.895522, 0.888347, 0.880725, 0.872627, 0.864024, 0.854882, 0.845174, 0.834853, 0.8239, 0.812239, 0.799902, 0.786689, 0.772865, 0.757751, 0.742546, 0.724705, 0.709062, 0.685997, 0.673905, 0.677917, 0.676452, 0.676921, 0.676771, 0.676818, 0.676803, 0.676808, 0.676806, 0.676807, 0.676807, 0.676807, 0.676807, 0.676807, 0.676807, 0.676807, 0.676807, 0.676807, 0.676807, 0.676807, 0.676807, 0.676807, 0.676807, 0.676807, 0.676807, 0.676807, 0.676807, 0.676807, 0.676807, 
1, 1, 0.999998, 0.999962, 0.999904, 0.999819, 0.999706, 0.999563, 0.999389, 0.999181, 0.998938, 0.998658, 0.998337, 0.997974, 0.997565, 0.997108, 0.996601, 0.996039, 0.995419, 0.994738, 0.993992, 0.993177, 0.992289, 0.991323, 0.990273, 0.989136, 0.987905, 0.986575, 0.985139, 0.983592, 0.981922, 0.980135, 0.978242, 0.976229, 0.974091, 0.97182, 0.969407, 0.966844, 0.96412, 0.961226, 0.958152, 0.954886, 0.951416, 0.94773, 0.943814, 0.939653, 0.935232, 0.930536, 0.925547, 0.920246, 0.914614, 0.908631, 0.902275, 0.895522, 0.888347, 0.880725, 0.872627, 0.864024, 0.854882, 0.845174, 0.834853, 0.8239, 0.812239, 0.799902, 0.786689, 0.772865, 0.757751, 0.742546, 0.724705, 0.709062, 0.685997, 0.673905, 0.677917, 0.676452, 0.676921, 0.676771, 0.676818, 0.676803, 0.676808, 0.676806, 0.676807, 0.676807, 0.676807, 0.676807, 0.676807, 0.676807, 0.676807, 0.676807, 0.676807, 0.676807, 0.676807, 0.676807, 0.676807, 0.676807, 0.676807, 0.676807, 0.676807, 0.676807, 0.676807, 0.676807, 
1, 1, 0.999998, 0.999962, 0.999904, 0.999819, 0.999706, 0.999563, 0.999389, 0.999181, 0.998938, 0.998658, 0.998337, 0.997974, 0.997565, 0.997108, 0.996601, 0.996039, 0.995419, 0.994738, 0.993992, 0.993177, 0.992289, 0.991323, 0.990273, 0.989136, 0.987905, 0.986575, 0.985139, 0.983592, 0.981922, 0.980135, 0.978242, 0.976229, 0.974091, 0.97182, 0.969407, 0.966844, 0.96412, 0.961226, 0.958152, 0.954886, 0.951416, 0.94773, 0.943814, 0.939653, 0.935232, 0.930536, 0.925547, 0.920246, 0.914614, 0.908631, 0.902275, 0.895522, 0.888347, 0.880725, 0.872627, 0.864024, 0.854882, 0.845174, 0.834853, 0.8239, 0.812239, 0.799902, 0.786689, 0.772865, 0.757751, 0.742546, 0.724705, 0.709062, 0.685997, 0.673905, 0.677917, 0.676452, 0.676921, 0.676771, 0.676818, 0.676803, 0.676808, 0.676806, 0.676807, 0.676807, 0.676807, 0.676807, 0.676807, 0.676807, 0.676807, 0.676807, 0.676807, 0.676807, 0.676807, 0.676807, 0.676807, 0.676807, 0.676807, 0.676807, 0.676807, 0.676807, 0.676807, 0.676807, 
1, 1, 0.999998, 0.999962, 0.999904, 0.999819, 0.999706, 0.999563, 0.999389, 0.999181, 0.998938, 0.998658, 0.998337, 0.997974, 0.997565, 0.997108, 0.996601, 0.996039, 0.995419, 0.994738, 0.993992, 0.993177, 0.992289, 0.991323, 0.990273, 0.989136, 0.987905, 0.986575, 0.985139, 0.983592, 0.981922, 0.980135, 0.978242, 0.976229, 0.974091, 0.97182, 0.969407, 0.966844, 0.96412, 0.961226, 0.958152, 0.954886, 0.951416, 0.94773, 0.943814, 0.939653, 0.935232, 0.930536, 0.925547, 0.920246, 0.914614, 0.908631, 0.902275, 0.895522, 0.888347, 0.880725, 0.872627, 0.864024, 0.854882, 0.845174, 0.834853, 0.8239, 0.812239, 0.799902, 0.786689, 0.772865, 0.757751, 0.742546, 0.724705, 0.709062, 0.685997, 0.673905, 0.677916, 0.676452, 0.676921, 0.676771, 0.676818, 0.676803, 0.676808, 0.676806, 0.676807, 0.676807, 0.676807, 0.676807, 0.676807, 0.676807, 0.676807, 0.676807, 0.676807, 0.676807, 0.676807, 0.676807, 0.676807, 0.676807, 0.676807, 0.676807, 0.676807, 0.676807, 0.676807, 0.676807, 
1, 1, 0.999998, 0.999962, 0.999904, 0.999819, 0.999706, 0.999563, 0.999389, 0.999181, 0.998938, 0.998658, 0.998337, 0.997974, 0.997565, 0.997108, 0.996601, 0.996039, 0.995419, 0.994738, 0.993992, 0.993177, 0.992289, 0.991323, 0.990273, 0.989136, 0.987905, 0.986575, 0.985139, 0.983592, 0.981922, 0.980135, 0.978242, 0.976229, 0.974091, 0.97182, 0.969407, 0.966844, 0.96412, 0.961226, 0.958152, 0.954886, 0.951416, 0.94773, 0.943814, 0.939653, 0.935232, 0.930536, 0.925547, 0.920246, 0.914614, 0.908631, 0.902275, 0.895522, 0.888347, 0.880725, 0.872626, 0.864024, 0.854882, 0.845174, 0.834853, 0.8239, 0.812239, 0.799902, 0.786689, 0.772865, 0.757751, 0.742546, 0.724705, 0.709062, 0.685997, 0.673905, 0.677916, 0.676452, 0.676921, 0.676771, 0.676818, 0.676803, 0.676808, 0.676806, 0.676807, 0.676807, 0.676807, 0.676807, 0.676807, 0.676807, 0.676807, 0.676807, 0.676807, 0.676807, 0.676807, 0.676807, 0.676807, 0.676807, 0.676807, 0.676807, 0.676807, 0.676807, 0.676807, 0.676807, 
1, 1, 0.999998, 0.999962, 0.999904, 0.999819, 0.999706, 0.999563, 0.999389, 0.999181, 0.998938, 0.998658, 0.998337, 0.997974, 0.997565, 0.997108, 0.996601, 0.996039, 0.995419, 0.994738, 0.993992, 0.993177, 0.992289, 0.991323, 0.990273, 0.989136, 0.987905, 0.986575, 0.985139, 0.983592, 0.981922, 0.980135, 0.978242, 0.976229, 0.974091, 0.97182, 0.969407, 0.966844, 0.96412, 0.961226, 0.958152, 0.954886, 0.951416, 0.94773, 0.943814, 0.939653, 0.935232, 0.930536, 0.925547, 0.920246, 0.914614, 0.908631, 0.902275, 0.895522, 0.888347, 0.880725, 0.872626, 0.864024, 0.854882, 0.845174, 0.834853, 0.8239, 0.812239, 0.799902, 0.786689, 0.772865, 0.757751, 0.742546, 0.724705, 0.709062, 0.685997, 0.673905, 0.677916, 0.676452, 0.676921, 0.676771, 0.676818, 0.676803, 0.676808, 0.676806, 0.676807, 0.676807, 0.676807, 0.676807, 0.676807, 0.676807, 0.676807, 0.676807, 0.676807, 0.676807, 0.676807, 0.676807, 0.676807, 0.676807, 0.676807, 0.676807, 0.676807, 0.676807, 0.676807, 0.676807, 
1, 1, 0.999998, 0.999962, 0.999904, 0.999819, 0.999706, 0.999563, 0.999389, 0.999181, 0.998938, 0.998658, 0.998337, 0.997974, 0.997565, 0.997108, 0.996601, 0.996039, 0.995419, 0.994738, 0.993992, 0.993177, 0.992289, 0.991323, 0.990273, 0.989136, 0.987905, 0.986575, 0.985139, 0.983592, 0.981922, 0.980135, 0.978242, 0.976229, 0.974091, 0.97182, 0.969407, 0.966844, 0.96412, 0.961226, 0.958152, 0.954886, 0.951416, 0.94773, 0.943814, 0.939653, 0.935232, 0.930536, 0.925547, 0.920246, 0.914614, 0.908631, 0.902275, 0.895522, 0.888347, 0.880725, 0.872626, 0.864024, 0.854882, 0.845174, 0.834853, 0.8239, 0.812239, 0.799902, 0.786689, 0.772865, 0.757751, 0.742546, 0.724705, 0.709062, 0.685997, 0.673905, 0.677916, 0.676452, 0.676921, 0.676771, 0.676818, 0.676803, 0.676808, 0.676806, 0.676807, 0.676807, 0.676807, 0.676807, 0.676807, 0.676807, 0.676807, 0.676807, 0.676807, 0.676807, 0.676807, 0.676807, 0.676807, 0.676807, 0.676807, 0.676807, 0.676807, 0.676807, 0.676807, 0.676807, 
1, 1, 0.999998, 0.999962, 0.999904, 0.999819, 0.999706, 0.999563, 0.999389, 0.999181, 0.998938, 0.998658, 0.998337, 0.997974, 0.997565, 0.997108, 0.996601, 0.996039, 0.995419, 0.994738, 0.993992, 0.993177, 0.992289, 0.991323, 0.990273, 0.989136, 0.987905, 0.986575, 0.985139, 0.983592, 0.981922, 0.980135, 0.978242, 0.976229, 0.974091, 0.97182, 0.969407, 0.966844, 0.96412, 0.961226, 0.958152, 0.954886, 0.951416, 0.94773, 0.943814, 0.939653, 0.935232, 0.930536, 0.925547, 0.920246, 0.914614, 0.908631, 0.902275, 0.895522, 0.888347, 0.880725, 0.872626, 0.864024, 0.854882, 0.845173, 0.834853, 0.8239, 0.812239, 0.799902, 0.786689, 0.772865, 0.757751, 0.742546, 0.724705, 0.709062, 0.685997, 0.673905, 0.677916, 0.676452, 0.676921, 0.676771, 0.676818, 0.676803, 0.676808, 0.676806, 0.676807, 0.676807, 0.676807, 0.676807, 0.676807, 0.676807, 0.676807, 0.676807, 0.676807, 0.676807, 0.676807, 0.676807, 0.676807, 0.676807, 0.676807, 0.676807, 0.676807, 0.676807, 0.676807, 0.676807, 
1, 1, 0.999998, 0.999962, 0.999904, 0.999819, 0.999706, 0.999563, 0.999389, 0.999181, 0.998938, 0.998658, 0.998337, 0.997974, 0.997565, 0.997108, 0.996601, 0.996039, 0.995419, 0.994738, 0.993992, 0.993177, 0.992289, 0.991323, 0.990273, 0.989136, 0.987905, 0.986575, 0.985139, 0.983592, 0.981922, 0.980135, 0.978242, 0.976229, 0.974091, 0.97182, 0.969407, 0.966844, 0.96412, 0.961226, 0.958152, 0.954886, 0.951416, 0.94773, 0.943814, 0.939653, 0.935232, 0.930536, 0.925547, 0.920246, 0.914614, 0.908631, 0.902275, 0.895522, 0.888347, 0.880725, 0.872626, 0.864024, 0.854882, 0.845173, 0.834853, 0.8239, 0.812239, 0.799902, 0.786689, 0.772865, 0.757751, 0.742546, 0.724705, 0.709062, 0.685997, 0.673905, 0.677916, 0.676452, 0.676921, 0.676771, 0.676818, 0.676803, 0.676808, 0.676806, 0.676807, 0.676807, 0.676807, 0.676807, 0.676807, 0.676807, 0.676807, 0.676807, 0.676807, 0.676807, 0.676807, 0.676807, 0.676807, 0.676807, 0.676807, 0.676807, 0.676807, 0.676807, 0.676807, 0.676807, 
1, 1, 0.999998, 0.999962, 0.999904, 0.999819, 0.999706, 0.999563, 0.999389, 0.999181, 0.998938, 0.998658, 0.998337, 0.997974, 0.997565, 0.997108, 0.996601, 0.996039, 0.995419, 0.994738, 0.993992, 0.993177, 0.992289, 0.991323, 0.990273, 0.989136, 0.987905, 0.986575, 0.985139, 0.983592, 0.981922, 0.980135, 0.978242, 0.976229, 0.974091, 0.97182, 0.969407, 0.966844, 0.96412, 0.961226, 0.958152, 0.954886, 0.951416, 0.94773, 0.943814, 0.939653, 0.935232, 0.930536, 0.925547, 0.920246, 0.914614, 0.908631, 0.902275, 0.895522, 0.888347, 0.880725, 0.872626, 0.864024, 0.854882, 0.845173, 0.834853, 0.8239, 0.812239, 0.799902, 0.786689, 0.772865, 0.757751, 0.742546, 0.724705, 0.709062, 0.685997, 0.673905, 0.677916, 0.676452, 0.67692, 0.676771, 0.676818, 0.676803, 0.676808, 0.676806, 0.676807, 0.676807, 0.676807, 0.676807, 0.676807, 0.676807, 0.676807, 0.676807, 0.676807, 0.676807, 0.676807, 0.676807, 0.676807, 0.676807, 0.676807, 0.676807, 0.676807, 0.676807, 0.676807, 0.676807, 
1, 1, 0.999998, 0.999962, 0.999904, 0.999819, 0.999706, 0.999563, 0.999389, 0.999181, 0.998938, 0.998658, 0.998337, 0.997974, 0.997565, 0.997108, 0.996601, 0.996039, 0.995419, 0.994738, 0.993992, 0.993177, 0.992289, 0.991323, 0.990273, 0.989136, 0.987905, 0.986575, 0.985139, 0.983592, 0.981922, 0.980135, 0.978242, 0.976229, 0.974091, 0.97182, 0.969407, 0.966844, 0.96412, 0.961226, 0.958152, 0.954886, 0.951416, 0.94773, 0.943814, 0.939653, 0.935232, 0.930536, 0.925547, 0.920246, 0.914614, 0.908631, 0.902275, 0.895522, 0.888347, 0.880725, 0.872626, 0.864023, 0.854882, 0.845173, 0.834853, 0.8239, 0.812239, 0.799902, 0.786689, 0.772865, 0.757751, 0.742546, 0.724705, 0.709061, 0.685997, 0.673905, 0.677916, 0.676452, 0.67692, 0.676771, 0.676818, 0.676803, 0.676808, 0.676806, 0.676807, 0.676807, 0.676807, 0.676807, 0.676807, 0.676807, 0.676807, 0.676807, 0.676807, 0.676807, 0.676807, 0.676807, 0.676807, 0.676807, 0.676807, 0.676807, 0.676807, 0.676807, 0.676807, 0.676807, 
1, 1, 0.999998, 0.999962, 0.999904, 0.999819, 0.999706, 0.999563, 0.999389, 0.999181, 0.998938, 0.998658, 0.998337, 0.997974, 0.997565, 0.997108, 0.996601, 0.996039, 0.995419, 0.994738, 0.993992, 0.993177, 0.992289, 0.991323, 0.990273, 0.989136, 0.987905, 0.986575, 0.985139, 0.983592, 0.981922, 0.980135, 0.978242, 0.976229, 0.974091, 0.97182, 0.969407, 0.966844, 0.96412, 0.961226, 0.958152, 0.954886, 0.951416, 0.94773, 0.943814, 0.939653, 0.935232, 0.930536, 0.925547, 0.920246, 0.914614, 0.908631, 0.902275, 0.895522, 0.888347, 0.880725, 0.872626, 0.864023, 0.854882, 0.845173, 0.834853, 0.8239, 0.812239, 0.799902, 0.786689, 0.772865, 0.757751, 0.742546, 0.724705, 0.709061, 0.685997, 0.673905, 0.677916, 0.676452, 0.67692, 0.676771, 0.676818, 0.676803, 0.676808, 0.676806, 0.676807, 0.676807, 0.676807, 0.676807, 0.676807, 0.676807, 0.676807, 0.676807, 0.676807, 0.676807, 0.676807, 0.676807, 0.676807, 0.676807, 0.676807, 0.676807, 0.676807, 0.676807, 0.676807, 0.676807, 
1, 1, 0.999998, 0.999962, 0.999904, 0.999819, 0.999706, 0.999563, 0.999389, 0.999181, 0.998938, 0.998658, 0.998337, 0.997974, 0.997565, 0.997108, 0.996601, 0.996039, 0.995419, 0.994738, 0.993992, 0.993177, 0.992289, 0.991323, 0.990273, 0.989136, 0.987905, 0.986575, 0.985139, 0.983592, 0.981922, 0.980135, 0.978242, 0.976229, 0.974091, 0.97182, 0.969407, 0.966844, 0.96412, 0.961226, 0.958152, 0.954886, 0.951416, 0.94773, 0.943814, 0.939653, 0.935232, 0.930536, 0.925547, 0.920246, 0.914614, 0.908631, 0.902275, 0.895522, 0.888347, 0.880725, 0.872626, 0.864023, 0.854882, 0.845173, 0.834853, 0.8239, 0.812239, 0.799902, 0.786689, 0.772865, 0.757751, 0.742545, 0.724705, 0.709061, 0.685997, 0.673905, 0.677916, 0.676452, 0.67692, 0.676771, 0.676818, 0.676803, 0.676808, 0.676806, 0.676807, 0.676807, 0.676807, 0.676807, 0.676807, 0.676807, 0.676807, 0.676807, 0.676807, 0.676807, 0.676807, 0.676807, 0.676807, 0.676807, 0.676807, 0.676807, 0.676807, 0.676807, 0.676807, 0.676807, 
1, 1, 0.999998, 0.999962, 0.999904, 0.999819, 0.999706, 0.999563, 0.999389, 0.999181, 0.998938, 0.998658, 0.998337, 0.997974, 0.997565, 0.997108, 0.996601, 0.996039, 0.995419, 0.994738, 0.993992, 0.993177, 0.992289, 0.991323, 0.990273, 0.989136, 0.987905, 0.986575, 0.985139, 0.983592, 0.981922, 0.980135, 0.978242, 0.976229, 0.974091, 0.97182, 0.969407, 0.966844, 0.96412, 0.961226, 0.958152, 0.954886, 0.951416, 0.94773, 0.943814, 0.939653, 0.935232, 0.930536, 0.925547, 0.920246, 0.914614, 0.908631, 0.902275, 0.895522, 0.888347, 0.880725, 0.872626, 0.864023, 0.854882, 0.845173, 0.834853, 0.8239, 0.812239, 0.799902, 0.786689, 0.772865, 0.757751, 0.742545, 0.724705, 0.709061, 0.685997, 0.673905, 0.677916, 0.676452, 0.67692, 0.676771, 0.676818, 0.676803, 0.676808, 0.676806, 0.676807, 0.676807, 0.676807, 0.676807, 0.676807, 0.676807, 0.676807, 0.676807, 0.676807, 0.676807, 0.676807, 0.676807, 0.676807, 0.676807, 0.676807, 0.676807, 0.676807, 0.676807, 0.676807, 0.676807, 
1, 1, 0.999998, 0.999962, 0.999904, 0.999819, 0.999706, 0.999563, 0.999389, 0.999181, 0.998938, 0.998658, 0.998337, 0.997974, 0.997565, 0.997108, 0.996601, 0.996039, 0.995419, 0.994738, 0.993992, 0.993177, 0.992289, 0.991323, 0.990273, 0.989136, 0.987905, 0.986575, 0.985139, 0.983592, 0.981922, 0.980135, 0.978242, 0.976229, 0.974091, 0.97182, 0.969407, 0.966844, 0.96412, 0.961226, 0.958152, 0.954886, 0.951416, 0.94773, 0.943814, 0.939653, 0.935232, 0.930536, 0.925547, 0.920246, 0.914614, 0.908631, 0.902275, 0.895522, 0.888347, 0.880725, 0.872626, 0.864023, 0.854882, 0.845173, 0.834853, 0.8239, 0.812239, 0.799902, 0.786689, 0.772865, 0.757751, 0.742545, 0.724705, 0.709061, 0.685997, 0.673905, 0.677916, 0.676452, 0.67692, 0.676771, 0.676818, 0.676803, 0.676808, 0.676806, 0.676807, 0.676807, 0.676807, 0.676807, 0.676807, 0.676807, 0.676807, 0.676807, 0.676807, 0.676807, 0.676807, 0.676807, 0.676807, 0.676807, 0.676807, 0.676807, 0.676807, 0.676807, 0.676807, 0.676807, 
1, 1, 0.999998, 0.999962, 0.999904, 0.999819, 0.999706, 0.999563, 0.999389, 0.999181, 0.998938, 0.998658, 0.998337, 0.997974, 0.997565, 0.997108, 0.996601, 0.996039, 0.995419, 0.994738, 0.993992, 0.993177, 0.992289, 0.991323, 0.990273, 0.989136, 0.987905, 0.986575, 0.985139, 0.983592, 0.981922, 0.980135, 0.978242, 0.976229, 0.974091, 0.97182, 0.969407, 0.966844, 0.96412, 0.961226, 0.958152, 0.954886, 0.951416, 0.94773, 0.943814, 0.939653, 0.935232, 0.930536, 0.925547, 0.920246, 0.914614, 0.908631, 0.902275, 0.895522, 0.888347, 0.880725, 0.872626, 0.864023, 0.854882, 0.845173, 0.834853, 0.8239, 0.812239, 0.799902, 0.786689, 0.772865, 0.757751, 0.742545, 0.724705, 0.709061, 0.685997, 0.673905, 0.677916, 0.676452, 0.67692, 0.676771, 0.676818, 0.676803, 0.676808, 0.676806, 0.676807, 0.676807, 0.676807, 0.676807, 0.676807, 0.676807, 0.676807, 0.676807, 0.676807, 0.676807, 0.676807, 0.676807, 0.676807, 0.676807, 0.676807, 0.676807, 0.676807, 0.676807, 0.676807, 0.676807, 
1, 1, 0.999998, 0.999962, 0.999904, 0.999819, 0.999706, 0.999563, 0.999389, 0.999181, 0.998938, 0.998658, 0.998337, 0.997974, 0.997565, 0.997108, 0.996601, 0.996039, 0.995419, 0.994738, 0.993992, 0.993177, 0.992289, 0.991323, 0.990273, 0.989136, 0.987905, 0.986575, 0.985139, 0.983592, 0.981922, 0.980135, 0.978242, 0.976229, 0.974091, 0.97182, 0.969407, 0.966844, 0.96412, 0.961226, 0.958152, 0.954886, 0.951416, 0.94773, 0.943814, 0.939653, 0.935232, 0.930536, 0.925547, 0.920246, 0.914614, 0.908631, 0.902275, 0.895522, 0.888347, 0.880725, 0.872626, 0.864023, 0.854882, 0.845173, 0.834853, 0.8239, 0.812239, 0.799902, 0.786689, 0.772865, 0.757751, 0.742545, 0.724705, 0.709061, 0.685997, 0.673905, 0.677916, 0.676452, 0.67692, 0.676771, 0.676818, 0.676803, 0.676808, 0.676806, 0.676807, 0.676807, 0.676807, 0.676807, 0.676807, 0.676807, 0.676807, 0.676807, 0.676807, 0.676807, 0.676807, 0.676807, 0.676807, 0.676807, 0.676807, 0.676807, 0.676807, 0.676807, 0.676807, 0.676807, 
1, 1, 0.999998, 0.999962, 0.999904, 0.999819, 0.999706, 0.999563, 0.999389, 0.999181, 0.998938, 0.998658, 0.998337, 0.997974, 0.997565, 0.997108, 0.996601, 0.996039, 0.995419, 0.994738, 0.993992, 0.993177, 0.992289, 0.991323, 0.990273, 0.989136, 0.987905, 0.986575, 0.985139, 0.983592, 0.981922, 0.980135, 0.978242, 0.976229, 0.974091, 0.97182, 0.969407, 0.966844, 0.96412, 0.961226, 0.958152, 0.954886, 0.951416, 0.94773, 0.943814, 0.939653, 0.935232, 0.930536, 0.925547, 0.920246, 0.914614, 0.908631, 0.902275, 0.895522, 0.888347, 0.880725, 0.872626, 0.864023, 0.854882, 0.845173, 0.834853, 0.8239, 0.812239, 0.799902, 0.786689, 0.772865, 0.757751, 0.742545, 0.724705, 0.709061, 0.685997, 0.673905, 0.677916, 0.676452, 0.67692, 0.676771, 0.676818, 0.676803, 0.676808, 0.676806, 0.676807, 0.676807, 0.676807, 0.676807, 0.676807, 0.676807, 0.676807, 0.676807, 0.676807, 0.676807, 0.676807, 0.676807, 0.676807, 0.676807, 0.676807, 0.676807, 0.676807, 0.676807, 0.676807, 0.676807, 
1, 1, 0.999998, 0.999962, 0.999904, 0.999819, 0.999706, 0.999563, 0.999389, 0.999181, 0.998938, 0.998658, 0.998337, 0.997974, 0.997565, 0.997108, 0.996601, 0.996039, 0.995419, 0.994738, 0.993992, 0.993177, 0.992289, 0.991323, 0.990273, 0.989136, 0.987905, 0.986575, 0.985139, 0.983592, 0.981922, 0.980135, 0.978242, 0.976229, 0.974091, 0.97182, 0.969407, 0.966844, 0.96412, 0.961226, 0.958152, 0.954886, 0.951416, 0.94773, 0.943814, 0.939653, 0.935232, 0.930536, 0.925547, 0.920246, 0.914614, 0.908631, 0.902275, 0.895522, 0.888347, 0.880725, 0.872626, 0.864023, 0.854882, 0.845173, 0.834853, 0.8239, 0.812239, 0.799902, 0.786689, 0.772865, 0.757751, 0.742545, 0.724705, 0.709061, 0.685996, 0.673905, 0.677916, 0.676452, 0.67692, 0.676771, 0.676818, 0.676803, 0.676808, 0.676806, 0.676807, 0.676807, 0.676807, 0.676807, 0.676807, 0.676807, 0.676807, 0.676807, 0.676807, 0.676807, 0.676807, 0.676807, 0.676807, 0.676807, 0.676807, 0.676807, 0.676807, 0.676807, 0.676807, 0.676807, 
1, 1, 0.999998, 0.999962, 0.999904, 0.999819, 0.999706, 0.999563, 0.999389, 0.999181, 0.998938, 0.998658, 0.998337, 0.997974, 0.997565, 0.997108, 0.996601, 0.996039, 0.995419, 0.994738, 0.993992, 0.993177, 0.992289, 0.991323, 0.990273, 0.989136, 0.987905, 0.986575, 0.985139, 0.983592, 0.981922, 0.980135, 0.978242, 0.976229, 0.974091, 0.97182, 0.969407, 0.966844, 0.96412, 0.961226, 0.958152, 0.954886, 0.951416, 0.94773, 0.943814, 0.939653, 0.935232, 0.930536, 0.925547, 0.920246, 0.914614, 0.908631, 0.902275, 0.895521, 0.888347, 0.880725, 0.872626, 0.864023, 0.854882, 0.845173, 0.834853, 0.8239, 0.812239, 0.799902, 0.786689, 0.772865, 0.757751, 0.742545, 0.724705, 0.709061, 0.685996, 0.673905, 0.677916, 0.676452, 0.67692, 0.676771, 0.676818, 0.676803, 0.676808, 0.676806, 0.676807, 0.676807, 0.676807, 0.676807, 0.676807, 0.676807, 0.676807, 0.676807, 0.676807, 0.676807, 0.676807, 0.676807, 0.676807, 0.676807, 0.676807, 0.676807, 0.676807, 0.676807, 0.676807, 0.676807, 
1, 1, 0.999998, 0.999962, 0.999904, 0.999819, 0.999706, 0.999563, 0.999389, 0.999181, 0.998938, 0.998658, 0.998337, 0.997974, 0.997565, 0.997108, 0.996601, 0.996039, 0.995419, 0.994738, 0.993992, 0.993177, 0.992289, 0.991323, 0.990273, 0.989136, 0.987905, 0.986575, 0.985139, 0.983592, 0.981922, 0.980135, 0.978242, 0.976229, 0.974091, 0.97182, 0.969407, 0.966844, 0.96412, 0.961226, 0.958152, 0.954886, 0.951416, 0.94773, 0.943814, 0.939653, 0.935232, 0.930536, 0.925547, 0.920246, 0.914614, 0.908631, 0.902275, 0.895521, 0.888347, 0.880725, 0.872626, 0.864023, 0.854882, 0.845173, 0.834853, 0.8239, 0.812239, 0.799902, 0.786689, 0.772865, 0.757751, 0.742545, 0.724705, 0.709061, 0.685996, 0.673905, 0.677916, 0.676452, 0.67692, 0.676771, 0.676818, 0.676803, 0.676808, 0.676806, 0.676807, 0.676807, 0.676807, 0.676807, 0.676807, 0.676807, 0.676807, 0.676807, 0.676807, 0.676807, 0.676807, 0.676807, 0.676807, 0.676807, 0.676807, 0.676807, 0.676807, 0.676807, 0.676807, 0.676807, 
1, 1, 0.999998, 0.999962, 0.999904, 0.999819, 0.999706, 0.999563, 0.999389, 0.999181, 0.998938, 0.998658, 0.998337, 0.997974, 0.997565, 0.997108, 0.996601, 0.996039, 0.995419, 0.994738, 0.993992, 0.993177, 0.992289, 0.991323, 0.990273, 0.989136, 0.987905, 0.986575, 0.985139, 0.983592, 0.981922, 0.980135, 0.978242, 0.976229, 0.974091, 0.97182, 0.969407, 0.966844, 0.96412, 0.961226, 0.958152, 0.954886, 0.951416, 0.94773, 0.943814, 0.939653, 0.935232, 0.930536, 0.925547, 0.920246, 0.914614, 0.908631, 0.902275, 0.895521, 0.888347, 0.880725, 0.872626, 0.864023, 0.854882, 0.845173, 0.834853, 0.8239, 0.812239, 0.799902, 0.786689, 0.772865, 0.757751, 0.742545, 0.724705, 0.709061, 0.685996, 0.673905, 0.677916, 0.676452, 0.67692, 0.676771, 0.676818, 0.676803, 0.676808, 0.676806, 0.676807, 0.676806, 0.676807, 0.676807, 0.676807, 0.676807, 0.676807, 0.676807, 0.676807, 0.676807, 0.676807, 0.676807, 0.676807, 0.676807, 0.676807, 0.676807, 0.676807, 0.676807, 0.676807, 0.676807, 
1, 1, 0.999998, 0.999962, 0.999904, 0.999819, 0.999706, 0.999563, 0.999389, 0.999181, 0.998938, 0.998658, 0.998337, 0.997974, 0.997565, 0.997108, 0.996601, 0.996039, 0.995419, 0.994738, 0.993992, 0.993177, 0.992289, 0.991323, 0.990273, 0.989136, 0.987905, 0.986575, 0.985139, 0.983592, 0.981922, 0.980135, 0.978242, 0.976229, 0.974091, 0.97182, 0.969407, 0.966844, 0.96412, 0.961226, 0.958152, 0.954886, 0.951416, 0.94773, 0.943814, 0.939653, 0.935232, 0.930536, 0.925547, 0.920246, 0.914614, 0.908631, 0.902275, 0.895521, 0.888347, 0.880725, 0.872626, 0.864023, 0.854882, 0.845173, 0.834853, 0.8239, 0.812239, 0.799902, 0.786689, 0.772865, 0.757751, 0.742545, 0.724705, 0.709061, 0.685996, 0.673905, 0.677916, 0.676452, 0.67692, 0.676771, 0.676818, 0.676803, 0.676808, 0.676806, 0.676807, 0.676806, 0.676807, 0.676807, 0.676807, 0.676807, 0.676807, 0.676807, 0.676807, 0.676807, 0.676807, 0.676807, 0.676807, 0.676807, 0.676807, 0.676807, 0.676807, 0.676807, 0.676807, 0.676807, 
1, 1, 0.999998, 0.999962, 0.999904, 0.999819, 0.999706, 0.999563, 0.999389, 0.999181, 0.998938, 0.998658, 0.998337, 0.997974, 0.997565, 0.997108, 0.996601, 0.996039, 0.995419, 0.994738, 0.993992, 0.993177, 0.992289, 0.991323, 0.990273, 0.989136, 0.987905, 0.986575, 0.985139, 0.983592, 0.981922, 0.980135, 0.978242, 0.976229, 0.974091, 0.97182, 0.969407, 0.966844, 0.96412, 0.961226, 0.958152, 0.954886, 0.951416, 0.94773, 0.943814, 0.939653, 0.935232, 0.930536, 0.925547, 0.920246, 0.914614, 0.908631, 0.902275, 0.895521, 0.888347, 0.880725, 0.872626, 0.864023, 0.854882, 0.845173, 0.834853, 0.8239, 0.812239, 0.799902, 0.786689, 0.772865, 0.757751, 0.742545, 0.724705, 0.709061, 0.685996, 0.673905, 0.677916, 0.676452, 0.67692, 0.676771, 0.676818, 0.676803, 0.676808, 0.676806, 0.676807, 0.676806, 0.676807, 0.676807, 0.676807, 0.676807, 0.676807, 0.676807, 0.676807, 0.676807, 0.676807, 0.676807, 0.676807, 0.676807, 0.676807, 0.676807, 0.676807, 0.676807, 0.676807, 0.676807, 
1, 1, 0.999998, 0.999962, 0.999904, 0.999819, 0.999706, 0.999563, 0.999389, 0.999181, 0.998938, 0.998658, 0.998337, 0.997974, 0.997565, 0.997108, 0.996601, 0.996039, 0.995419, 0.994738, 0.993992, 0.993177, 0.992289, 0.991323, 0.990273, 0.989136, 0.987905, 0.986575, 0.985139, 0.983592, 0.981922, 0.980135, 0.978242, 0.976229, 0.974091, 0.97182, 0.969407, 0.966844, 0.96412, 0.961226, 0.958152, 0.954886, 0.951416, 0.94773, 0.943814, 0.939653, 0.935232, 0.930536, 0.925547, 0.920246, 0.914614, 0.908631, 0.902275, 0.895521, 0.888347, 0.880725, 0.872626, 0.864023, 0.854882, 0.845173, 0.834853, 0.8239, 0.812239, 0.799902, 0.786689, 0.772865, 0.757751, 0.742545, 0.724705, 0.709061, 0.685996, 0.673905, 0.677916, 0.676452, 0.67692, 0.676771, 0.676818, 0.676803, 0.676808, 0.676806, 0.676807, 0.676806, 0.676807, 0.676806, 0.676807, 0.676806, 0.676806, 0.676806, 0.676806, 0.676806, 0.676806, 0.676806, 0.676806, 0.676806, 0.676806, 0.676806, 0.676806, 0.676806, 0.676806, 0.676806, 
1, 1, 0.999998, 0.999962, 0.999904, 0.999819, 0.999706, 0.999563, 0.999389, 0.999181, 0.998938, 0.998658, 0.998337, 0.997974, 0.997565, 0.997108, 0.996601, 0.996039, 0.995419, 0.994738, 0.993992, 0.993177, 0.992289, 0.991323, 0.990273, 0.989136, 0.987905, 0.986575, 0.985139, 0.983592, 0.981922, 0.980135, 0.978242, 0.976229, 0.974091, 0.97182, 0.969407, 0.966844, 0.96412, 0.961226, 0.958152, 0.954886, 0.951416, 0.94773, 0.943814, 0.939653, 0.935232, 0.930536, 0.925547, 0.920246, 0.914614, 0.908631, 0.902275, 0.895521, 0.888347, 0.880725, 0.872626, 0.864023, 0.854882, 0.845173, 0.834853, 0.8239, 0.812239, 0.799902, 0.786689, 0.772865, 0.757751, 0.742545, 0.724705, 0.709061, 0.685996, 0.673905, 0.677916, 0.676452, 0.67692, 0.676771, 0.676818, 0.676803, 0.676808, 0.676806, 0.676807, 0.676806, 0.676806, 0.676806, 0.676806, 0.676806, 0.676806, 0.676806, 0.676806, 0.676806, 0.676806, 0.676806, 0.676806, 0.676806, 0.676806, 0.676806, 0.676806, 0.676806, 0.676806, 0.676806, 
1, 1, 0.999998, 0.999962, 0.999904, 0.999819, 0.999706, 0.999563, 0.999389, 0.999181, 0.998938, 0.998658, 0.998337, 0.997974, 0.997565, 0.997108, 0.996601, 0.996039, 0.995419, 0.994738, 0.993992, 0.993177, 0.992289, 0.991323, 0.990273, 0.989136, 0.987905, 0.986575, 0.985139, 0.983592, 0.981922, 0.980135, 0.978242, 0.976229, 0.974091, 0.97182, 0.969407, 0.966843, 0.96412, 0.961226, 0.958152, 0.954886, 0.951416, 0.94773, 0.943814, 0.939653, 0.935232, 0.930536, 0.925547, 0.920246, 0.914614, 0.908631, 0.902275, 0.895521, 0.888347, 0.880725, 0.872626, 0.864023, 0.854882, 0.845173, 0.834853, 0.8239, 0.812239, 0.799902, 0.786689, 0.772865, 0.757751, 0.742545, 0.724705, 0.709061, 0.685996, 0.673905, 0.677916, 0.676452, 0.67692, 0.676771, 0.676818, 0.676803, 0.676808, 0.676806, 0.676807, 0.676806, 0.676806, 0.676806, 0.676806, 0.676806, 0.676806, 0.676806, 0.676806, 0.676806, 0.676806, 0.676806, 0.676806, 0.676806, 0.676806, 0.676806, 0.676806, 0.676806, 0.676806, 0.676806, 
1, 1, 0.999998, 0.999962, 0.999904, 0.999819, 0.999706, 0.999563, 0.999389, 0.999181, 0.998938, 0.998658, 0.998337, 0.997974, 0.997565, 0.997108, 0.996601, 0.996039, 0.995419, 0.994738, 0.993992, 0.993177, 0.992289, 0.991323, 0.990273, 0.989136, 0.987905, 0.986575, 0.985139, 0.983592, 0.981922, 0.980135, 0.978242, 0.976229, 0.974091, 0.97182, 0.969407, 0.966843, 0.96412, 0.961226, 0.958152, 0.954886, 0.951416, 0.94773, 0.943814, 0.939653, 0.935232, 0.930536, 0.925547, 0.920246, 0.914614, 0.908631, 0.902275, 0.895521, 0.888347, 0.880725, 0.872626, 0.864023, 0.854882, 0.845173, 0.834853, 0.8239, 0.812239, 0.799902, 0.786689, 0.772865, 0.75775, 0.742545, 0.724705, 0.709061, 0.685996, 0.673905, 0.677916, 0.676452, 0.67692, 0.676771, 0.676818, 0.676803, 0.676808, 0.676806, 0.676807, 0.676806, 0.676806, 0.676806, 0.676806, 0.676806, 0.676806, 0.676806, 0.676806, 0.676806, 0.676806, 0.676806, 0.676806, 0.676806, 0.676806, 0.676806, 0.676806, 0.676806, 0.676806, 0.676806, 
1, 1, 0.999998, 0.999962, 0.999904, 0.999819, 0.999706, 0.999563, 0.999389, 0.999181, 0.998938, 0.998658, 0.998337, 0.997974, 0.997565, 0.997108, 0.996601, 0.996039, 0.995419, 0.994738, 0.993992, 0.993177, 0.992289, 0.991323, 0.990273, 0.989136, 0.987905, 0.986575, 0.985139, 0.983592, 0.981922, 0.980135, 0.978242, 0.976229, 0.974091, 0.97182, 0.969407, 0.966843, 0.96412, 0.961226, 0.958152, 0.954886, 0.951416, 0.94773, 0.943814, 0.939653, 0.935232, 0.930536, 0.925547, 0.920246, 0.914614, 0.908631, 0.902275, 0.895521, 0.888347, 0.880725, 0.872626, 0.864023, 0.854882, 0.845173, 0.834853, 0.8239, 0.812239, 0.799902, 0.786689, 0.772865, 0.75775, 0.742545, 0.724705, 0.709061, 0.685996, 0.673905, 0.677916, 0.676452, 0.67692, 0.676771, 0.676818, 0.676803, 0.676808, 0.676806, 0.676807, 0.676806, 0.676806, 0.676806, 0.676806, 0.676806, 0.676806, 0.676806, 0.676806, 0.676806, 0.676806, 0.676806, 0.676806, 0.676806, 0.676806, 0.676806, 0.676806, 0.676806, 0.676806, 0.676806, 
1, 1, 0.999998, 0.999962, 0.999904, 0.999819, 0.999706, 0.999563, 0.999389, 0.999181, 0.998938, 0.998658, 0.998337, 0.997974, 0.997565, 0.997108, 0.996601, 0.996039, 0.995419, 0.994738, 0.993992, 0.993177, 0.992289, 0.991323, 0.990273, 0.989136, 0.987905, 0.986575, 0.985139, 0.983592, 0.981922, 0.980135, 0.978242, 0.976229, 0.974091, 0.97182, 0.969407, 0.966843, 0.96412, 0.961226, 0.958152, 0.954886, 0.951416, 0.94773, 0.943814, 0.939653, 0.935232, 0.930536, 0.925547, 0.920246, 0.914614, 0.908631, 0.902275, 0.895521, 0.888347, 0.880725, 0.872626, 0.864023, 0.854882, 0.845173, 0.834853, 0.8239, 0.812239, 0.799902, 0.786689, 0.772865, 0.75775, 0.742545, 0.724705, 0.709061, 0.685996, 0.673905, 0.677916, 0.676452, 0.67692, 0.67677, 0.676818, 0.676803, 0.676808, 0.676806, 0.676807, 0.676806, 0.676806, 0.676806, 0.676806, 0.676806, 0.676806, 0.676806, 0.676806, 0.676806, 0.676806, 0.676806, 0.676806, 0.676806, 0.676806, 0.676806, 0.676806, 0.676806, 0.676806, 0.676806, 
1, 1, 0.999998, 0.999962, 0.999904, 0.999819, 0.999706, 0.999563, 0.999389, 0.999181, 0.998938, 0.998658, 0.998337, 0.997974, 0.997565, 0.997108, 0.996601, 0.996039, 0.995419, 0.994738, 0.993992, 0.993177, 0.992289, 0.991323, 0.990273, 0.989136, 0.987905, 0.986575, 0.985139, 0.983592, 0.981922, 0.980135, 0.978242, 0.976229, 0.974091, 0.97182, 0.969407, 0.966843, 0.96412, 0.961226, 0.958152, 0.954886, 0.951416, 0.94773, 0.943814, 0.939653, 0.935232, 0.930536, 0.925547, 0.920246, 0.914614, 0.908631, 0.902275, 0.895521, 0.888347, 0.880725, 0.872626, 0.864023, 0.854882, 0.845173, 0.834853, 0.8239, 0.812239, 0.799902, 0.786689, 0.772865, 0.75775, 0.742545, 0.724705, 0.709061, 0.685996, 0.673905, 0.677916, 0.676452, 0.67692, 0.67677, 0.676818, 0.676803, 0.676808, 0.676806, 0.676807, 0.676806, 0.676806, 0.676806, 0.676806, 0.676806, 0.676806, 0.676806, 0.676806, 0.676806, 0.676806, 0.676806, 0.676806, 0.676806, 0.676806, 0.676806, 0.676806, 0.676806, 0.676806, 0.676806, 
1, 1, 0.999998, 0.999962, 0.999904, 0.999819, 0.999706, 0.999563, 0.999389, 0.999181, 0.998938, 0.998658, 0.998337, 0.997974, 0.997565, 0.997108, 0.996601, 0.996039, 0.995419, 0.994738, 0.993992, 0.993177, 0.992289, 0.991322, 0.990273, 0.989136, 0.987905, 0.986575, 0.985139, 0.983592, 0.981922, 0.980135, 0.978242, 0.976229, 0.974091, 0.97182, 0.969407, 0.966843, 0.96412, 0.961226, 0.958152, 0.954886, 0.951416, 0.94773, 0.943814, 0.939653, 0.935232, 0.930536, 0.925547, 0.920246, 0.914614, 0.908631, 0.902275, 0.895521, 0.888347, 0.880725, 0.872626, 0.864023, 0.854882, 0.845173, 0.834853, 0.8239, 0.812239, 0.799902, 0.786689, 0.772865, 0.75775, 0.742545, 0.724705, 0.709061, 0.685996, 0.673905, 0.677916, 0.676452, 0.67692, 0.67677, 0.676818, 0.676803, 0.676808, 0.676806, 0.676807, 0.676806, 0.676806, 0.676806, 0.676806, 0.676806, 0.676806, 0.676806, 0.676806, 0.676806, 0.676806, 0.676806, 0.676806, 0.676806, 0.676806, 0.676806, 0.676806, 0.676806, 0.676806, 0.676806, 
1, 1, 0.999998, 0.999962, 0.999904, 0.999819, 0.999706, 0.999563, 0.999389, 0.999181, 0.998938, 0.998658, 0.998337, 0.997974, 0.997565, 0.997108, 0.996601, 0.996039, 0.995419, 0.994738, 0.993992, 0.993177, 0.992289, 0.991322, 0.990273, 0.989136, 0.987905, 0.986575, 0.985139, 0.983592, 0.981922, 0.980135, 0.978242, 0.976229, 0.974091, 0.97182, 0.969407, 0.966843, 0.96412, 0.961226, 0.958152, 0.954886, 0.951416, 0.94773, 0.943814, 0.939653, 0.935232, 0.930536, 0.925547, 0.920246, 0.914614, 0.908631, 0.902275, 0.895521, 0.888347, 0.880725, 0.872626, 0.864023, 0.854882, 0.845173, 0.834853, 0.8239, 0.812239, 0.799902, 0.786689, 0.772865, 0.75775, 0.742545, 0.724705, 0.709061, 0.685996, 0.673905, 0.677916, 0.676452, 0.67692, 0.67677, 0.676818, 0.676803, 0.676808, 0.676806, 0.676807, 0.676806, 0.676806, 0.676806, 0.676806, 0.676806, 0.676806, 0.676806, 0.676806, 0.676806, 0.676806, 0.676806, 0.676806, 0.676806, 0.676806, 0.676806, 0.676806, 0.676806, 0.676806, 0.676806, 
1, 1, 0.999998, 0.999962, 0.999904, 0.999819, 0.999706, 0.999563, 0.999389, 0.999181, 0.998938, 0.998658, 0.998337, 0.997974, 0.997565, 0.997108, 0.996601, 0.996039, 0.995419, 0.994738, 0.993992, 0.993177, 0.992289, 0.991322, 0.990273, 0.989136, 0.987905, 0.986575, 0.985139, 0.983592, 0.981922, 0.980135, 0.978242, 0.976229, 0.974091, 0.97182, 0.969407, 0.966843, 0.96412, 0.961226, 0.958152, 0.954886, 0.951416, 0.94773, 0.943814, 0.939653, 0.935232, 0.930536, 0.925547, 0.920246, 0.914614, 0.908631, 0.902275, 0.895521, 0.888347, 0.880725, 0.872626, 0.864023, 0.854882, 0.845173, 0.834853, 0.8239, 0.812239, 0.799902, 0.786689, 0.772865, 0.75775, 0.742545, 0.724705, 0.709061, 0.685996, 0.673905, 0.677916, 0.676452, 0.67692, 0.67677, 0.676818, 0.676803, 0.676808, 0.676806, 0.676807, 0.676806, 0.676806, 0.676806, 0.676806, 0.676806, 0.676806, 0.676806, 0.676806, 0.676806, 0.676806, 0.676806, 0.676806, 0.676806, 0.676806, 0.676806, 0.676806, 0.676806, 0.676806, 0.676806, 
1, 1, 0.999998, 0.999962, 0.999904, 0.999819, 0.999706, 0.999563, 0.999389, 0.999181, 0.998938, 0.998658, 0.998337, 0.997974, 0.997565, 0.997108, 0.996601, 0.996039, 0.995419, 0.994738, 0.993992, 0.993177, 0.992289, 0.991322, 0.990273, 0.989136, 0.987905, 0.986575, 0.985139, 0.983592, 0.981922, 0.980135, 0.978242, 0.976229, 0.974091, 0.97182, 0.969407, 0.966843, 0.96412, 0.961226, 0.958152, 0.954886, 0.951416, 0.94773, 0.943814, 0.939653, 0.935232, 0.930536, 0.925547, 0.920246, 0.914614, 0.908631, 0.902275, 0.895521, 0.888347, 0.880725, 0.872626, 0.864023, 0.854882, 0.845173, 0.834853, 0.8239, 0.812239, 0.799902, 0.786689, 0.772865, 0.75775, 0.742545, 0.724704, 0.709061, 0.685996, 0.673904, 0.677916, 0.676452, 0.67692, 0.67677, 0.676818, 0.676803, 0.676808, 0.676806, 0.676807, 0.676806, 0.676806, 0.676806, 0.676806, 0.676806, 0.676806, 0.676806, 0.676806, 0.676806, 0.676806, 0.676806, 0.676806, 0.676806, 0.676806, 0.676806, 0.676806, 0.676806, 0.676806, 0.676806, 
1, 1, 0.999998, 0.999962, 0.999904, 0.999819, 0.999706, 0.999563, 0.999389, 0.999181, 0.998938, 0.998658, 0.998337, 0.997974, 0.997565, 0.997108, 0.996601, 0.996039, 0.995419, 0.994738, 0.993992, 0.993177, 0.992289, 0.991322, 0.990273, 0.989136, 0.987905, 0.986575, 0.985139, 0.983592, 0.981922, 0.980135, 0.978242, 0.976229, 0.974091, 0.97182, 0.969407, 0.966843, 0.96412, 0.961226, 0.958152, 0.954886, 0.951416, 0.94773, 0.943814, 0.939653, 0.935232, 0.930536, 0.925547, 0.920246, 0.914614, 0.908631, 0.902275, 0.895521, 0.888347, 0.880725, 0.872626, 0.864023, 0.854882, 0.845173, 0.834853, 0.8239, 0.812239, 0.799902, 0.786689, 0.772865, 0.75775, 0.742545, 0.724704, 0.709061, 0.685996, 0.673904, 0.677916, 0.676452, 0.67692, 0.67677, 0.676818, 0.676803, 0.676808, 0.676806, 0.676806, 0.676806, 0.676806, 0.676806, 0.676806, 0.676806, 0.676806, 0.676806, 0.676806, 0.676806, 0.676806, 0.676806, 0.676806, 0.676806, 0.676806, 0.676806, 0.676806, 0.676806, 0.676806, 0.676806, 
1, 1, 0.999998, 0.999962, 0.999904, 0.999819, 0.999706, 0.999563, 0.999389, 0.999181, 0.998938, 0.998658, 0.998337, 0.997974, 0.997565, 0.997108, 0.996601, 0.996039, 0.995419, 0.994738, 0.993992, 0.993177, 0.992289, 0.991322, 0.990273, 0.989136, 0.987905, 0.986575, 0.985139, 0.983592, 0.981922, 0.980135, 0.978242, 0.976229, 0.974091, 0.97182, 0.969407, 0.966843, 0.96412, 0.961226, 0.958152, 0.954886, 0.951416, 0.94773, 0.943814, 0.939653, 0.935232, 0.930536, 0.925547, 0.920246, 0.914614, 0.908631, 0.902275, 0.895521, 0.888347, 0.880725, 0.872626, 0.864023, 0.854882, 0.845173, 0.834853, 0.8239, 0.812239, 0.799902, 0.786689, 0.772865, 0.75775, 0.742545, 0.724704, 0.709061, 0.685996, 0.673904, 0.677916, 0.676452, 0.67692, 0.67677, 0.676818, 0.676803, 0.676808, 0.676806, 0.676806, 0.676806, 0.676806, 0.676806, 0.676806, 0.676806, 0.676806, 0.676806, 0.676806, 0.676806, 0.676806, 0.676806, 0.676806, 0.676806, 0.676806, 0.676806, 0.676806, 0.676806, 0.676806, 0.676806, 
1, 1, 0.999998, 0.999962, 0.999904, 0.999819, 0.999706, 0.999563, 0.999389, 0.999181, 0.998938, 0.998658, 0.998337, 0.997974, 0.997565, 0.997108, 0.996601, 0.996039, 0.995419, 0.994738, 0.993992, 0.993177, 0.992289, 0.991322, 0.990273, 0.989136, 0.987905, 0.986575, 0.985139, 0.983592, 0.981922, 0.980135, 0.978242, 0.976229, 0.974091, 0.97182, 0.969407, 0.966843, 0.96412, 0.961226, 0.958152, 0.954886, 0.951416, 0.94773, 0.943814, 0.939653, 0.935232, 0.930536, 0.925547, 0.920246, 0.914614, 0.908631, 0.902275, 0.895521, 0.888347, 0.880725, 0.872626, 0.864023, 0.854882, 0.845173, 0.834853, 0.8239, 0.812239, 0.799902, 0.786689, 0.772865, 0.75775, 0.742545, 0.724704, 0.709061, 0.685996, 0.673904, 0.677916, 0.676452, 0.67692, 0.67677, 0.676818, 0.676803, 0.676807, 0.676806, 0.676806, 0.676806, 0.676806, 0.676806, 0.676806, 0.676806, 0.676806, 0.676806, 0.676806, 0.676806, 0.676806, 0.676806, 0.676806, 0.676806, 0.676806, 0.676806, 0.676806, 0.676806, 0.676806, 0.676806, 
1, 1, 0.999998, 0.999962, 0.999904, 0.999819, 0.999706, 0.999563, 0.999389, 0.999181, 0.998938, 0.998658, 0.998337, 0.997974, 0.997565, 0.997108, 0.996601, 0.996039, 0.995419, 0.994738, 0.993992, 0.993177, 0.992289, 0.991322, 0.990273, 0.989136, 0.987905, 0.986575, 0.985139, 0.983592, 0.981922, 0.980135, 0.978242, 0.976229, 0.974091, 0.97182, 0.969407, 0.966843, 0.96412, 0.961226, 0.958152, 0.954886, 0.951416, 0.94773, 0.943814, 0.939653, 0.935232, 0.930536, 0.925547, 0.920246, 0.914614, 0.908631, 0.902275, 0.895521, 0.888347, 0.880725, 0.872626, 0.864023, 0.854882, 0.845173, 0.834853, 0.8239, 0.812239, 0.799902, 0.786689, 0.772865, 0.75775, 0.742545, 0.724704, 0.709061, 0.685996, 0.673904, 0.677916, 0.676452, 0.67692, 0.67677, 0.676818, 0.676803, 0.676807, 0.676806, 0.676806, 0.676806, 0.676806, 0.676806, 0.676806, 0.676806, 0.676806, 0.676806, 0.676806, 0.676806, 0.676806, 0.676806, 0.676806, 0.676806, 0.676806, 0.676806, 0.676806, 0.676806, 0.676806, 0.676806, 
1, 1, 0.999998, 0.999962, 0.999904, 0.999819, 0.999706, 0.999563, 0.999389, 0.999181, 0.998938, 0.998658, 0.998337, 0.997974, 0.997565, 0.997108, 0.996601, 0.996039, 0.995419, 0.994738, 0.993992, 0.993177, 0.992289, 0.991322, 0.990273, 0.989136, 0.987905, 0.986575, 0.985139, 0.983592, 0.981922, 0.980135, 0.978242, 0.976229, 0.974091, 0.97182, 0.969407, 0.966843, 0.96412, 0.961226, 0.958152, 0.954886, 0.951416, 0.94773, 0.943814, 0.939653, 0.935232, 0.930536, 0.925547, 0.920246, 0.914614, 0.908631, 0.902275, 0.895521, 0.888347, 0.880725, 0.872626, 0.864023, 0.854882, 0.845173, 0.834853, 0.8239, 0.812239, 0.799902, 0.786689, 0.772865, 0.75775, 0.742545, 0.724704, 0.709061, 0.685996, 0.673904, 0.677916, 0.676452, 0.67692, 0.67677, 0.676818, 0.676803, 0.676807, 0.676806, 0.676806, 0.676806, 0.676806, 0.676806, 0.676806, 0.676806, 0.676806, 0.676806, 0.676806, 0.676806, 0.676806, 0.676806, 0.676806, 0.676806, 0.676806, 0.676806, 0.676806, 0.676806, 0.676806, 0.676806, 
1, 1, 0.999998, 0.999962, 0.999904, 0.999819, 0.999706, 0.999563, 0.999389, 0.999181, 0.998938, 0.998658, 0.998337, 0.997974, 0.997565, 0.997108, 0.996601, 0.996039, 0.995419, 0.994738, 0.993992, 0.993177, 0.992289, 0.991322, 0.990273, 0.989136, 0.987905, 0.986575, 0.985139, 0.983592, 0.981922, 0.980135, 0.978242, 0.976229, 0.974091, 0.97182, 0.969407, 0.966843, 0.96412, 0.961226, 0.958152, 0.954886, 0.951416, 0.94773, 0.943814, 0.939653, 0.935232, 0.930536, 0.925547, 0.920246, 0.914614, 0.908631, 0.902275, 0.895521, 0.888347, 0.880725, 0.872626, 0.864023, 0.854882, 0.845173, 0.834853, 0.8239, 0.812239, 0.799902, 0.786689, 0.772865, 0.75775, 0.742545, 0.724704, 0.709061, 0.685996, 0.673904, 0.677916, 0.676452, 0.67692, 0.67677, 0.676818, 0.676803, 0.676807, 0.676806, 0.676806, 0.676806, 0.676806, 0.676806, 0.676806, 0.676806, 0.676806, 0.676806, 0.676806, 0.676806, 0.676806, 0.676806, 0.676806, 0.676806, 0.676806, 0.676806, 0.676806, 0.676806, 0.676806, 0.676806, 
1, 1, 0.999998, 0.999962, 0.999904, 0.999819, 0.999706, 0.999563, 0.999389, 0.999181, 0.998938, 0.998658, 0.998337, 0.997974, 0.997565, 0.997108, 0.996601, 0.996039, 0.995419, 0.994738, 0.993992, 0.993177, 0.992289, 0.991322, 0.990273, 0.989136, 0.987905, 0.986575, 0.985139, 0.983592, 0.981922, 0.980135, 0.978242, 0.976229, 0.974091, 0.97182, 0.969407, 0.966843, 0.96412, 0.961226, 0.958152, 0.954886, 0.951416, 0.94773, 0.943814, 0.939653, 0.935232, 0.930536, 0.925547, 0.920246, 0.914614, 0.908631, 0.902275, 0.895521, 0.888347, 0.880725, 0.872626, 0.864023, 0.854882, 0.845173, 0.834853, 0.8239, 0.812239, 0.799902, 0.786689, 0.772865, 0.75775, 0.742545, 0.724704, 0.709061, 0.685996, 0.673904, 0.677916, 0.676452, 0.67692, 0.67677, 0.676818, 0.676803, 0.676807, 0.676806, 0.676806, 0.676806, 0.676806, 0.676806, 0.676806, 0.676806, 0.676806, 0.676806, 0.676806, 0.676806, 0.676806, 0.676806, 0.676806, 0.676806, 0.676806, 0.676806, 0.676806, 0.676806, 0.676806, 0.676806, 
1, 1, 0.999998, 0.999962, 0.999904, 0.999819, 0.999706, 0.999563, 0.999389, 0.999181, 0.998938, 0.998658, 0.998337, 0.997974, 0.997565, 0.997108, 0.996601, 0.996039, 0.995419, 0.994738, 0.993992, 0.993177, 0.992289, 0.991322, 0.990273, 0.989136, 0.987905, 0.986575, 0.985139, 0.983592, 0.981922, 0.980135, 0.978242, 0.976229, 0.974091, 0.97182, 0.969407, 0.966843, 0.96412, 0.961226, 0.958152, 0.954886, 0.951416, 0.94773, 0.943814, 0.939653, 0.935232, 0.930536, 0.925547, 0.920246, 0.914614, 0.908631, 0.902275, 0.895521, 0.888347, 0.880725, 0.872626, 0.864023, 0.854882, 0.845173, 0.834853, 0.8239, 0.812239, 0.799902, 0.786689, 0.772865, 0.75775, 0.742545, 0.724704, 0.709061, 0.685996, 0.673904, 0.677916, 0.676452, 0.67692, 0.67677, 0.676818, 0.676803, 0.676807, 0.676806, 0.676806, 0.676806, 0.676806, 0.676806, 0.676806, 0.676806, 0.676806, 0.676806, 0.676806, 0.676806, 0.676806, 0.676806, 0.676806, 0.676806, 0.676806, 0.676806, 0.676806, 0.676806, 0.676806, 0.676806, 
1, 1, 0.999998, 0.999962, 0.999904, 0.999819, 0.999706, 0.999563, 0.999389, 0.999181, 0.998938, 0.998658, 0.998337, 0.997974, 0.997565, 0.997108, 0.996601, 0.996039, 0.995419, 0.994738, 0.993992, 0.993177, 0.992289, 0.991322, 0.990273, 0.989136, 0.987905, 0.986575, 0.985139, 0.983592, 0.981922, 0.980135, 0.978242, 0.976229, 0.974091, 0.97182, 0.969407, 0.966843, 0.96412, 0.961226, 0.958152, 0.954886, 0.951416, 0.94773, 0.943814, 0.939653, 0.935232, 0.930536, 0.925547, 0.920246, 0.914614, 0.908631, 0.902275, 0.895521, 0.888347, 0.880725, 0.872626, 0.864023, 0.854882, 0.845173, 0.834852, 0.8239, 0.812239, 0.799902, 0.786689, 0.772865, 0.75775, 0.742545, 0.724704, 0.709061, 0.685996, 0.673904, 0.677916, 0.676452, 0.67692, 0.67677, 0.676818, 0.676803, 0.676807, 0.676806, 0.676806, 0.676806, 0.676806, 0.676806, 0.676806, 0.676806, 0.676806, 0.676806, 0.676806, 0.676806, 0.676806, 0.676806, 0.676806, 0.676806, 0.676806, 0.676806, 0.676806, 0.676806, 0.676806, 0.676806, 
1, 1, 0.999998, 0.999962, 0.999904, 0.999819, 0.999706, 0.999563, 0.999389, 0.999181, 0.998938, 0.998658, 0.998337, 0.997974, 0.997565, 0.997108, 0.996601, 0.996039, 0.995419, 0.994738, 0.993992, 0.993177, 0.992289, 0.991322, 0.990273, 0.989136, 0.987905, 0.986575, 0.985139, 0.983592, 0.981922, 0.980135, 0.978242, 0.976229, 0.974091, 0.97182, 0.969407, 0.966843, 0.96412, 0.961226, 0.958152, 0.954886, 0.951416, 0.94773, 0.943814, 0.939653, 0.935232, 0.930536, 0.925547, 0.920246, 0.914614, 0.908631, 0.902275, 0.895521, 0.888347, 0.880725, 0.872626, 0.864023, 0.854882, 0.845173, 0.834852, 0.8239, 0.812239, 0.799902, 0.786689, 0.772865, 0.75775, 0.742545, 0.724704, 0.709061, 0.685996, 0.673904, 0.677916, 0.676452, 0.67692, 0.67677, 0.676818, 0.676803, 0.676807, 0.676806, 0.676806, 0.676806, 0.676806, 0.676806, 0.676806, 0.676806, 0.676806, 0.676806, 0.676806, 0.676806, 0.676806, 0.676806, 0.676806, 0.676806, 0.676806, 0.676806, 0.676806, 0.676806, 0.676806, 0.676806, 
1, 1, 0.999998, 0.999962, 0.999904, 0.999819, 0.999706, 0.999563, 0.999389, 0.999181, 0.998938, 0.998658, 0.998337, 0.997974, 0.997565, 0.997108, 0.996601, 0.996039, 0.995419, 0.994738, 0.993992, 0.993177, 0.992289, 0.991322, 0.990273, 0.989136, 0.987905, 0.986575, 0.985139, 0.983592, 0.981922, 0.980135, 0.978242, 0.976229, 0.974091, 0.97182, 0.969407, 0.966843, 0.96412, 0.961226, 0.958152, 0.954886, 0.951416, 0.94773, 0.943814, 0.939653, 0.935232, 0.930536, 0.925547, 0.920246, 0.914614, 0.908631, 0.902275, 0.895521, 0.888347, 0.880724, 0.872626, 0.864023, 0.854882, 0.845173, 0.834852, 0.8239, 0.812239, 0.799902, 0.786689, 0.772865, 0.75775, 0.742545, 0.724704, 0.709061, 0.685996, 0.673904, 0.677916, 0.676452, 0.67692, 0.67677, 0.676818, 0.676803, 0.676807, 0.676806, 0.676806, 0.676806, 0.676806, 0.676806, 0.676806, 0.676806, 0.676806, 0.676806, 0.676806, 0.676806, 0.676806, 0.676806, 0.676806, 0.676806, 0.676806, 0.676806, 0.676806, 0.676806, 0.676806, 0.676806, 
1, 1, 0.999998, 0.999962, 0.999904, 0.999819, 0.999706, 0.999563, 0.999389, 0.999181, 0.998938, 0.998658, 0.998337, 0.997974, 0.997565, 0.997108, 0.996601, 0.996039, 0.995419, 0.994738, 0.993992, 0.993177, 0.992289, 0.991322, 0.990273, 0.989136, 0.987905, 0.986575, 0.985139, 0.983592, 0.981922, 0.980135, 0.978242, 0.976229, 0.974091, 0.97182, 0.969407, 0.966843, 0.96412, 0.961226, 0.958152, 0.954886, 0.951416, 0.94773, 0.943814, 0.939653, 0.935232, 0.930536, 0.925547, 0.920246, 0.914614, 0.908631, 0.902275, 0.895521, 0.888347, 0.880724, 0.872626, 0.864023, 0.854882, 0.845173, 0.834852, 0.8239, 0.812239, 0.799902, 0.786689, 0.772865, 0.75775, 0.742545, 0.724704, 0.709061, 0.685996, 0.673904, 0.677916, 0.676452, 0.67692, 0.67677, 0.676818, 0.676803, 0.676807, 0.676806, 0.676806, 0.676806, 0.676806, 0.676806, 0.676806, 0.676806, 0.676806, 0.676806, 0.676806, 0.676806, 0.676806, 0.676806, 0.676806, 0.676806, 0.676806, 0.676806, 0.676806, 0.676806, 0.676806, 0.676806, 
1, 1, 0.999998, 0.999962, 0.999904, 0.999819, 0.999706, 0.999563, 0.999389, 0.999181, 0.998938, 0.998658, 0.998337, 0.997974, 0.997565, 0.997108, 0.996601, 0.996039, 0.995419, 0.994738, 0.993992, 0.993177, 0.992289, 0.991322, 0.990273, 0.989136, 0.987905, 0.986575, 0.985139, 0.983592, 0.981922, 0.980135, 0.978242, 0.976229, 0.974091, 0.97182, 0.969407, 0.966843, 0.96412, 0.961226, 0.958152, 0.954886, 0.951416, 0.94773, 0.943814, 0.939653, 0.935232, 0.930536, 0.925547, 0.920246, 0.914614, 0.908631, 0.902275, 0.895521, 0.888347, 0.880724, 0.872626, 0.864023, 0.854882, 0.845173, 0.834852, 0.8239, 0.812239, 0.799902, 0.786689, 0.772865, 0.75775, 0.742545, 0.724704, 0.709061, 0.685996, 0.673904, 0.677916, 0.676452, 0.67692, 0.67677, 0.676818, 0.676803, 0.676807, 0.676806, 0.676806, 0.676806, 0.676806, 0.676806, 0.676806, 0.676806, 0.676806, 0.676806, 0.676806, 0.676806, 0.676806, 0.676806, 0.676806, 0.676806, 0.676806, 0.676806, 0.676806, 0.676806, 0.676806, 0.676806, 
1, 1, 0.999998, 0.999962, 0.999904, 0.999819, 0.999706, 0.999563, 0.999389, 0.999181, 0.998938, 0.998658, 0.998337, 0.997974, 0.997565, 0.997108, 0.996601, 0.996039, 0.995419, 0.994738, 0.993992, 0.993177, 0.992289, 0.991322, 0.990273, 0.989136, 0.987905, 0.986575, 0.985139, 0.983592, 0.981922, 0.980135, 0.978242, 0.976229, 0.974091, 0.97182, 0.969407, 0.966843, 0.96412, 0.961226, 0.958152, 0.954886, 0.951416, 0.94773, 0.943814, 0.939653, 0.935232, 0.930536, 0.925546, 0.920246, 0.914614, 0.908631, 0.902275, 0.895521, 0.888347, 0.880724, 0.872626, 0.864023, 0.854882, 0.845173, 0.834852, 0.8239, 0.812239, 0.799902, 0.786689, 0.772865, 0.75775, 0.742545, 0.724704, 0.709061, 0.685996, 0.673904, 0.677916, 0.676452, 0.67692, 0.67677, 0.676818, 0.676803, 0.676807, 0.676806, 0.676806, 0.676806, 0.676806, 0.676806, 0.676806, 0.676806, 0.676806, 0.676806, 0.676806, 0.676806, 0.676806, 0.676806, 0.676806, 0.676806, 0.676806, 0.676806, 0.676806, 0.676806, 0.676806, 0.676806, 
1, 1, 0.999998, 0.999962, 0.999904, 0.999819, 0.999706, 0.999563, 0.999389, 0.999181, 0.998938, 0.998658, 0.998337, 0.997974, 0.997565, 0.997108, 0.996601, 0.996039, 0.995419, 0.994738, 0.993992, 0.993177, 0.992289, 0.991322, 0.990273, 0.989136, 0.987905, 0.986575, 0.985139, 0.983592, 0.981922, 0.980135, 0.978242, 0.976229, 0.974091, 0.97182, 0.969407, 0.966843, 0.96412, 0.961226, 0.958152, 0.954886, 0.951416, 0.94773, 0.943814, 0.939653, 0.935232, 0.930536, 0.925546, 0.920246, 0.914614, 0.908631, 0.902275, 0.895521, 0.888347, 0.880724, 0.872626, 0.864023, 0.854882, 0.845173, 0.834852, 0.8239, 0.812239, 0.799902, 0.786689, 0.772865, 0.75775, 0.742545, 0.724704, 0.709061, 0.685996, 0.673904, 0.677916, 0.676452, 0.67692, 0.67677, 0.676818, 0.676803, 0.676807, 0.676806, 0.676806, 0.676806, 0.676806, 0.676806, 0.676806, 0.676806, 0.676806, 0.676806, 0.676806, 0.676806, 0.676806, 0.676806, 0.676806, 0.676806, 0.676806, 0.676806, 0.676806, 0.676806, 0.676806, 0.676806, 
1, 1, 0.999998, 0.999962, 0.999904, 0.999819, 0.999706, 0.999563, 0.999389, 0.999181, 0.998938, 0.998658, 0.998337, 0.997974, 0.997565, 0.997108, 0.996601, 0.996039, 0.995419, 0.994738, 0.993992, 0.993177, 0.992289, 0.991322, 0.990273, 0.989136, 0.987905, 0.986575, 0.985138, 0.983592, 0.981922, 0.980135, 0.978242, 0.976229, 0.974091, 0.97182, 0.969407, 0.966843, 0.96412, 0.961226, 0.958152, 0.954886, 0.951416, 0.94773, 0.943814, 0.939653, 0.935232, 0.930536, 0.925546, 0.920246, 0.914614, 0.908631, 0.902274, 0.895521, 0.888347, 0.880724, 0.872626, 0.864023, 0.854882, 0.845173, 0.834852, 0.8239, 0.812239, 0.799902, 0.786689, 0.772865, 0.75775, 0.742545, 0.724704, 0.709061, 0.685996, 0.673904, 0.677916, 0.676452, 0.67692, 0.67677, 0.676818, 0.676803, 0.676807, 0.676806, 0.676806, 0.676806, 0.676806, 0.676806, 0.676806, 0.676806, 0.676806, 0.676806, 0.676806, 0.676806, 0.676806, 0.676806, 0.676806, 0.676806, 0.676806, 0.676806, 0.676806, 0.676806, 0.676806, 0.676806, 
1, 1, 0.999998, 0.999962, 0.999904, 0.999819, 0.999706, 0.999563, 0.999389, 0.999181, 0.998938, 0.998658, 0.998337, 0.997974, 0.997565, 0.997108, 0.996601, 0.996039, 0.995419, 0.994738, 0.993992, 0.993177, 0.992289, 0.991322, 0.990273, 0.989136, 0.987905, 0.986575, 0.985138, 0.983592, 0.981922, 0.980135, 0.978242, 0.976229, 0.974091, 0.97182, 0.969407, 0.966843, 0.96412, 0.961226, 0.958152, 0.954886, 0.951416, 0.94773, 0.943814, 0.939653, 0.935232, 0.930536, 0.925546, 0.920246, 0.914614, 0.908631, 0.902274, 0.895521, 0.888347, 0.880724, 0.872626, 0.864023, 0.854882, 0.845173, 0.834852, 0.8239, 0.812239, 0.799902, 0.786689, 0.772865, 0.75775, 0.742545, 0.724704, 0.709061, 0.685996, 0.673904, 0.677916, 0.676452, 0.67692, 0.67677, 0.676818, 0.676803, 0.676807, 0.676806, 0.676806, 0.676806, 0.676806, 0.676806, 0.676806, 0.676806, 0.676806, 0.676806, 0.676806, 0.676806, 0.676806, 0.676806, 0.676806, 0.676806, 0.676806, 0.676806, 0.676806, 0.676806, 0.676806, 0.676806, 
1, 1, 0.999998, 0.999962, 0.999904, 0.999819, 0.999706, 0.999563, 0.999389, 0.999181, 0.998938, 0.998658, 0.998337, 0.997974, 0.997565, 0.997108, 0.996601, 0.996039, 0.995419, 0.994738, 0.993992, 0.993177, 0.992289, 0.991322, 0.990273, 0.989136, 0.987905, 0.986575, 0.985138, 0.983592, 0.981922, 0.980135, 0.978242, 0.976229, 0.974091, 0.97182, 0.969407, 0.966843, 0.96412, 0.961226, 0.958152, 0.954886, 0.951416, 0.94773, 0.943814, 0.939653, 0.935232, 0.930536, 0.925546, 0.920246, 0.914614, 0.908631, 0.902274, 0.895521, 0.888347, 0.880724, 0.872626, 0.864023, 0.854882, 0.845173, 0.834852, 0.8239, 0.812239, 0.799902, 0.786689, 0.772865, 0.75775, 0.742545, 0.724704, 0.709061, 0.685996, 0.673904, 0.677916, 0.676452, 0.67692, 0.67677, 0.676818, 0.676803, 0.676807, 0.676806, 0.676806, 0.676806, 0.676806, 0.676806, 0.676806, 0.676806, 0.676806, 0.676806, 0.676806, 0.676806, 0.676806, 0.676806, 0.676806, 0.676806, 0.676806, 0.676806, 0.676806, 0.676806, 0.676806, 0.676806, 
1, 1, 0.999998, 0.999962, 0.999904, 0.999819, 0.999706, 0.999563, 0.999389, 0.999181, 0.998938, 0.998658, 0.998337, 0.997974, 0.997565, 0.997108, 0.996601, 0.996039, 0.995419, 0.994738, 0.993992, 0.993177, 0.992289, 0.991322, 0.990273, 0.989136, 0.987905, 0.986575, 0.985138, 0.983592, 0.981922, 0.980135, 0.978242, 0.976229, 0.974091, 0.97182, 0.969407, 0.966843, 0.96412, 0.961226, 0.958152, 0.954886, 0.951416, 0.94773, 0.943814, 0.939653, 0.935232, 0.930536, 0.925546, 0.920246, 0.914614, 0.908631, 0.902274, 0.895521, 0.888347, 0.880724, 0.872626, 0.864023, 0.854882, 0.845173, 0.834852, 0.8239, 0.812239, 0.799902, 0.786689, 0.772865, 0.75775, 0.742545, 0.724704, 0.709061, 0.685996, 0.673904, 0.677916, 0.676452, 0.67692, 0.67677, 0.676818, 0.676803, 0.676807, 0.676806, 0.676806, 0.676806, 0.676806, 0.676806, 0.676806, 0.676806, 0.676806, 0.676806, 0.676806, 0.676806, 0.676806, 0.676806, 0.676806, 0.676806, 0.676806, 0.676806, 0.676806, 0.676806, 0.676806, 0.676806, 
1, 1, 0.999998, 0.999962, 0.999904, 0.999819, 0.999706, 0.999563, 0.999389, 0.999181, 0.998938, 0.998658, 0.998337, 0.997974, 0.997565, 0.997108, 0.996601, 0.996039, 0.995419, 0.994738, 0.993992, 0.993177, 0.992289, 0.991322, 0.990273, 0.989136, 0.987905, 0.986575, 0.985138, 0.983592, 0.981922, 0.980135, 0.978242, 0.976229, 0.974091, 0.97182, 0.969407, 0.966843, 0.96412, 0.961226, 0.958152, 0.954886, 0.951416, 0.94773, 0.943814, 0.939653, 0.935232, 0.930536, 0.925546, 0.920246, 0.914614, 0.908631, 0.902274, 0.895521, 0.888347, 0.880724, 0.872626, 0.864023, 0.854882, 0.845173, 0.834852, 0.8239, 0.812239, 0.799902, 0.786689, 0.772865, 0.75775, 0.742545, 0.724704, 0.709061, 0.685996, 0.673904, 0.677916, 0.676452, 0.67692, 0.67677, 0.676818, 0.676803, 0.676807, 0.676806, 0.676806, 0.676806, 0.676806, 0.676806, 0.676806, 0.676806, 0.676806, 0.676806, 0.676806, 0.676806, 0.676806, 0.676806, 0.676806, 0.676806, 0.676806, 0.676806, 0.676806, 0.676806, 0.676806, 0.676806, 
1, 1, 0.999998, 0.999962, 0.999904, 0.999819, 0.999706, 0.999563, 0.999389, 0.999181, 0.998938, 0.998658, 0.998337, 0.997974, 0.997565, 0.997108, 0.996601, 0.996039, 0.995419, 0.994738, 0.993992, 0.993177, 0.992289, 0.991322, 0.990273, 0.989136, 0.987905, 0.986575, 0.985138, 0.983592, 0.981922, 0.980135, 0.978242, 0.976229, 0.974091, 0.97182, 0.969407, 0.966843, 0.96412, 0.961226, 0.958152, 0.954886, 0.951416, 0.94773, 0.943814, 0.939653, 0.935232, 0.930536, 0.925546, 0.920246, 0.914614, 0.908631, 0.902274, 0.895521, 0.888347, 0.880724, 0.872626, 0.864023, 0.854882, 0.845173, 0.834852, 0.8239, 0.812239, 0.799902, 0.786689, 0.772865, 0.75775, 0.742545, 0.724704, 0.709061, 0.685996, 0.673904, 0.677916, 0.676452, 0.67692, 0.67677, 0.676818, 0.676803, 0.676807, 0.676806, 0.676806, 0.676806, 0.676806, 0.676806, 0.676806, 0.676806, 0.676806, 0.676806, 0.676806, 0.676806, 0.676806, 0.676806, 0.676806, 0.676806, 0.676806, 0.676806, 0.676806, 0.676806, 0.676806, 0.676806, 
1, 1, 0.999998, 0.999962, 0.999904, 0.999819, 0.999706, 0.999563, 0.999389, 0.999181, 0.998938, 0.998658, 0.998337, 0.997974, 0.997565, 0.997108, 0.996601, 0.996039, 0.995419, 0.994738, 0.993992, 0.993177, 0.992289, 0.991322, 0.990273, 0.989136, 0.987905, 0.986575, 0.985138, 0.983592, 0.981922, 0.980135, 0.978242, 0.976229, 0.974091, 0.97182, 0.969407, 0.966843, 0.96412, 0.961226, 0.958152, 0.954886, 0.951416, 0.94773, 0.943814, 0.939653, 0.935232, 0.930536, 0.925546, 0.920246, 0.914614, 0.908631, 0.902274, 0.895521, 0.888347, 0.880724, 0.872626, 0.864023, 0.854882, 0.845173, 0.834852, 0.8239, 0.812239, 0.799902, 0.786689, 0.772865, 0.75775, 0.742545, 0.724704, 0.709061, 0.685996, 0.673904, 0.677916, 0.676452, 0.67692, 0.67677, 0.676818, 0.676803, 0.676807, 0.676806, 0.676806, 0.676806, 0.676806, 0.676806, 0.676806, 0.676806, 0.676806, 0.676806, 0.676806, 0.676806, 0.676806, 0.676806, 0.676806, 0.676806, 0.676806, 0.676806, 0.676806, 0.676806, 0.676806, 0.676806, 
1, 1, 0.999998, 0.999962, 0.999904, 0.999819, 0.999706, 0.999563, 0.999389, 0.999181, 0.998938, 0.998658, 0.998337, 0.997974, 0.997565, 0.997108, 0.996601, 0.996039, 0.995419, 0.994738, 0.993992, 0.993177, 0.992289, 0.991322, 0.990273, 0.989136, 0.987905, 0.986575, 0.985138, 0.983592, 0.981922, 0.980135, 0.978242, 0.976229, 0.974091, 0.97182, 0.969407, 0.966843, 0.96412, 0.961226, 0.958152, 0.954886, 0.951416, 0.94773, 0.943814, 0.939653, 0.935232, 0.930536, 0.925546, 0.920246, 0.914614, 0.908631, 0.902274, 0.895521, 0.888347, 0.880724, 0.872626, 0.864023, 0.854882, 0.845173, 0.834852, 0.8239, 0.812239, 0.799902, 0.786689, 0.772865, 0.75775, 0.742545, 0.724704, 0.709061, 0.685996, 0.673904, 0.677916, 0.676452, 0.67692, 0.67677, 0.676818, 0.676803, 0.676807, 0.676806, 0.676806, 0.676806, 0.676806, 0.676806, 0.676806, 0.676806, 0.676806, 0.676806, 0.676806, 0.676806, 0.676806, 0.676806, 0.676806, 0.676806, 0.676806, 0.676806, 0.676806, 0.676806, 0.676806, 0.676806, 
1, 1, 0.999998, 0.999962, 0.999904, 0.999819, 0.999706, 0.999563, 0.999389, 0.999181, 0.998938, 0.998658, 0.998337, 0.997974, 0.997565, 0.997108, 0.996601, 0.996039, 0.995419, 0.994738, 0.993992, 0.993177, 0.992289, 0.991322, 0.990273, 0.989136, 0.987905, 0.986575, 0.985138, 0.983592, 0.981922, 0.980135, 0.978242, 0.976229, 0.974091, 0.97182, 0.969407, 0.966843, 0.96412, 0.961226, 0.958152, 0.954886, 0.951416, 0.94773, 0.943814, 0.939653, 0.935232, 0.930536, 0.925546, 0.920246, 0.914614, 0.908631, 0.902274, 0.895521, 0.888347, 0.880724, 0.872626, 0.864023, 0.854882, 0.845173, 0.834852, 0.8239, 0.812239, 0.799902, 0.786689, 0.772865, 0.75775, 0.742545, 0.724704, 0.709061, 0.685996, 0.673904, 0.677916, 0.676452, 0.67692, 0.67677, 0.676818, 0.676803, 0.676807, 0.676806, 0.676806, 0.676806, 0.676806, 0.676806, 0.676806, 0.676806, 0.676806, 0.676806, 0.676806, 0.676806, 0.676806, 0.676806, 0.676806, 0.676806, 0.676806, 0.676806, 0.676806, 0.676806, 0.676806, 0.676806, 
1, 1, 0.999998, 0.999962, 0.999904, 0.999819, 0.999706, 0.999563, 0.999389, 0.999181, 0.998938, 0.998658, 0.998337, 0.997974, 0.997565, 0.997108, 0.996601, 0.996039, 0.995419, 0.994738, 0.993992, 0.993177, 0.992289, 0.991322, 0.990273, 0.989136, 0.987905, 0.986575, 0.985138, 0.983592, 0.981922, 0.980135, 0.978242, 0.976229, 0.974091, 0.97182, 0.969407, 0.966843, 0.96412, 0.961226, 0.958152, 0.954886, 0.951416, 0.94773, 0.943814, 0.939653, 0.935232, 0.930536, 0.925546, 0.920246, 0.914614, 0.908631, 0.902274, 0.895521, 0.888347, 0.880724, 0.872626, 0.864023, 0.854882, 0.845173, 0.834852, 0.8239, 0.812239, 0.799902, 0.786689, 0.772865, 0.75775, 0.742545, 0.724704, 0.709061, 0.685996, 0.673904, 0.677916, 0.676452, 0.67692, 0.67677, 0.676818, 0.676803, 0.676807, 0.676806, 0.676806, 0.676806, 0.676806, 0.676806, 0.676806, 0.676806, 0.676806, 0.676806, 0.676806, 0.676806, 0.676806, 0.676806, 0.676806, 0.676806, 0.676806, 0.676806, 0.676806, 0.676806, 0.676806, 0.676806, 
1, 1, 0.999998, 0.999962, 0.999904, 0.999819, 0.999706, 0.999563, 0.999389, 0.999181, 0.998938, 0.998658, 0.998337, 0.997974, 0.997565, 0.997108, 0.996601, 0.996039, 0.995419, 0.994738, 0.993992, 0.993177, 0.992289, 0.991322, 0.990273, 0.989136, 0.987905, 0.986575, 0.985138, 0.983592, 0.981922, 0.980135, 0.978242, 0.976229, 0.974091, 0.97182, 0.969407, 0.966843, 0.96412, 0.961226, 0.958152, 0.954886, 0.951416, 0.94773, 0.943814, 0.939653, 0.935232, 0.930536, 0.925546, 0.920246, 0.914614, 0.908631, 0.902274, 0.895521, 0.888347, 0.880724, 0.872626, 0.864023, 0.854882, 0.845173, 0.834852, 0.8239, 0.812239, 0.799902, 0.786689, 0.772865, 0.75775, 0.742545, 0.724704, 0.709061, 0.685996, 0.673904, 0.677916, 0.676452, 0.67692, 0.67677, 0.676818, 0.676803, 0.676807, 0.676806, 0.676806, 0.676806, 0.676806, 0.676806, 0.676806, 0.676806, 0.676806, 0.676806, 0.676806, 0.676806, 0.676806, 0.676806, 0.676806, 0.676806, 0.676806, 0.676806, 0.676806, 0.676806, 0.676806, 0.676806, 
1, 1, 0.999998, 0.999962, 0.999904, 0.999819, 0.999706, 0.999563, 0.999389, 0.999181, 0.998938, 0.998658, 0.998337, 0.997974, 0.997565, 0.997108, 0.996601, 0.996039, 0.995419, 0.994738, 0.993992, 0.993177, 0.992289, 0.991322, 0.990273, 0.989136, 0.987905, 0.986575, 0.985138, 0.983592, 0.981922, 0.980135, 0.978242, 0.976229, 0.974091, 0.97182, 0.969407, 0.966843, 0.96412, 0.961226, 0.958152, 0.954886, 0.951416, 0.94773, 0.943814, 0.939653, 0.935232, 0.930536, 0.925546, 0.920246, 0.914614, 0.908631, 0.902274, 0.895521, 0.888347, 0.880724, 0.872626, 0.864023, 0.854882, 0.845173, 0.834852, 0.8239, 0.812239, 0.799902, 0.786689, 0.772865, 0.75775, 0.742545, 0.724704, 0.709061, 0.685996, 0.673904, 0.677916, 0.676452, 0.67692, 0.67677, 0.676818, 0.676803, 0.676807, 0.676806, 0.676806, 0.676806, 0.676806, 0.676806, 0.676806, 0.676806, 0.676806, 0.676806, 0.676806, 0.676806, 0.676806, 0.676806, 0.676806, 0.676806, 0.676806, 0.676806, 0.676806, 0.676806, 0.676806, 0.676806, 
1, 1, 0.999998, 0.999962, 0.999904, 0.999819, 0.999706, 0.999563, 0.999389, 0.999181, 0.998938, 0.998658, 0.998337, 0.997974, 0.997565, 0.997108, 0.996601, 0.996039, 0.995419, 0.994738, 0.993992, 0.993177, 0.992289, 0.991322, 0.990273, 0.989136, 0.987905, 0.986575, 0.985138, 0.983592, 0.981922, 0.980135, 0.978242, 0.976229, 0.974091, 0.97182, 0.969407, 0.966843, 0.96412, 0.961226, 0.958152, 0.954886, 0.951416, 0.94773, 0.943814, 0.939653, 0.935232, 0.930536, 0.925546, 0.920246, 0.914614, 0.908631, 0.902274, 0.895521, 0.888347, 0.880724, 0.872626, 0.864023, 0.854882, 0.845173, 0.834852, 0.8239, 0.812239, 0.799902, 0.786689, 0.772865, 0.75775, 0.742545, 0.724704, 0.709061, 0.685996, 0.673904, 0.677916, 0.676452, 0.67692, 0.67677, 0.676818, 0.676803, 0.676807, 0.676806, 0.676806, 0.676806, 0.676806, 0.676806, 0.676806, 0.676806, 0.676806, 0.676806, 0.676806, 0.676806, 0.676806, 0.676806, 0.676806, 0.676806, 0.676806, 0.676806, 0.676806, 0.676806, 0.676806, 0.676806, 
1, 1, 0.999998, 0.999962, 0.999904, 0.999819, 0.999706, 0.999563, 0.999389, 0.999181, 0.998938, 0.998658, 0.998337, 0.997974, 0.997565, 0.997108, 0.996601, 0.996039, 0.995419, 0.994738, 0.993992, 0.993177, 0.992289, 0.991322, 0.990273, 0.989136, 0.987905, 0.986575, 0.985138, 0.983592, 0.981922, 0.980135, 0.978242, 0.976229, 0.974091, 0.97182, 0.969407, 0.966843, 0.96412, 0.961226, 0.958152, 0.954886, 0.951416, 0.94773, 0.943814, 0.939653, 0.935232, 0.930536, 0.925546, 0.920246, 0.914614, 0.908631, 0.902274, 0.895521, 0.888347, 0.880724, 0.872626, 0.864023, 0.854882, 0.845173, 0.834852, 0.8239, 0.812239, 0.799902, 0.786689, 0.772865, 0.75775, 0.742545, 0.724704, 0.709061, 0.685996, 0.673904, 0.677916, 0.676452, 0.67692, 0.67677, 0.676818, 0.676803, 0.676807, 0.676806, 0.676806, 0.676806, 0.676806, 0.676806, 0.676806, 0.676806, 0.676806, 0.676806, 0.676806, 0.676806, 0.676806, 0.676806, 0.676806, 0.676806, 0.676806, 0.676806, 0.676806, 0.676806, 0.676806, 0.676806, 
1, 1, 0.999998, 0.999962, 0.999904, 0.999819, 0.999706, 0.999563, 0.999389, 0.999181, 0.998938, 0.998658, 0.998337, 0.997974, 0.997565, 0.997108, 0.996601, 0.996039, 0.995419, 0.994738, 0.993992, 0.993177, 0.992289, 0.991322, 0.990273, 0.989136, 0.987905, 0.986575, 0.985138, 0.983592, 0.981922, 0.980135, 0.978242, 0.976229, 0.974091, 0.97182, 0.969407, 0.966843, 0.96412, 0.961226, 0.958152, 0.954886, 0.951416, 0.94773, 0.943814, 0.939653, 0.935232, 0.930536, 0.925546, 0.920246, 0.914614, 0.908631, 0.902274, 0.895521, 0.888347, 0.880724, 0.872626, 0.864023, 0.854882, 0.845173, 0.834852, 0.8239, 0.812239, 0.799902, 0.786689, 0.772865, 0.75775, 0.742545, 0.724704, 0.709061, 0.685996, 0.673904, 0.677916, 0.676452, 0.67692, 0.67677, 0.676818, 0.676803, 0.676807, 0.676806, 0.676806, 0.676806, 0.676806, 0.676806, 0.676806, 0.676806, 0.676806, 0.676806, 0.676806, 0.676806, 0.676806, 0.676806, 0.676806, 0.676806, 0.676806, 0.676806, 0.676806, 0.676806, 0.676806, 0.676806, 
1, 1, 0.999998, 0.999962, 0.999904, 0.999819, 0.999706, 0.999563, 0.999389, 0.999181, 0.998938, 0.998658, 0.998337, 0.997974, 0.997565, 0.997108, 0.996601, 0.996039, 0.995419, 0.994738, 0.993992, 0.993177, 0.992289, 0.991322, 0.990273, 0.989136, 0.987905, 0.986575, 0.985138, 0.983592, 0.981922, 0.980135, 0.978242, 0.976229, 0.974091, 0.97182, 0.969407, 0.966843, 0.96412, 0.961226, 0.958152, 0.954886, 0.951416, 0.94773, 0.943814, 0.939653, 0.935232, 0.930536, 0.925546, 0.920246, 0.914614, 0.908631, 0.902274, 0.895521, 0.888347, 0.880724, 0.872626, 0.864023, 0.854882, 0.845173, 0.834852, 0.8239, 0.812239, 0.799902, 0.786689, 0.772865, 0.75775, 0.742545, 0.724704, 0.709061, 0.685996, 0.673904, 0.677916, 0.676452, 0.67692, 0.67677, 0.676818, 0.676803, 0.676807, 0.676806, 0.676806, 0.676806, 0.676806, 0.676806, 0.676806, 0.676806, 0.676806, 0.676806, 0.676806, 0.676806, 0.676806, 0.676806, 0.676806, 0.676806, 0.676806, 0.676806, 0.676806, 0.676806, 0.676806, 0.676806, 
1, 1, 0.999998, 0.999962, 0.999904, 0.999819, 0.999706, 0.999563, 0.999389, 0.999181, 0.998938, 0.998658, 0.998337, 0.997974, 0.997565, 0.997108, 0.996601, 0.996039, 0.995419, 0.994738, 0.993992, 0.993177, 0.992289, 0.991322, 0.990273, 0.989136, 0.987905, 0.986575, 0.985138, 0.983592, 0.981922, 0.980135, 0.978242, 0.976229, 0.974091, 0.97182, 0.969407, 0.966843, 0.96412, 0.961226, 0.958152, 0.954886, 0.951416, 0.94773, 0.943814, 0.939653, 0.935232, 0.930536, 0.925546, 0.920246, 0.914614, 0.908631, 0.902274, 0.895521, 0.888347, 0.880724, 0.872626, 0.864023, 0.854882, 0.845173, 0.834852, 0.8239, 0.812239, 0.799902, 0.786689, 0.772865, 0.75775, 0.742545, 0.724704, 0.709061, 0.685996, 0.673904, 0.677916, 0.676452, 0.67692, 0.67677, 0.676818, 0.676803, 0.676807, 0.676806, 0.676806, 0.676806, 0.676806, 0.676806, 0.676806, 0.676806, 0.676806, 0.676806, 0.676806, 0.676806, 0.676806, 0.676806, 0.676806, 0.676806, 0.676806, 0.676806, 0.676806, 0.676806, 0.676806, 0.676806, 
1, 1, 0.999998, 0.999962, 0.999904, 0.999819, 0.999706, 0.999563, 0.999389, 0.999181, 0.998938, 0.998658, 0.998337, 0.997974, 0.997565, 0.997108, 0.996601, 0.996039, 0.995419, 0.994738, 0.993992, 0.993177, 0.992289, 0.991322, 0.990273, 0.989136, 0.987905, 0.986575, 0.985138, 0.983592, 0.981922, 0.980135, 0.978242, 0.976229, 0.974091, 0.97182, 0.969407, 0.966843, 0.96412, 0.961226, 0.958152, 0.954886, 0.951416, 0.94773, 0.943814, 0.939653, 0.935232, 0.930536, 0.925546, 0.920246, 0.914614, 0.908631, 0.902274, 0.895521, 0.888347, 0.880724, 0.872626, 0.864023, 0.854882, 0.845173, 0.834852, 0.8239, 0.812239, 0.799902, 0.786689, 0.772865, 0.75775, 0.742545, 0.724704, 0.709061, 0.685996, 0.673904, 0.677916, 0.676452, 0.67692, 0.67677, 0.676818, 0.676803, 0.676807, 0.676806, 0.676806, 0.676806, 0.676806, 0.676806, 0.676806, 0.676806, 0.676806, 0.676806, 0.676806, 0.676806, 0.676806, 0.676806, 0.676806, 0.676806, 0.676806, 0.676806, 0.676806, 0.676806, 0.676806, 0.676806, 
1, 1, 0.999998, 0.999962, 0.999904, 0.999819, 0.999706, 0.999563, 0.999389, 0.999181, 0.998938, 0.998658, 0.998337, 0.997974, 0.997565, 0.997108, 0.996601, 0.996039, 0.995419, 0.994738, 0.993992, 0.993177, 0.992289, 0.991322, 0.990273, 0.989136, 0.987905, 0.986575, 0.985138, 0.983592, 0.981922, 0.980135, 0.978242, 0.976229, 0.974091, 0.97182, 0.969407, 0.966843, 0.96412, 0.961226, 0.958152, 0.954886, 0.951416, 0.94773, 0.943814, 0.939653, 0.935232, 0.930536, 0.925546, 0.920246, 0.914614, 0.908631, 0.902274, 0.895521, 0.888347, 0.880724, 0.872626, 0.864023, 0.854882, 0.845173, 0.834852, 0.8239, 0.812239, 0.799902, 0.786689, 0.772865, 0.75775, 0.742545, 0.724704, 0.709061, 0.685996, 0.673904, 0.677916, 0.676452, 0.67692, 0.67677, 0.676818, 0.676803, 0.676807, 0.676806, 0.676806, 0.676806, 0.676806, 0.676806, 0.676806, 0.676806, 0.676806, 0.676806, 0.676806, 0.676806, 0.676806, 0.676806, 0.676806, 0.676806, 0.676806, 0.676806, 0.676806, 0.676806, 0.676806, 0.676806, 
1, 1, 0.999998, 0.999962, 0.999904, 0.999819, 0.999706, 0.999563, 0.999389, 0.999181, 0.998938, 0.998658, 0.998337, 0.997974, 0.997565, 0.997108, 0.996601, 0.996039, 0.995419, 0.994738, 0.993992, 0.993177, 0.992289, 0.991322, 0.990273, 0.989136, 0.987905, 0.986575, 0.985138, 0.983592, 0.981922, 0.980135, 0.978242, 0.976229, 0.974091, 0.97182, 0.969407, 0.966843, 0.96412, 0.961226, 0.958152, 0.954886, 0.951416, 0.94773, 0.943814, 0.939653, 0.935232, 0.930536, 0.925546, 0.920246, 0.914614, 0.908631, 0.902274, 0.895521, 0.888347, 0.880724, 0.872626, 0.864023, 0.854882, 0.845173, 0.834852, 0.8239, 0.812239, 0.799902, 0.786689, 0.772865, 0.75775, 0.742545, 0.724704, 0.709061, 0.685996, 0.673904, 0.677916, 0.676452, 0.67692, 0.67677, 0.676817, 0.676803, 0.676807, 0.676806, 0.676806, 0.676806, 0.676806, 0.676806, 0.676806, 0.676806, 0.676806, 0.676806, 0.676806, 0.676806, 0.676806, 0.676806, 0.676806, 0.676806, 0.676806, 0.676806, 0.676806, 0.676806, 0.676806, 0.676806, 
1, 1, 0.999998, 0.999962, 0.999904, 0.999819, 0.999706, 0.999563, 0.999389, 0.999181, 0.998938, 0.998658, 0.998337, 0.997974, 0.997565, 0.997108, 0.996601, 0.996039, 0.995419, 0.994738, 0.993992, 0.993177, 0.992289, 0.991322, 0.990273, 0.989136, 0.987905, 0.986575, 0.985138, 0.983592, 0.981922, 0.980135, 0.978242, 0.976229, 0.974091, 0.97182, 0.969407, 0.966843, 0.96412, 0.961226, 0.958152, 0.954886, 0.951416, 0.94773, 0.943814, 0.939653, 0.935232, 0.930536, 0.925546, 0.920246, 0.914614, 0.908631, 0.902274, 0.895521, 0.888347, 0.880724, 0.872626, 0.864023, 0.854882, 0.845173, 0.834852, 0.8239, 0.812239, 0.799902, 0.786689, 0.772865, 0.75775, 0.742545, 0.724704, 0.709061, 0.685996, 0.673904, 0.677916, 0.676452, 0.67692, 0.67677, 0.676817, 0.676803, 0.676807, 0.676806, 0.676806, 0.676806, 0.676806, 0.676806, 0.676806, 0.676806, 0.676806, 0.676806, 0.676806, 0.676806, 0.676806, 0.676806, 0.676806, 0.676806, 0.676806, 0.676806, 0.676806, 0.676806, 0.676806, 0.676806, 
1, 1, 0.999998, 0.999962, 0.999904, 0.999819, 0.999706, 0.999563, 0.999389, 0.999181, 0.998938, 0.998658, 0.998337, 0.997974, 0.997565, 0.997108, 0.996601, 0.996039, 0.995419, 0.994738, 0.993992, 0.993177, 0.992289, 0.991322, 0.990273, 0.989136, 0.987905, 0.986575, 0.985138, 0.983592, 0.981922, 0.980135, 0.978242, 0.976229, 0.974091, 0.97182, 0.969407, 0.966843, 0.96412, 0.961226, 0.958152, 0.954886, 0.951416, 0.94773, 0.943814, 0.939653, 0.935232, 0.930536, 0.925546, 0.920246, 0.914614, 0.908631, 0.902274, 0.895521, 0.888347, 0.880724, 0.872626, 0.864023, 0.854882, 0.845173, 0.834852, 0.8239, 0.812239, 0.799902, 0.786689, 0.772865, 0.75775, 0.742545, 0.724704, 0.709061, 0.685996, 0.673904, 0.677916, 0.676452, 0.67692, 0.67677, 0.676817, 0.676803, 0.676807, 0.676806, 0.676806, 0.676806, 0.676806, 0.676806, 0.676806, 0.676806, 0.676806, 0.676806, 0.676806, 0.676806, 0.676806, 0.676806, 0.676806, 0.676806, 0.676806, 0.676806, 0.676806, 0.676806, 0.676806, 0.676806, 
1, 1, 0.999998, 0.999962, 0.999904, 0.999819, 0.999706, 0.999563, 0.999389, 0.999181, 0.998938, 0.998658, 0.998337, 0.997974, 0.997565, 0.997108, 0.996601, 0.996039, 0.995419, 0.994738, 0.993992, 0.993177, 0.992289, 0.991322, 0.990273, 0.989136, 0.987905, 0.986575, 0.985138, 0.983592, 0.981922, 0.980135, 0.978242, 0.976229, 0.974091, 0.97182, 0.969407, 0.966843, 0.96412, 0.961226, 0.958152, 0.954886, 0.951416, 0.94773, 0.943814, 0.939653, 0.935232, 0.930536, 0.925546, 0.920246, 0.914614, 0.908631, 0.902274, 0.895521, 0.888347, 0.880724, 0.872626, 0.864023, 0.854882, 0.845173, 0.834852, 0.8239, 0.812239, 0.799902, 0.786689, 0.772865, 0.75775, 0.742545, 0.724704, 0.709061, 0.685996, 0.673904, 0.677916, 0.676452, 0.67692, 0.67677, 0.676817, 0.676803, 0.676807, 0.676806, 0.676806, 0.676806, 0.676806, 0.676806, 0.676806, 0.676806, 0.676806, 0.676806, 0.676806, 0.676806, 0.676806, 0.676806, 0.676806, 0.676806, 0.676806, 0.676806, 0.676806, 0.676806, 0.676806, 0.676806, 
1, 1, 0.999998, 0.999962, 0.999904, 0.999819, 0.999706, 0.999563, 0.999389, 0.999181, 0.998938, 0.998658, 0.998337, 0.997974, 0.997565, 0.997108, 0.996601, 0.996039, 0.995419, 0.994738, 0.993992, 0.993177, 0.992289, 0.991322, 0.990273, 0.989136, 0.987905, 0.986575, 0.985138, 0.983592, 0.981922, 0.980135, 0.978242, 0.976229, 0.974091, 0.97182, 0.969407, 0.966843, 0.96412, 0.961226, 0.958152, 0.954886, 0.951416, 0.94773, 0.943814, 0.939653, 0.935232, 0.930536, 0.925546, 0.920246, 0.914614, 0.908631, 0.902274, 0.895521, 0.888347, 0.880724, 0.872626, 0.864023, 0.854882, 0.845173, 0.834852, 0.8239, 0.812239, 0.799901, 0.786689, 0.772865, 0.75775, 0.742545, 0.724704, 0.709061, 0.685996, 0.673904, 0.677916, 0.676452, 0.67692, 0.67677, 0.676817, 0.676803, 0.676807, 0.676806, 0.676806, 0.676806, 0.676806, 0.676806, 0.676806, 0.676806, 0.676806, 0.676806, 0.676806, 0.676806, 0.676806, 0.676806, 0.676806, 0.676806, 0.676806, 0.676806, 0.676806, 0.676806, 0.676806, 0.676806, 
1, 1, 0.999998, 0.999962, 0.999904, 0.999819, 0.999706, 0.999563, 0.999389, 0.999181, 0.998938, 0.998658, 0.998337, 0.997974, 0.997565, 0.997108, 0.996601, 0.996039, 0.995419, 0.994738, 0.993992, 0.993177, 0.992289, 0.991322, 0.990273, 0.989136, 0.987905, 0.986575, 0.985138, 0.983592, 0.981922, 0.980135, 0.978242, 0.976229, 0.974091, 0.97182, 0.969407, 0.966843, 0.96412, 0.961226, 0.958152, 0.954886, 0.951416, 0.94773, 0.943814, 0.939653, 0.935232, 0.930536, 0.925546, 0.920246, 0.914614, 0.908631, 0.902274, 0.895521, 0.888347, 0.880724, 0.872626, 0.864023, 0.854882, 0.845173, 0.834852, 0.8239, 0.812239, 0.799901, 0.786689, 0.772865, 0.75775, 0.742545, 0.724704, 0.709061, 0.685996, 0.673904, 0.677916, 0.676452, 0.67692, 0.67677, 0.676817, 0.676803, 0.676807, 0.676806, 0.676806, 0.676806, 0.676806, 0.676806, 0.676806, 0.676806, 0.676806, 0.676806, 0.676806, 0.676806, 0.676806, 0.676806, 0.676806, 0.676806, 0.676806, 0.676806, 0.676806, 0.676806, 0.676806, 0.676806, 
1, 1, 0.999998, 0.999962, 0.999904, 0.999819, 0.999706, 0.999563, 0.999389, 0.999181, 0.998938, 0.998658, 0.998337, 0.997974, 0.997565, 0.997108, 0.996601, 0.996039, 0.995419, 0.994738, 0.993992, 0.993177, 0.992289, 0.991322, 0.990273, 0.989136, 0.987905, 0.986575, 0.985138, 0.983592, 0.981922, 0.980135, 0.978242, 0.976229, 0.974091, 0.97182, 0.969407, 0.966843, 0.96412, 0.961226, 0.958152, 0.954886, 0.951416, 0.94773, 0.943814, 0.939653, 0.935232, 0.930536, 0.925546, 0.920246, 0.914614, 0.908631, 0.902274, 0.895521, 0.888347, 0.880724, 0.872626, 0.864023, 0.854882, 0.845173, 0.834852, 0.8239, 0.812239, 0.799901, 0.786689, 0.772865, 0.75775, 0.742545, 0.724704, 0.709061, 0.685996, 0.673904, 0.677916, 0.676452, 0.67692, 0.67677, 0.676817, 0.676803, 0.676807, 0.676806, 0.676806, 0.676806, 0.676806, 0.676806, 0.676806, 0.676806, 0.676806, 0.676806, 0.676806, 0.676806, 0.676806, 0.676806, 0.676806, 0.676806, 0.676806, 0.676806, 0.676806, 0.676806, 0.676806, 0.676806, 
1, 1, 0.999998, 0.999962, 0.999904, 0.999819, 0.999706, 0.999563, 0.999389, 0.999181, 0.998938, 0.998658, 0.998337, 0.997974, 0.997565, 0.997108, 0.996601, 0.996039, 0.995419, 0.994738, 0.993992, 0.993177, 0.992289, 0.991322, 0.990273, 0.989136, 0.987905, 0.986575, 0.985138, 0.983592, 0.981922, 0.980135, 0.978242, 0.976229, 0.974091, 0.97182, 0.969407, 0.966843, 0.96412, 0.961226, 0.958152, 0.954886, 0.951416, 0.94773, 0.943814, 0.939653, 0.935232, 0.930536, 0.925546, 0.920246, 0.914614, 0.908631, 0.902274, 0.895521, 0.888347, 0.880724, 0.872626, 0.864023, 0.854882, 0.845173, 0.834852, 0.8239, 0.812239, 0.799901, 0.786689, 0.772865, 0.75775, 0.742545, 0.724704, 0.709061, 0.685996, 0.673904, 0.677916, 0.676452, 0.67692, 0.67677, 0.676817, 0.676803, 0.676807, 0.676806, 0.676806, 0.676806, 0.676806, 0.676806, 0.676806, 0.676806, 0.676806, 0.676806, 0.676806, 0.676806, 0.676806, 0.676806, 0.676806, 0.676806, 0.676806, 0.676806, 0.676806, 0.676806, 0.676806, 0.676806, 
1, 1, 0.999998, 0.999962, 0.999904, 0.999819, 0.999706, 0.999563, 0.999389, 0.999181, 0.998938, 0.998658, 0.998337, 0.997974, 0.997565, 0.997108, 0.996601, 0.996039, 0.995419, 0.994738, 0.993992, 0.993177, 0.992289, 0.991322, 0.990273, 0.989136, 0.987905, 0.986575, 0.985138, 0.983592, 0.981922, 0.980135, 0.978242, 0.976229, 0.974091, 0.97182, 0.969407, 0.966843, 0.96412, 0.961226, 0.958152, 0.954886, 0.951416, 0.94773, 0.943814, 0.939653, 0.935232, 0.930536, 0.925546, 0.920246, 0.914614, 0.908631, 0.902274, 0.895521, 0.888347, 0.880724, 0.872626, 0.864023, 0.854882, 0.845173, 0.834852, 0.8239, 0.812239, 0.799901, 0.786689, 0.772865, 0.75775, 0.742545, 0.724704, 0.709061, 0.685996, 0.673904, 0.677916, 0.676452, 0.67692, 0.67677, 0.676817, 0.676803, 0.676807, 0.676806, 0.676806, 0.676806, 0.676806, 0.676806, 0.676806, 0.676806, 0.676806, 0.676806, 0.676806, 0.676806, 0.676806, 0.676806, 0.676806, 0.676806, 0.676806, 0.676806, 0.676806, 0.676806, 0.676806, 0.676806, 
1, 1, 0.999998, 0.999962, 0.999904, 0.999819, 0.999706, 0.999563, 0.999389, 0.999181, 0.998938, 0.998658, 0.998337, 0.997974, 0.997565, 0.997108, 0.996601, 0.996039, 0.995419, 0.994738, 0.993992, 0.993177, 0.992289, 0.991322, 0.990273, 0.989136, 0.987905, 0.986575, 0.985138, 0.983592, 0.981922, 0.980135, 0.978242, 0.976229, 0.974091, 0.97182, 0.969407, 0.966843, 0.96412, 0.961226, 0.958152, 0.954886, 0.951416, 0.94773, 0.943814, 0.939653, 0.935232, 0.930536, 0.925546, 0.920246, 0.914614, 0.908631, 0.902274, 0.895521, 0.888347, 0.880724, 0.872626, 0.864023, 0.854882, 0.845173, 0.834852, 0.8239, 0.812239, 0.799901, 0.786689, 0.772865, 0.75775, 0.742545, 0.724704, 0.709061, 0.685996, 0.673904, 0.677916, 0.676452, 0.67692, 0.67677, 0.676817, 0.676803, 0.676807, 0.676806, 0.676806, 0.676806, 0.676806, 0.676806, 0.676806, 0.676806, 0.676806, 0.676806, 0.676806, 0.676806, 0.676806, 0.676806, 0.676806, 0.676806, 0.676806, 0.676806, 0.676806, 0.676806, 0.676806, 0.676806, 
1, 1, 0.999998, 0.999962, 0.999904, 0.999819, 0.999706, 0.999563, 0.999389, 0.999181, 0.998938, 0.998658, 0.998337, 0.997974, 0.997565, 0.997108, 0.996601, 0.996039, 0.995419, 0.994738, 0.993992, 0.993177, 0.992289, 0.991322, 0.990273, 0.989136, 0.987905, 0.986575, 0.985138, 0.983592, 0.981922, 0.980135, 0.978242, 0.976229, 0.974091, 0.97182, 0.969407, 0.966843, 0.96412, 0.961226, 0.958152, 0.954886, 0.951416, 0.94773, 0.943814, 0.939653, 0.935232, 0.930536, 0.925546, 0.920246, 0.914614, 0.908631, 0.902274, 0.895521, 0.888347, 0.880724, 0.872626, 0.864023, 0.854882, 0.845173, 0.834852, 0.8239, 0.812239, 0.799901, 0.786689, 0.772865, 0.75775, 0.742545, 0.724704, 0.709061, 0.685996, 0.673904, 0.677916, 0.676452, 0.67692, 0.67677, 0.676817, 0.676803, 0.676807, 0.676806, 0.676806, 0.676806, 0.676806, 0.676806, 0.676806, 0.676806, 0.676806, 0.676806, 0.676806, 0.676806, 0.676806, 0.676806, 0.676806, 0.676806, 0.676806, 0.676806, 0.676806, 0.676806, 0.676806, 0.676806, 
1, 1, 0.999998, 0.999962, 0.999904, 0.999819, 0.999706, 0.999563, 0.999389, 0.999181, 0.998938, 0.998658, 0.998337, 0.997974, 0.997565, 0.997108, 0.996601, 0.996039, 0.995419, 0.994738, 0.993992, 0.993177, 0.992289, 0.991322, 0.990273, 0.989136, 0.987905, 0.986575, 0.985138, 0.983592, 0.981922, 0.980135, 0.978242, 0.976229, 0.974091, 0.97182, 0.969407, 0.966843, 0.96412, 0.961226, 0.958152, 0.954886, 0.951416, 0.94773, 0.943814, 0.939653, 0.935232, 0.930536, 0.925546, 0.920246, 0.914614, 0.908631, 0.902274, 0.895521, 0.888347, 0.880724, 0.872626, 0.864023, 0.854882, 0.845173, 0.834852, 0.8239, 0.812239, 0.799901, 0.786689, 0.772865, 0.75775, 0.742545, 0.724704, 0.709061, 0.685996, 0.673904, 0.677916, 0.676452, 0.67692, 0.67677, 0.676817, 0.676803, 0.676807, 0.676806, 0.676806, 0.676806, 0.676806, 0.676806, 0.676806, 0.676806, 0.676806, 0.676806, 0.676806, 0.676806, 0.676806, 0.676806, 0.676806, 0.676806, 0.676806, 0.676806, 0.676806, 0.676806, 0.676806, 0.676806, 
1, 1, 0.999998, 0.999962, 0.999904, 0.999819, 0.999706, 0.999563, 0.999389, 0.999181, 0.998938, 0.998658, 0.998337, 0.997974, 0.997565, 0.997108, 0.996601, 0.996039, 0.995419, 0.994738, 0.993992, 0.993177, 0.992289, 0.991322, 0.990273, 0.989136, 0.987905, 0.986575, 0.985138, 0.983592, 0.981922, 0.980135, 0.978242, 0.976229, 0.974091, 0.97182, 0.969407, 0.966843, 0.96412, 0.961226, 0.958152, 0.954886, 0.951416, 0.94773, 0.943814, 0.939653, 0.935232, 0.930536, 0.925546, 0.920246, 0.914614, 0.908631, 0.902274, 0.895521, 0.888347, 0.880724, 0.872626, 0.864023, 0.854882, 0.845173, 0.834852, 0.8239, 0.812239, 0.799901, 0.786689, 0.772865, 0.75775, 0.742545, 0.724704, 0.709061, 0.685996, 0.673904, 0.677916, 0.676452, 0.67692, 0.67677, 0.676817, 0.676803, 0.676807, 0.676806, 0.676806, 0.676806, 0.676806, 0.676806, 0.676806, 0.676806, 0.676806, 0.676806, 0.676806, 0.676806, 0.676806, 0.676806, 0.676806, 0.676806, 0.676806, 0.676806, 0.676806, 0.676806, 0.676806, 0.676806, 
1, 1, 0.999998, 0.999962, 0.999904, 0.999819, 0.999706, 0.999563, 0.999389, 0.999181, 0.998938, 0.998658, 0.998337, 0.997974, 0.997565, 0.997108, 0.996601, 0.996039, 0.995419, 0.994738, 0.993992, 0.993177, 0.992289, 0.991322, 0.990273, 0.989136, 0.987905, 0.986575, 0.985138, 0.983592, 0.981922, 0.980135, 0.978242, 0.976229, 0.974091, 0.97182, 0.969407, 0.966843, 0.96412, 0.961226, 0.958152, 0.954886, 0.951416, 0.94773, 0.943814, 0.939653, 0.935232, 0.930536, 0.925546, 0.920246, 0.914614, 0.908631, 0.902274, 0.895521, 0.888347, 0.880724, 0.872626, 0.864023, 0.854882, 0.845173, 0.834852, 0.8239, 0.812239, 0.799901, 0.786689, 0.772865, 0.75775, 0.742545, 0.724704, 0.709061, 0.685996, 0.673904, 0.677916, 0.676452, 0.67692, 0.67677, 0.676817, 0.676803, 0.676807, 0.676806, 0.676806, 0.676806, 0.676806, 0.676806, 0.676806, 0.676806, 0.676806, 0.676806, 0.676806, 0.676806, 0.676806, 0.676806, 0.676806, 0.676806, 0.676806, 0.676806, 0.676806, 0.676806, 0.676806, 0.676806, 
1, 1, 0.999998, 0.999962, 0.999904, 0.999819, 0.999706, 0.999563, 0.999389, 0.999181, 0.998938, 0.998658, 0.998337, 0.997974, 0.997565, 0.997108, 0.996601, 0.996039, 0.995419, 0.994738, 0.993992, 0.993177, 0.992289, 0.991322, 0.990273, 0.989136, 0.987905, 0.986575, 0.985138, 0.983592, 0.981922, 0.980135, 0.978242, 0.976229, 0.974091, 0.97182, 0.969407, 0.966843, 0.96412, 0.961226, 0.958152, 0.954886, 0.951416, 0.94773, 0.943814, 0.939653, 0.935232, 0.930536, 0.925546, 0.920246, 0.914614, 0.908631, 0.902274, 0.895521, 0.888347, 0.880724, 0.872626, 0.864023, 0.854882, 0.845173, 0.834852, 0.8239, 0.812239, 0.799901, 0.786689, 0.772865, 0.75775, 0.742545, 0.724704, 0.709061, 0.685996, 0.673904, 0.677916, 0.676452, 0.67692, 0.67677, 0.676817, 0.676803, 0.676807, 0.676806, 0.676806, 0.676806, 0.676806, 0.676806, 0.676806, 0.676806, 0.676806, 0.676806, 0.676806, 0.676806, 0.676806, 0.676806, 0.676806, 0.676806, 0.676806, 0.676806, 0.676806, 0.676806, 0.676806, 0.676806, 
1, 1, 0.999998, 0.999962, 0.999904, 0.999819, 0.999706, 0.999563, 0.999389, 0.999181, 0.998938, 0.998658, 0.998337, 0.997974, 0.997565, 0.997108, 0.996601, 0.996039, 0.995419, 0.994738, 0.993992, 0.993177, 0.992289, 0.991322, 0.990273, 0.989136, 0.987905, 0.986575, 0.985138, 0.983592, 0.981922, 0.980135, 0.978242, 0.976229, 0.974091, 0.97182, 0.969407, 0.966843, 0.96412, 0.961226, 0.958152, 0.954886, 0.951416, 0.94773, 0.943814, 0.939653, 0.935232, 0.930536, 0.925546, 0.920246, 0.914614, 0.908631, 0.902274, 0.895521, 0.888347, 0.880724, 0.872626, 0.864023, 0.854882, 0.845173, 0.834852, 0.8239, 0.812239, 0.799901, 0.786689, 0.772865, 0.75775, 0.742545, 0.724704, 0.709061, 0.685996, 0.673904, 0.677916, 0.676452, 0.67692, 0.67677, 0.676817, 0.676803, 0.676807, 0.676806, 0.676806, 0.676806, 0.676806, 0.676806, 0.676806, 0.676806, 0.676806, 0.676806, 0.676806, 0.676806, 0.676806, 0.676806, 0.676806, 0.676806, 0.676806, 0.676806, 0.676806, 0.676806, 0.676806, 0.676806, 
1, 1, 0.999998, 0.999962, 0.999904, 0.999819, 0.999706, 0.999563, 0.999389, 0.999181, 0.998938, 0.998658, 0.998337, 0.997974, 0.997565, 0.997108, 0.996601, 0.996039, 0.995419, 0.994738, 0.993992, 0.993177, 0.992289, 0.991322, 0.990273, 0.989136, 0.987905, 0.986575, 0.985138, 0.983592, 0.981922, 0.980135, 0.978242, 0.976229, 0.974091, 0.97182, 0.969407, 0.966843, 0.96412, 0.961226, 0.958152, 0.954886, 0.951416, 0.94773, 0.943814, 0.939653, 0.935232, 0.930536, 0.925546, 0.920246, 0.914614, 0.908631, 0.902274, 0.895521, 0.888347, 0.880724, 0.872626, 0.864023, 0.854882, 0.845173, 0.834852, 0.8239, 0.812239, 0.799901, 0.786689, 0.772865, 0.75775, 0.742545, 0.724704, 0.709061, 0.685996, 0.673904, 0.677916, 0.676452, 0.67692, 0.67677, 0.676817, 0.676803, 0.676807, 0.676806, 0.676806, 0.676806, 0.676806, 0.676806, 0.676806, 0.676806, 0.676806, 0.676806, 0.676806, 0.676806, 0.676806, 0.676806, 0.676806, 0.676806, 0.676806, 0.676806, 0.676806, 0.676806, 0.676806, 0.676806, 
1, 1, 0.999998, 0.999962, 0.999904, 0.999819, 0.999706, 0.999563, 0.999389, 0.999181, 0.998938, 0.998658, 0.998337, 0.997974, 0.997565, 0.997108, 0.996601, 0.996039, 0.995419, 0.994738, 0.993992, 0.993177, 0.992289, 0.991322, 0.990273, 0.989136, 0.987905, 0.986575, 0.985138, 0.983592, 0.981922, 0.980135, 0.978242, 0.976229, 0.974091, 0.97182, 0.969407, 0.966843, 0.96412, 0.961226, 0.958152, 0.954886, 0.951416, 0.94773, 0.943814, 0.939653, 0.935232, 0.930536, 0.925546, 0.920246, 0.914614, 0.908631, 0.902274, 0.895521, 0.888347, 0.880724, 0.872626, 0.864023, 0.854882, 0.845173, 0.834852, 0.8239, 0.812239, 0.799901, 0.786689, 0.772865, 0.75775, 0.742545, 0.724704, 0.709061, 0.685996, 0.673904, 0.677916, 0.676452, 0.67692, 0.67677, 0.676817, 0.676802, 0.676807, 0.676806, 0.676806, 0.676806, 0.676806, 0.676806, 0.676806, 0.676806, 0.676806, 0.676806, 0.676806, 0.676806, 0.676806, 0.676806, 0.676806, 0.676806, 0.676806, 0.676806, 0.676806, 0.676806, 0.676806, 0.676806, 
1, 1, 0.999998, 0.999962, 0.999904, 0.999819, 0.999706, 0.999563, 0.999389, 0.999181, 0.998938, 0.998658, 0.998337, 0.997974, 0.997565, 0.997108, 0.996601, 0.996039, 0.995419, 0.994738, 0.993992, 0.993177, 0.992289, 0.991322, 0.990273, 0.989136, 0.987905, 0.986575, 0.985138, 0.983592, 0.981922, 0.980135, 0.978242, 0.976229, 0.974091, 0.97182, 0.969407, 0.966843, 0.96412, 0.961226, 0.958152, 0.954886, 0.951416, 0.94773, 0.943814, 0.939653, 0.935232, 0.930536, 0.925546, 0.920246, 0.914614, 0.908631, 0.902274, 0.895521, 0.888347, 0.880724, 0.872626, 0.864023, 0.854882, 0.845173, 0.834852, 0.8239, 0.812239, 0.799901, 0.786689, 0.772865, 0.75775, 0.742545, 0.724704, 0.709061, 0.685996, 0.673904, 0.677916, 0.676452, 0.67692, 0.67677, 0.676817, 0.676802, 0.676807, 0.676806, 0.676806, 0.676806, 0.676806, 0.676806, 0.676806, 0.676806, 0.676806, 0.676806, 0.676806, 0.676806, 0.676806, 0.676806, 0.676806, 0.676806, 0.676806, 0.676806, 0.676806, 0.676806, 0.676806, 0.676806, 
1, 1, 0.999998, 0.999962, 0.999904, 0.999819, 0.999706, 0.999563, 0.999389, 0.999181, 0.998938, 0.998658, 0.998337, 0.997974, 0.997565, 0.997108, 0.996601, 0.996039, 0.995419, 0.994738, 0.993992, 0.993177, 0.992289, 0.991322, 0.990273, 0.989136, 0.987905, 0.986575, 0.985138, 0.983592, 0.981922, 0.980135, 0.978242, 0.976229, 0.974091, 0.97182, 0.969407, 0.966843, 0.96412, 0.961226, 0.958152, 0.954886, 0.951416, 0.94773, 0.943814, 0.939653, 0.935232, 0.930536, 0.925546, 0.920246, 0.914614, 0.908631, 0.902274, 0.895521, 0.888347, 0.880724, 0.872626, 0.864023, 0.854882, 0.845173, 0.834852, 0.8239, 0.812239, 0.799901, 0.786689, 0.772865, 0.75775, 0.742545, 0.724704, 0.709061, 0.685996, 0.673904, 0.677916, 0.676452, 0.67692, 0.67677, 0.676817, 0.676802, 0.676807, 0.676806, 0.676806, 0.676806, 0.676806, 0.676806, 0.676806, 0.676806, 0.676806, 0.676806, 0.676806, 0.676806, 0.676806, 0.676806, 0.676806, 0.676806, 0.676806, 0.676806, 0.676806, 0.676806, 0.676806, 0.676806, 
1, 1, 0.999998, 0.999962, 0.999904, 0.999819, 0.999706, 0.999563, 0.999389, 0.999181, 0.998938, 0.998658, 0.998337, 0.997974, 0.997565, 0.997108, 0.996601, 0.996039, 0.995419, 0.994738, 0.993992, 0.993177, 0.992289, 0.991322, 0.990273, 0.989136, 0.987905, 0.986575, 0.985138, 0.983592, 0.981922, 0.980135, 0.978242, 0.976229, 0.974091, 0.97182, 0.969407, 0.966843, 0.96412, 0.961226, 0.958152, 0.954886, 0.951416, 0.94773, 0.943814, 0.939653, 0.935232, 0.930536, 0.925546, 0.920246, 0.914614, 0.908631, 0.902274, 0.895521, 0.888347, 0.880724, 0.872626, 0.864023, 0.854882, 0.845173, 0.834852, 0.8239, 0.812239, 0.799901, 0.786689, 0.772865, 0.75775, 0.742545, 0.724704, 0.709061, 0.685996, 0.673904, 0.677916, 0.676451, 0.67692, 0.67677, 0.676817, 0.676802, 0.676807, 0.676806, 0.676806, 0.676806, 0.676806, 0.676806, 0.676806, 0.676806, 0.676806, 0.676806, 0.676806, 0.676806, 0.676806, 0.676806, 0.676806, 0.676806, 0.676806, 0.676806, 0.676806, 0.676806, 0.676806, 0.676806, 
1, 1, 0.999998, 0.999962, 0.999904, 0.999819, 0.999706, 0.999563, 0.999389, 0.999181, 0.998938, 0.998658, 0.998337, 0.997974, 0.997565, 0.997108, 0.996601, 0.996039, 0.995419, 0.994738, 0.993992, 0.993177, 0.992289, 0.991322, 0.990273, 0.989136, 0.987905, 0.986575, 0.985138, 0.983592, 0.981922, 0.980135, 0.978242, 0.976229, 0.974091, 0.97182, 0.969407, 0.966843, 0.96412, 0.961226, 0.958152, 0.954886, 0.951416, 0.94773, 0.943814, 0.939653, 0.935232, 0.930536, 0.925546, 0.920246, 0.914614, 0.908631, 0.902274, 0.895521, 0.888347, 0.880724, 0.872626, 0.864023, 0.854882, 0.845173, 0.834852, 0.8239, 0.812239, 0.799901, 0.786689, 0.772865, 0.75775, 0.742545, 0.724704, 0.709061, 0.685996, 0.673904, 0.677916, 0.676451, 0.67692, 0.67677, 0.676817, 0.676802, 0.676807, 0.676806, 0.676806, 0.676806, 0.676806, 0.676806, 0.676806, 0.676806, 0.676806, 0.676806, 0.676806, 0.676806, 0.676806, 0.676806, 0.676806, 0.676806, 0.676806, 0.676806, 0.676806, 0.676806, 0.676806, 0.676806, 
1, 1, 0.999998, 0.999962, 0.999904, 0.999819, 0.999706, 0.999563, 0.999389, 0.999181, 0.998938, 0.998658, 0.998337, 0.997974, 0.997565, 0.997108, 0.996601, 0.996039, 0.995419, 0.994738, 0.993992, 0.993177, 0.992289, 0.991322, 0.990273, 0.989136, 0.987905, 0.986575, 0.985138, 0.983592, 0.981922, 0.980135, 0.978242, 0.976229, 0.974091, 0.97182, 0.969407, 0.966843, 0.96412, 0.961226, 0.958152, 0.954886, 0.951416, 0.94773, 0.943814, 0.939653, 0.935232, 0.930536, 0.925546, 0.920246, 0.914614, 0.908631, 0.902274, 0.895521, 0.888347, 0.880724, 0.872626, 0.864023, 0.854882, 0.845173, 0.834852, 0.8239, 0.812239, 0.799901, 0.786689, 0.772865, 0.75775, 0.742545, 0.724704, 0.709061, 0.685996, 0.673904, 0.677916, 0.676451, 0.67692, 0.67677, 0.676817, 0.676802, 0.676807, 0.676806, 0.676806, 0.676806, 0.676806, 0.676806, 0.676806, 0.676806, 0.676806, 0.676806, 0.676806, 0.676806, 0.676806, 0.676806, 0.676806, 0.676806, 0.676806, 0.676806, 0.676806, 0.676806, 0.676806, 0.676806, 
1, 1, 0.999998, 0.999962, 0.999904, 0.999819, 0.999706, 0.999563, 0.999389, 0.999181, 0.998938, 0.998658, 0.998337, 0.997974, 0.997565, 0.997108, 0.996601, 0.996039, 0.995419, 0.994738, 0.993992, 0.993177, 0.992289, 0.991322, 0.990273, 0.989136, 0.987905, 0.986575, 0.985138, 0.983592, 0.981922, 0.980135, 0.978242, 0.976229, 0.974091, 0.97182, 0.969407, 0.966843, 0.96412, 0.961226, 0.958152, 0.954886, 0.951416, 0.94773, 0.943814, 0.939653, 0.935232, 0.930536, 0.925546, 0.920246, 0.914614, 0.908631, 0.902274, 0.895521, 0.888347, 0.880724, 0.872626, 0.864023, 0.854882, 0.845173, 0.834852, 0.8239, 0.812239, 0.799901, 0.786689, 0.772865, 0.75775, 0.742545, 0.724704, 0.709061, 0.685996, 0.673904, 0.677916, 0.676451, 0.67692, 0.67677, 0.676817, 0.676802, 0.676807, 0.676806, 0.676806, 0.676806, 0.676806, 0.676806, 0.676806, 0.676806, 0.676806, 0.676806, 0.676806, 0.676806, 0.676806, 0.676806, 0.676806, 0.676806, 0.676806, 0.676806, 0.676806, 0.676806, 0.676806, 0.676806, 
1, 1, 0.999998, 0.999962, 0.999904, 0.999819, 0.999706, 0.999563, 0.999389, 0.999181, 0.998938, 0.998658, 0.998337, 0.997974, 0.997565, 0.997108, 0.996601, 0.996039, 0.995419, 0.994738, 0.993992, 0.993177, 0.992289, 0.991322, 0.990273, 0.989136, 0.987905, 0.986575, 0.985138, 0.983592, 0.981922, 0.980135, 0.978242, 0.976229, 0.974091, 0.97182, 0.969407, 0.966843, 0.96412, 0.961226, 0.958152, 0.954886, 0.951416, 0.94773, 0.943814, 0.939653, 0.935232, 0.930536, 0.925546, 0.920246, 0.914614, 0.908631, 0.902274, 0.895521, 0.888347, 0.880724, 0.872626, 0.864023, 0.854882, 0.845173, 0.834852, 0.8239, 0.812239, 0.799901, 0.786689, 0.772865, 0.75775, 0.742545, 0.724704, 0.709061, 0.685996, 0.673904, 0.677916, 0.676451, 0.67692, 0.67677, 0.676817, 0.676802, 0.676807, 0.676806, 0.676806, 0.676806, 0.676806, 0.676806, 0.676806, 0.676806, 0.676806, 0.676806, 0.676806, 0.676806, 0.676806, 0.676806, 0.676806, 0.676806, 0.676806, 0.676806, 0.676806, 0.676806, 0.676806, 0.676806, 
1, 1, 0.999998, 0.999962, 0.999904, 0.999819, 0.999706, 0.999563, 0.999389, 0.999181, 0.998938, 0.998658, 0.998337, 0.997974, 0.997565, 0.997108, 0.996601, 0.996039, 0.995419, 0.994738, 0.993992, 0.993177, 0.992289, 0.991322, 0.990273, 0.989136, 0.987905, 0.986575, 0.985138, 0.983592, 0.981922, 0.980135, 0.978242, 0.976229, 0.974091, 0.97182, 0.969407, 0.966843, 0.96412, 0.961226, 0.958152, 0.954886, 0.951416, 0.94773, 0.943814, 0.939653, 0.935232, 0.930536, 0.925546, 0.920246, 0.914614, 0.908631, 0.902274, 0.895521, 0.888347, 0.880724, 0.872626, 0.864023, 0.854882, 0.845173, 0.834852, 0.8239, 0.812239, 0.799901, 0.786689, 0.772865, 0.75775, 0.742545, 0.724704, 0.709061, 0.685996, 0.673904, 0.677916, 0.676451, 0.67692, 0.67677, 0.676817, 0.676802, 0.676807, 0.676806, 0.676806, 0.676806, 0.676806, 0.676806, 0.676806, 0.676806, 0.676806, 0.676806, 0.676806, 0.676806, 0.676806, 0.676806, 0.676806, 0.676806, 0.676806, 0.676806, 0.676806, 0.676806, 0.676806, 0.676806, 
1, 1, 0.999998, 0.999962, 0.999904, 0.999819, 0.999706, 0.999563, 0.999389, 0.999181, 0.998938, 0.998658, 0.998337, 0.997974, 0.997565, 0.997108, 0.996601, 0.996039, 0.995419, 0.994738, 0.993992, 0.993177, 0.992289, 0.991322, 0.990273, 0.989136, 0.987905, 0.986575, 0.985138, 0.983592, 0.981922, 0.980135, 0.978242, 0.976229, 0.974091, 0.97182, 0.969407, 0.966843, 0.96412, 0.961226, 0.958152, 0.954886, 0.951416, 0.94773, 0.943814, 0.939653, 0.935232, 0.930536, 0.925546, 0.920246, 0.914614, 0.908631, 0.902274, 0.895521, 0.888347, 0.880724, 0.872626, 0.864023, 0.854882, 0.845173, 0.834852, 0.8239, 0.812239, 0.799901, 0.786689, 0.772865, 0.75775, 0.742545, 0.724704, 0.709061, 0.685996, 0.673904, 0.677916, 0.676451, 0.67692, 0.67677, 0.676817, 0.676802, 0.676807, 0.676806, 0.676806, 0.676806, 0.676806, 0.676806, 0.676806, 0.676806, 0.676806, 0.676806, 0.676806, 0.676806, 0.676806, 0.676806, 0.676806, 0.676806, 0.676806, 0.676806, 0.676806, 0.676806, 0.676806, 0.676806, 
1, 1, 0.999998, 0.999962, 0.999904, 0.999819, 0.999706, 0.999563, 0.999389, 0.999181, 0.998938, 0.998658, 0.998337, 0.997974, 0.997565, 0.997108, 0.996601, 0.996039, 0.995419, 0.994738, 0.993992, 0.993177, 0.992289, 0.991322, 0.990273, 0.989136, 0.987905, 0.986575, 0.985138, 0.983592, 0.981922, 0.980135, 0.978242, 0.976229, 0.974091, 0.97182, 0.969407, 0.966843, 0.96412, 0.961226, 0.958152, 0.954886, 0.951416, 0.94773, 0.943814, 0.939653, 0.935232, 0.930536, 0.925546, 0.920246, 0.914614, 0.908631, 0.902274, 0.895521, 0.888347, 0.880724, 0.872626, 0.864023, 0.854882, 0.845173, 0.834852, 0.8239, 0.812239, 0.799901, 0.786689, 0.772865, 0.75775, 0.742545, 0.724704, 0.709061, 0.685996, 0.673904, 0.677916, 0.676451, 0.67692, 0.67677, 0.676817, 0.676802, 0.676807, 0.676806, 0.676806, 0.676806, 0.676806, 0.676806, 0.676806, 0.676806, 0.676806, 0.676806, 0.676806, 0.676806, 0.676806, 0.676806, 0.676806, 0.676806, 0.676806, 0.676806, 0.676806, 0.676806, 0.676806, 0.676806, 
1, 1, 0.999998, 0.999962, 0.999904, 0.999819, 0.999706, 0.999563, 0.999389, 0.999181, 0.998938, 0.998658, 0.998337, 0.997974, 0.997565, 0.997108, 0.996601, 0.996039, 0.995419, 0.994738, 0.993992, 0.993177, 0.992289, 0.991322, 0.990273, 0.989136, 0.987905, 0.986575, 0.985138, 0.983592, 0.981922, 0.980135, 0.978242, 0.976229, 0.974091, 0.97182, 0.969407, 0.966843, 0.96412, 0.961226, 0.958152, 0.954886, 0.951416, 0.94773, 0.943814, 0.939653, 0.935232, 0.930536, 0.925546, 0.920246, 0.914614, 0.908631, 0.902274, 0.895521, 0.888347, 0.880724, 0.872626, 0.864023, 0.854882, 0.845173, 0.834852, 0.8239, 0.812239, 0.799901, 0.786689, 0.772865, 0.75775, 0.742545, 0.724704, 0.709061, 0.685996, 0.673904, 0.677916, 0.676451, 0.67692, 0.67677, 0.676817, 0.676802, 0.676807, 0.676806, 0.676806, 0.676806, 0.676806, 0.676806, 0.676806, 0.676806, 0.676806, 0.676806, 0.676806, 0.676806, 0.676806, 0.676806, 0.676806, 0.676806, 0.676806, 0.676806, 0.676806, 0.676806, 0.676806, 0.676806, 
1, 1, 0.999998, 0.999962, 0.999904, 0.999819, 0.999706, 0.999563, 0.999389, 0.999181, 0.998938, 0.998658, 0.998337, 0.997974, 0.997565, 0.997108, 0.996601, 0.996039, 0.995419, 0.994738, 0.993992, 0.993177, 0.992289, 0.991322, 0.990273, 0.989136, 0.987905, 0.986575, 0.985138, 0.983592, 0.981922, 0.980135, 0.978242, 0.976229, 0.974091, 0.97182, 0.969407, 0.966843, 0.96412, 0.961226, 0.958152, 0.954886, 0.951416, 0.94773, 0.943814, 0.939653, 0.935232, 0.930536, 0.925546, 0.920246, 0.914614, 0.908631, 0.902274, 0.895521, 0.888347, 0.880724, 0.872626, 0.864023, 0.854882, 0.845173, 0.834852, 0.8239, 0.812239, 0.799901, 0.786689, 0.772865, 0.75775, 0.742545, 0.724704, 0.709061, 0.685996, 0.673904, 0.677916, 0.676451, 0.67692, 0.67677, 0.676817, 0.676802, 0.676807, 0.676806, 0.676806, 0.676806, 0.676806, 0.676806, 0.676806, 0.676806, 0.676806, 0.676806, 0.676806, 0.676806, 0.676806, 0.676806, 0.676806, 0.676806, 0.676806, 0.676806, 0.676806, 0.676806, 0.676806, 0.676806, 
1, 1, 0.999998, 0.999962, 0.999904, 0.999819, 0.999706, 0.999563, 0.999389, 0.999181, 0.998938, 0.998658, 0.998337, 0.997974, 0.997565, 0.997108, 0.996601, 0.996039, 0.995419, 0.994738, 0.993992, 0.993177, 0.992289, 0.991322, 0.990273, 0.989136, 0.987905, 0.986575, 0.985138, 0.983592, 0.981922, 0.980135, 0.978242, 0.976229, 0.974091, 0.97182, 0.969407, 0.966843, 0.96412, 0.961226, 0.958152, 0.954886, 0.951416, 0.94773, 0.943814, 0.939653, 0.935232, 0.930536, 0.925546, 0.920246, 0.914614, 0.908631, 0.902274, 0.895521, 0.888347, 0.880724, 0.872626, 0.864023, 0.854882, 0.845173, 0.834852, 0.8239, 0.812239, 0.799901, 0.786689, 0.772865, 0.75775, 0.742545, 0.724704, 0.709061, 0.685996, 0.673904, 0.677916, 0.676451, 0.67692, 0.67677, 0.676817, 0.676802, 0.676807, 0.676806, 0.676806, 0.676806, 0.676806, 0.676806, 0.676806, 0.676806, 0.676806, 0.676806, 0.676806, 0.676806, 0.676806, 0.676806, 0.676806, 0.676806, 0.676806, 0.676806, 0.676806, 0.676806, 0.676806, 0.676806, 
1, 1, 0.999998, 0.999962, 0.999904, 0.999819, 0.999706, 0.999563, 0.999389, 0.999181, 0.998938, 0.998658, 0.998337, 0.997974, 0.997565, 0.997108, 0.996601, 0.996039, 0.995419, 0.994738, 0.993992, 0.993177, 0.992289, 0.991322, 0.990273, 0.989136, 0.987905, 0.986575, 0.985138, 0.983592, 0.981922, 0.980135, 0.978242, 0.976229, 0.974091, 0.97182, 0.969407, 0.966843, 0.96412, 0.961226, 0.958152, 0.954886, 0.951416, 0.94773, 0.943814, 0.939653, 0.935232, 0.930536, 0.925546, 0.920246, 0.914614, 0.908631, 0.902274, 0.895521, 0.888347, 0.880724, 0.872626, 0.864023, 0.854882, 0.845173, 0.834852, 0.8239, 0.812238, 0.799901, 0.786689, 0.772865, 0.75775, 0.742545, 0.724704, 0.709061, 0.685996, 0.673904, 0.677916, 0.676451, 0.67692, 0.67677, 0.676817, 0.676802, 0.676807, 0.676806, 0.676806, 0.676806, 0.676806, 0.676806, 0.676806, 0.676806, 0.676806, 0.676806, 0.676806, 0.676806, 0.676806, 0.676806, 0.676806, 0.676806, 0.676806, 0.676806, 0.676806, 0.676806, 0.676806, 0.676806, 
1, 1, 0.999998, 0.999962, 0.999904, 0.999819, 0.999706, 0.999563, 0.999389, 0.999181, 0.998938, 0.998658, 0.998337, 0.997974, 0.997565, 0.997108, 0.996601, 0.996039, 0.995419, 0.994738, 0.993992, 0.993177, 0.992289, 0.991322, 0.990273, 0.989136, 0.987905, 0.986575, 0.985138, 0.983592, 0.981922, 0.980135, 0.978242, 0.976229, 0.974091, 0.97182, 0.969407, 0.966843, 0.96412, 0.961226, 0.958152, 0.954886, 0.951416, 0.94773, 0.943814, 0.939653, 0.935232, 0.930536, 0.925546, 0.920246, 0.914614, 0.908631, 0.902274, 0.895521, 0.888347, 0.880724, 0.872626, 0.864023, 0.854882, 0.845173, 0.834852, 0.8239, 0.812238, 0.799901, 0.786689, 0.772865, 0.75775, 0.742545, 0.724704, 0.709061, 0.685996, 0.673904, 0.677916, 0.676451, 0.67692, 0.67677, 0.676817, 0.676802, 0.676807, 0.676806, 0.676806, 0.676806, 0.676806, 0.676806, 0.676806, 0.676806, 0.676806, 0.676806, 0.676806, 0.676806, 0.676806, 0.676806, 0.676806, 0.676806, 0.676806, 0.676806, 0.676806, 0.676806, 0.676806, 0.676806, 
1, 1, 0.999998, 0.999962, 0.999904, 0.999819, 0.999706, 0.999563, 0.999389, 0.999181, 0.998938, 0.998658, 0.998337, 0.997974, 0.997565, 0.997108, 0.996601, 0.996039, 0.995419, 0.994738, 0.993992, 0.993177, 0.992289, 0.991322, 0.990273, 0.989136, 0.987905, 0.986575, 0.985138, 0.983592, 0.981922, 0.980135, 0.978242, 0.976229, 0.974091, 0.97182, 0.969407, 0.966843, 0.96412, 0.961226, 0.958152, 0.954886, 0.951416, 0.94773, 0.943814, 0.939653, 0.935232, 0.930536, 0.925546, 0.920246, 0.914614, 0.908631, 0.902274, 0.895521, 0.888347, 0.880724, 0.872626, 0.864023, 0.854882, 0.845173, 0.834852, 0.8239, 0.812238, 0.799901, 0.786689, 0.772865, 0.75775, 0.742545, 0.724704, 0.709061, 0.685996, 0.673904, 0.677916, 0.676451, 0.67692, 0.67677, 0.676817, 0.676802, 0.676807, 0.676806, 0.676806, 0.676806, 0.676806, 0.676806, 0.676806, 0.676806, 0.676806, 0.676806, 0.676806, 0.676806, 0.676806, 0.676806, 0.676806, 0.676806, 0.676806, 0.676806, 0.676806, 0.676806, 0.676806, 0.676806, 
1, 1, 0.999998, 0.999962, 0.999904, 0.999819, 0.999706, 0.999563, 0.999389, 0.999181, 0.998938, 0.998658, 0.998337, 0.997974, 0.997565, 0.997108, 0.996601, 0.996039, 0.995419, 0.994738, 0.993992, 0.993177, 0.992289, 0.991322, 0.990273, 0.989136, 0.987905, 0.986575, 0.985138, 0.983592, 0.981922, 0.980135, 0.978242, 0.976229, 0.974091, 0.97182, 0.969407, 0.966843, 0.96412, 0.961226, 0.958152, 0.954886, 0.951416, 0.94773, 0.943814, 0.939653, 0.935232, 0.930536, 0.925546, 0.920246, 0.914614, 0.908631, 0.902274, 0.895521, 0.888347, 0.880724, 0.872626, 0.864023, 0.854882, 0.845173, 0.834852, 0.8239, 0.812238, 0.799901, 0.786689, 0.772865, 0.75775, 0.742545, 0.724704, 0.709061, 0.685996, 0.673904, 0.677916, 0.676451, 0.67692, 0.67677, 0.676817, 0.676802, 0.676807, 0.676806, 0.676806, 0.676806, 0.676806, 0.676806, 0.676806, 0.676806, 0.676806, 0.676806, 0.676806, 0.676806, 0.676806, 0.676806, 0.676806, 0.676806, 0.676806, 0.676806, 0.676806, 0.676806, 0.676806, 0.676806, 
1, 1, 0.999998, 0.999962, 0.999904, 0.999819, 0.999706, 0.999563, 0.999389, 0.999181, 0.998938, 0.998658, 0.998337, 0.997974, 0.997565, 0.997108, 0.996601, 0.996039, 0.995419, 0.994738, 0.993992, 0.993177, 0.992289, 0.991322, 0.990273, 0.989136, 0.987905, 0.986575, 0.985138, 0.983592, 0.981922, 0.980135, 0.978242, 0.976229, 0.974091, 0.97182, 0.969407, 0.966843, 0.96412, 0.961226, 0.958152, 0.954886, 0.951416, 0.94773, 0.943814, 0.939653, 0.935232, 0.930536, 0.925546, 0.920246, 0.914614, 0.908631, 0.902274, 0.895521, 0.888347, 0.880724, 0.872626, 0.864023, 0.854882, 0.845173, 0.834852, 0.8239, 0.812238, 0.799901, 0.786689, 0.772865, 0.75775, 0.742545, 0.724704, 0.709061, 0.685996, 0.673904, 0.677916, 0.676451, 0.67692, 0.67677, 0.676817, 0.676802, 0.676807, 0.676806, 0.676806, 0.676806, 0.676806, 0.676806, 0.676806, 0.676806, 0.676806, 0.676806, 0.676806, 0.676806, 0.676806, 0.676806, 0.676806, 0.676806, 0.676806, 0.676806, 0.676806, 0.676806, 0.676806, 0.676806, 
1, 1, 0.999998, 0.999962, 0.999904, 0.999819, 0.999706, 0.999563, 0.999389, 0.999181, 0.998938, 0.998658, 0.998337, 0.997974, 0.997565, 0.997108, 0.996601, 0.996039, 0.995419, 0.994738, 0.993992, 0.993177, 0.992289, 0.991322, 0.990273, 0.989136, 0.987905, 0.986575, 0.985138, 0.983592, 0.981922, 0.980135, 0.978242, 0.976229, 0.974091, 0.97182, 0.969407, 0.966843, 0.96412, 0.961226, 0.958152, 0.954886, 0.951416, 0.94773, 0.943814, 0.939653, 0.935232, 0.930536, 0.925546, 0.920246, 0.914614, 0.908631, 0.902274, 0.895521, 0.888347, 0.880724, 0.872626, 0.864023, 0.854882, 0.845173, 0.834852, 0.8239, 0.812238, 0.799901, 0.786689, 0.772865, 0.75775, 0.742545, 0.724704, 0.709061, 0.685996, 0.673904, 0.677916, 0.676451, 0.67692, 0.67677, 0.676817, 0.676802, 0.676807, 0.676806, 0.676806, 0.676806, 0.676806, 0.676806, 0.676806, 0.676806, 0.676806, 0.676806, 0.676806, 0.676806, 0.676806, 0.676806, 0.676806, 0.676806, 0.676806, 0.676806, 0.676806, 0.676806, 0.676806, 0.676806, 
1, 1, 0.999998, 0.999962, 0.999904, 0.999819, 0.999706, 0.999563, 0.999389, 0.999181, 0.998938, 0.998658, 0.998337, 0.997974, 0.997565, 0.997108, 0.996601, 0.996039, 0.995419, 0.994738, 0.993992, 0.993177, 0.992289, 0.991322, 0.990273, 0.989136, 0.987905, 0.986575, 0.985138, 0.983592, 0.981922, 0.980135, 0.978242, 0.976229, 0.974091, 0.97182, 0.969407, 0.966843, 0.96412, 0.961226, 0.958152, 0.954886, 0.951416, 0.94773, 0.943814, 0.939653, 0.935232, 0.930536, 0.925546, 0.920246, 0.914614, 0.908631, 0.902274, 0.895521, 0.888347, 0.880724, 0.872626, 0.864023, 0.854882, 0.845173, 0.834852, 0.8239, 0.812238, 0.799901, 0.786689, 0.772865, 0.75775, 0.742545, 0.724704, 0.709061, 0.685996, 0.673904, 0.677916, 0.676451, 0.67692, 0.67677, 0.676817, 0.676802, 0.676807, 0.676806, 0.676806, 0.676806, 0.676806, 0.676806, 0.676806, 0.676806, 0.676806, 0.676806, 0.676806, 0.676806, 0.676806, 0.676806, 0.676806, 0.676806, 0.676806, 0.676806, 0.676806, 0.676806, 0.676806, 0.676806, 
1, 1, 0.999998, 0.999962, 0.999904, 0.999819, 0.999706, 0.999563, 0.999389, 0.999181, 0.998938, 0.998658, 0.998337, 0.997974, 0.997565, 0.997108, 0.996601, 0.996039, 0.995419, 0.994738, 0.993992, 0.993177, 0.992289, 0.991322, 0.990273, 0.989136, 0.987905, 0.986575, 0.985138, 0.983592, 0.981922, 0.980135, 0.978242, 0.976229, 0.974091, 0.97182, 0.969407, 0.966843, 0.96412, 0.961226, 0.958152, 0.954886, 0.951416, 0.94773, 0.943814, 0.939653, 0.935232, 0.930536, 0.925546, 0.920246, 0.914614, 0.908631, 0.902274, 0.895521, 0.888347, 0.880724, 0.872626, 0.864023, 0.854882, 0.845173, 0.834852, 0.8239, 0.812238, 0.799901, 0.786689, 0.772865, 0.75775, 0.742545, 0.724704, 0.709061, 0.685996, 0.673904, 0.677916, 0.676451, 0.67692, 0.67677, 0.676817, 0.676802, 0.676807, 0.676806, 0.676806, 0.676806, 0.676806, 0.676806, 0.676806, 0.676806, 0.676806, 0.676806, 0.676806, 0.676806, 0.676806, 0.676806, 0.676806, 0.676806, 0.676806, 0.676806, 0.676806, 0.676806, 0.676806, 0.676806, 
1, 1, 0.999998, 0.999962, 0.999904, 0.999819, 0.999706, 0.999563, 0.999389, 0.999181, 0.998938, 0.998658, 0.998337, 0.997974, 0.997565, 0.997108, 0.996601, 0.996039, 0.995419, 0.994738, 0.993992, 0.993177, 0.992289, 0.991322, 0.990273, 0.989136, 0.987905, 0.986575, 0.985138, 0.983592, 0.981922, 0.980135, 0.978242, 0.976229, 0.974091, 0.97182, 0.969407, 0.966843, 0.96412, 0.961226, 0.958152, 0.954886, 0.951416, 0.94773, 0.943814, 0.939653, 0.935232, 0.930536, 0.925546, 0.920246, 0.914614, 0.908631, 0.902274, 0.895521, 0.888347, 0.880724, 0.872626, 0.864023, 0.854882, 0.845173, 0.834852, 0.8239, 0.812238, 0.799901, 0.786689, 0.772865, 0.75775, 0.742545, 0.724704, 0.709061, 0.685996, 0.673904, 0.677916, 0.676451, 0.67692, 0.67677, 0.676817, 0.676802, 0.676807, 0.676806, 0.676806, 0.676806, 0.676806, 0.676806, 0.676806, 0.676806, 0.676806, 0.676806, 0.676806, 0.676806, 0.676806, 0.676806, 0.676806, 0.676806, 0.676806, 0.676806, 0.676806, 0.676806, 0.676806, 0.676806, 
1, 1, 0.999998, 0.999962, 0.999904, 0.999819, 0.999706, 0.999563, 0.999389, 0.999181, 0.998938, 0.998658, 0.998337, 0.997974, 0.997565, 0.997108, 0.996601, 0.996039, 0.995419, 0.994738, 0.993992, 0.993177, 0.992289, 0.991322, 0.990273, 0.989136, 0.987905, 0.986575, 0.985138, 0.983592, 0.981922, 0.980135, 0.978242, 0.976229, 0.974091, 0.97182, 0.969407, 0.966843, 0.96412, 0.961226, 0.958152, 0.954886, 0.951416, 0.94773, 0.943814, 0.939653, 0.935232, 0.930536, 0.925546, 0.920246, 0.914614, 0.908631, 0.902274, 0.895521, 0.888347, 0.880724, 0.872626, 0.864023, 0.854882, 0.845173, 0.834852, 0.8239, 0.812238, 0.799901, 0.786689, 0.772865, 0.75775, 0.742545, 0.724704, 0.709061, 0.685996, 0.673904, 0.677916, 0.676451, 0.67692, 0.67677, 0.676817, 0.676802, 0.676807, 0.676806, 0.676806, 0.676806, 0.676806, 0.676806, 0.676806, 0.676806, 0.676806, 0.676806, 0.676806, 0.676806, 0.676806, 0.676806, 0.676806, 0.676806, 0.676806, 0.676806, 0.676806, 0.676806, 0.676806, 0.676806, 
1, 1, 0.999998, 0.999962, 0.999904, 0.999819, 0.999706, 0.999563, 0.999389, 0.999181, 0.998938, 0.998658, 0.998337, 0.997974, 0.997565, 0.997108, 0.996601, 0.996039, 0.995419, 0.994738, 0.993992, 0.993177, 0.992289, 0.991322, 0.990273, 0.989136, 0.987905, 0.986575, 0.985138, 0.983592, 0.981922, 0.980135, 0.978242, 0.976229, 0.974091, 0.97182, 0.969407, 0.966843, 0.96412, 0.961226, 0.958152, 0.954886, 0.951416, 0.94773, 0.943814, 0.939653, 0.935232, 0.930536, 0.925546, 0.920246, 0.914614, 0.908631, 0.902274, 0.895521, 0.888347, 0.880724, 0.872626, 0.864023, 0.854882, 0.845173, 0.834852, 0.8239, 0.812238, 0.799901, 0.786689, 0.772865, 0.75775, 0.742545, 0.724704, 0.709061, 0.685996, 0.673904, 0.677916, 0.676451, 0.67692, 0.67677, 0.676817, 0.676802, 0.676807, 0.676806, 0.676806, 0.676806, 0.676806, 0.676806, 0.676806, 0.676806, 0.676806, 0.676806, 0.676806, 0.676806, 0.676806, 0.676806, 0.676806, 0.676806, 0.676806, 0.676806, 0.676806, 0.676806, 0.676806, 0.676806, 
1, 1, 0.999998, 0.999962, 0.999904, 0.999819, 0.999706, 0.999563, 0.999389, 0.999181, 0.998938, 0.998658, 0.998337, 0.997974, 0.997565, 0.997108, 0.996601, 0.996039, 0.995419, 0.994738, 0.993992, 0.993177, 0.992289, 0.991322, 0.990273, 0.989136, 0.987905, 0.986575, 0.985138, 0.983592, 0.981922, 0.980135, 0.978242, 0.976229, 0.974091, 0.97182, 0.969407, 0.966843, 0.96412, 0.961226, 0.958152, 0.954886, 0.951416, 0.94773, 0.943814, 0.939653, 0.935232, 0.930536, 0.925546, 0.920246, 0.914614, 0.908631, 0.902274, 0.895521, 0.888347, 0.880724, 0.872626, 0.864023, 0.854882, 0.845173, 0.834852, 0.8239, 0.812238, 0.799901, 0.786689, 0.772865, 0.75775, 0.742545, 0.724704, 0.709061, 0.685996, 0.673904, 0.677916, 0.676451, 0.67692, 0.67677, 0.676817, 0.676802, 0.676807, 0.676806, 0.676806, 0.676806, 0.676806, 0.676806, 0.676806, 0.676806, 0.676806, 0.676806, 0.676806, 0.676806, 0.676806, 0.676806, 0.676806, 0.676806, 0.676806, 0.676806, 0.676806, 0.676806, 0.676806, 0.676806, 
1, 1, 0.999998, 0.999962, 0.999904, 0.999819, 0.999706, 0.999563, 0.999389, 0.999181, 0.998938, 0.998658, 0.998337, 0.997974, 0.997565, 0.997108, 0.996601, 0.996039, 0.995419, 0.994738, 0.993992, 0.993177, 0.992289, 0.991322, 0.990273, 0.989136, 0.987905, 0.986575, 0.985138, 0.983592, 0.981922, 0.980135, 0.978242, 0.976229, 0.974091, 0.97182, 0.969407, 0.966843, 0.96412, 0.961226, 0.958152, 0.954886, 0.951416, 0.94773, 0.943814, 0.939653, 0.935232, 0.930536, 0.925546, 0.920246, 0.914614, 0.908631, 0.902274, 0.895521, 0.888347, 0.880724, 0.872626, 0.864023, 0.854882, 0.845173, 0.834852, 0.8239, 0.812238, 0.799901, 0.786689, 0.772865, 0.75775, 0.742545, 0.724704, 0.709061, 0.685996, 0.673904, 0.677916, 0.676451, 0.67692, 0.67677, 0.676817, 0.676802, 0.676807, 0.676806, 0.676806, 0.676806, 0.676806, 0.676806, 0.676806, 0.676806, 0.676806, 0.676806, 0.676806, 0.676806, 0.676806, 0.676806, 0.676806, 0.676806, 0.676806, 0.676806, 0.676806, 0.676806, 0.676806, 0.676806, 
1, 1, 0.999998, 0.999962, 0.999904, 0.999819, 0.999706, 0.999563, 0.999389, 0.999181, 0.998938, 0.998658, 0.998337, 0.997974, 0.997565, 0.997108, 0.996601, 0.996039, 0.995419, 0.994738, 0.993992, 0.993177, 0.992289, 0.991322, 0.990273, 0.989136, 0.987905, 0.986575, 0.985138, 0.983592, 0.981922, 0.980135, 0.978242, 0.976229, 0.974091, 0.97182, 0.969407, 0.966843, 0.96412, 0.961226, 0.958152, 0.954886, 0.951416, 0.94773, 0.943814, 0.939653, 0.935232, 0.930536, 0.925546, 0.920246, 0.914614, 0.908631, 0.902274, 0.895521, 0.888347, 0.880724, 0.872626, 0.864023, 0.854882, 0.845173, 0.834852, 0.8239, 0.812238, 0.799901, 0.786689, 0.772865, 0.75775, 0.742545, 0.724704, 0.709061, 0.685996, 0.673904, 0.677916, 0.676451, 0.67692, 0.67677, 0.676817, 0.676802, 0.676807, 0.676806, 0.676806, 0.676806, 0.676806, 0.676806, 0.676806, 0.676806, 0.676806, 0.676806, 0.676806, 0.676806, 0.676806, 0.676806, 0.676806, 0.676806, 0.676806, 0.676806, 0.676806, 0.676806, 0.676806, 0.676806, 
1, 1, 0.999998, 0.999962, 0.999904, 0.999819, 0.999706, 0.999563, 0.999389, 0.999181, 0.998938, 0.998658, 0.998337, 0.997974, 0.997565, 0.997108, 0.996601, 0.996039, 0.995419, 0.994738, 0.993992, 0.993177, 0.992289, 0.991322, 0.990273, 0.989136, 0.987905, 0.986575, 0.985138, 0.983592, 0.981922, 0.980135, 0.978242, 0.976229, 0.974091, 0.97182, 0.969407, 0.966843, 0.96412, 0.961226, 0.958152, 0.954886, 0.951416, 0.94773, 0.943814, 0.939653, 0.935232, 0.930536, 0.925546, 0.920246, 0.914614, 0.908631, 0.902274, 0.895521, 0.888347, 0.880724, 0.872626, 0.864023, 0.854882, 0.845173, 0.834852, 0.8239, 0.812238, 0.799901, 0.786689, 0.772865, 0.75775, 0.742545, 0.724704, 0.709061, 0.685996, 0.673904, 0.677916, 0.676451, 0.67692, 0.67677, 0.676817, 0.676802, 0.676807, 0.676806, 0.676806, 0.676806, 0.676806, 0.676806, 0.676806, 0.676806, 0.676806, 0.676806, 0.676806, 0.676806, 0.676806, 0.676806, 0.676806, 0.676806, 0.676806, 0.676806, 0.676806, 0.676806, 0.676806, 0.676806, 
1, 1, 0.999998, 0.999962, 0.999904, 0.999819, 0.999706, 0.999563, 0.999389, 0.999181, 0.998938, 0.998658, 0.998337, 0.997974, 0.997565, 0.997108, 0.996601, 0.996039, 0.995419, 0.994738, 0.993992, 0.993177, 0.992289, 0.991322, 0.990273, 0.989136, 0.987905, 0.986575, 0.985138, 0.983592, 0.981922, 0.980135, 0.978242, 0.976229, 0.974091, 0.97182, 0.969407, 0.966843, 0.96412, 0.961226, 0.958152, 0.954886, 0.951416, 0.94773, 0.943814, 0.939653, 0.935232, 0.930536, 0.925546, 0.920246, 0.914614, 0.908631, 0.902274, 0.895521, 0.888347, 0.880724, 0.872626, 0.864023, 0.854882, 0.845173, 0.834852, 0.8239, 0.812238, 0.799901, 0.786689, 0.772865, 0.75775, 0.742545, 0.724704, 0.709061, 0.685996, 0.673904, 0.677916, 0.676451, 0.67692, 0.67677, 0.676817, 0.676802, 0.676807, 0.676806, 0.676806, 0.676806, 0.676806, 0.676806, 0.676806, 0.676806, 0.676806, 0.676806, 0.676806, 0.676806, 0.676806, 0.676806, 0.676806, 0.676806, 0.676806, 0.676806, 0.676806, 0.676806, 0.676806, 0.676806, 
1, 1, 0.999998, 0.999962, 0.999904, 0.999819, 0.999706, 0.999563, 0.999389, 0.999181, 0.998938, 0.998658, 0.998337, 0.997974, 0.997565, 0.997108, 0.996601, 0.996039, 0.995419, 0.994738, 0.993992, 0.993177, 0.992289, 0.991322, 0.990273, 0.989136, 0.987905, 0.986575, 0.985138, 0.983592, 0.981922, 0.980135, 0.978242, 0.976229, 0.974091, 0.97182, 0.969407, 0.966843, 0.96412, 0.961226, 0.958152, 0.954886, 0.951416, 0.94773, 0.943814, 0.939653, 0.935232, 0.930536, 0.925546, 0.920246, 0.914614, 0.908631, 0.902274, 0.895521, 0.888347, 0.880724, 0.872626, 0.864023, 0.854882, 0.845173, 0.834852, 0.8239, 0.812238, 0.799901, 0.786689, 0.772865, 0.75775, 0.742545, 0.724704, 0.709061, 0.685996, 0.673904, 0.677916, 0.676451, 0.67692, 0.67677, 0.676817, 0.676802, 0.676807, 0.676806, 0.676806, 0.676806, 0.676806, 0.676806, 0.676806, 0.676806, 0.676806, 0.676806, 0.676806, 0.676806, 0.676806, 0.676806, 0.676806, 0.676806, 0.676806, 0.676806, 0.676806, 0.676806, 0.676806, 0.676806, 
1, 1, 0.999998, 0.999962, 0.999904, 0.999819, 0.999706, 0.999563, 0.999389, 0.999181, 0.998938, 0.998658, 0.998337, 0.997974, 0.997565, 0.997108, 0.996601, 0.996039, 0.995419, 0.994738, 0.993992, 0.993177, 0.992289, 0.991322, 0.990273, 0.989136, 0.987905, 0.986575, 0.985138, 0.983592, 0.981922, 0.980135, 0.978242, 0.976229, 0.974091, 0.97182, 0.969407, 0.966843, 0.96412, 0.961226, 0.958152, 0.954886, 0.951416, 0.94773, 0.943814, 0.939653, 0.935232, 0.930536, 0.925546, 0.920246, 0.914614, 0.908631, 0.902274, 0.895521, 0.888347, 0.880724, 0.872626, 0.864023, 0.854882, 0.845173, 0.834852, 0.8239, 0.812238, 0.799901, 0.786689, 0.772865, 0.75775, 0.742545, 0.724704, 0.709061, 0.685996, 0.673904, 0.677916, 0.676451, 0.67692, 0.67677, 0.676817, 0.676802, 0.676807, 0.676806, 0.676806, 0.676806, 0.676806, 0.676806, 0.676806, 0.676806, 0.676806, 0.676806, 0.676806, 0.676806, 0.676806, 0.676806, 0.676806, 0.676806, 0.676806, 0.676806, 0.676806, 0.676806, 0.676806, 0.676806, 
1, 1, 0.999998, 0.999962, 0.999904, 0.999819, 0.999706, 0.999563, 0.999389, 0.999181, 0.998938, 0.998658, 0.998337, 0.997974, 0.997565, 0.997108, 0.996601, 0.996039, 0.995419, 0.994738, 0.993992, 0.993177, 0.992289, 0.991322, 0.990273, 0.989136, 0.987905, 0.986575, 0.985138, 0.983592, 0.981922, 0.980135, 0.978242, 0.976229, 0.974091, 0.97182, 0.969407, 0.966843, 0.96412, 0.961226, 0.958152, 0.954886, 0.951416, 0.94773, 0.943814, 0.939653, 0.935232, 0.930536, 0.925546, 0.920246, 0.914614, 0.908631, 0.902274, 0.895521, 0.888347, 0.880724, 0.872626, 0.864023, 0.854882, 0.845173, 0.834852, 0.8239, 0.812238, 0.799901, 0.786689, 0.772865, 0.75775, 0.742545, 0.724704, 0.709061, 0.685996, 0.673904, 0.677916, 0.676451, 0.67692, 0.67677, 0.676817, 0.676802, 0.676807, 0.676806, 0.676806, 0.676806, 0.676806, 0.676806, 0.676806, 0.676806, 0.676806, 0.676806, 0.676806, 0.676806, 0.676806, 0.676806, 0.676806, 0.676806, 0.676806, 0.676806, 0.676806, 0.676806, 0.676806, 0.676806, 
1, 1, 0.999998, 0.999962, 0.999904, 0.999819, 0.999706, 0.999563, 0.999389, 0.999181, 0.998938, 0.998658, 0.998337, 0.997974, 0.997565, 0.997108, 0.996601, 0.996039, 0.995419, 0.994738, 0.993992, 0.993177, 0.992289, 0.991322, 0.990273, 0.989136, 0.987905, 0.986575, 0.985138, 0.983592, 0.981922, 0.980135, 0.978242, 0.976229, 0.974091, 0.97182, 0.969407, 0.966843, 0.96412, 0.961226, 0.958152, 0.954886, 0.951416, 0.94773, 0.943814, 0.939653, 0.935232, 0.930536, 0.925546, 0.920246, 0.914614, 0.908631, 0.902274, 0.895521, 0.888347, 0.880724, 0.872626, 0.864023, 0.854882, 0.845173, 0.834852, 0.8239, 0.812238, 0.799901, 0.786689, 0.772865, 0.75775, 0.742545, 0.724704, 0.709061, 0.685996, 0.673904, 0.677916, 0.676451, 0.67692, 0.67677, 0.676817, 0.676802, 0.676807, 0.676806, 0.676806, 0.676806, 0.676806, 0.676806, 0.676806, 0.676806, 0.676806, 0.676806, 0.676806, 0.676806, 0.676806, 0.676806, 0.676806, 0.676806, 0.676806, 0.676806, 0.676806, 0.676806, 0.676806, 0.676806, 
1, 1, 0.999998, 0.999962, 0.999904, 0.999819, 0.999706, 0.999563, 0.999389, 0.999181, 0.998938, 0.998658, 0.998337, 0.997974, 0.997565, 0.997108, 0.996601, 0.996039, 0.995419, 0.994738, 0.993992, 0.993177, 0.992289, 0.991322, 0.990273, 0.989136, 0.987905, 0.986575, 0.985138, 0.983592, 0.981922, 0.980135, 0.978242, 0.976229, 0.974091, 0.97182, 0.969407, 0.966843, 0.96412, 0.961226, 0.958152, 0.954886, 0.951416, 0.94773, 0.943814, 0.939653, 0.935232, 0.930536, 0.925546, 0.920246, 0.914614, 0.908631, 0.902274, 0.895521, 0.888347, 0.880724, 0.872626, 0.864023, 0.854882, 0.845173, 0.834852, 0.8239, 0.812238, 0.799901, 0.786689, 0.772865, 0.75775, 0.742545, 0.724704, 0.709061, 0.685996, 0.673904, 0.677916, 0.676451, 0.67692, 0.67677, 0.676817, 0.676802, 0.676807, 0.676806, 0.676806, 0.676806, 0.676806, 0.676806, 0.676806, 0.676806, 0.676806, 0.676806, 0.676806, 0.676806, 0.676806, 0.676806, 0.676806, 0.676806, 0.676806, 0.676806, 0.676806, 0.676806, 0.676806, 0.676806, 
1, 1, 0.999998, 0.999962, 0.999904, 0.999819, 0.999706, 0.999563, 0.999389, 0.999181, 0.998938, 0.998658, 0.998337, 0.997974, 0.997565, 0.997108, 0.996601, 0.996039, 0.995419, 0.994738, 0.993992, 0.993177, 0.992289, 0.991322, 0.990273, 0.989136, 0.987905, 0.986575, 0.985138, 0.983592, 0.981922, 0.980135, 0.978242, 0.976229, 0.974091, 0.97182, 0.969407, 0.966843, 0.96412, 0.961226, 0.958152, 0.954886, 0.951416, 0.94773, 0.943814, 0.939653, 0.935232, 0.930536, 0.925546, 0.920246, 0.914614, 0.908631, 0.902274, 0.895521, 0.888347, 0.880724, 0.872626, 0.864023, 0.854882, 0.845173, 0.834852, 0.8239, 0.812238, 0.799901, 0.786689, 0.772865, 0.75775, 0.742545, 0.724704, 0.709061, 0.685996, 0.673904, 0.677916, 0.676451, 0.67692, 0.67677, 0.676817, 0.676802, 0.676807, 0.676806, 0.676806, 0.676806, 0.676806, 0.676806, 0.676806, 0.676806, 0.676806, 0.676806, 0.676806, 0.676806, 0.676806, 0.676806, 0.676806, 0.676806, 0.676806, 0.676806, 0.676806, 0.676806, 0.676806, 0.676806, 
1, 1, 0.999998, 0.999962, 0.999904, 0.999819, 0.999706, 0.999563, 0.999389, 0.999181, 0.998938, 0.998658, 0.998337, 0.997974, 0.997565, 0.997108, 0.996601, 0.996039, 0.995419, 0.994738, 0.993992, 0.993177, 0.992289, 0.991322, 0.990273, 0.989136, 0.987905, 0.986575, 0.985138, 0.983592, 0.981922, 0.980135, 0.978242, 0.976229, 0.974091, 0.97182, 0.969407, 0.966843, 0.96412, 0.961226, 0.958152, 0.954886, 0.951416, 0.94773, 0.943814, 0.939653, 0.935232, 0.930536, 0.925546, 0.920246, 0.914614, 0.908631, 0.902274, 0.895521, 0.888347, 0.880724, 0.872626, 0.864023, 0.854882, 0.845173, 0.834852, 0.8239, 0.812238, 0.799901, 0.786689, 0.772865, 0.75775, 0.742545, 0.724704, 0.709061, 0.685996, 0.673904, 0.677916, 0.676451, 0.67692, 0.67677, 0.676817, 0.676802, 0.676807, 0.676806, 0.676806, 0.676806, 0.676806, 0.676806, 0.676806, 0.676806, 0.676806, 0.676806, 0.676806, 0.676806, 0.676806, 0.676806, 0.676806, 0.676806, 0.676806, 0.676806, 0.676806, 0.676806, 0.676806, 0.676806, 
1, 1, 0.999998, 0.999962, 0.999904, 0.999819, 0.999706, 0.999563, 0.999389, 0.999181, 0.998938, 0.998658, 0.998337, 0.997974, 0.997565, 0.997108, 0.996601, 0.996039, 0.995419, 0.994738, 0.993992, 0.993177, 0.992289, 0.991322, 0.990273, 0.989136, 0.987905, 0.986575, 0.985138, 0.983592, 0.981922, 0.980135, 0.978242, 0.976229, 0.974091, 0.97182, 0.969407, 0.966843, 0.96412, 0.961226, 0.958152, 0.954886, 0.951416, 0.94773, 0.943814, 0.939653, 0.935232, 0.930536, 0.925546, 0.920246, 0.914614, 0.908631, 0.902274, 0.895521, 0.888347, 0.880724, 0.872626, 0.864023, 0.854882, 0.845173, 0.834852, 0.8239, 0.812238, 0.799901, 0.786689, 0.772865, 0.75775, 0.742545, 0.724704, 0.709061, 0.685996, 0.673904, 0.677916, 0.676451, 0.67692, 0.67677, 0.676817, 0.676802, 0.676807, 0.676806, 0.676806, 0.676806, 0.676806, 0.676806, 0.676806, 0.676806, 0.676806, 0.676806, 0.676806, 0.676806, 0.676806, 0.676806, 0.676806, 0.676806, 0.676806, 0.676806, 0.676806, 0.676806, 0.676806, 0.676806, 
1, 1, 0.999998, 0.999962, 0.999904, 0.999819, 0.999706, 0.999563, 0.999389, 0.999181, 0.998938, 0.998658, 0.998337, 0.997974, 0.997565, 0.997108, 0.996601, 0.996039, 0.995419, 0.994738, 0.993992, 0.993177, 0.992289, 0.991322, 0.990273, 0.989136, 0.987905, 0.986575, 0.985138, 0.983592, 0.981922, 0.980135, 0.978242, 0.976229, 0.974091, 0.97182, 0.969407, 0.966843, 0.96412, 0.961226, 0.958152, 0.954886, 0.951416, 0.94773, 0.943814, 0.939653, 0.935232, 0.930536, 0.925546, 0.920246, 0.914614, 0.908631, 0.902274, 0.895521, 0.888347, 0.880724, 0.872626, 0.864023, 0.854882, 0.845173, 0.834852, 0.8239, 0.812238, 0.799901, 0.786689, 0.772865, 0.75775, 0.742545, 0.724704, 0.709061, 0.685996, 0.673904, 0.677916, 0.676451, 0.67692, 0.67677, 0.676817, 0.676802, 0.676807, 0.676806, 0.676806, 0.676806, 0.676806, 0.676806, 0.676806, 0.676806, 0.676806, 0.676806, 0.676806, 0.676806, 0.676806, 0.676806, 0.676806, 0.676806, 0.676806, 0.676806, 0.676806, 0.676806, 0.676806, 0.676806, 
1, 1, 0.999998, 0.999962, 0.999904, 0.999819, 0.999706, 0.999563, 0.999389, 0.999181, 0.998938, 0.998658, 0.998337, 0.997974, 0.997565, 0.997108, 0.996601, 0.996039, 0.995419, 0.994738, 0.993992, 0.993177, 0.992289, 0.991322, 0.990273, 0.989136, 0.987905, 0.986575, 0.985138, 0.983592, 0.981922, 0.980135, 0.978242, 0.976229, 0.974091, 0.97182, 0.969407, 0.966843, 0.96412, 0.961226, 0.958152, 0.954886, 0.951416, 0.94773, 0.943814, 0.939653, 0.935232, 0.930536, 0.925546, 0.920246, 0.914614, 0.908631, 0.902274, 0.895521, 0.888347, 0.880724, 0.872626, 0.864023, 0.854882, 0.845173, 0.834852, 0.8239, 0.812238, 0.799901, 0.786689, 0.772865, 0.75775, 0.742545, 0.724704, 0.709061, 0.685996, 0.673904, 0.677916, 0.676451, 0.67692, 0.67677, 0.676817, 0.676802, 0.676807, 0.676806, 0.676806, 0.676806, 0.676806, 0.676806, 0.676806, 0.676806, 0.676806, 0.676806, 0.676806, 0.676806, 0.676806, 0.676806, 0.676806, 0.676806, 0.676806, 0.676806, 0.676806, 0.676806, 0.676806, 0.676806, 
1, 1, 0.999998, 0.999962, 0.999904, 0.999819, 0.999706, 0.999563, 0.999389, 0.999181, 0.998938, 0.998658, 0.998337, 0.997974, 0.997565, 0.997108, 0.996601, 0.996039, 0.995419, 0.994738, 0.993992, 0.993177, 0.992289, 0.991322, 0.990273, 0.989136, 0.987905, 0.986575, 0.985138, 0.983592, 0.981922, 0.980135, 0.978242, 0.976229, 0.974091, 0.97182, 0.969407, 0.966843, 0.96412, 0.961226, 0.958152, 0.954886, 0.951416, 0.94773, 0.943814, 0.939653, 0.935232, 0.930536, 0.925546, 0.920246, 0.914614, 0.908631, 0.902274, 0.895521, 0.888347, 0.880724, 0.872626, 0.864023, 0.854882, 0.845173, 0.834852, 0.8239, 0.812238, 0.799901, 0.786689, 0.772865, 0.75775, 0.742545, 0.724704, 0.709061, 0.685996, 0.673904, 0.677916, 0.676451, 0.67692, 0.67677, 0.676817, 0.676802, 0.676807, 0.676806, 0.676806, 0.676806, 0.676806, 0.676806, 0.676806, 0.676806, 0.676806, 0.676806, 0.676806, 0.676806, 0.676806, 0.676806, 0.676806, 0.676806, 0.676806, 0.676806, 0.676806, 0.676806, 0.676806, 0.676806, 
1, 1, 0.999998, 0.999962, 0.999904, 0.999819, 0.999706, 0.999563, 0.999389, 0.999181, 0.998938, 0.998658, 0.998337, 0.997974, 0.997565, 0.997108, 0.996601, 0.996039, 0.995419, 0.994738, 0.993992, 0.993177, 0.992289, 0.991322, 0.990273, 0.989136, 0.987905, 0.986575, 0.985138, 0.983592, 0.981922, 0.980135, 0.978242, 0.976229, 0.974091, 0.97182, 0.969407, 0.966843, 0.96412, 0.961226, 0.958152, 0.954886, 0.951416, 0.94773, 0.943814, 0.939653, 0.935232, 0.930536, 0.925546, 0.920246, 0.914614, 0.908631, 0.902274, 0.895521, 0.888347, 0.880724, 0.872626, 0.864023, 0.854882, 0.845173, 0.834852, 0.8239, 0.812238, 0.799901, 0.786689, 0.772865, 0.75775, 0.742545, 0.724704, 0.709061, 0.685996, 0.673904, 0.677916, 0.676451, 0.67692, 0.67677, 0.676817, 0.676802, 0.676807, 0.676806, 0.676806, 0.676806, 0.676806, 0.676806, 0.676806, 0.676806, 0.676806, 0.676806, 0.676806, 0.676806, 0.676806, 0.676806, 0.676806, 0.676806, 0.676806, 0.676806, 0.676806, 0.676806, 0.676806, 0.676806, 
1, 1, 0.999998, 0.999962, 0.999904, 0.999819, 0.999706, 0.999563, 0.999389, 0.999181, 0.998938, 0.998658, 0.998337, 0.997974, 0.997565, 0.997108, 0.996601, 0.996039, 0.995419, 0.994738, 0.993992, 0.993177, 0.992289, 0.991322, 0.990273, 0.989136, 0.987905, 0.986575, 0.985138, 0.983592, 0.981922, 0.980135, 0.978242, 0.976229, 0.974091, 0.97182, 0.969407, 0.966843, 0.96412, 0.961226, 0.958152, 0.954886, 0.951416, 0.94773, 0.943814, 0.939653, 0.935232, 0.930536, 0.925546, 0.920246, 0.914614, 0.908631, 0.902274, 0.895521, 0.888347, 0.880724, 0.872626, 0.864023, 0.854882, 0.845173, 0.834852, 0.8239, 0.812238, 0.799901, 0.786689, 0.772865, 0.75775, 0.742545, 0.724704, 0.709061, 0.685996, 0.673904, 0.677916, 0.676451, 0.67692, 0.67677, 0.676817, 0.676802, 0.676807, 0.676806, 0.676806, 0.676806, 0.676806, 0.676806, 0.676806, 0.676806, 0.676806, 0.676806, 0.676806, 0.676806, 0.676806, 0.676806, 0.676806, 0.676806, 0.676806, 0.676806, 0.676806, 0.676806, 0.676806, 0.676806, 
1, 1, 0.999998, 0.999962, 0.999904, 0.999819, 0.999706, 0.999563, 0.999389, 0.999181, 0.998938, 0.998658, 0.998337, 0.997974, 0.997565, 0.997108, 0.996601, 0.996039, 0.995419, 0.994738, 0.993992, 0.993177, 0.992289, 0.991322, 0.990273, 0.989136, 0.987905, 0.986575, 0.985138, 0.983592, 0.981922, 0.980135, 0.978242, 0.976229, 0.974091, 0.97182, 0.969407, 0.966843, 0.96412, 0.961226, 0.958152, 0.954886, 0.951416, 0.94773, 0.943814, 0.939653, 0.935232, 0.930536, 0.925546, 0.920246, 0.914614, 0.908631, 0.902274, 0.895521, 0.888347, 0.880724, 0.872626, 0.864023, 0.854882, 0.845173, 0.834852, 0.8239, 0.812238, 0.799901, 0.786689, 0.772865, 0.75775, 0.742545, 0.724704, 0.709061, 0.685996, 0.673904, 0.677916, 0.676451, 0.67692, 0.67677, 0.676817, 0.676802, 0.676807, 0.676806, 0.676806, 0.676806, 0.676806, 0.676806, 0.676806, 0.676806, 0.676806, 0.676806, 0.676806, 0.676806, 0.676806, 0.676806, 0.676806, 0.676806, 0.676806, 0.676806, 0.676806, 0.676806, 0.676806, 0.676806, 
1, 1, 0.999998, 0.999962, 0.999904, 0.999819, 0.999706, 0.999563, 0.999389, 0.999181, 0.998938, 0.998658, 0.998337, 0.997974, 0.997565, 0.997108, 0.996601, 0.996039, 0.995419, 0.994738, 0.993992, 0.993177, 0.992289, 0.991322, 0.990273, 0.989136, 0.987905, 0.986575, 0.985138, 0.983592, 0.981922, 0.980135, 0.978242, 0.976229, 0.974091, 0.97182, 0.969407, 0.966843, 0.96412, 0.961226, 0.958152, 0.954886, 0.951416, 0.94773, 0.943814, 0.939653, 0.935232, 0.930536, 0.925546, 0.920246, 0.914614, 0.908631, 0.902274, 0.895521, 0.888347, 0.880724, 0.872626, 0.864023, 0.854882, 0.845173, 0.834852, 0.8239, 0.812238, 0.799901, 0.786689, 0.772865, 0.75775, 0.742545, 0.724704, 0.709061, 0.685996, 0.673904, 0.677916, 0.676451, 0.67692, 0.67677, 0.676817, 0.676802, 0.676807, 0.676806, 0.676806, 0.676806, 0.676806, 0.676806, 0.676806, 0.676806, 0.676806, 0.676806, 0.676806, 0.676806, 0.676806, 0.676806, 0.676806, 0.676806, 0.676806, 0.676806, 0.676806, 0.676806, 0.676806, 0.676806, 
1, 1, 0.999998, 0.999962, 0.999904, 0.999819, 0.999706, 0.999563, 0.999389, 0.999181, 0.998938, 0.998658, 0.998337, 0.997974, 0.997565, 0.997108, 0.996601, 0.996039, 0.995419, 0.994738, 0.993992, 0.993177, 0.992289, 0.991322, 0.990273, 0.989136, 0.987905, 0.986575, 0.985138, 0.983592, 0.981922, 0.980135, 0.978242, 0.976229, 0.974091, 0.97182, 0.969407, 0.966843, 0.96412, 0.961226, 0.958152, 0.954886, 0.951416, 0.94773, 0.943814, 0.939653, 0.935232, 0.930536, 0.925546, 0.920246, 0.914614, 0.908631, 0.902274, 0.895521, 0.888347, 0.880724, 0.872626, 0.864023, 0.854882, 0.845173, 0.834852, 0.8239, 0.812238, 0.799901, 0.786689, 0.772865, 0.75775, 0.742545, 0.724704, 0.709061, 0.685996, 0.673904, 0.677916, 0.676451, 0.67692, 0.67677, 0.676817, 0.676802, 0.676807, 0.676806, 0.676806, 0.676806, 0.676806, 0.676806, 0.676806, 0.676806, 0.676806, 0.676806, 0.676806, 0.676806, 0.676806, 0.676806, 0.676806, 0.676806, 0.676806, 0.676806, 0.676806, 0.676806, 0.676806, 0.676806, 
1, 1, 0.999998, 0.999962, 0.999904, 0.999819, 0.999706, 0.999563, 0.999389, 0.999181, 0.998938, 0.998658, 0.998337, 0.997974, 0.997565, 0.997108, 0.996601, 0.996039, 0.995419, 0.994738, 0.993992, 0.993177, 0.992289, 0.991322, 0.990273, 0.989136, 0.987905, 0.986575, 0.985138, 0.983592, 0.981922, 0.980135, 0.978242, 0.976229, 0.974091, 0.97182, 0.969407, 0.966843, 0.96412, 0.961226, 0.958152, 0.954886, 0.951416, 0.94773, 0.943814, 0.939653, 0.935232, 0.930536, 0.925546, 0.920246, 0.914614, 0.908631, 0.902274, 0.895521, 0.888347, 0.880724, 0.872626, 0.864023, 0.854882, 0.845173, 0.834852, 0.8239, 0.812238, 0.799901, 0.786689, 0.772865, 0.75775, 0.742545, 0.724704, 0.709061, 0.685996, 0.673904, 0.677916, 0.676451, 0.67692, 0.67677, 0.676817, 0.676802, 0.676807, 0.676806, 0.676806, 0.676806, 0.676806, 0.676806, 0.676806, 0.676806, 0.676806, 0.676806, 0.676806, 0.676806, 0.676806, 0.676806, 0.676806, 0.676806, 0.676806, 0.676806, 0.676806, 0.676806, 0.676806, 0.676806, 
1, 1, 0.999998, 0.999962, 0.999904, 0.999819, 0.999706, 0.999563, 0.999389, 0.999181, 0.998938, 0.998658, 0.998337, 0.997974, 0.997565, 0.997108, 0.996601, 0.996039, 0.995419, 0.994738, 0.993992, 0.993177, 0.992289, 0.991322, 0.990273, 0.989136, 0.987905, 0.986575, 0.985138, 0.983592, 0.981922, 0.980135, 0.978242, 0.976229, 0.974091, 0.97182, 0.969407, 0.966843, 0.96412, 0.961226, 0.958152, 0.954886, 0.951416, 0.94773, 0.943814, 0.939653, 0.935232, 0.930536, 0.925546, 0.920246, 0.914614, 0.908631, 0.902274, 0.895521, 0.888347, 0.880724, 0.872626, 0.864023, 0.854882, 0.845173, 0.834852, 0.8239, 0.812238, 0.799901, 0.786689, 0.772865, 0.75775, 0.742545, 0.724704, 0.709061, 0.685996, 0.673904, 0.677916, 0.676451, 0.67692, 0.67677, 0.676817, 0.676802, 0.676807, 0.676806, 0.676806, 0.676806, 0.676806, 0.676806, 0.676806, 0.676806, 0.676806, 0.676806, 0.676806, 0.676806, 0.676806, 0.676806, 0.676806, 0.676806, 0.676806, 0.676806, 0.676806, 0.676806, 0.676806, 0.676806, 
1, 1, 0.999998, 0.999962, 0.999904, 0.999819, 0.999706, 0.999563, 0.999389, 0.999181, 0.998938, 0.998658, 0.998337, 0.997974, 0.997565, 0.997108, 0.996601, 0.996039, 0.995419, 0.994738, 0.993992, 0.993177, 0.992289, 0.991322, 0.990273, 0.989136, 0.987905, 0.986575, 0.985138, 0.983592, 0.981922, 0.980135, 0.978242, 0.976229, 0.974091, 0.97182, 0.969407, 0.966843, 0.96412, 0.961226, 0.958152, 0.954886, 0.951416, 0.94773, 0.943814, 0.939653, 0.935232, 0.930536, 0.925546, 0.920246, 0.914614, 0.908631, 0.902274, 0.895521, 0.888347, 0.880724, 0.872626, 0.864023, 0.854882, 0.845173, 0.834852, 0.8239, 0.812238, 0.799901, 0.786689, 0.772865, 0.75775, 0.742545, 0.724704, 0.709061, 0.685996, 0.673904, 0.677916, 0.676451, 0.67692, 0.67677, 0.676817, 0.676802, 0.676807, 0.676806, 0.676806, 0.676806, 0.676806, 0.676806, 0.676806, 0.676806, 0.676806, 0.676806, 0.676806, 0.676806, 0.676806, 0.676806, 0.676806, 0.676806, 0.676806, 0.676806, 0.676806, 0.676806, 0.676806, 0.676806, 
1, 1, 0.999998, 0.999962, 0.999904, 0.999819, 0.999706, 0.999563, 0.999389, 0.999181, 0.998938, 0.998658, 0.998337, 0.997974, 0.997565, 0.997108, 0.996601, 0.996039, 0.995419, 0.994738, 0.993992, 0.993177, 0.992289, 0.991322, 0.990273, 0.989136, 0.987905, 0.986575, 0.985138, 0.983592, 0.981922, 0.980135, 0.978242, 0.976229, 0.974091, 0.97182, 0.969407, 0.966843, 0.96412, 0.961226, 0.958152, 0.954886, 0.951416, 0.94773, 0.943814, 0.939653, 0.935232, 0.930536, 0.925546, 0.920246, 0.914614, 0.908631, 0.902274, 0.895521, 0.888347, 0.880724, 0.872626, 0.864023, 0.854882, 0.845173, 0.834852, 0.8239, 0.812238, 0.799901, 0.786689, 0.772865, 0.75775, 0.742545, 0.724704, 0.709061, 0.685996, 0.673904, 0.677916, 0.676451, 0.67692, 0.67677, 0.676817, 0.676802, 0.676807, 0.676806, 0.676806, 0.676806, 0.676806, 0.676806, 0.676806, 0.676806, 0.676806, 0.676806, 0.676806, 0.676806, 0.676806, 0.676806, 0.676806, 0.676806, 0.676806, 0.676806, 0.676806, 0.676806, 0.676806, 0.676806, 
1, 1, 0.999998, 0.999962, 0.999904, 0.999819, 0.999706, 0.999563, 0.999389, 0.999181, 0.998938, 0.998658, 0.998337, 0.997974, 0.997565, 0.997108, 0.996601, 0.996039, 0.995419, 0.994738, 0.993992, 0.993177, 0.992289, 0.991322, 0.990273, 0.989136, 0.987905, 0.986575, 0.985138, 0.983592, 0.981922, 0.980135, 0.978242, 0.976229, 0.974091, 0.97182, 0.969407, 0.966843, 0.96412, 0.961226, 0.958152, 0.954886, 0.951416, 0.94773, 0.943814, 0.939653, 0.935232, 0.930536, 0.925546, 0.920246, 0.914614, 0.908631, 0.902274, 0.895521, 0.888347, 0.880724, 0.872626, 0.864023, 0.854882, 0.845173, 0.834852, 0.8239, 0.812238, 0.799901, 0.786689, 0.772865, 0.75775, 0.742545, 0.724704, 0.709061, 0.685996, 0.673904, 0.677916, 0.676451, 0.67692, 0.67677, 0.676817, 0.676802, 0.676807, 0.676806, 0.676806, 0.676806, 0.676806, 0.676806, 0.676806, 0.676806, 0.676806, 0.676806, 0.676806, 0.676806, 0.676806, 0.676806, 0.676806, 0.676806, 0.676806, 0.676806, 0.676806, 0.676806, 0.676806, 0.676806, 
1, 1, 0.999998, 0.999962, 0.999904, 0.999819, 0.999706, 0.999563, 0.999389, 0.999181, 0.998938, 0.998658, 0.998337, 0.997974, 0.997565, 0.997108, 0.996601, 0.996039, 0.995419, 0.994738, 0.993992, 0.993177, 0.992289, 0.991322, 0.990273, 0.989136, 0.987905, 0.986575, 0.985138, 0.983592, 0.981922, 0.980135, 0.978242, 0.976229, 0.974091, 0.97182, 0.969407, 0.966843, 0.96412, 0.961226, 0.958152, 0.954886, 0.951416, 0.94773, 0.943814, 0.939653, 0.935232, 0.930536, 0.925546, 0.920246, 0.914614, 0.908631, 0.902274, 0.895521, 0.888347, 0.880724, 0.872626, 0.864023, 0.854882, 0.845173, 0.834852, 0.8239, 0.812238, 0.799901, 0.786689, 0.772865, 0.75775, 0.742545, 0.724704, 0.709061, 0.685996, 0.673904, 0.677916, 0.676451, 0.67692, 0.67677, 0.676817, 0.676802, 0.676807, 0.676806, 0.676806, 0.676806, 0.676806, 0.676806, 0.676806, 0.676806, 0.676806, 0.676806, 0.676806, 0.676806, 0.676806, 0.676806, 0.676806, 0.676806, 0.676806, 0.676806, 0.676806, 0.676806, 0.676806, 0.676806, 
1, 1, 0.999998, 0.999962, 0.999904, 0.999819, 0.999706, 0.999563, 0.999389, 0.999181, 0.998938, 0.998658, 0.998337, 0.997974, 0.997565, 0.997108, 0.996601, 0.996039, 0.995419, 0.994738, 0.993992, 0.993177, 0.992289, 0.991322, 0.990273, 0.989136, 0.987905, 0.986575, 0.985138, 0.983592, 0.981922, 0.980135, 0.978242, 0.976229, 0.974091, 0.97182, 0.969407, 0.966843, 0.96412, 0.961226, 0.958152, 0.954886, 0.951416, 0.94773, 0.943814, 0.939653, 0.935232, 0.930536, 0.925546, 0.920246, 0.914614, 0.908631, 0.902274, 0.895521, 0.888347, 0.880724, 0.872626, 0.864023, 0.854882, 0.845173, 0.834852, 0.8239, 0.812238, 0.799901, 0.786689, 0.772865, 0.75775, 0.742545, 0.724704, 0.709061, 0.685996, 0.673904, 0.677916, 0.676451, 0.67692, 0.67677, 0.676817, 0.676802, 0.676807, 0.676806, 0.676806, 0.676806, 0.676806, 0.676806, 0.676806, 0.676806, 0.676806, 0.676806, 0.676806, 0.676806, 0.676806, 0.676806, 0.676806, 0.676806, 0.676806, 0.676806, 0.676806, 0.676806, 0.676806, 0.676806, 
1, 1, 0.999998, 0.999962, 0.999904, 0.999819, 0.999706, 0.999563, 0.999389, 0.999181, 0.998938, 0.998658, 0.998337, 0.997974, 0.997565, 0.997108, 0.996601, 0.996039, 0.995419, 0.994738, 0.993992, 0.993177, 0.992289, 0.991322, 0.990273, 0.989136, 0.987905, 0.986575, 0.985138, 0.983592, 0.981922, 0.980135, 0.978242, 0.976229, 0.974091, 0.97182, 0.969407, 0.966843, 0.96412, 0.961226, 0.958152, 0.954886, 0.951416, 0.94773, 0.943814, 0.939653, 0.935232, 0.930536, 0.925546, 0.920246, 0.914614, 0.908631, 0.902274, 0.895521, 0.888347, 0.880724, 0.872626, 0.864023, 0.854882, 0.845173, 0.834852, 0.8239, 0.812238, 0.799901, 0.786689, 0.772865, 0.75775, 0.742545, 0.724704, 0.709061, 0.685996, 0.673904, 0.677916, 0.676451, 0.67692, 0.67677, 0.676817, 0.676802, 0.676807, 0.676806, 0.676806, 0.676806, 0.676806, 0.676806, 0.676806, 0.676806, 0.676806, 0.676806, 0.676806, 0.676806, 0.676806, 0.676806, 0.676806, 0.676806, 0.676806, 0.676806, 0.676806, 0.676806, 0.676806, 0.676806, 
1, 1, 0.999998, 0.999962, 0.999904, 0.999819, 0.999706, 0.999563, 0.999389, 0.999181, 0.998938, 0.998658, 0.998337, 0.997974, 0.997565, 0.997108, 0.996601, 0.996039, 0.995419, 0.994738, 0.993992, 0.993177, 0.992289, 0.991322, 0.990273, 0.989136, 0.987905, 0.986575, 0.985138, 0.983592, 0.981922, 0.980135, 0.978242, 0.976229, 0.974091, 0.97182, 0.969407, 0.966843, 0.96412, 0.961226, 0.958152, 0.954886, 0.951416, 0.94773, 0.943814, 0.939653, 0.935232, 0.930536, 0.925546, 0.920246, 0.914614, 0.908631, 0.902274, 0.895521, 0.888347, 0.880724, 0.872626, 0.864023, 0.854882, 0.845173, 0.834852, 0.8239, 0.812238, 0.799901, 0.786689, 0.772865, 0.75775, 0.742545, 0.724704, 0.709061, 0.685996, 0.673904, 0.677916, 0.676451, 0.67692, 0.67677, 0.676817, 0.676802, 0.676807, 0.676806, 0.676806, 0.676806, 0.676806, 0.676806, 0.676806, 0.676806, 0.676806, 0.676806, 0.676806, 0.676806, 0.676806, 0.676806, 0.676806, 0.676806, 0.676806, 0.676806, 0.676806, 0.676806, 0.676806, 0.676806, 
1, 1, 0.999998, 0.999962, 0.999904, 0.999819, 0.999706, 0.999563, 0.999389, 0.999181, 0.998938, 0.998658, 0.998337, 0.997974, 0.997565, 0.997108, 0.996601, 0.996039, 0.995419, 0.994738, 0.993992, 0.993177, 0.992289, 0.991322, 0.990273, 0.989136, 0.987905, 0.986575, 0.985138, 0.983592, 0.981922, 0.980135, 0.978242, 0.976229, 0.974091, 0.97182, 0.969407, 0.966843, 0.96412, 0.961226, 0.958152, 0.954886, 0.951416, 0.94773, 0.943814, 0.939653, 0.935232, 0.930536, 0.925546, 0.920246, 0.914614, 0.908631, 0.902274, 0.895521, 0.888347, 0.880724, 0.872626, 0.864023, 0.854882, 0.845173, 0.834852, 0.8239, 0.812238, 0.799901, 0.786689, 0.772865, 0.75775, 0.742545, 0.724704, 0.709061, 0.685996, 0.673904, 0.677916, 0.676451, 0.67692, 0.67677, 0.676817, 0.676802, 0.676807, 0.676806, 0.676806, 0.676806, 0.676806, 0.676806, 0.676806, 0.676806, 0.676806, 0.676806, 0.676806, 0.676806, 0.676806, 0.676806, 0.676806, 0.676806, 0.676806, 0.676806, 0.676806, 0.676806, 0.676806, 0.676806, 
1, 1, 0.999998, 0.999962, 0.999904, 0.999819, 0.999706, 0.999563, 0.999389, 0.999181, 0.998938, 0.998658, 0.998337, 0.997974, 0.997565, 0.997108, 0.996601, 0.996039, 0.995419, 0.994738, 0.993992, 0.993177, 0.992289, 0.991322, 0.990273, 0.989136, 0.987905, 0.986575, 0.985138, 0.983592, 0.981922, 0.980135, 0.978242, 0.976229, 0.974091, 0.97182, 0.969407, 0.966843, 0.96412, 0.961226, 0.958152, 0.954886, 0.951416, 0.94773, 0.943814, 0.939653, 0.935232, 0.930536, 0.925546, 0.920246, 0.914614, 0.908631, 0.902274, 0.895521, 0.888347, 0.880724, 0.872626, 0.864023, 0.854882, 0.845173, 0.834852, 0.8239, 0.812238, 0.799901, 0.786689, 0.772865, 0.75775, 0.742545, 0.724704, 0.709061, 0.685996, 0.673904, 0.677916, 0.676451, 0.67692, 0.67677, 0.676817, 0.676802, 0.676807, 0.676806, 0.676806, 0.676806, 0.676806, 0.676806, 0.676806, 0.676806, 0.676806, 0.676806, 0.676806, 0.676806, 0.676806, 0.676806, 0.676806, 0.676806, 0.676806, 0.676806, 0.676806, 0.676806, 0.676806, 0.676806, 
1, 1, 0.999998, 0.999962, 0.999904, 0.999819, 0.999706, 0.999563, 0.999389, 0.999181, 0.998938, 0.998658, 0.998337, 0.997974, 0.997565, 0.997108, 0.996601, 0.996039, 0.995419, 0.994738, 0.993992, 0.993177, 0.992289, 0.991322, 0.990273, 0.989136, 0.987905, 0.986575, 0.985138, 0.983592, 0.981922, 0.980135, 0.978242, 0.976229, 0.974091, 0.97182, 0.969407, 0.966843, 0.96412, 0.961226, 0.958152, 0.954886, 0.951416, 0.94773, 0.943814, 0.939653, 0.935232, 0.930536, 0.925546, 0.920246, 0.914614, 0.908631, 0.902274, 0.895521, 0.888347, 0.880724, 0.872626, 0.864023, 0.854882, 0.845173, 0.834852, 0.8239, 0.812238, 0.799901, 0.786689, 0.772865, 0.75775, 0.742545, 0.724704, 0.709061, 0.685996, 0.673904, 0.677916, 0.676451, 0.67692, 0.67677, 0.676817, 0.676802, 0.676807, 0.676806, 0.676806, 0.676806, 0.676806, 0.676806, 0.676806, 0.676806, 0.676806, 0.676806, 0.676806, 0.676806, 0.676806, 0.676806, 0.676806, 0.676806, 0.676806, 0.676806, 0.676806, 0.676806, 0.676806, 0.676806, 
1, 1, 0.999998, 0.999962, 0.999904, 0.999819, 0.999706, 0.999563, 0.999389, 0.999181, 0.998938, 0.998658, 0.998337, 0.997974, 0.997565, 0.997108, 0.996601, 0.996039, 0.995419, 0.994738, 0.993992, 0.993177, 0.992289, 0.991322, 0.990273, 0.989136, 0.987905, 0.986575, 0.985138, 0.983592, 0.981922, 0.980135, 0.978242, 0.976229, 0.974091, 0.97182, 0.969407, 0.966843, 0.96412, 0.961226, 0.958152, 0.954886, 0.951416, 0.94773, 0.943814, 0.939653, 0.935232, 0.930536, 0.925546, 0.920246, 0.914614, 0.908631, 0.902274, 0.895521, 0.888347, 0.880724, 0.872626, 0.864023, 0.854882, 0.845173, 0.834852, 0.8239, 0.812238, 0.799901, 0.786689, 0.772865, 0.75775, 0.742545, 0.724704, 0.709061, 0.685996, 0.673904, 0.677916, 0.676451, 0.67692, 0.67677, 0.676817, 0.676802, 0.676807, 0.676806, 0.676806, 0.676806, 0.676806, 0.676806, 0.676806, 0.676806, 0.676806, 0.676806, 0.676806, 0.676806, 0.676806, 0.676806, 0.676806, 0.676806, 0.676806, 0.676806, 0.676806, 0.676806, 0.676806, 0.676806, 
1, 1, 0.999998, 0.999962, 0.999904, 0.999819, 0.999706, 0.999563, 0.999389, 0.999181, 0.998938, 0.998658, 0.998337, 0.997974, 0.997565, 0.997108, 0.996601, 0.996039, 0.995419, 0.994738, 0.993992, 0.993177, 0.992289, 0.991322, 0.990273, 0.989136, 0.987905, 0.986575, 0.985138, 0.983592, 0.981922, 0.980135, 0.978242, 0.976229, 0.974091, 0.97182, 0.969407, 0.966843, 0.96412, 0.961226, 0.958152, 0.954886, 0.951416, 0.94773, 0.943814, 0.939653, 0.935232, 0.930536, 0.925546, 0.920246, 0.914614, 0.908631, 0.902274, 0.895521, 0.888347, 0.880724, 0.872626, 0.864023, 0.854882, 0.845173, 0.834852, 0.8239, 0.812238, 0.799901, 0.786689, 0.772865, 0.75775, 0.742545, 0.724704, 0.709061, 0.685996, 0.673904, 0.677916, 0.676451, 0.67692, 0.67677, 0.676817, 0.676802, 0.676807, 0.676806, 0.676806, 0.676806, 0.676806, 0.676806, 0.676806, 0.676806, 0.676806, 0.676806, 0.676806, 0.676806, 0.676806, 0.676806, 0.676806, 0.676806, 0.676806, 0.676806, 0.676806, 0.676806, 0.676806, 0.676806, 
1, 1, 0.999998, 0.999962, 0.999904, 0.999819, 0.999706, 0.999563, 0.999389, 0.999181, 0.998938, 0.998658, 0.998337, 0.997974, 0.997565, 0.997108, 0.996601, 0.996039, 0.995419, 0.994738, 0.993992, 0.993177, 0.992289, 0.991322, 0.990273, 0.989136, 0.987905, 0.986575, 0.985138, 0.983592, 0.981922, 0.980135, 0.978242, 0.976229, 0.974091, 0.97182, 0.969407, 0.966843, 0.96412, 0.961226, 0.958152, 0.954886, 0.951416, 0.94773, 0.943814, 0.939653, 0.935232, 0.930536, 0.925546, 0.920246, 0.914614, 0.908631, 0.902274, 0.895521, 0.888347, 0.880724, 0.872626, 0.864023, 0.854882, 0.845173, 0.834852, 0.8239, 0.812238, 0.799901, 0.786689, 0.772865, 0.75775, 0.742545, 0.724704, 0.709061, 0.685996, 0.673904, 0.677916, 0.676451, 0.67692, 0.67677, 0.676817, 0.676802, 0.676807, 0.676806, 0.676806, 0.676806, 0.676806, 0.676806, 0.676806, 0.676806, 0.676806, 0.676806, 0.676806, 0.676806, 0.676806, 0.676806, 0.676806, 0.676806, 0.676806, 0.676806, 0.676806, 0.676806, 0.676806, 0.676806, 
1, 1, 0.999998, 0.999962, 0.999904, 0.999819, 0.999706, 0.999563, 0.999389, 0.999181, 0.998938, 0.998658, 0.998337, 0.997974, 0.997565, 0.997108, 0.996601, 0.996039, 0.995419, 0.994738, 0.993992, 0.993177, 0.992289, 0.991322, 0.990273, 0.989136, 0.987905, 0.986575, 0.985138, 0.983592, 0.981922, 0.980135, 0.978242, 0.976229, 0.974091, 0.97182, 0.969407, 0.966843, 0.96412, 0.961226, 0.958152, 0.954886, 0.951416, 0.94773, 0.943814, 0.939653, 0.935232, 0.930536, 0.925546, 0.920246, 0.914614, 0.908631, 0.902274, 0.895521, 0.888347, 0.880724, 0.872626, 0.864023, 0.854882, 0.845173, 0.834852, 0.8239, 0.812238, 0.799901, 0.786689, 0.772865, 0.75775, 0.742545, 0.724704, 0.709061, 0.685996, 0.673904, 0.677916, 0.676451, 0.67692, 0.67677, 0.676817, 0.676802, 0.676807, 0.676806, 0.676806, 0.676806, 0.676806, 0.676806, 0.676806, 0.676806, 0.676806, 0.676806, 0.676806, 0.676806, 0.676806, 0.676806, 0.676806, 0.676806, 0.676806, 0.676806, 0.676806, 0.676806, 0.676806, 0.676806, 
1, 1, 0.999998, 0.999962, 0.999904, 0.999819, 0.999706, 0.999563, 0.999389, 0.999181, 0.998938, 0.998658, 0.998337, 0.997974, 0.997565, 0.997108, 0.996601, 0.996039, 0.995419, 0.994738, 0.993992, 0.993177, 0.992289, 0.991322, 0.990273, 0.989136, 0.987905, 0.986575, 0.985138, 0.983592, 0.981922, 0.980135, 0.978242, 0.976229, 0.974091, 0.97182, 0.969407, 0.966843, 0.96412, 0.961226, 0.958152, 0.954886, 0.951416, 0.94773, 0.943814, 0.939653, 0.935232, 0.930536, 0.925546, 0.920246, 0.914614, 0.908631, 0.902274, 0.895521, 0.888347, 0.880724, 0.872626, 0.864023, 0.854882, 0.845173, 0.834852, 0.8239, 0.812238, 0.799901, 0.786689, 0.772865, 0.75775, 0.742545, 0.724704, 0.709061, 0.685996, 0.673904, 0.677916, 0.676451, 0.67692, 0.67677, 0.676817, 0.676802, 0.676807, 0.676806, 0.676806, 0.676806, 0.676806, 0.676806, 0.676806, 0.676806, 0.676806, 0.676806, 0.676806, 0.676806, 0.676806, 0.676806, 0.676806, 0.676806, 0.676806, 0.676806, 0.676806, 0.676806, 0.676806, 0.676806, 
1, 1, 0.999998, 0.999962, 0.999904, 0.999819, 0.999706, 0.999563, 0.999389, 0.999181, 0.998938, 0.998658, 0.998337, 0.997974, 0.997565, 0.997108, 0.996601, 0.996039, 0.995419, 0.994738, 0.993992, 0.993177, 0.992289, 0.991322, 0.990273, 0.989136, 0.987905, 0.986575, 0.985138, 0.983592, 0.981922, 0.980135, 0.978242, 0.976229, 0.974091, 0.97182, 0.969407, 0.966843, 0.96412, 0.961226, 0.958152, 0.954886, 0.951416, 0.94773, 0.943814, 0.939653, 0.935232, 0.930536, 0.925546, 0.920246, 0.914614, 0.908631, 0.902274, 0.895521, 0.888347, 0.880724, 0.872626, 0.864023, 0.854882, 0.845173, 0.834852, 0.8239, 0.812238, 0.799901, 0.786689, 0.772865, 0.75775, 0.742545, 0.724704, 0.709061, 0.685996, 0.673904, 0.677916, 0.676451, 0.67692, 0.67677, 0.676817, 0.676802, 0.676807, 0.676806, 0.676806, 0.676806, 0.676806, 0.676806, 0.676806, 0.676806, 0.676806, 0.676806, 0.676806, 0.676806, 0.676806, 0.676806, 0.676806, 0.676806, 0.676806, 0.676806, 0.676806, 0.676806, 0.676806, 0.676806, 
1, 1, 0.999998, 0.999962, 0.999904, 0.999819, 0.999706, 0.999563, 0.999389, 0.999181, 0.998938, 0.998658, 0.998337, 0.997974, 0.997565, 0.997108, 0.996601, 0.996039, 0.995419, 0.994738, 0.993992, 0.993177, 0.992289, 0.991322, 0.990273, 0.989136, 0.987905, 0.986575, 0.985138, 0.983592, 0.981922, 0.980135, 0.978242, 0.976229, 0.974091, 0.97182, 0.969407, 0.966843, 0.96412, 0.961226, 0.958152, 0.954886, 0.951416, 0.94773, 0.943814, 0.939653, 0.935232, 0.930536, 0.925546, 0.920246, 0.914614, 0.908631, 0.902274, 0.895521, 0.888347, 0.880724, 0.872626, 0.864023, 0.854882, 0.845173, 0.834852, 0.8239, 0.812238, 0.799901, 0.786689, 0.772865, 0.75775, 0.742545, 0.724704, 0.709061, 0.685996, 0.673904, 0.677916, 0.676451, 0.67692, 0.67677, 0.676817, 0.676802, 0.676807, 0.676806, 0.676806, 0.676806, 0.676806, 0.676806, 0.676806, 0.676806, 0.676806, 0.676806, 0.676806, 0.676806, 0.676806, 0.676806, 0.676806, 0.676806, 0.676806, 0.676806, 0.676806, 0.676806, 0.676806, 0.676806, 
1, 1, 0.999998, 0.999962, 0.999904, 0.999819, 0.999706, 0.999563, 0.999389, 0.999181, 0.998938, 0.998658, 0.998337, 0.997974, 0.997565, 0.997108, 0.996601, 0.996039, 0.995419, 0.994738, 0.993992, 0.993177, 0.992289, 0.991322, 0.990273, 0.989136, 0.987905, 0.986575, 0.985138, 0.983592, 0.981922, 0.980135, 0.978242, 0.976229, 0.974091, 0.97182, 0.969407, 0.966843, 0.96412, 0.961226, 0.958152, 0.954886, 0.951416, 0.94773, 0.943814, 0.939653, 0.935232, 0.930536, 0.925546, 0.920246, 0.914614, 0.908631, 0.902274, 0.895521, 0.888347, 0.880724, 0.872626, 0.864023, 0.854882, 0.845173, 0.834852, 0.8239, 0.812238, 0.799901, 0.786689, 0.772865, 0.75775, 0.742545, 0.724704, 0.709061, 0.685996, 0.673904, 0.677916, 0.676451, 0.67692, 0.67677, 0.676817, 0.676802, 0.676807, 0.676806, 0.676806, 0.676806, 0.676806, 0.676806, 0.676806, 0.676806, 0.676806, 0.676806, 0.676806, 0.676806, 0.676806, 0.676806, 0.676806, 0.676806, 0.676806, 0.676806, 0.676806, 0.676806, 0.676806, 0.676806, 
1, 1, 0.999998, 0.999962, 0.999904, 0.999819, 0.999706, 0.999563, 0.999389, 0.999181, 0.998938, 0.998658, 0.998337, 0.997974, 0.997565, 0.997108, 0.996601, 0.996039, 0.995419, 0.994738, 0.993992, 0.993177, 0.992289, 0.991322, 0.990273, 0.989136, 0.987905, 0.986575, 0.985138, 0.983592, 0.981922, 0.980135, 0.978242, 0.976229, 0.974091, 0.97182, 0.969407, 0.966843, 0.96412, 0.961226, 0.958152, 0.954886, 0.951416, 0.94773, 0.943814, 0.939653, 0.935232, 0.930536, 0.925546, 0.920246, 0.914614, 0.908631, 0.902274, 0.895521, 0.888347, 0.880724, 0.872626, 0.864023, 0.854882, 0.845173, 0.834852, 0.8239, 0.812238, 0.799901, 0.786689, 0.772865, 0.75775, 0.742545, 0.724704, 0.709061, 0.685996, 0.673904, 0.677916, 0.676451, 0.67692, 0.67677, 0.676817, 0.676802, 0.676807, 0.676806, 0.676806, 0.676806, 0.676806, 0.676806, 0.676806, 0.676806, 0.676806, 0.676806, 0.676806, 0.676806, 0.676806, 0.676806, 0.676806, 0.676806, 0.676806, 0.676806, 0.676806, 0.676806, 0.676806, 0.676806, 
1, 1, 0.999998, 0.999962, 0.999904, 0.999819, 0.999706, 0.999563, 0.999389, 0.999181, 0.998938, 0.998658, 0.998337, 0.997974, 0.997565, 0.997108, 0.996601, 0.996039, 0.995419, 0.994738, 0.993992, 0.993177, 0.992289, 0.991322, 0.990273, 0.989136, 0.987905, 0.986575, 0.985138, 0.983592, 0.981922, 0.980135, 0.978242, 0.976229, 0.974091, 0.97182, 0.969407, 0.966843, 0.96412, 0.961226, 0.958152, 0.954886, 0.951416, 0.94773, 0.943814, 0.939653, 0.935232, 0.930536, 0.925546, 0.920246, 0.914614, 0.908631, 0.902274, 0.895521, 0.888347, 0.880724, 0.872626, 0.864023, 0.854882, 0.845173, 0.834852, 0.8239, 0.812238, 0.799901, 0.786689, 0.772865, 0.75775, 0.742545, 0.724704, 0.709061, 0.685996, 0.673904, 0.677916, 0.676451, 0.67692, 0.67677, 0.676817, 0.676802, 0.676807, 0.676806, 0.676806, 0.676806, 0.676806, 0.676806, 0.676806, 0.676806, 0.676806, 0.676806, 0.676806, 0.676806, 0.676806, 0.676806, 0.676806, 0.676806, 0.676806, 0.676806, 0.676806, 0.676806, 0.676806, 0.676806, 
1, 1, 0.999998, 0.999962, 0.999904, 0.999819, 0.999706, 0.999563, 0.999389, 0.999181, 0.998938, 0.998658, 0.998337, 0.997974, 0.997565, 0.997108, 0.996601, 0.996039, 0.995419, 0.994738, 0.993992, 0.993177, 0.992289, 0.991322, 0.990273, 0.989136, 0.987905, 0.986575, 0.985138, 0.983592, 0.981922, 0.980135, 0.978242, 0.976229, 0.974091, 0.97182, 0.969407, 0.966843, 0.96412, 0.961226, 0.958152, 0.954886, 0.951416, 0.94773, 0.943814, 0.939653, 0.935232, 0.930536, 0.925546, 0.920246, 0.914614, 0.908631, 0.902274, 0.895521, 0.888347, 0.880724, 0.872626, 0.864023, 0.854882, 0.845173, 0.834852, 0.8239, 0.812238, 0.799901, 0.786689, 0.772865, 0.75775, 0.742545, 0.724704, 0.709061, 0.685996, 0.673904, 0.677916, 0.676451, 0.67692, 0.67677, 0.676817, 0.676802, 0.676807, 0.676806, 0.676806, 0.676806, 0.676806, 0.676806, 0.676806, 0.676806, 0.676806, 0.676806, 0.676806, 0.676806, 0.676806, 0.676806, 0.676806, 0.676806, 0.676806, 0.676806, 0.676806, 0.676806, 0.676806, 0.676806, 
1, 1, 0.999998, 0.999962, 0.999904, 0.999819, 0.999706, 0.999563, 0.999389, 0.999181, 0.998938, 0.998658, 0.998337, 0.997974, 0.997565, 0.997108, 0.996601, 0.996039, 0.995419, 0.994738, 0.993992, 0.993177, 0.992289, 0.991322, 0.990273, 0.989136, 0.987905, 0.986575, 0.985138, 0.983592, 0.981922, 0.980135, 0.978242, 0.976229, 0.974091, 0.97182, 0.969407, 0.966843, 0.96412, 0.961226, 0.958152, 0.954886, 0.951416, 0.94773, 0.943814, 0.939653, 0.935232, 0.930536, 0.925546, 0.920246, 0.914614, 0.908631, 0.902274, 0.895521, 0.888347, 0.880724, 0.872626, 0.864023, 0.854882, 0.845173, 0.834852, 0.8239, 0.812238, 0.799901, 0.786689, 0.772865, 0.75775, 0.742545, 0.724704, 0.709061, 0.685996, 0.673904, 0.677916, 0.676451, 0.67692, 0.67677, 0.676817, 0.676802, 0.676807, 0.676806, 0.676806, 0.676806, 0.676806, 0.676806, 0.676806, 0.676806, 0.676806, 0.676806, 0.676806, 0.676806, 0.676806, 0.676806, 0.676806, 0.676806, 0.676806, 0.676806, 0.676806, 0.676806, 0.676806, 0.676806, 
1, 1, 0.999998, 0.999962, 0.999904, 0.999819, 0.999706, 0.999563, 0.999389, 0.999181, 0.998938, 0.998658, 0.998337, 0.997974, 0.997565, 0.997108, 0.996601, 0.996039, 0.995419, 0.994738, 0.993992, 0.993177, 0.992289, 0.991322, 0.990273, 0.989136, 0.987905, 0.986575, 0.985138, 0.983592, 0.981922, 0.980135, 0.978242, 0.976229, 0.974091, 0.97182, 0.969407, 0.966843, 0.96412, 0.961226, 0.958152, 0.954886, 0.951416, 0.94773, 0.943814, 0.939653, 0.935232, 0.930536, 0.925546, 0.920246, 0.914614, 0.908631, 0.902274, 0.895521, 0.888347, 0.880724, 0.872626, 0.864023, 0.854882, 0.845173, 0.834852, 0.8239, 0.812238, 0.799901, 0.786689, 0.772865, 0.75775, 0.742545, 0.724704, 0.709061, 0.685996, 0.673904, 0.677916, 0.676451, 0.67692, 0.67677, 0.676817, 0.676802, 0.676807, 0.676806, 0.676806, 0.676806, 0.676806, 0.676806, 0.676806, 0.676806, 0.676806, 0.676806, 0.676806, 0.676806, 0.676806, 0.676806, 0.676806, 0.676806, 0.676806, 0.676806, 0.676806, 0.676806, 0.676806, 0.676806, 
1, 1, 0.999998, 0.999962, 0.999904, 0.999819, 0.999706, 0.999563, 0.999389, 0.999181, 0.998938, 0.998658, 0.998337, 0.997974, 0.997565, 0.997108, 0.996601, 0.996039, 0.995419, 0.994738, 0.993992, 0.993177, 0.992289, 0.991322, 0.990273, 0.989136, 0.987905, 0.986575, 0.985138, 0.983592, 0.981922, 0.980135, 0.978242, 0.976229, 0.974091, 0.97182, 0.969407, 0.966843, 0.96412, 0.961226, 0.958152, 0.954886, 0.951416, 0.94773, 0.943814, 0.939653, 0.935232, 0.930536, 0.925546, 0.920246, 0.914614, 0.908631, 0.902274, 0.895521, 0.888347, 0.880724, 0.872626, 0.864023, 0.854882, 0.845173, 0.834852, 0.8239, 0.812238, 0.799901, 0.786689, 0.772865, 0.75775, 0.742545, 0.724704, 0.709061, 0.685996, 0.673904, 0.677916, 0.676451, 0.67692, 0.67677, 0.676817, 0.676802, 0.676807, 0.676806, 0.676806, 0.676806, 0.676806, 0.676806, 0.676806, 0.676806, 0.676806, 0.676806, 0.676806, 0.676806, 0.676806, 0.676806, 0.676806, 0.676806, 0.676806, 0.676806, 0.676806, 0.676806, 0.676806, 0.676806, 
1, 1, 0.999998, 0.999962, 0.999904, 0.999819, 0.999706, 0.999563, 0.999389, 0.999181, 0.998938, 0.998658, 0.998337, 0.997974, 0.997565, 0.997108, 0.996601, 0.996039, 0.995419, 0.994738, 0.993992, 0.993177, 0.992289, 0.991322, 0.990273, 0.989136, 0.987905, 0.986575, 0.985138, 0.983592, 0.981922, 0.980135, 0.978242, 0.976229, 0.974091, 0.97182, 0.969407, 0.966843, 0.96412, 0.961226, 0.958152, 0.954886, 0.951416, 0.94773, 0.943814, 0.939653, 0.935232, 0.930536, 0.925546, 0.920246, 0.914614, 0.908631, 0.902274, 0.895521, 0.888347, 0.880724, 0.872626, 0.864023, 0.854882, 0.845173, 0.834852, 0.8239, 0.812238, 0.799901, 0.786689, 0.772865, 0.75775, 0.742545, 0.724704, 0.709061, 0.685996, 0.673904, 0.677916, 0.676451, 0.67692, 0.67677, 0.676817, 0.676802, 0.676807, 0.676806, 0.676806, 0.676806, 0.676806, 0.676806, 0.676806, 0.676806, 0.676806, 0.676806, 0.676806, 0.676806, 0.676806, 0.676806, 0.676806, 0.676806, 0.676806, 0.676806, 0.676806, 0.676806, 0.676806, 0.676806, 
1, 1, 0.999998, 0.999962, 0.999904, 0.999819, 0.999706, 0.999563, 0.999389, 0.999181, 0.998938, 0.998658, 0.998337, 0.997974, 0.997565, 0.997108, 0.996601, 0.996039, 0.995419, 0.994738, 0.993992, 0.993177, 0.992289, 0.991322, 0.990273, 0.989136, 0.987905, 0.986575, 0.985138, 0.983592, 0.981922, 0.980135, 0.978242, 0.976229, 0.974091, 0.97182, 0.969407, 0.966843, 0.96412, 0.961226, 0.958152, 0.954886, 0.951416, 0.94773, 0.943814, 0.939653, 0.935232, 0.930536, 0.925546, 0.920246, 0.914614, 0.908631, 0.902274, 0.895521, 0.888347, 0.880724, 0.872626, 0.864023, 0.854882, 0.845173, 0.834852, 0.8239, 0.812238, 0.799901, 0.786689, 0.772865, 0.75775, 0.742545, 0.724704, 0.709061, 0.685996, 0.673904, 0.677916, 0.676451, 0.67692, 0.67677, 0.676817, 0.676802, 0.676807, 0.676806, 0.676806, 0.676806, 0.676806, 0.676806, 0.676806, 0.676806, 0.676806, 0.676806, 0.676806, 0.676806, 0.676806, 0.676806, 0.676806, 0.676806, 0.676806, 0.676806, 0.676806, 0.676806, 0.676806, 0.676806, 
1, 1, 0.999998, 0.999962, 0.999904, 0.999819, 0.999706, 0.999563, 0.999389, 0.999181, 0.998938, 0.998658, 0.998337, 0.997974, 0.997565, 0.997108, 0.996601, 0.996039, 0.995419, 0.994738, 0.993992, 0.993177, 0.992289, 0.991322, 0.990273, 0.989136, 0.987905, 0.986575, 0.985138, 0.983592, 0.981922, 0.980135, 0.978242, 0.976229, 0.974091, 0.97182, 0.969407, 0.966843, 0.96412, 0.961226, 0.958152, 0.954886, 0.951416, 0.94773, 0.943814, 0.939653, 0.935232, 0.930536, 0.925546, 0.920246, 0.914614, 0.908631, 0.902274, 0.895521, 0.888347, 0.880724, 0.872626, 0.864023, 0.854882, 0.845173, 0.834852, 0.8239, 0.812238, 0.799901, 0.786689, 0.772865, 0.75775, 0.742545, 0.724704, 0.709061, 0.685996, 0.673904, 0.677916, 0.676451, 0.67692, 0.67677, 0.676817, 0.676802, 0.676807, 0.676806, 0.676806, 0.676806, 0.676806, 0.676806, 0.676806, 0.676806, 0.676806, 0.676806, 0.676806, 0.676806, 0.676806, 0.676806, 0.676806, 0.676806, 0.676806, 0.676806, 0.676806, 0.676806, 0.676806, 0.676806, 
1, 1, 0.999998, 0.999962, 0.999904, 0.999819, 0.999706, 0.999563, 0.999389, 0.999181, 0.998938, 0.998658, 0.998337, 0.997974, 0.997565, 0.997108, 0.996601, 0.996039, 0.995419, 0.994738, 0.993992, 0.993177, 0.992289, 0.991322, 0.990273, 0.989136, 0.987905, 0.986575, 0.985138, 0.983592, 0.981922, 0.980135, 0.978242, 0.976229, 0.974091, 0.97182, 0.969407, 0.966843, 0.96412, 0.961226, 0.958152, 0.954886, 0.951416, 0.94773, 0.943814, 0.939653, 0.935232, 0.930536, 0.925546, 0.920246, 0.914614, 0.908631, 0.902274, 0.895521, 0.888347, 0.880724, 0.872626, 0.864023, 0.854882, 0.845173, 0.834852, 0.8239, 0.812238, 0.799901, 0.786689, 0.772865, 0.75775, 0.742545, 0.724704, 0.709061, 0.685996, 0.673904, 0.677916, 0.676451, 0.67692, 0.67677, 0.676817, 0.676802, 0.676807, 0.676806, 0.676806, 0.676806, 0.676806, 0.676806, 0.676806, 0.676806, 0.676806, 0.676806, 0.676806, 0.676806, 0.676806, 0.676806, 0.676806, 0.676806, 0.676806, 0.676806, 0.676806, 0.676806, 0.676806, 0.676806, 
1, 1, 0.999998, 0.999962, 0.999904, 0.999819, 0.999706, 0.999563, 0.999389, 0.999181, 0.998938, 0.998658, 0.998337, 0.997974, 0.997565, 0.997108, 0.996601, 0.996039, 0.995419, 0.994738, 0.993992, 0.993177, 0.992289, 0.991322, 0.990273, 0.989136, 0.987905, 0.986575, 0.985138, 0.983592, 0.981922, 0.980135, 0.978242, 0.976229, 0.974091, 0.97182, 0.969407, 0.966843, 0.96412, 0.961226, 0.958152, 0.954886, 0.951416, 0.94773, 0.943814, 0.939653, 0.935232, 0.930536, 0.925546, 0.920246, 0.914614, 0.908631, 0.902274, 0.895521, 0.888347, 0.880724, 0.872626, 0.864023, 0.854882, 0.845173, 0.834852, 0.8239, 0.812238, 0.799901, 0.786689, 0.772865, 0.75775, 0.742545, 0.724704, 0.709061, 0.685996, 0.673904, 0.677916, 0.676451, 0.67692, 0.67677, 0.676817, 0.676802, 0.676807, 0.676806, 0.676806, 0.676806, 0.676806, 0.676806, 0.676806, 0.676806, 0.676806, 0.676806, 0.676806, 0.676806, 0.676806, 0.676806, 0.676806, 0.676806, 0.676806, 0.676806, 0.676806, 0.676806, 0.676806, 0.676806, 
1, 1, 0.999998, 0.999962, 0.999904, 0.999819, 0.999706, 0.999563, 0.999389, 0.999181, 0.998938, 0.998658, 0.998337, 0.997974, 0.997565, 0.997108, 0.996601, 0.996039, 0.995419, 0.994738, 0.993992, 0.993177, 0.992289, 0.991322, 0.990273, 0.989136, 0.987905, 0.986575, 0.985138, 0.983592, 0.981922, 0.980135, 0.978242, 0.976229, 0.974091, 0.97182, 0.969407, 0.966843, 0.96412, 0.961226, 0.958152, 0.954886, 0.951416, 0.94773, 0.943814, 0.939653, 0.935232, 0.930536, 0.925546, 0.920246, 0.914614, 0.908631, 0.902274, 0.895521, 0.888347, 0.880724, 0.872626, 0.864023, 0.854882, 0.845173, 0.834852, 0.8239, 0.812238, 0.799901, 0.786689, 0.772865, 0.75775, 0.742545, 0.724704, 0.709061, 0.685996, 0.673904, 0.677916, 0.676451, 0.67692, 0.67677, 0.676817, 0.676802, 0.676807, 0.676806, 0.676806, 0.676806, 0.676806, 0.676806, 0.676806, 0.676806, 0.676806, 0.676806, 0.676806, 0.676806, 0.676806, 0.676806, 0.676806, 0.676806, 0.676806, 0.676806, 0.676806, 0.676806, 0.676806, 0.676806, 
1, 1, 0.999998, 0.999962, 0.999904, 0.999819, 0.999706, 0.999563, 0.999389, 0.999181, 0.998938, 0.998658, 0.998337, 0.997974, 0.997565, 0.997108, 0.996601, 0.996039, 0.995419, 0.994738, 0.993992, 0.993177, 0.992289, 0.991322, 0.990273, 0.989136, 0.987905, 0.986575, 0.985138, 0.983592, 0.981922, 0.980135, 0.978242, 0.976229, 0.974091, 0.97182, 0.969407, 0.966843, 0.96412, 0.961226, 0.958152, 0.954886, 0.951416, 0.94773, 0.943814, 0.939653, 0.935232, 0.930536, 0.925546, 0.920246, 0.914614, 0.908631, 0.902274, 0.895521, 0.888347, 0.880724, 0.872626, 0.864023, 0.854882, 0.845173, 0.834852, 0.8239, 0.812238, 0.799901, 0.786689, 0.772865, 0.75775, 0.742545, 0.724704, 0.709061, 0.685996, 0.673904, 0.677916, 0.676451, 0.67692, 0.67677, 0.676817, 0.676802, 0.676807, 0.676806, 0.676806, 0.676806, 0.676806, 0.676806, 0.676806, 0.676806, 0.676806, 0.676806, 0.676806, 0.676806, 0.676806, 0.676806, 0.676806, 0.676806, 0.676806, 0.676806, 0.676806, 0.676806, 0.676806, 0.676806, 
1, 1, 0.999998, 0.999962, 0.999904, 0.999819, 0.999706, 0.999563, 0.999389, 0.999181, 0.998938, 0.998658, 0.998337, 0.997974, 0.997565, 0.997108, 0.996601, 0.996039, 0.995419, 0.994738, 0.993992, 0.993177, 0.992289, 0.991322, 0.990273, 0.989136, 0.987905, 0.986575, 0.985138, 0.983592, 0.981922, 0.980135, 0.978242, 0.976229, 0.974091, 0.97182, 0.969407, 0.966843, 0.96412, 0.961226, 0.958152, 0.954886, 0.951416, 0.94773, 0.943814, 0.939653, 0.935232, 0.930536, 0.925546, 0.920246, 0.914614, 0.908631, 0.902274, 0.895521, 0.888347, 0.880724, 0.872626, 0.864023, 0.854882, 0.845173, 0.834852, 0.8239, 0.812238, 0.799901, 0.786689, 0.772865, 0.75775, 0.742545, 0.724704, 0.709061, 0.685996, 0.673904, 0.677916, 0.676451, 0.67692, 0.67677, 0.676817, 0.676802, 0.676807, 0.676806, 0.676806, 0.676806, 0.676806, 0.676806, 0.676806, 0.676806, 0.676806, 0.676806, 0.676806, 0.676806, 0.676806, 0.676806, 0.676806, 0.676806, 0.676806, 0.676806, 0.676806, 0.676806, 0.676806, 0.676806, 
1, 1, 0.999998, 0.999962, 0.999904, 0.999819, 0.999706, 0.999563, 0.999389, 0.999181, 0.998938, 0.998658, 0.998337, 0.997974, 0.997565, 0.997108, 0.996601, 0.996039, 0.995419, 0.994738, 0.993992, 0.993177, 0.992289, 0.991322, 0.990273, 0.989136, 0.987905, 0.986575, 0.985138, 0.983592, 0.981922, 0.980135, 0.978242, 0.976229, 0.974091, 0.97182, 0.969407, 0.966843, 0.96412, 0.961226, 0.958152, 0.954886, 0.951416, 0.94773, 0.943814, 0.939653, 0.935232, 0.930536, 0.925546, 0.920246, 0.914614, 0.908631, 0.902274, 0.895521, 0.888347, 0.880724, 0.872626, 0.864023, 0.854882, 0.845173, 0.834852, 0.8239, 0.812238, 0.799901, 0.786689, 0.772865, 0.75775, 0.742545, 0.724704, 0.709061, 0.685996, 0.673904, 0.677916, 0.676451, 0.67692, 0.67677, 0.676817, 0.676802, 0.676807, 0.676806, 0.676806, 0.676806, 0.676806, 0.676806, 0.676806, 0.676806, 0.676806, 0.676806, 0.676806, 0.676806, 0.676806, 0.676806, 0.676806, 0.676806, 0.676806, 0.676806, 0.676806, 0.676806, 0.676806, 0.676806, 
1, 1, 0.999998, 0.999962, 0.999904, 0.999819, 0.999706, 0.999563, 0.999389, 0.999181, 0.998938, 0.998658, 0.998337, 0.997974, 0.997565, 0.997108, 0.996601, 0.996039, 0.995419, 0.994738, 0.993992, 0.993177, 0.992289, 0.991322, 0.990273, 0.989136, 0.987905, 0.986575, 0.985138, 0.983592, 0.981922, 0.980135, 0.978242, 0.976229, 0.974091, 0.97182, 0.969407, 0.966843, 0.96412, 0.961226, 0.958152, 0.954886, 0.951416, 0.94773, 0.943814, 0.939653, 0.935232, 0.930536, 0.925546, 0.920246, 0.914614, 0.908631, 0.902274, 0.895521, 0.888347, 0.880724, 0.872626, 0.864023, 0.854882, 0.845173, 0.834852, 0.8239, 0.812238, 0.799901, 0.786689, 0.772865, 0.75775, 0.742545, 0.724704, 0.709061, 0.685996, 0.673904, 0.677916, 0.676451, 0.67692, 0.67677, 0.676817, 0.676802, 0.676807, 0.676806, 0.676806, 0.676806, 0.676806, 0.676806, 0.676806, 0.676806, 0.676806, 0.676806, 0.676806, 0.676806, 0.676806, 0.676806, 0.676806, 0.676806, 0.676806, 0.676806, 0.676806, 0.676806, 0.676806, 0.676806, 
1, 1, 0.999998, 0.999962, 0.999904, 0.999819, 0.999706, 0.999563, 0.999389, 0.999181, 0.998938, 0.998658, 0.998337, 0.997974, 0.997565, 0.997108, 0.996601, 0.996039, 0.995419, 0.994738, 0.993992, 0.993177, 0.992289, 0.991322, 0.990273, 0.989136, 0.987905, 0.986575, 0.985138, 0.983592, 0.981922, 0.980135, 0.978242, 0.976229, 0.974091, 0.97182, 0.969407, 0.966843, 0.96412, 0.961226, 0.958152, 0.954886, 0.951416, 0.94773, 0.943814, 0.939653, 0.935232, 0.930536, 0.925546, 0.920246, 0.914614, 0.908631, 0.902274, 0.895521, 0.888347, 0.880724, 0.872626, 0.864023, 0.854882, 0.845173, 0.834852, 0.8239, 0.812238, 0.799901, 0.786689, 0.772865, 0.75775, 0.742545, 0.724704, 0.709061, 0.685996, 0.673904, 0.677916, 0.676451, 0.67692, 0.67677, 0.676817, 0.676802, 0.676807, 0.676806, 0.676806, 0.676806, 0.676806, 0.676806, 0.676806, 0.676806, 0.676806, 0.676806, 0.676806, 0.676806, 0.676806, 0.676806, 0.676806, 0.676806, 0.676806, 0.676806, 0.676806, 0.676806, 0.676806, 0.676806, 
1, 1, 0.999998, 0.999962, 0.999904, 0.999819, 0.999706, 0.999563, 0.999389, 0.999181, 0.998938, 0.998658, 0.998337, 0.997974, 0.997565, 0.997108, 0.996601, 0.996039, 0.995419, 0.994738, 0.993992, 0.993177, 0.992289, 0.991322, 0.990273, 0.989136, 0.987905, 0.986575, 0.985138, 0.983592, 0.981922, 0.980135, 0.978242, 0.976229, 0.974091, 0.97182, 0.969407, 0.966843, 0.96412, 0.961226, 0.958152, 0.954886, 0.951416, 0.94773, 0.943814, 0.939653, 0.935232, 0.930536, 0.925546, 0.920246, 0.914614, 0.908631, 0.902274, 0.895521, 0.888347, 0.880724, 0.872626, 0.864023, 0.854882, 0.845173, 0.834852, 0.8239, 0.812238, 0.799901, 0.786689, 0.772865, 0.75775, 0.742545, 0.724704, 0.709061, 0.685996, 0.673904, 0.677916, 0.676451, 0.67692, 0.67677, 0.676817, 0.676802, 0.676807, 0.676806, 0.676806, 0.676806, 0.676806, 0.676806, 0.676806, 0.676806, 0.676806, 0.676806, 0.676806, 0.676806, 0.676806, 0.676806, 0.676806, 0.676806, 0.676806, 0.676806, 0.676806, 0.676806, 0.676806, 0.676806, 
1, 1, 0.999998, 0.999962, 0.999904, 0.999819, 0.999706, 0.999563, 0.999389, 0.999181, 0.998938, 0.998658, 0.998337, 0.997974, 0.997565, 0.997108, 0.996601, 0.996039, 0.995419, 0.994738, 0.993992, 0.993177, 0.992289, 0.991322, 0.990273, 0.989136, 0.987905, 0.986575, 0.985138, 0.983592, 0.981922, 0.980135, 0.978242, 0.976229, 0.974091, 0.97182, 0.969407, 0.966843, 0.96412, 0.961226, 0.958152, 0.954886, 0.951416, 0.94773, 0.943814, 0.939653, 0.935232, 0.930536, 0.925546, 0.920246, 0.914614, 0.908631, 0.902274, 0.895521, 0.888347, 0.880724, 0.872626, 0.864023, 0.854882, 0.845173, 0.834852, 0.8239, 0.812238, 0.799901, 0.786689, 0.772865, 0.75775, 0.742545, 0.724704, 0.709061, 0.685996, 0.673904, 0.677916, 0.676451, 0.67692, 0.67677, 0.676817, 0.676802, 0.676807, 0.676806, 0.676806, 0.676806, 0.676806, 0.676806, 0.676806, 0.676806, 0.676806, 0.676806, 0.676806, 0.676806, 0.676806, 0.676806, 0.676806, 0.676806, 0.676806, 0.676806, 0.676806, 0.676806, 0.676806, 0.676806, 
1, 1, 0.999998, 0.999962, 0.999904, 0.999819, 0.999706, 0.999563, 0.999389, 0.999181, 0.998938, 0.998658, 0.998337, 0.997974, 0.997565, 0.997108, 0.996601, 0.996039, 0.995419, 0.994738, 0.993992, 0.993177, 0.992289, 0.991322, 0.990273, 0.989136, 0.987905, 0.986575, 0.985138, 0.983592, 0.981922, 0.980135, 0.978242, 0.976229, 0.974091, 0.97182, 0.969407, 0.966843, 0.96412, 0.961226, 0.958152, 0.954886, 0.951416, 0.94773, 0.943814, 0.939653, 0.935232, 0.930536, 0.925546, 0.920246, 0.914614, 0.908631, 0.902274, 0.895521, 0.888347, 0.880724, 0.872626, 0.864023, 0.854882, 0.845173, 0.834852, 0.8239, 0.812238, 0.799901, 0.786689, 0.772865, 0.75775, 0.742545, 0.724704, 0.709061, 0.685996, 0.673904, 0.677916, 0.676451, 0.67692, 0.67677, 0.676817, 0.676802, 0.676807, 0.676806, 0.676806, 0.676806, 0.676806, 0.676806, 0.676806, 0.676806, 0.676806, 0.676806, 0.676806, 0.676806, 0.676806, 0.676806, 0.676806, 0.676806, 0.676806, 0.676806, 0.676806, 0.676806, 0.676806, 0.676806, 
1, 1, 0.999998, 0.999962, 0.999904, 0.999819, 0.999706, 0.999563, 0.999389, 0.999181, 0.998938, 0.998658, 0.998337, 0.997974, 0.997565, 0.997108, 0.996601, 0.996039, 0.995419, 0.994738, 0.993992, 0.993177, 0.992289, 0.991322, 0.990273, 0.989136, 0.987905, 0.986575, 0.985138, 0.983592, 0.981922, 0.980135, 0.978242, 0.976229, 0.974091, 0.97182, 0.969407, 0.966843, 0.96412, 0.961226, 0.958152, 0.954886, 0.951416, 0.94773, 0.943814, 0.939653, 0.935232, 0.930536, 0.925546, 0.920246, 0.914614, 0.908631, 0.902274, 0.895521, 0.888347, 0.880724, 0.872626, 0.864023, 0.854882, 0.845173, 0.834852, 0.8239, 0.812238, 0.799901, 0.786689, 0.772865, 0.75775, 0.742545, 0.724704, 0.709061, 0.685996, 0.673904, 0.677916, 0.676451, 0.67692, 0.67677, 0.676817, 0.676802, 0.676807, 0.676806, 0.676806, 0.676806, 0.676806, 0.676806, 0.676806, 0.676806, 0.676806, 0.676806, 0.676806, 0.676806, 0.676806, 0.676806, 0.676806, 0.676806, 0.676806, 0.676806, 0.676806, 0.676806, 0.676806, 0.676806, 
1, 1, 0.999998, 0.999962, 0.999904, 0.999819, 0.999706, 0.999563, 0.999389, 0.999181, 0.998938, 0.998658, 0.998337, 0.997974, 0.997565, 0.997108, 0.996601, 0.996039, 0.995419, 0.994738, 0.993992, 0.993177, 0.992289, 0.991322, 0.990273, 0.989136, 0.987905, 0.986575, 0.985138, 0.983592, 0.981922, 0.980135, 0.978242, 0.976229, 0.974091, 0.97182, 0.969407, 0.966843, 0.96412, 0.961226, 0.958152, 0.954886, 0.951416, 0.94773, 0.943814, 0.939653, 0.935232, 0.930536, 0.925546, 0.920246, 0.914614, 0.908631, 0.902274, 0.895521, 0.888347, 0.880724, 0.872626, 0.864023, 0.854882, 0.845173, 0.834852, 0.8239, 0.812238, 0.799901, 0.786689, 0.772865, 0.75775, 0.742545, 0.724704, 0.709061, 0.685996, 0.673904, 0.677916, 0.676451, 0.67692, 0.67677, 0.676817, 0.676802, 0.676807, 0.676806, 0.676806, 0.676806, 0.676806, 0.676806, 0.676806, 0.676806, 0.676806, 0.676806, 0.676806, 0.676806, 0.676806, 0.676806, 0.676806, 0.676806, 0.676806, 0.676806, 0.676806, 0.676806, 0.676806, 0.676806, 
1, 1, 0.999998, 0.999962, 0.999904, 0.999819, 0.999706, 0.999563, 0.999389, 0.999181, 0.998938, 0.998658, 0.998337, 0.997974, 0.997565, 0.997108, 0.996601, 0.996039, 0.995419, 0.994738, 0.993992, 0.993177, 0.992289, 0.991322, 0.990273, 0.989136, 0.987905, 0.986575, 0.985138, 0.983592, 0.981922, 0.980135, 0.978242, 0.976229, 0.974091, 0.97182, 0.969407, 0.966843, 0.96412, 0.961226, 0.958152, 0.954886, 0.951416, 0.94773, 0.943814, 0.939653, 0.935232, 0.930536, 0.925546, 0.920246, 0.914614, 0.908631, 0.902274, 0.895521, 0.888347, 0.880724, 0.872626, 0.864023, 0.854882, 0.845173, 0.834852, 0.8239, 0.812238, 0.799901, 0.786689, 0.772865, 0.75775, 0.742545, 0.724704, 0.709061, 0.685996, 0.673904, 0.677916, 0.676451, 0.67692, 0.67677, 0.676817, 0.676802, 0.676807, 0.676806, 0.676806, 0.676806, 0.676806, 0.676806, 0.676806, 0.676806, 0.676806, 0.676806, 0.676806, 0.676806, 0.676806, 0.676806, 0.676806, 0.676806, 0.676806, 0.676806, 0.676806, 0.676806, 0.676806, 0.676806, 
1, 1, 0.999998, 0.999962, 0.999904, 0.999819, 0.999706, 0.999563, 0.999389, 0.999181, 0.998938, 0.998658, 0.998337, 0.997974, 0.997565, 0.997108, 0.996601, 0.996039, 0.995419, 0.994738, 0.993992, 0.993177, 0.992289, 0.991322, 0.990273, 0.989136, 0.987905, 0.986575, 0.985138, 0.983592, 0.981922, 0.980135, 0.978242, 0.976229, 0.974091, 0.97182, 0.969407, 0.966843, 0.96412, 0.961226, 0.958152, 0.954886, 0.951416, 0.94773, 0.943814, 0.939653, 0.935232, 0.930536, 0.925546, 0.920246, 0.914614, 0.908631, 0.902274, 0.895521, 0.888347, 0.880724, 0.872626, 0.864023, 0.854882, 0.845173, 0.834852, 0.8239, 0.812238, 0.799901, 0.786689, 0.772865, 0.75775, 0.742545, 0.724704, 0.709061, 0.685996, 0.673904, 0.677916, 0.676451, 0.67692, 0.67677, 0.676817, 0.676802, 0.676807, 0.676806, 0.676806, 0.676806, 0.676806, 0.676806, 0.676806, 0.676806, 0.676806, 0.676806, 0.676806, 0.676806, 0.676806, 0.676806, 0.676806, 0.676806, 0.676806, 0.676806, 0.676806, 0.676806, 0.676806, 0.676806, 
1, 1, 0.999998, 0.999962, 0.999904, 0.999819, 0.999706, 0.999563, 0.999389, 0.999181, 0.998938, 0.998658, 0.998337, 0.997974, 0.997565, 0.997108, 0.996601, 0.996039, 0.995419, 0.994738, 0.993992, 0.993177, 0.992289, 0.991322, 0.990273, 0.989136, 0.987905, 0.986575, 0.985138, 0.983592, 0.981922, 0.980135, 0.978242, 0.976229, 0.974091, 0.97182, 0.969407, 0.966843, 0.96412, 0.961226, 0.958152, 0.954886, 0.951416, 0.94773, 0.943814, 0.939653, 0.935232, 0.930536, 0.925546, 0.920246, 0.914614, 0.908631, 0.902274, 0.895521, 0.888347, 0.880724, 0.872626, 0.864023, 0.854882, 0.845173, 0.834852, 0.8239, 0.812238, 0.799901, 0.786689, 0.772865, 0.75775, 0.742545, 0.724704, 0.709061, 0.685996, 0.673904, 0.677916, 0.676451, 0.67692, 0.67677, 0.676817, 0.676802, 0.676807, 0.676806, 0.676806, 0.676806, 0.676806, 0.676806, 0.676806, 0.676806, 0.676806, 0.676806, 0.676806, 0.676806, 0.676806, 0.676806, 0.676806, 0.676806, 0.676806, 0.676806, 0.676806, 0.676806, 0.676806, 0.676806, 
1, 1, 0.999998, 0.999962, 0.999904, 0.999819, 0.999706, 0.999563, 0.999389, 0.999181, 0.998938, 0.998658, 0.998337, 0.997974, 0.997565, 0.997108, 0.996601, 0.996039, 0.995419, 0.994738, 0.993992, 0.993177, 0.992289, 0.991322, 0.990273, 0.989136, 0.987905, 0.986575, 0.985138, 0.983592, 0.981922, 0.980135, 0.978242, 0.976229, 0.974091, 0.97182, 0.969407, 0.966843, 0.96412, 0.961226, 0.958152, 0.954886, 0.951416, 0.94773, 0.943814, 0.939653, 0.935232, 0.930536, 0.925546, 0.920246, 0.914614, 0.908631, 0.902274, 0.895521, 0.888347, 0.880724, 0.872626, 0.864023, 0.854882, 0.845173, 0.834852, 0.8239, 0.812238, 0.799901, 0.786689, 0.772865, 0.75775, 0.742545, 0.724704, 0.709061, 0.685996, 0.673904, 0.677916, 0.676451, 0.67692, 0.67677, 0.676817, 0.676802, 0.676807, 0.676806, 0.676806, 0.676806, 0.676806, 0.676806, 0.676806, 0.676806, 0.676806, 0.676806, 0.676806, 0.676806, 0.676806, 0.676806, 0.676806, 0.676806, 0.676806, 0.676806, 0.676806, 0.676806, 0.676806, 0.676806, 
1, 1, 0.999998, 0.999962, 0.999904, 0.999819, 0.999706, 0.999563, 0.999389, 0.999181, 0.998938, 0.998658, 0.998337, 0.997974, 0.997565, 0.997108, 0.996601, 0.996039, 0.995419, 0.994738, 0.993992, 0.993177, 0.992289, 0.991322, 0.990273, 0.989136, 0.987905, 0.986575, 0.985138, 0.983592, 0.981922, 0.980135, 0.978242, 0.976229, 0.974091, 0.97182, 0.969407, 0.966843, 0.96412, 0.961226, 0.958152, 0.954886, 0.951416, 0.94773, 0.943814, 0.939653, 0.935232, 0.930536, 0.925546, 0.920246, 0.914614, 0.908631, 0.902274, 0.895521, 0.888347, 0.880724, 0.872626, 0.864023, 0.854882, 0.845173, 0.834852, 0.8239, 0.812238, 0.799901, 0.786689, 0.772865, 0.75775, 0.742545, 0.724704, 0.709061, 0.685996, 0.673904, 0.677916, 0.676451, 0.67692, 0.67677, 0.676817, 0.676802, 0.676807, 0.676806, 0.676806, 0.676806, 0.676806, 0.676806, 0.676806, 0.676806, 0.676806, 0.676806, 0.676806, 0.676806, 0.676806, 0.676806, 0.676806, 0.676806, 0.676806, 0.676806, 0.676806, 0.676806, 0.676806, 0.676806, 
1, 1, 0.999998, 0.999962, 0.999904, 0.999819, 0.999706, 0.999563, 0.999389, 0.999181, 0.998938, 0.998658, 0.998337, 0.997974, 0.997565, 0.997108, 0.996601, 0.996039, 0.995419, 0.994738, 0.993992, 0.993177, 0.992289, 0.991322, 0.990273, 0.989136, 0.987905, 0.986575, 0.985138, 0.983592, 0.981922, 0.980135, 0.978242, 0.976229, 0.974091, 0.97182, 0.969407, 0.966843, 0.96412, 0.961226, 0.958152, 0.954886, 0.951416, 0.94773, 0.943814, 0.939653, 0.935232, 0.930536, 0.925546, 0.920246, 0.914614, 0.908631, 0.902274, 0.895521, 0.888347, 0.880724, 0.872626, 0.864023, 0.854882, 0.845173, 0.834852, 0.8239, 0.812238, 0.799901, 0.786689, 0.772865, 0.75775, 0.742545, 0.724704, 0.709061, 0.685996, 0.673904, 0.677916, 0.676451, 0.67692, 0.67677, 0.676817, 0.676802, 0.676807, 0.676806, 0.676806, 0.676806, 0.676806, 0.676806, 0.676806, 0.676806, 0.676806, 0.676806, 0.676806, 0.676806, 0.676806, 0.676806, 0.676806, 0.676806, 0.676806, 0.676806, 0.676806, 0.676806, 0.676806, 0.676806, 
1, 1, 0.999998, 0.999962, 0.999904, 0.999819, 0.999706, 0.999563, 0.999389, 0.999181, 0.998938, 0.998658, 0.998337, 0.997974, 0.997565, 0.997108, 0.996601, 0.996039, 0.995419, 0.994738, 0.993992, 0.993177, 0.992289, 0.991322, 0.990273, 0.989136, 0.987905, 0.986575, 0.985138, 0.983592, 0.981922, 0.980135, 0.978242, 0.976229, 0.974091, 0.97182, 0.969407, 0.966843, 0.96412, 0.961226, 0.958152, 0.954886, 0.951416, 0.94773, 0.943814, 0.939653, 0.935232, 0.930536, 0.925546, 0.920246, 0.914614, 0.908631, 0.902274, 0.895521, 0.888347, 0.880724, 0.872626, 0.864023, 0.854882, 0.845173, 0.834852, 0.8239, 0.812238, 0.799901, 0.786689, 0.772865, 0.75775, 0.742545, 0.724704, 0.709061, 0.685996, 0.673904, 0.677916, 0.676451, 0.67692, 0.67677, 0.676817, 0.676802, 0.676807, 0.676806, 0.676806, 0.676806, 0.676806, 0.676806, 0.676806, 0.676806, 0.676806, 0.676806, 0.676806, 0.676806, 0.676806, 0.676806, 0.676806, 0.676806, 0.676806, 0.676806, 0.676806, 0.676806, 0.676806, 0.676806, 
1, 1, 0.999998, 0.999962, 0.999904, 0.999819, 0.999706, 0.999563, 0.999389, 0.999181, 0.998938, 0.998658, 0.998337, 0.997974, 0.997565, 0.997108, 0.996601, 0.996039, 0.995419, 0.994738, 0.993992, 0.993177, 0.992289, 0.991322, 0.990273, 0.989136, 0.987905, 0.986575, 0.985138, 0.983592, 0.981922, 0.980135, 0.978242, 0.976229, 0.974091, 0.97182, 0.969407, 0.966843, 0.96412, 0.961226, 0.958152, 0.954886, 0.951416, 0.94773, 0.943814, 0.939653, 0.935232, 0.930536, 0.925546, 0.920246, 0.914614, 0.908631, 0.902274, 0.895521, 0.888347, 0.880724, 0.872626, 0.864023, 0.854882, 0.845173, 0.834852, 0.8239, 0.812238, 0.799901, 0.786689, 0.772865, 0.75775, 0.742545, 0.724704, 0.709061, 0.685996, 0.673904, 0.677916, 0.676451, 0.67692, 0.67677, 0.676817, 0.676802, 0.676807, 0.676806, 0.676806, 0.676806, 0.676806, 0.676806, 0.676806, 0.676806, 0.676806, 0.676806, 0.676806, 0.676806, 0.676806, 0.676806, 0.676806, 0.676806, 0.676806, 0.676806, 0.676806, 0.676806, 0.676806, 0.676806, 
1, 1, 0.999998, 0.999962, 0.999904, 0.999819, 0.999706, 0.999563, 0.999389, 0.999181, 0.998938, 0.998658, 0.998337, 0.997974, 0.997565, 0.997108, 0.996601, 0.996039, 0.995419, 0.994738, 0.993992, 0.993177, 0.992289, 0.991322, 0.990273, 0.989136, 0.987905, 0.986575, 0.985138, 0.983592, 0.981922, 0.980135, 0.978242, 0.976229, 0.974091, 0.97182, 0.969407, 0.966843, 0.96412, 0.961226, 0.958152, 0.954886, 0.951416, 0.94773, 0.943814, 0.939653, 0.935232, 0.930536, 0.925546, 0.920246, 0.914614, 0.908631, 0.902274, 0.895521, 0.888347, 0.880724, 0.872626, 0.864023, 0.854882, 0.845173, 0.834852, 0.8239, 0.812238, 0.799901, 0.786689, 0.772865, 0.75775, 0.742545, 0.724704, 0.709061, 0.685996, 0.673904, 0.677916, 0.676451, 0.67692, 0.67677, 0.676817, 0.676802, 0.676807, 0.676806, 0.676806, 0.676806, 0.676806, 0.676806, 0.676806, 0.676806, 0.676806, 0.676806, 0.676806, 0.676806, 0.676806, 0.676806, 0.676806, 0.676806, 0.676806, 0.676806, 0.676806, 0.676806, 0.676806, 0.676806, 
1, 1, 0.999998, 0.999962, 0.999904, 0.999819, 0.999706, 0.999563, 0.999389, 0.999181, 0.998938, 0.998658, 0.998337, 0.997974, 0.997565, 0.997108, 0.996601, 0.996039, 0.995419, 0.994738, 0.993992, 0.993177, 0.992289, 0.991322, 0.990273, 0.989136, 0.987905, 0.986575, 0.985138, 0.983592, 0.981922, 0.980135, 0.978242, 0.976229, 0.974091, 0.97182, 0.969407, 0.966843, 0.96412, 0.961226, 0.958152, 0.954886, 0.951416, 0.94773, 0.943814, 0.939653, 0.935232, 0.930536, 0.925546, 0.920246, 0.914614, 0.908631, 0.902274, 0.895521, 0.888347, 0.880724, 0.872626, 0.864023, 0.854882, 0.845173, 0.834852, 0.8239, 0.812238, 0.799901, 0.786689, 0.772865, 0.75775, 0.742545, 0.724704, 0.709061, 0.685996, 0.673904, 0.677916, 0.676451, 0.67692, 0.67677, 0.676817, 0.676802, 0.676807, 0.676806, 0.676806, 0.676806, 0.676806, 0.676806, 0.676806, 0.676806, 0.676806, 0.676806, 0.676806, 0.676806, 0.676806, 0.676806, 0.676806, 0.676806, 0.676806, 0.676806, 0.676806, 0.676806, 0.676806, 0.676806, 
1, 1, 0.999998, 0.999962, 0.999904, 0.999819, 0.999706, 0.999563, 0.999389, 0.999181, 0.998938, 0.998658, 0.998337, 0.997974, 0.997565, 0.997108, 0.996601, 0.996039, 0.995419, 0.994738, 0.993992, 0.993177, 0.992289, 0.991322, 0.990273, 0.989136, 0.987905, 0.986575, 0.985138, 0.983592, 0.981922, 0.980135, 0.978242, 0.976229, 0.974091, 0.97182, 0.969407, 0.966843, 0.96412, 0.961226, 0.958152, 0.954886, 0.951416, 0.94773, 0.943814, 0.939653, 0.935232, 0.930536, 0.925546, 0.920246, 0.914614, 0.908631, 0.902274, 0.895521, 0.888347, 0.880724, 0.872626, 0.864023, 0.854882, 0.845173, 0.834852, 0.8239, 0.812238, 0.799901, 0.786689, 0.772865, 0.75775, 0.742545, 0.724704, 0.709061, 0.685996, 0.673904, 0.677916, 0.676451, 0.67692, 0.67677, 0.676817, 0.676802, 0.676807, 0.676806, 0.676806, 0.676806, 0.676806, 0.676806, 0.676806, 0.676806, 0.676806, 0.676806, 0.676806, 0.676806, 0.676806, 0.676806, 0.676806, 0.676806, 0.676806, 0.676806, 0.676806, 0.676806, 0.676806, 0.676806, 
1, 1, 0.999998, 0.999962, 0.999904, 0.999819, 0.999706, 0.999563, 0.999389, 0.999181, 0.998938, 0.998658, 0.998337, 0.997974, 0.997565, 0.997108, 0.996601, 0.996039, 0.995419, 0.994738, 0.993992, 0.993177, 0.992289, 0.991322, 0.990273, 0.989136, 0.987905, 0.986575, 0.985138, 0.983592, 0.981922, 0.980135, 0.978242, 0.976229, 0.974091, 0.97182, 0.969407, 0.966843, 0.96412, 0.961226, 0.958152, 0.954886, 0.951416, 0.94773, 0.943814, 0.939653, 0.935232, 0.930536, 0.925546, 0.920246, 0.914614, 0.908631, 0.902274, 0.895521, 0.888347, 0.880724, 0.872626, 0.864023, 0.854882, 0.845173, 0.834852, 0.8239, 0.812238, 0.799901, 0.786689, 0.772865, 0.75775, 0.742545, 0.724704, 0.709061, 0.685996, 0.673904, 0.677916, 0.676451, 0.67692, 0.67677, 0.676817, 0.676802, 0.676807, 0.676806, 0.676806, 0.676806, 0.676806, 0.676806, 0.676806, 0.676806, 0.676806, 0.676806, 0.676806, 0.676806, 0.676806, 0.676806, 0.676806, 0.676806, 0.676806, 0.676806, 0.676806, 0.676806, 0.676806, 0.676806, 
1, 1, 0.999998, 0.999962, 0.999904, 0.999819, 0.999706, 0.999563, 0.999389, 0.999181, 0.998938, 0.998658, 0.998337, 0.997974, 0.997565, 0.997108, 0.996601, 0.996039, 0.995419, 0.994738, 0.993992, 0.993177, 0.992289, 0.991322, 0.990273, 0.989136, 0.987905, 0.986575, 0.985138, 0.983592, 0.981922, 0.980135, 0.978242, 0.976229, 0.974091, 0.97182, 0.969407, 0.966843, 0.96412, 0.961226, 0.958152, 0.954886, 0.951416, 0.94773, 0.943814, 0.939653, 0.935232, 0.930536, 0.925546, 0.920246, 0.914614, 0.908631, 0.902274, 0.895521, 0.888347, 0.880724, 0.872626, 0.864023, 0.854882, 0.845173, 0.834852, 0.8239, 0.812238, 0.799901, 0.786689, 0.772865, 0.75775, 0.742545, 0.724704, 0.709061, 0.685996, 0.673904, 0.677916, 0.676451, 0.67692, 0.67677, 0.676817, 0.676802, 0.676807, 0.676806, 0.676806, 0.676806, 0.676806, 0.676806, 0.676806, 0.676806, 0.676806, 0.676806, 0.676806, 0.676806, 0.676806, 0.676806, 0.676806, 0.676806, 0.676806, 0.676806, 0.676806, 0.676806, 0.676806, 0.676806, 
1, 1, 0.999998, 0.999962, 0.999904, 0.999819, 0.999706, 0.999563, 0.999389, 0.999181, 0.998938, 0.998658, 0.998337, 0.997974, 0.997565, 0.997108, 0.996601, 0.996039, 0.995419, 0.994738, 0.993992, 0.993177, 0.992289, 0.991322, 0.990273, 0.989136, 0.987905, 0.986575, 0.985138, 0.983592, 0.981922, 0.980135, 0.978242, 0.976229, 0.974091, 0.97182, 0.969407, 0.966843, 0.96412, 0.961226, 0.958152, 0.954886, 0.951416, 0.94773, 0.943814, 0.939653, 0.935232, 0.930536, 0.925546, 0.920246, 0.914614, 0.908631, 0.902274, 0.895521, 0.888347, 0.880724, 0.872626, 0.864023, 0.854882, 0.845173, 0.834852, 0.8239, 0.812238, 0.799901, 0.786689, 0.772865, 0.75775, 0.742545, 0.724704, 0.709061, 0.685996, 0.673904, 0.677916, 0.676451, 0.67692, 0.67677, 0.676817, 0.676802, 0.676807, 0.676806, 0.676806, 0.676806, 0.676806, 0.676806, 0.676806, 0.676806, 0.676806, 0.676806, 0.676806, 0.676806, 0.676806, 0.676806, 0.676806, 0.676806, 0.676806, 0.676806, 0.676806, 0.676806, 0.676806, 0.676806, 
1, 1, 0.999998, 0.999962, 0.999904, 0.999819, 0.999706, 0.999563, 0.999389, 0.999181, 0.998938, 0.998658, 0.998337, 0.997974, 0.997565, 0.997108, 0.996601, 0.996039, 0.995419, 0.994738, 0.993992, 0.993177, 0.992289, 0.991322, 0.990273, 0.989136, 0.987905, 0.986575, 0.985138, 0.983592, 0.981922, 0.980135, 0.978242, 0.976229, 0.974091, 0.97182, 0.969407, 0.966843, 0.96412, 0.961226, 0.958152, 0.954886, 0.951416, 0.94773, 0.943814, 0.939653, 0.935232, 0.930536, 0.925546, 0.920246, 0.914614, 0.908631, 0.902274, 0.895521, 0.888347, 0.880724, 0.872626, 0.864023, 0.854882, 0.845173, 0.834852, 0.8239, 0.812238, 0.799901, 0.786689, 0.772865, 0.75775, 0.742545, 0.724704, 0.709061, 0.685996, 0.673904, 0.677916, 0.676451, 0.67692, 0.67677, 0.676817, 0.676802, 0.676807, 0.676806, 0.676806, 0.676806, 0.676806, 0.676806, 0.676806, 0.676806, 0.676806, 0.676806, 0.676806, 0.676806, 0.676806, 0.676806, 0.676806, 0.676806, 0.676806, 0.676806, 0.676806, 0.676806, 0.676806, 0.676806, 
1, 1, 0.999998, 0.999962, 0.999904, 0.999819, 0.999706, 0.999563, 0.999389, 0.999181, 0.998938, 0.998658, 0.998337, 0.997974, 0.997565, 0.997108, 0.996601, 0.996039, 0.995419, 0.994738, 0.993992, 0.993177, 0.992289, 0.991322, 0.990273, 0.989136, 0.987905, 0.986575, 0.985138, 0.983592, 0.981922, 0.980135, 0.978242, 0.976229, 0.974091, 0.97182, 0.969407, 0.966843, 0.96412, 0.961226, 0.958152, 0.954886, 0.951416, 0.94773, 0.943814, 0.939653, 0.935232, 0.930536, 0.925546, 0.920246, 0.914614, 0.908631, 0.902274, 0.895521, 0.888347, 0.880724, 0.872626, 0.864023, 0.854882, 0.845173, 0.834852, 0.8239, 0.812238, 0.799901, 0.786689, 0.772865, 0.75775, 0.742545, 0.724704, 0.709061, 0.685996, 0.673904, 0.677916, 0.676451, 0.67692, 0.67677, 0.676817, 0.676802, 0.676807, 0.676806, 0.676806, 0.676806, 0.676806, 0.676806, 0.676806, 0.676806, 0.676806, 0.676806, 0.676806, 0.676806, 0.676806, 0.676806, 0.676806, 0.676806, 0.676806, 0.676806, 0.676806, 0.676806, 0.676806, 0.676806, 
1, 1, 0.999998, 0.999962, 0.999904, 0.999819, 0.999706, 0.999563, 0.999389, 0.999181, 0.998938, 0.998658, 0.998337, 0.997974, 0.997565, 0.997108, 0.996601, 0.996039, 0.995419, 0.994738, 0.993992, 0.993177, 0.992289, 0.991322, 0.990273, 0.989136, 0.987905, 0.986575, 0.985138, 0.983592, 0.981922, 0.980135, 0.978242, 0.976229, 0.974091, 0.97182, 0.969407, 0.966843, 0.96412, 0.961226, 0.958152, 0.954886, 0.951416, 0.94773, 0.943814, 0.939653, 0.935232, 0.930536, 0.925546, 0.920246, 0.914614, 0.908631, 0.902274, 0.895521, 0.888347, 0.880724, 0.872626, 0.864023, 0.854882, 0.845173, 0.834852, 0.8239, 0.812238, 0.799901, 0.786689, 0.772865, 0.75775, 0.742545, 0.724704, 0.709061, 0.685996, 0.673904, 0.677916, 0.676451, 0.67692, 0.67677, 0.676817, 0.676802, 0.676807, 0.676806, 0.676806, 0.676806, 0.676806, 0.676806, 0.676806, 0.676806, 0.676806, 0.676806, 0.676806, 0.676806, 0.676806, 0.676806, 0.676806, 0.676806, 0.676806, 0.676806, 0.676806, 0.676806, 0.676806, 0.676806, 
1, 1, 0.999998, 0.999962, 0.999904, 0.999819, 0.999706, 0.999563, 0.999389, 0.999181, 0.998938, 0.998658, 0.998337, 0.997974, 0.997565, 0.997108, 0.996601, 0.996039, 0.995419, 0.994738, 0.993992, 0.993177, 0.992289, 0.991322, 0.990273, 0.989136, 0.987905, 0.986575, 0.985138, 0.983592, 0.981922, 0.980135, 0.978242, 0.976229, 0.974091, 0.97182, 0.969407, 0.966843, 0.96412, 0.961226, 0.958152, 0.954886, 0.951416, 0.94773, 0.943814, 0.939653, 0.935232, 0.930536, 0.925546, 0.920246, 0.914614, 0.908631, 0.902274, 0.895521, 0.888347, 0.880724, 0.872626, 0.864023, 0.854882, 0.845173, 0.834852, 0.8239, 0.812238, 0.799901, 0.786689, 0.772865, 0.75775, 0.742545, 0.724704, 0.709061, 0.685996, 0.673904, 0.677916, 0.676451, 0.67692, 0.67677, 0.676817, 0.676802, 0.676807, 0.676806, 0.676806, 0.676806, 0.676806, 0.676806, 0.676806, 0.676806, 0.676806, 0.676806, 0.676806, 0.676806, 0.676806, 0.676806, 0.676806, 0.676806, 0.676806, 0.676806, 0.676806, 0.676806, 0.676806, 0.676806, 
1, 1, 0.999998, 0.999962, 0.999904, 0.999819, 0.999706, 0.999563, 0.999389, 0.999181, 0.998938, 0.998658, 0.998337, 0.997974, 0.997565, 0.997108, 0.996601, 0.996039, 0.995419, 0.994738, 0.993992, 0.993177, 0.992289, 0.991322, 0.990273, 0.989136, 0.987905, 0.986575, 0.985138, 0.983592, 0.981922, 0.980135, 0.978242, 0.976229, 0.974091, 0.97182, 0.969407, 0.966843, 0.96412, 0.961226, 0.958152, 0.954886, 0.951416, 0.94773, 0.943814, 0.939653, 0.935232, 0.930536, 0.925546, 0.920246, 0.914614, 0.908631, 0.902274, 0.895521, 0.888347, 0.880724, 0.872626, 0.864023, 0.854882, 0.845173, 0.834852, 0.8239, 0.812238, 0.799901, 0.786689, 0.772865, 0.75775, 0.742545, 0.724704, 0.709061, 0.685996, 0.673904, 0.677916, 0.676451, 0.67692, 0.67677, 0.676817, 0.676802, 0.676807, 0.676806, 0.676806, 0.676806, 0.676806, 0.676806, 0.676806, 0.676806, 0.676806, 0.676806, 0.676806, 0.676806, 0.676806, 0.676806, 0.676806, 0.676806, 0.676806, 0.676806, 0.676806, 0.676806, 0.676806, 0.676806, 
1, 1, 0.999998, 0.999962, 0.999904, 0.999819, 0.999706, 0.999563, 0.999389, 0.999181, 0.998938, 0.998658, 0.998337, 0.997974, 0.997565, 0.997108, 0.996601, 0.996039, 0.995419, 0.994738, 0.993992, 0.993177, 0.992289, 0.991322, 0.990273, 0.989136, 0.987905, 0.986575, 0.985138, 0.983592, 0.981922, 0.980135, 0.978242, 0.976229, 0.974091, 0.97182, 0.969407, 0.966843, 0.96412, 0.961226, 0.958152, 0.954886, 0.951416, 0.94773, 0.943814, 0.939653, 0.935232, 0.930536, 0.925546, 0.920246, 0.914614, 0.908631, 0.902274, 0.895521, 0.888347, 0.880724, 0.872626, 0.864023, 0.854882, 0.845173, 0.834852, 0.8239, 0.812238, 0.799901, 0.786689, 0.772865, 0.75775, 0.742545, 0.724704, 0.709061, 0.685996, 0.673904, 0.677916, 0.676451, 0.67692, 0.67677, 0.676817, 0.676802, 0.676807, 0.676806, 0.676806, 0.676806, 0.676806, 0.676806, 0.676806, 0.676806, 0.676806, 0.676806, 0.676806, 0.676806, 0.676806, 0.676806, 0.676806, 0.676806, 0.676806, 0.676806, 0.676806, 0.676806, 0.676806, 0.676806, 
1, 1, 0.999998, 0.999962, 0.999904, 0.999819, 0.999706, 0.999563, 0.999389, 0.999181, 0.998938, 0.998658, 0.998337, 0.997974, 0.997565, 0.997108, 0.996601, 0.996039, 0.995419, 0.994738, 0.993992, 0.993177, 0.992289, 0.991322, 0.990273, 0.989136, 0.987905, 0.986575, 0.985138, 0.983592, 0.981922, 0.980135, 0.978242, 0.976229, 0.974091, 0.97182, 0.969407, 0.966843, 0.96412, 0.961226, 0.958152, 0.954886, 0.951416, 0.94773, 0.943814, 0.939653, 0.935232, 0.930536, 0.925546, 0.920246, 0.914614, 0.908631, 0.902274, 0.895521, 0.888347, 0.880724, 0.872626, 0.864023, 0.854882, 0.845173, 0.834852, 0.8239, 0.812238, 0.799901, 0.786689, 0.772865, 0.75775, 0.742545, 0.724704, 0.709061, 0.685996, 0.673904, 0.677916, 0.676451, 0.67692, 0.67677, 0.676817, 0.676802, 0.676807, 0.676806, 0.676806, 0.676806, 0.676806, 0.676806, 0.676806, 0.676806, 0.676806, 0.676806, 0.676806, 0.676806, 0.676806, 0.676806, 0.676806, 0.676806, 0.676806, 0.676806, 0.676806, 0.676806, 0.676806, 0.676806, 
1, 1, 0.999998, 0.999962, 0.999904, 0.999819, 0.999706, 0.999563, 0.999389, 0.999181, 0.998938, 0.998658, 0.998337, 0.997974, 0.997565, 0.997108, 0.996601, 0.996039, 0.995419, 0.994738, 0.993992, 0.993177, 0.992289, 0.991322, 0.990273, 0.989136, 0.987905, 0.986575, 0.985138, 0.983592, 0.981922, 0.980135, 0.978242, 0.976229, 0.974091, 0.97182, 0.969407, 0.966843, 0.96412, 0.961226, 0.958152, 0.954886, 0.951416, 0.94773, 0.943814, 0.939653, 0.935232, 0.930536, 0.925546, 0.920246, 0.914614, 0.908631, 0.902274, 0.895521, 0.888347, 0.880724, 0.872626, 0.864023, 0.854882, 0.845173, 0.834852, 0.8239, 0.812238, 0.799901, 0.786689, 0.772865, 0.75775, 0.742545, 0.724704, 0.709061, 0.685996, 0.673904, 0.677916, 0.676451, 0.67692, 0.67677, 0.676817, 0.676802, 0.676807, 0.676806, 0.676806, 0.676806, 0.676806, 0.676806, 0.676806, 0.676806, 0.676806, 0.676806, 0.676806, 0.676806, 0.676806, 0.676806, 0.676806, 0.676806, 0.676806, 0.676806, 0.676806, 0.676806, 0.676806, 0.676806, 
1, 1, 0.999998, 0.999962, 0.999904, 0.999819, 0.999706, 0.999563, 0.999389, 0.999181, 0.998938, 0.998658, 0.998337, 0.997974, 0.997565, 0.997108, 0.996601, 0.996039, 0.995419, 0.994738, 0.993992, 0.993177, 0.992289, 0.991322, 0.990273, 0.989136, 0.987905, 0.986575, 0.985138, 0.983592, 0.981922, 0.980135, 0.978242, 0.976229, 0.974091, 0.97182, 0.969407, 0.966843, 0.96412, 0.961226, 0.958152, 0.954886, 0.951416, 0.94773, 0.943814, 0.939653, 0.935232, 0.930536, 0.925546, 0.920246, 0.914614, 0.908631, 0.902274, 0.895521, 0.888347, 0.880724, 0.872626, 0.864023, 0.854882, 0.845173, 0.834852, 0.8239, 0.812238, 0.799901, 0.786689, 0.772865, 0.75775, 0.742545, 0.724704, 0.709061, 0.685996, 0.673904, 0.677916, 0.676451, 0.67692, 0.67677, 0.676817, 0.676802, 0.676807, 0.676806, 0.676806, 0.676806, 0.676806, 0.676806, 0.676806, 0.676806, 0.676806, 0.676806, 0.676806, 0.676806, 0.676806, 0.676806, 0.676806, 0.676806, 0.676806, 0.676806, 0.676806, 0.676806, 0.676806, 0.676806, 
1, 1, 0.999998, 0.999962, 0.999904, 0.999819, 0.999706, 0.999563, 0.999389, 0.999181, 0.998938, 0.998658, 0.998337, 0.997974, 0.997565, 0.997108, 0.996601, 0.996039, 0.995419, 0.994738, 0.993992, 0.993177, 0.992289, 0.991322, 0.990273, 0.989136, 0.987905, 0.986575, 0.985138, 0.983592, 0.981922, 0.980135, 0.978242, 0.976229, 0.974091, 0.97182, 0.969407, 0.966843, 0.96412, 0.961226, 0.958152, 0.954886, 0.951416, 0.94773, 0.943814, 0.939653, 0.935232, 0.930536, 0.925546, 0.920246, 0.914614, 0.908631, 0.902274, 0.895521, 0.888347, 0.880724, 0.872626, 0.864023, 0.854882, 0.845173, 0.834852, 0.8239, 0.812238, 0.799901, 0.786689, 0.772865, 0.75775, 0.742545, 0.724704, 0.709061, 0.685996, 0.673904, 0.677916, 0.676451, 0.67692, 0.67677, 0.676817, 0.676802, 0.676807, 0.676806, 0.676806, 0.676806, 0.676806, 0.676806, 0.676806, 0.676806, 0.676806, 0.676806, 0.676806, 0.676806, 0.676806, 0.676806, 0.676806, 0.676806, 0.676806, 0.676806, 0.676806, 0.676806, 0.676806, 0.676806, 
1, 1, 0.999998, 0.999962, 0.999904, 0.999819, 0.999706, 0.999563, 0.999389, 0.999181, 0.998938, 0.998658, 0.998337, 0.997974, 0.997565, 0.997108, 0.996601, 0.996039, 0.995419, 0.994738, 0.993992, 0.993177, 0.992289, 0.991322, 0.990273, 0.989136, 0.987905, 0.986575, 0.985138, 0.983592, 0.981922, 0.980135, 0.978242, 0.976229, 0.974091, 0.97182, 0.969407, 0.966843, 0.96412, 0.961226, 0.958152, 0.954886, 0.951416, 0.94773, 0.943814, 0.939653, 0.935232, 0.930536, 0.925546, 0.920246, 0.914614, 0.908631, 0.902274, 0.895521, 0.888347, 0.880724, 0.872626, 0.864023, 0.854882, 0.845173, 0.834852, 0.8239, 0.812238, 0.799901, 0.786689, 0.772865, 0.75775, 0.742545, 0.724704, 0.709061, 0.685996, 0.673904, 0.677916, 0.676451, 0.67692, 0.67677, 0.676817, 0.676802, 0.676807, 0.676806, 0.676806, 0.676806, 0.676806, 0.676806, 0.676806, 0.676806, 0.676806, 0.676806, 0.676806, 0.676806, 0.676806, 0.676806, 0.676806, 0.676806, 0.676806, 0.676806, 0.676806, 0.676806, 0.676806, 0.676806, 
1, 1, 0.999998, 0.999962, 0.999904, 0.999819, 0.999706, 0.999563, 0.999389, 0.999181, 0.998938, 0.998658, 0.998337, 0.997974, 0.997565, 0.997108, 0.996601, 0.996039, 0.995419, 0.994738, 0.993992, 0.993177, 0.992289, 0.991322, 0.990273, 0.989136, 0.987905, 0.986575, 0.985138, 0.983592, 0.981922, 0.980135, 0.978242, 0.976229, 0.974091, 0.97182, 0.969407, 0.966843, 0.96412, 0.961226, 0.958152, 0.954886, 0.951416, 0.94773, 0.943814, 0.939653, 0.935232, 0.930536, 0.925546, 0.920246, 0.914614, 0.908631, 0.902274, 0.895521, 0.888347, 0.880724, 0.872626, 0.864023, 0.854882, 0.845173, 0.834852, 0.8239, 0.812238, 0.799901, 0.786689, 0.772865, 0.75775, 0.742545, 0.724704, 0.709061, 0.685996, 0.673904, 0.677916, 0.676451, 0.67692, 0.67677, 0.676817, 0.676802, 0.676807, 0.676806, 0.676806, 0.676806, 0.676806, 0.676806, 0.676806, 0.676806, 0.676806, 0.676806, 0.676806, 0.676806, 0.676806, 0.676806, 0.676806, 0.676806, 0.676806, 0.676806, 0.676806, 0.676806, 0.676806, 0.676806, 
1, 1, 0.999998, 0.999962, 0.999904, 0.999819, 0.999706, 0.999563, 0.999389, 0.999181, 0.998938, 0.998658, 0.998337, 0.997974, 0.997565, 0.997108, 0.996601, 0.996039, 0.995419, 0.994738, 0.993992, 0.993177, 0.992289, 0.991322, 0.990273, 0.989136, 0.987905, 0.986575, 0.985138, 0.983592, 0.981922, 0.980135, 0.978242, 0.976229, 0.974091, 0.97182, 0.969407, 0.966843, 0.96412, 0.961226, 0.958152, 0.954886, 0.951416, 0.94773, 0.943814, 0.939653, 0.935232, 0.930536, 0.925546, 0.920246, 0.914614, 0.908631, 0.902274, 0.895521, 0.888347, 0.880724, 0.872626, 0.864023, 0.854882, 0.845173, 0.834852, 0.8239, 0.812238, 0.799901, 0.786689, 0.772865, 0.75775, 0.742545, 0.724704, 0.709061, 0.685996, 0.673904, 0.677916, 0.676451, 0.67692, 0.67677, 0.676817, 0.676802, 0.676807, 0.676806, 0.676806, 0.676806, 0.676806, 0.676806, 0.676806, 0.676806, 0.676806, 0.676806, 0.676806, 0.676806, 0.676806, 0.676806, 0.676806, 0.676806, 0.676806, 0.676806, 0.676806, 0.676806, 0.676806, 0.676806, 
1, 1, 0.999998, 0.999962, 0.999904, 0.999819, 0.999706, 0.999563, 0.999389, 0.999181, 0.998938, 0.998658, 0.998337, 0.997974, 0.997565, 0.997108, 0.996601, 0.996039, 0.995419, 0.994738, 0.993992, 0.993177, 0.992289, 0.991322, 0.990273, 0.989136, 0.987905, 0.986575, 0.985138, 0.983592, 0.981922, 0.980135, 0.978242, 0.976229, 0.974091, 0.97182, 0.969407, 0.966843, 0.96412, 0.961226, 0.958152, 0.954886, 0.951416, 0.94773, 0.943814, 0.939653, 0.935232, 0.930536, 0.925546, 0.920246, 0.914614, 0.908631, 0.902274, 0.895521, 0.888347, 0.880724, 0.872626, 0.864023, 0.854882, 0.845173, 0.834852, 0.8239, 0.812238, 0.799901, 0.786689, 0.772865, 0.75775, 0.742545, 0.724704, 0.709061, 0.685996, 0.673904, 0.677916, 0.676451, 0.67692, 0.67677, 0.676817, 0.676802, 0.676807, 0.676806, 0.676806, 0.676806, 0.676806, 0.676806, 0.676806, 0.676806, 0.676806, 0.676806, 0.676806, 0.676806, 0.676806, 0.676806, 0.676806, 0.676806, 0.676806, 0.676806, 0.676806, 0.676806, 0.676806, 0.676806, 
1, 1, 0.999998, 0.999962, 0.999904, 0.999819, 0.999706, 0.999563, 0.999389, 0.999181, 0.998938, 0.998658, 0.998337, 0.997974, 0.997565, 0.997108, 0.996601, 0.996039, 0.995419, 0.994738, 0.993992, 0.993177, 0.992289, 0.991322, 0.990273, 0.989136, 0.987905, 0.986575, 0.985138, 0.983592, 0.981922, 0.980135, 0.978242, 0.976229, 0.974091, 0.97182, 0.969407, 0.966843, 0.96412, 0.961226, 0.958152, 0.954886, 0.951416, 0.94773, 0.943814, 0.939653, 0.935232, 0.930536, 0.925546, 0.920246, 0.914614, 0.908631, 0.902274, 0.895521, 0.888347, 0.880724, 0.872626, 0.864023, 0.854882, 0.845173, 0.834852, 0.8239, 0.812238, 0.799901, 0.786689, 0.772865, 0.75775, 0.742545, 0.724704, 0.709061, 0.685996, 0.673904, 0.677916, 0.676451, 0.67692, 0.67677, 0.676817, 0.676802, 0.676807, 0.676806, 0.676806, 0.676806, 0.676806, 0.676806, 0.676806, 0.676806, 0.676806, 0.676806, 0.676806, 0.676806, 0.676806, 0.676806, 0.676806, 0.676806, 0.676806, 0.676806, 0.676806, 0.676806, 0.676806, 0.676806, 
1, 1, 0.999998, 0.999962, 0.999904, 0.999819, 0.999706, 0.999563, 0.999389, 0.999181, 0.998938, 0.998658, 0.998337, 0.997974, 0.997565, 0.997108, 0.996601, 0.996039, 0.995419, 0.994738, 0.993992, 0.993177, 0.992289, 0.991322, 0.990273, 0.989136, 0.987905, 0.986575, 0.985138, 0.983592, 0.981922, 0.980135, 0.978242, 0.976229, 0.974091, 0.97182, 0.969407, 0.966843, 0.96412, 0.961226, 0.958152, 0.954886, 0.951416, 0.94773, 0.943814, 0.939653, 0.935232, 0.930536, 0.925546, 0.920246, 0.914614, 0.908631, 0.902274, 0.895521, 0.888347, 0.880724, 0.872626, 0.864023, 0.854882, 0.845173, 0.834852, 0.8239, 0.812238, 0.799901, 0.786689, 0.772865, 0.75775, 0.742545, 0.724704, 0.709061, 0.685996, 0.673904, 0.677916, 0.676451, 0.67692, 0.67677, 0.676817, 0.676802, 0.676807, 0.676806, 0.676806, 0.676806, 0.676806, 0.676806, 0.676806, 0.676806, 0.676806, 0.676806, 0.676806, 0.676806, 0.676806, 0.676806, 0.676806, 0.676806, 0.676806, 0.676806, 0.676806, 0.676806, 0.676806, 0.676806, 
1, 1, 0.999998, 0.999962, 0.999904, 0.999819, 0.999706, 0.999563, 0.999389, 0.999181, 0.998938, 0.998658, 0.998337, 0.997974, 0.997565, 0.997108, 0.996601, 0.996039, 0.995419, 0.994738, 0.993992, 0.993177, 0.992289, 0.991322, 0.990273, 0.989136, 0.987905, 0.986575, 0.985138, 0.983592, 0.981922, 0.980135, 0.978242, 0.976229, 0.974091, 0.97182, 0.969407, 0.966843, 0.96412, 0.961226, 0.958152, 0.954886, 0.951416, 0.94773, 0.943814, 0.939653, 0.935232, 0.930536, 0.925546, 0.920246, 0.914614, 0.908631, 0.902274, 0.895521, 0.888347, 0.880724, 0.872626, 0.864023, 0.854882, 0.845173, 0.834852, 0.8239, 0.812238, 0.799901, 0.786689, 0.772865, 0.75775, 0.742545, 0.724704, 0.709061, 0.685996, 0.673904, 0.677916, 0.676451, 0.67692, 0.67677, 0.676817, 0.676802, 0.676807, 0.676806, 0.676806, 0.676806, 0.676806, 0.676806, 0.676806, 0.676806, 0.676806, 0.676806, 0.676806, 0.676806, 0.676806, 0.676806, 0.676806, 0.676806, 0.676806, 0.676806, 0.676806, 0.676806, 0.676806, 0.676806, 
1, 1, 0.999998, 0.999962, 0.999904, 0.999819, 0.999706, 0.999563, 0.999389, 0.999181, 0.998938, 0.998658, 0.998337, 0.997974, 0.997565, 0.997108, 0.996601, 0.996039, 0.995419, 0.994738, 0.993992, 0.993177, 0.992289, 0.991322, 0.990273, 0.989136, 0.987905, 0.986575, 0.985138, 0.983592, 0.981922, 0.980135, 0.978242, 0.976229, 0.974091, 0.97182, 0.969407, 0.966843, 0.96412, 0.961226, 0.958152, 0.954886, 0.951416, 0.94773, 0.943814, 0.939653, 0.935232, 0.930536, 0.925546, 0.920246, 0.914614, 0.908631, 0.902274, 0.895521, 0.888347, 0.880724, 0.872626, 0.864023, 0.854882, 0.845173, 0.834852, 0.8239, 0.812238, 0.799901, 0.786689, 0.772865, 0.75775, 0.742545, 0.724704, 0.709061, 0.685996, 0.673904, 0.677916, 0.676451, 0.67692, 0.67677, 0.676817, 0.676802, 0.676807, 0.676806, 0.676806, 0.676806, 0.676806, 0.676806, 0.676806, 0.676806, 0.676806, 0.676806, 0.676806, 0.676806, 0.676806, 0.676806, 0.676806, 0.676806, 0.676806, 0.676806, 0.676806, 0.676806, 0.676806, 0.676806, 
1, 1, 0.999998, 0.999962, 0.999904, 0.999819, 0.999706, 0.999563, 0.999389, 0.999181, 0.998938, 0.998658, 0.998337, 0.997974, 0.997565, 0.997108, 0.996601, 0.996039, 0.995419, 0.994738, 0.993992, 0.993177, 0.992289, 0.991322, 0.990273, 0.989136, 0.987905, 0.986575, 0.985138, 0.983592, 0.981922, 0.980135, 0.978242, 0.976229, 0.974091, 0.97182, 0.969407, 0.966843, 0.96412, 0.961226, 0.958152, 0.954886, 0.951416, 0.94773, 0.943814, 0.939653, 0.935232, 0.930536, 0.925546, 0.920246, 0.914614, 0.908631, 0.902274, 0.895521, 0.888347, 0.880724, 0.872626, 0.864023, 0.854882, 0.845173, 0.834852, 0.8239, 0.812238, 0.799901, 0.786689, 0.772865, 0.75775, 0.742545, 0.724704, 0.709061, 0.685996, 0.673904, 0.677916, 0.676451, 0.67692, 0.67677, 0.676817, 0.676802, 0.676807, 0.676806, 0.676806, 0.676806, 0.676806, 0.676806, 0.676806, 0.676806, 0.676806, 0.676806, 0.676806, 0.676806, 0.676806, 0.676806, 0.676806, 0.676806, 0.676806, 0.676806, 0.676806, 0.676806, 0.676806, 0.676806, 
1, 1, 0.999998, 0.999962, 0.999904, 0.999819, 0.999706, 0.999563, 0.999389, 0.999181, 0.998938, 0.998658, 0.998337, 0.997974, 0.997565, 0.997108, 0.996601, 0.996039, 0.995419, 0.994738, 0.993992, 0.993177, 0.992289, 0.991322, 0.990273, 0.989136, 0.987905, 0.986575, 0.985138, 0.983592, 0.981922, 0.980135, 0.978242, 0.976229, 0.974091, 0.97182, 0.969407, 0.966843, 0.96412, 0.961226, 0.958152, 0.954886, 0.951416, 0.94773, 0.943814, 0.939653, 0.935232, 0.930536, 0.925546, 0.920246, 0.914614, 0.908631, 0.902274, 0.895521, 0.888347, 0.880724, 0.872626, 0.864023, 0.854882, 0.845173, 0.834852, 0.8239, 0.812238, 0.799901, 0.786689, 0.772865, 0.75775, 0.742545, 0.724704, 0.709061, 0.685996, 0.673904, 0.677916, 0.676451, 0.67692, 0.67677, 0.676817, 0.676802, 0.676807, 0.676806, 0.676806, 0.676806, 0.676806, 0.676806, 0.676806, 0.676806, 0.676806, 0.676806, 0.676806, 0.676806, 0.676806, 0.676806, 0.676806, 0.676806, 0.676806, 0.676806, 0.676806, 0.676806, 0.676806, 0.676806, 
1, 1, 0.999998, 0.999962, 0.999904, 0.999819, 0.999706, 0.999563, 0.999389, 0.999181, 0.998938, 0.998658, 0.998337, 0.997974, 0.997565, 0.997108, 0.996601, 0.996039, 0.995419, 0.994738, 0.993992, 0.993177, 0.992289, 0.991322, 0.990273, 0.989136, 0.987905, 0.986575, 0.985138, 0.983592, 0.981922, 0.980135, 0.978242, 0.976229, 0.974091, 0.97182, 0.969407, 0.966843, 0.96412, 0.961226, 0.958152, 0.954886, 0.951416, 0.94773, 0.943814, 0.939653, 0.935232, 0.930536, 0.925546, 0.920246, 0.914614, 0.908631, 0.902274, 0.895521, 0.888347, 0.880724, 0.872626, 0.864023, 0.854882, 0.845173, 0.834852, 0.8239, 0.812238, 0.799901, 0.786689, 0.772865, 0.75775, 0.742545, 0.724704, 0.709061, 0.685996, 0.673904, 0.677916, 0.676451, 0.67692, 0.67677, 0.676817, 0.676802, 0.676807, 0.676806, 0.676806, 0.676806, 0.676806, 0.676806, 0.676806, 0.676806, 0.676806, 0.676806, 0.676806, 0.676806, 0.676806, 0.676806, 0.676806, 0.676806, 0.676806, 0.676806, 0.676806, 0.676806, 0.676806, 0.676806, 
1, 1, 0.999998, 0.999962, 0.999904, 0.999819, 0.999706, 0.999563, 0.999389, 0.999181, 0.998938, 0.998658, 0.998337, 0.997974, 0.997565, 0.997108, 0.996601, 0.996039, 0.995419, 0.994738, 0.993992, 0.993177, 0.992289, 0.991322, 0.990273, 0.989136, 0.987905, 0.986575, 0.985138, 0.983592, 0.981922, 0.980135, 0.978242, 0.976229, 0.974091, 0.97182, 0.969407, 0.966843, 0.96412, 0.961226, 0.958152, 0.954886, 0.951416, 0.94773, 0.943814, 0.939653, 0.935232, 0.930536, 0.925546, 0.920246, 0.914614, 0.908631, 0.902274, 0.895521, 0.888347, 0.880724, 0.872626, 0.864023, 0.854882, 0.845173, 0.834852, 0.8239, 0.812238, 0.799901, 0.786689, 0.772865, 0.75775, 0.742545, 0.724704, 0.709061, 0.685996, 0.673904, 0.677916, 0.676451, 0.67692, 0.67677, 0.676817, 0.676802, 0.676807, 0.676806, 0.676806, 0.676806, 0.676806, 0.676806, 0.676806, 0.676806, 0.676806, 0.676806, 0.676806, 0.676806, 0.676806, 0.676806, 0.676806, 0.676806, 0.676806, 0.676806, 0.676806, 0.676806, 0.676806, 0.676806, 
1, 1, 0.999998, 0.999962, 0.999904, 0.999819, 0.999706, 0.999563, 0.999389, 0.999181, 0.998938, 0.998658, 0.998337, 0.997974, 0.997565, 0.997108, 0.996601, 0.996039, 0.995419, 0.994738, 0.993992, 0.993177, 0.992289, 0.991322, 0.990273, 0.989136, 0.987905, 0.986575, 0.985138, 0.983592, 0.981922, 0.980135, 0.978242, 0.976229, 0.974091, 0.97182, 0.969407, 0.966843, 0.96412, 0.961226, 0.958152, 0.954886, 0.951416, 0.94773, 0.943814, 0.939653, 0.935232, 0.930536, 0.925546, 0.920246, 0.914614, 0.908631, 0.902274, 0.895521, 0.888347, 0.880724, 0.872626, 0.864023, 0.854882, 0.845173, 0.834852, 0.8239, 0.812238, 0.799901, 0.786689, 0.772865, 0.75775, 0.742545, 0.724704, 0.709061, 0.685996, 0.673904, 0.677916, 0.676451, 0.67692, 0.67677, 0.676817, 0.676802, 0.676807, 0.676806, 0.676806, 0.676806, 0.676806, 0.676806, 0.676806, 0.676806, 0.676806, 0.676806, 0.676806, 0.676806, 0.676806, 0.676806, 0.676806, 0.676806, 0.676806, 0.676806, 0.676806, 0.676806, 0.676806, 0.676806, 
1, 1, 0.999998, 0.999962, 0.999904, 0.999819, 0.999706, 0.999563, 0.999389, 0.999181, 0.998938, 0.998658, 0.998337, 0.997974, 0.997565, 0.997108, 0.996601, 0.996039, 0.995419, 0.994738, 0.993992, 0.993177, 0.992289, 0.991322, 0.990273, 0.989136, 0.987905, 0.986575, 0.985138, 0.983592, 0.981922, 0.980135, 0.978242, 0.976229, 0.974091, 0.97182, 0.969407, 0.966843, 0.96412, 0.961226, 0.958152, 0.954886, 0.951416, 0.94773, 0.943814, 0.939653, 0.935232, 0.930536, 0.925546, 0.920246, 0.914614, 0.908631, 0.902274, 0.895521, 0.888347, 0.880724, 0.872626, 0.864023, 0.854882, 0.845173, 0.834852, 0.8239, 0.812238, 0.799901, 0.786689, 0.772865, 0.75775, 0.742545, 0.724704, 0.709061, 0.685996, 0.673904, 0.677916, 0.676451, 0.67692, 0.67677, 0.676817, 0.676802, 0.676807, 0.676806, 0.676806, 0.676806, 0.676806, 0.676806, 0.676806, 0.676806, 0.676806, 0.676806, 0.676806, 0.676806, 0.676806, 0.676806, 0.676806, 0.676806, 0.676806, 0.676806, 0.676806, 0.676806, 0.676806, 0.676806, 
1, 1, 0.999998, 0.999962, 0.999904, 0.999819, 0.999706, 0.999563, 0.999389, 0.999181, 0.998938, 0.998658, 0.998337, 0.997974, 0.997565, 0.997108, 0.996601, 0.996039, 0.995419, 0.994738, 0.993992, 0.993177, 0.992289, 0.991322, 0.990273, 0.989136, 0.987905, 0.986575, 0.985138, 0.983592, 0.981922, 0.980135, 0.978242, 0.976229, 0.974091, 0.97182, 0.969407, 0.966843, 0.96412, 0.961226, 0.958152, 0.954886, 0.951416, 0.94773, 0.943814, 0.939653, 0.935232, 0.930536, 0.925546, 0.920246, 0.914614, 0.908631, 0.902274, 0.895521, 0.888347, 0.880724, 0.872626, 0.864023, 0.854882, 0.845173, 0.834852, 0.8239, 0.812238, 0.799901, 0.786689, 0.772865, 0.75775, 0.742545, 0.724704, 0.709061, 0.685996, 0.673904, 0.677916, 0.676451, 0.67692, 0.67677, 0.676817, 0.676802, 0.676807, 0.676806, 0.676806, 0.676806, 0.676806, 0.676806, 0.676806, 0.676806, 0.676806, 0.676806, 0.676806, 0.676806, 0.676806, 0.676806, 0.676806, 0.676806, 0.676806, 0.676806, 0.676806, 0.676806, 0.676806, 0.676806, 
1, 1, 0.999998, 0.999962, 0.999904, 0.999819, 0.999706, 0.999563, 0.999389, 0.999181, 0.998938, 0.998658, 0.998337, 0.997974, 0.997565, 0.997108, 0.996601, 0.996039, 0.995419, 0.994738, 0.993992, 0.993177, 0.992289, 0.991322, 0.990273, 0.989136, 0.987905, 0.986575, 0.985138, 0.983592, 0.981922, 0.980135, 0.978242, 0.976229, 0.974091, 0.97182, 0.969407, 0.966843, 0.96412, 0.961226, 0.958152, 0.954886, 0.951416, 0.94773, 0.943814, 0.939653, 0.935232, 0.930536, 0.925546, 0.920246, 0.914614, 0.908631, 0.902274, 0.895521, 0.888347, 0.880724, 0.872626, 0.864023, 0.854882, 0.845173, 0.834852, 0.8239, 0.812238, 0.799901, 0.786689, 0.772865, 0.75775, 0.742545, 0.724704, 0.709061, 0.685996, 0.673904, 0.677916, 0.676451, 0.67692, 0.67677, 0.676817, 0.676802, 0.676807, 0.676806, 0.676806, 0.676806, 0.676806, 0.676806, 0.676806, 0.676806, 0.676806, 0.676806, 0.676806, 0.676806, 0.676806, 0.676806, 0.676806, 0.676806, 0.676806, 0.676806, 0.676806, 0.676806, 0.676806, 0.676806, 
1, 1, 0.999998, 0.999962, 0.999904, 0.999819, 0.999706, 0.999563, 0.999389, 0.999181, 0.998938, 0.998658, 0.998337, 0.997974, 0.997565, 0.997108, 0.996601, 0.996039, 0.995419, 0.994738, 0.993992, 0.993177, 0.992289, 0.991322, 0.990273, 0.989136, 0.987905, 0.986575, 0.985138, 0.983592, 0.981922, 0.980135, 0.978242, 0.976229, 0.974091, 0.97182, 0.969407, 0.966843, 0.96412, 0.961226, 0.958152, 0.954886, 0.951416, 0.94773, 0.943814, 0.939653, 0.935232, 0.930536, 0.925546, 0.920246, 0.914614, 0.908631, 0.902274, 0.895521, 0.888347, 0.880724, 0.872626, 0.864023, 0.854882, 0.845173, 0.834852, 0.8239, 0.812238, 0.799901, 0.786689, 0.772865, 0.75775, 0.742545, 0.724704, 0.709061, 0.685996, 0.673904, 0.677916, 0.676451, 0.67692, 0.67677, 0.676817, 0.676802, 0.676807, 0.676806, 0.676806, 0.676806, 0.676806, 0.676806, 0.676806, 0.676806, 0.676806, 0.676806, 0.676806, 0.676806, 0.676806, 0.676806, 0.676806, 0.676806, 0.676806, 0.676806, 0.676806, 0.676806, 0.676806, 0.676806, 
1, 1, 0.999998, 0.999962, 0.999904, 0.999819, 0.999706, 0.999563, 0.999389, 0.999181, 0.998938, 0.998658, 0.998337, 0.997974, 0.997565, 0.997108, 0.996601, 0.996039, 0.995419, 0.994738, 0.993992, 0.993177, 0.992289, 0.991322, 0.990273, 0.989136, 0.987905, 0.986575, 0.985138, 0.983592, 0.981922, 0.980135, 0.978242, 0.976229, 0.974091, 0.97182, 0.969407, 0.966843, 0.96412, 0.961226, 0.958152, 0.954886, 0.951416, 0.94773, 0.943814, 0.939653, 0.935232, 0.930536, 0.925546, 0.920246, 0.914614, 0.908631, 0.902274, 0.895521, 0.888347, 0.880724, 0.872626, 0.864023, 0.854882, 0.845173, 0.834852, 0.8239, 0.812238, 0.799901, 0.786689, 0.772865, 0.75775, 0.742545, 0.724704, 0.709061, 0.685996, 0.673904, 0.677916, 0.676451, 0.67692, 0.67677, 0.676817, 0.676802, 0.676807, 0.676806, 0.676806, 0.676806, 0.676806, 0.676806, 0.676806, 0.676806, 0.676806, 0.676806, 0.676806, 0.676806, 0.676806, 0.676806, 0.676806, 0.676806, 0.676806, 0.676806, 0.676806, 0.676806, 0.676806, 0.676806, 
1, 1, 0.999998, 0.999962, 0.999904, 0.999819, 0.999706, 0.999563, 0.999389, 0.999181, 0.998938, 0.998658, 0.998337, 0.997974, 0.997565, 0.997108, 0.996601, 0.996039, 0.995419, 0.994738, 0.993992, 0.993177, 0.992289, 0.991322, 0.990273, 0.989136, 0.987905, 0.986575, 0.985138, 0.983592, 0.981922, 0.980135, 0.978242, 0.976229, 0.974091, 0.97182, 0.969407, 0.966843, 0.96412, 0.961226, 0.958152, 0.954886, 0.951416, 0.94773, 0.943814, 0.939653, 0.935232, 0.930536, 0.925546, 0.920246, 0.914614, 0.908631, 0.902274, 0.895521, 0.888347, 0.880724, 0.872626, 0.864023, 0.854882, 0.845173, 0.834852, 0.8239, 0.812238, 0.799901, 0.786689, 0.772865, 0.75775, 0.742545, 0.724704, 0.709061, 0.685996, 0.673904, 0.677916, 0.676451, 0.67692, 0.67677, 0.676817, 0.676802, 0.676807, 0.676806, 0.676806, 0.676806, 0.676806, 0.676806, 0.676806, 0.676806, 0.676806, 0.676806, 0.676806, 0.676806, 0.676806, 0.676806, 0.676806, 0.676806, 0.676806, 0.676806, 0.676806, 0.676806, 0.676806, 0.676806, 
1, 1, 0.999998, 0.999962, 0.999904, 0.999819, 0.999706, 0.999563, 0.999389, 0.999181, 0.998938, 0.998658, 0.998337, 0.997974, 0.997565, 0.997108, 0.996601, 0.996039, 0.995419, 0.994738, 0.993992, 0.993177, 0.992289, 0.991322, 0.990273, 0.989136, 0.987905, 0.986575, 0.985138, 0.983592, 0.981922, 0.980135, 0.978242, 0.976229, 0.974091, 0.97182, 0.969407, 0.966843, 0.96412, 0.961226, 0.958152, 0.954886, 0.951416, 0.94773, 0.943814, 0.939653, 0.935232, 0.930536, 0.925546, 0.920246, 0.914614, 0.908631, 0.902274, 0.895521, 0.888347, 0.880724, 0.872626, 0.864023, 0.854882, 0.845173, 0.834852, 0.8239, 0.812238, 0.799901, 0.786689, 0.772865, 0.75775, 0.742545, 0.724704, 0.709061, 0.685996, 0.673904, 0.677916, 0.676451, 0.67692, 0.67677, 0.676817, 0.676802, 0.676807, 0.676806, 0.676806, 0.676806, 0.676806, 0.676806, 0.676806, 0.676806, 0.676806, 0.676806, 0.676806, 0.676806, 0.676806, 0.676806, 0.676806, 0.676806, 0.676806, 0.676806, 0.676806, 0.676806, 0.676806, 0.676806, 
1, 1, 0.999998, 0.999962, 0.999904, 0.999819, 0.999706, 0.999563, 0.999389, 0.999181, 0.998938, 0.998658, 0.998337, 0.997974, 0.997565, 0.997108, 0.996601, 0.996039, 0.995419, 0.994738, 0.993992, 0.993177, 0.992289, 0.991322, 0.990273, 0.989136, 0.987905, 0.986575, 0.985138, 0.983592, 0.981922, 0.980135, 0.978242, 0.976229, 0.974091, 0.97182, 0.969407, 0.966843, 0.96412, 0.961226, 0.958152, 0.954886, 0.951416, 0.94773, 0.943814, 0.939653, 0.935232, 0.930536, 0.925546, 0.920246, 0.914614, 0.908631, 0.902274, 0.895521, 0.888347, 0.880724, 0.872626, 0.864023, 0.854882, 0.845173, 0.834852, 0.8239, 0.812238, 0.799901, 0.786689, 0.772865, 0.75775, 0.742545, 0.724704, 0.709061, 0.685996, 0.673904, 0.677916, 0.676451, 0.67692, 0.67677, 0.676817, 0.676802, 0.676807, 0.676806, 0.676806, 0.676806, 0.676806, 0.676806, 0.676806, 0.676806, 0.676806, 0.676806, 0.676806, 0.676806, 0.676806, 0.676806, 0.676806, 0.676806, 0.676806, 0.676806, 0.676806, 0.676806, 0.676806, 0.676806, 
1, 1, 0.999998, 0.999962, 0.999904, 0.999819, 0.999706, 0.999563, 0.999389, 0.999181, 0.998938, 0.998658, 0.998337, 0.997974, 0.997565, 0.997108, 0.996601, 0.996039, 0.995419, 0.994738, 0.993992, 0.993177, 0.992289, 0.991322, 0.990273, 0.989136, 0.987905, 0.986575, 0.985138, 0.983592, 0.981922, 0.980135, 0.978242, 0.976229, 0.974091, 0.97182, 0.969407, 0.966843, 0.96412, 0.961226, 0.958152, 0.954886, 0.951416, 0.94773, 0.943814, 0.939653, 0.935232, 0.930536, 0.925546, 0.920246, 0.914614, 0.908631, 0.902274, 0.895521, 0.888347, 0.880724, 0.872626, 0.864023, 0.854882, 0.845173, 0.834852, 0.8239, 0.812238, 0.799901, 0.786689, 0.772865, 0.75775, 0.742545, 0.724704, 0.709061, 0.685996, 0.673904, 0.677916, 0.676451, 0.67692, 0.67677, 0.676817, 0.676802, 0.676807, 0.676806, 0.676806, 0.676806, 0.676806, 0.676806, 0.676806, 0.676806, 0.676806, 0.676806, 0.676806, 0.676806, 0.676806, 0.676806, 0.676806, 0.676806, 0.676806, 0.676806, 0.676806, 0.676806, 0.676806, 0.676806, 
1, 1, 0.999998, 0.999962, 0.999904, 0.999819, 0.999706, 0.999563, 0.999389, 0.999181, 0.998938, 0.998658, 0.998337, 0.997974, 0.997565, 0.997108, 0.996601, 0.996039, 0.995419, 0.994738, 0.993992, 0.993177, 0.992289, 0.991322, 0.990273, 0.989136, 0.987905, 0.986575, 0.985138, 0.983592, 0.981922, 0.980135, 0.978242, 0.976229, 0.974091, 0.97182, 0.969407, 0.966843, 0.96412, 0.961226, 0.958152, 0.954886, 0.951416, 0.94773, 0.943814, 0.939653, 0.935232, 0.930536, 0.925546, 0.920246, 0.914614, 0.908631, 0.902274, 0.895521, 0.888347, 0.880724, 0.872626, 0.864023, 0.854882, 0.845173, 0.834852, 0.8239, 0.812238, 0.799901, 0.786689, 0.772865, 0.75775, 0.742545, 0.724704, 0.709061, 0.685996, 0.673904, 0.677916, 0.676451, 0.67692, 0.67677, 0.676817, 0.676802, 0.676807, 0.676806, 0.676806, 0.676806, 0.676806, 0.676806, 0.676806, 0.676806, 0.676806, 0.676806, 0.676806, 0.676806, 0.676806, 0.676806, 0.676806, 0.676806, 0.676806, 0.676806, 0.676806, 0.676806, 0.676806, 0.676806, 
1, 1, 0.999998, 0.999962, 0.999904, 0.999819, 0.999706, 0.999563, 0.999389, 0.999181, 0.998938, 0.998658, 0.998337, 0.997974, 0.997565, 0.997108, 0.996601, 0.996039, 0.995419, 0.994738, 0.993992, 0.993177, 0.992289, 0.991322, 0.990273, 0.989136, 0.987905, 0.986575, 0.985138, 0.983592, 0.981922, 0.980135, 0.978242, 0.976229, 0.974091, 0.97182, 0.969407, 0.966843, 0.96412, 0.961226, 0.958152, 0.954886, 0.951416, 0.94773, 0.943814, 0.939653, 0.935232, 0.930536, 0.925546, 0.920246, 0.914614, 0.908631, 0.902274, 0.895521, 0.888347, 0.880724, 0.872626, 0.864023, 0.854882, 0.845173, 0.834852, 0.8239, 0.812238, 0.799901, 0.786689, 0.772865, 0.75775, 0.742545, 0.724704, 0.709061, 0.685996, 0.673904, 0.677916, 0.676451, 0.67692, 0.67677, 0.676817, 0.676802, 0.676807, 0.676806, 0.676806, 0.676806, 0.676806, 0.676806, 0.676806, 0.676806, 0.676806, 0.676806, 0.676806, 0.676806, 0.676806, 0.676806, 0.676806, 0.676806, 0.676806, 0.676806, 0.676806, 0.676806, 0.676806, 0.676806, 
1, 1, 0.999998, 0.999962, 0.999904, 0.999819, 0.999706, 0.999563, 0.999389, 0.999181, 0.998938, 0.998658, 0.998337, 0.997974, 0.997565, 0.997108, 0.996601, 0.996039, 0.995419, 0.994738, 0.993992, 0.993177, 0.992289, 0.991322, 0.990273, 0.989136, 0.987905, 0.986575, 0.985138, 0.983592, 0.981922, 0.980135, 0.978242, 0.976229, 0.974091, 0.97182, 0.969407, 0.966843, 0.96412, 0.961226, 0.958152, 0.954886, 0.951416, 0.94773, 0.943814, 0.939653, 0.935232, 0.930536, 0.925546, 0.920246, 0.914614, 0.908631, 0.902274, 0.895521, 0.888347, 0.880724, 0.872626, 0.864023, 0.854882, 0.845173, 0.834852, 0.8239, 0.812238, 0.799901, 0.786689, 0.772865, 0.75775, 0.742545, 0.724704, 0.709061, 0.685996, 0.673904, 0.677916, 0.676451, 0.67692, 0.67677, 0.676817, 0.676802, 0.676807, 0.676806, 0.676806, 0.676806, 0.676806, 0.676806, 0.676806, 0.676806, 0.676806, 0.676806, 0.676806, 0.676806, 0.676806, 0.676806, 0.676806, 0.676806, 0.676806, 0.676806, 0.676806, 0.676806, 0.676806, 0.676806, 
1, 1, 0.999998, 0.999962, 0.999904, 0.999819, 0.999706, 0.999563, 0.999389, 0.999181, 0.998938, 0.998658, 0.998337, 0.997974, 0.997565, 0.997108, 0.996601, 0.996039, 0.995419, 0.994738, 0.993992, 0.993177, 0.992289, 0.991322, 0.990273, 0.989136, 0.987905, 0.986575, 0.985138, 0.983592, 0.981922, 0.980135, 0.978242, 0.976229, 0.974091, 0.97182, 0.969407, 0.966843, 0.96412, 0.961226, 0.958152, 0.954886, 0.951416, 0.94773, 0.943814, 0.939653, 0.935232, 0.930536, 0.925546, 0.920246, 0.914614, 0.908631, 0.902274, 0.895521, 0.888347, 0.880724, 0.872626, 0.864023, 0.854882, 0.845173, 0.834852, 0.8239, 0.812238, 0.799901, 0.786689, 0.772865, 0.75775, 0.742545, 0.724704, 0.709061, 0.685996, 0.673904, 0.677916, 0.676451, 0.67692, 0.67677, 0.676817, 0.676802, 0.676807, 0.676806, 0.676806, 0.676806, 0.676806, 0.676806, 0.676806, 0.676806, 0.676806, 0.676806, 0.676806, 0.676806, 0.676806, 0.676806, 0.676806, 0.676806, 0.676806, 0.676806, 0.676806, 0.676806, 0.676806, 0.676806, 
1, 1, 0.999998, 0.999962, 0.999904, 0.999819, 0.999706, 0.999563, 0.999389, 0.999181, 0.998938, 0.998658, 0.998337, 0.997974, 0.997565, 0.997108, 0.996601, 0.996039, 0.995419, 0.994738, 0.993992, 0.993177, 0.992289, 0.991322, 0.990273, 0.989136, 0.987905, 0.986575, 0.985138, 0.983592, 0.981922, 0.980135, 0.978242, 0.976229, 0.974091, 0.97182, 0.969407, 0.966843, 0.96412, 0.961226, 0.958152, 0.954886, 0.951416, 0.94773, 0.943814, 0.939653, 0.935232, 0.930536, 0.925546, 0.920246, 0.914614, 0.908631, 0.902274, 0.895521, 0.888347, 0.880724, 0.872626, 0.864023, 0.854882, 0.845173, 0.834852, 0.8239, 0.812238, 0.799901, 0.786689, 0.772865, 0.75775, 0.742545, 0.724704, 0.709061, 0.685996, 0.673904, 0.677916, 0.676451, 0.67692, 0.67677, 0.676817, 0.676802, 0.676807, 0.676806, 0.676806, 0.676806, 0.676806, 0.676806, 0.676806, 0.676806, 0.676806, 0.676806, 0.676806, 0.676806, 0.676806, 0.676806, 0.676806, 0.676806, 0.676806, 0.676806, 0.676806, 0.676806, 0.676806, 0.676806, 
1, 1, 0.999998, 0.999962, 0.999904, 0.999819, 0.999706, 0.999563, 0.999389, 0.999181, 0.998938, 0.998658, 0.998337, 0.997974, 0.997565, 0.997108, 0.996601, 0.996039, 0.995419, 0.994738, 0.993992, 0.993177, 0.992289, 0.991322, 0.990273, 0.989136, 0.987905, 0.986575, 0.985138, 0.983592, 0.981922, 0.980135, 0.978242, 0.976229, 0.974091, 0.97182, 0.969407, 0.966843, 0.96412, 0.961226, 0.958152, 0.954886, 0.951416, 0.94773, 0.943814, 0.939653, 0.935232, 0.930536, 0.925546, 0.920246, 0.914614, 0.908631, 0.902274, 0.895521, 0.888347, 0.880724, 0.872626, 0.864023, 0.854882, 0.845173, 0.834852, 0.8239, 0.812238, 0.799901, 0.786689, 0.772865, 0.75775, 0.742545, 0.724704, 0.709061, 0.685996, 0.673904, 0.677916, 0.676451, 0.67692, 0.67677, 0.676817, 0.676802, 0.676807, 0.676806, 0.676806, 0.676806, 0.676806, 0.676806, 0.676806, 0.676806, 0.676806, 0.676806, 0.676806, 0.676806, 0.676806, 0.676806, 0.676806, 0.676806, 0.676806, 0.676806, 0.676806, 0.676806, 0.676806, 0.676806, 
1, 1, 0.999998, 0.999962, 0.999904, 0.999819, 0.999706, 0.999563, 0.999389, 0.999181, 0.998938, 0.998658, 0.998337, 0.997974, 0.997565, 0.997108, 0.996601, 0.996039, 0.995419, 0.994738, 0.993992, 0.993177, 0.992289, 0.991322, 0.990273, 0.989136, 0.987905, 0.986575, 0.985138, 0.983592, 0.981922, 0.980135, 0.978242, 0.976229, 0.974091, 0.97182, 0.969407, 0.966843, 0.96412, 0.961226, 0.958152, 0.954886, 0.951416, 0.94773, 0.943814, 0.939653, 0.935232, 0.930536, 0.925546, 0.920246, 0.914614, 0.908631, 0.902274, 0.895521, 0.888347, 0.880724, 0.872626, 0.864023, 0.854882, 0.845173, 0.834852, 0.8239, 0.812238, 0.799901, 0.786689, 0.772865, 0.75775, 0.742545, 0.724704, 0.709061, 0.685996, 0.673904, 0.677916, 0.676451, 0.67692, 0.67677, 0.676817, 0.676802, 0.676807, 0.676806, 0.676806, 0.676806, 0.676806, 0.676806, 0.676806, 0.676806, 0.676806, 0.676806, 0.676806, 0.676806, 0.676806, 0.676806, 0.676806, 0.676806, 0.676806, 0.676806, 0.676806, 0.676806, 0.676806, 0.676806, 
1, 1, 0.999998, 0.999962, 0.999904, 0.999819, 0.999706, 0.999563, 0.999389, 0.999181, 0.998938, 0.998658, 0.998337, 0.997974, 0.997565, 0.997108, 0.996601, 0.996039, 0.995419, 0.994738, 0.993992, 0.993177, 0.992289, 0.991322, 0.990273, 0.989136, 0.987905, 0.986575, 0.985138, 0.983592, 0.981922, 0.980135, 0.978242, 0.976229, 0.974091, 0.97182, 0.969407, 0.966843, 0.96412, 0.961226, 0.958152, 0.954886, 0.951416, 0.94773, 0.943814, 0.939653, 0.935232, 0.930536, 0.925546, 0.920246, 0.914614, 0.908631, 0.902274, 0.895521, 0.888347, 0.880724, 0.872626, 0.864023, 0.854882, 0.845173, 0.834852, 0.8239, 0.812238, 0.799901, 0.786689, 0.772865, 0.75775, 0.742545, 0.724704, 0.709061, 0.685996, 0.673904, 0.677916, 0.676451, 0.67692, 0.67677, 0.676817, 0.676802, 0.676807, 0.676806, 0.676806, 0.676806, 0.676806, 0.676806, 0.676806, 0.676806, 0.676806, 0.676806, 0.676806, 0.676806, 0.676806, 0.676806, 0.676806, 0.676806, 0.676806, 0.676806, 0.676806, 0.676806, 0.676806, 0.676806, 
1, 1, 0.999998, 0.999962, 0.999904, 0.999819, 0.999706, 0.999563, 0.999389, 0.999181, 0.998938, 0.998658, 0.998337, 0.997974, 0.997565, 0.997108, 0.996601, 0.996039, 0.995419, 0.994738, 0.993992, 0.993177, 0.992289, 0.991322, 0.990273, 0.989136, 0.987905, 0.986575, 0.985138, 0.983592, 0.981922, 0.980135, 0.978242, 0.976229, 0.974091, 0.97182, 0.969407, 0.966843, 0.96412, 0.961226, 0.958152, 0.954886, 0.951416, 0.94773, 0.943814, 0.939653, 0.935232, 0.930536, 0.925546, 0.920246, 0.914614, 0.908631, 0.902274, 0.895521, 0.888347, 0.880724, 0.872626, 0.864023, 0.854882, 0.845173, 0.834852, 0.8239, 0.812238, 0.799901, 0.786689, 0.772865, 0.75775, 0.742545, 0.724704, 0.709061, 0.685996, 0.673904, 0.677916, 0.676451, 0.67692, 0.67677, 0.676817, 0.676802, 0.676807, 0.676806, 0.676806, 0.676806, 0.676806, 0.676806, 0.676806, 0.676806, 0.676806, 0.676806, 0.676806, 0.676806, 0.676806, 0.676806, 0.676806, 0.676806, 0.676806, 0.676806, 0.676806, 0.676806, 0.676806, 0.676806, 
1, 1, 0.999998, 0.999962, 0.999904, 0.999819, 0.999706, 0.999563, 0.999389, 0.999181, 0.998938, 0.998658, 0.998337, 0.997974, 0.997565, 0.997108, 0.996601, 0.996039, 0.995419, 0.994738, 0.993992, 0.993177, 0.992289, 0.991322, 0.990273, 0.989136, 0.987905, 0.986575, 0.985138, 0.983592, 0.981922, 0.980135, 0.978242, 0.976229, 0.974091, 0.97182, 0.969407, 0.966843, 0.96412, 0.961226, 0.958152, 0.954886, 0.951416, 0.94773, 0.943814, 0.939653, 0.935232, 0.930536, 0.925546, 0.920246, 0.914614, 0.908631, 0.902274, 0.895521, 0.888347, 0.880724, 0.872626, 0.864023, 0.854882, 0.845173, 0.834852, 0.8239, 0.812238, 0.799901, 0.786689, 0.772865, 0.75775, 0.742545, 0.724704, 0.709061, 0.685996, 0.673904, 0.677916, 0.676451, 0.67692, 0.67677, 0.676817, 0.676802, 0.676807, 0.676806, 0.676806, 0.676806, 0.676806, 0.676806, 0.676806, 0.676806, 0.676806, 0.676806, 0.676806, 0.676806, 0.676806, 0.676806, 0.676806, 0.676806, 0.676806, 0.676806, 0.676806, 0.676806, 0.676806, 0.676806, 
1, 1, 0.999998, 0.999962, 0.999904, 0.999819, 0.999706, 0.999563, 0.999389, 0.999181, 0.998938, 0.998658, 0.998337, 0.997974, 0.997565, 0.997108, 0.996601, 0.996039, 0.995419, 0.994738, 0.993992, 0.993177, 0.992289, 0.991322, 0.990273, 0.989136, 0.987905, 0.986575, 0.985138, 0.983592, 0.981922, 0.980135, 0.978242, 0.976229, 0.974091, 0.97182, 0.969407, 0.966843, 0.96412, 0.961226, 0.958152, 0.954886, 0.951416, 0.94773, 0.943814, 0.939653, 0.935232, 0.930536, 0.925546, 0.920246, 0.914614, 0.908631, 0.902274, 0.895521, 0.888347, 0.880724, 0.872626, 0.864023, 0.854882, 0.845173, 0.834852, 0.8239, 0.812238, 0.799901, 0.786689, 0.772865, 0.75775, 0.742545, 0.724704, 0.709061, 0.685996, 0.673904, 0.677916, 0.676451, 0.67692, 0.67677, 0.676817, 0.676802, 0.676807, 0.676806, 0.676806, 0.676806, 0.676806, 0.676806, 0.676806, 0.676806, 0.676806, 0.676806, 0.676806, 0.676806, 0.676806, 0.676806, 0.676806, 0.676806, 0.676806, 0.676806, 0.676806, 0.676806, 0.676806, 0.676806, 
1, 1, 0.999998, 0.999962, 0.999904, 0.999819, 0.999706, 0.999563, 0.999389, 0.999181, 0.998938, 0.998658, 0.998337, 0.997974, 0.997565, 0.997108, 0.996601, 0.996039, 0.995419, 0.994738, 0.993992, 0.993177, 0.992289, 0.991322, 0.990273, 0.989136, 0.987905, 0.986575, 0.985138, 0.983592, 0.981922, 0.980135, 0.978242, 0.976229, 0.974091, 0.97182, 0.969407, 0.966843, 0.96412, 0.961226, 0.958152, 0.954886, 0.951416, 0.94773, 0.943814, 0.939653, 0.935232, 0.930536, 0.925546, 0.920246, 0.914614, 0.908631, 0.902274, 0.895521, 0.888347, 0.880724, 0.872626, 0.864023, 0.854882, 0.845173, 0.834852, 0.8239, 0.812238, 0.799901, 0.786689, 0.772865, 0.75775, 0.742545, 0.724704, 0.709061, 0.685996, 0.673904, 0.677916, 0.676451, 0.67692, 0.67677, 0.676817, 0.676802, 0.676807, 0.676806, 0.676806, 0.676806, 0.676806, 0.676806, 0.676806, 0.676806, 0.676806, 0.676806, 0.676806, 0.676806, 0.676806, 0.676806, 0.676806, 0.676806, 0.676806, 0.676806, 0.676806, 0.676806, 0.676806, 0.676806, 
1, 1, 0.999998, 0.999962, 0.999904, 0.999819, 0.999706, 0.999563, 0.999389, 0.999181, 0.998938, 0.998658, 0.998337, 0.997974, 0.997565, 0.997108, 0.996601, 0.996039, 0.995419, 0.994738, 0.993992, 0.993177, 0.992289, 0.991322, 0.990273, 0.989136, 0.987905, 0.986575, 0.985138, 0.983592, 0.981922, 0.980135, 0.978242, 0.976229, 0.974091, 0.97182, 0.969407, 0.966843, 0.96412, 0.961226, 0.958152, 0.954886, 0.951416, 0.94773, 0.943814, 0.939653, 0.935232, 0.930536, 0.925546, 0.920246, 0.914614, 0.908631, 0.902274, 0.895521, 0.888347, 0.880724, 0.872626, 0.864023, 0.854882, 0.845173, 0.834852, 0.8239, 0.812238, 0.799901, 0.786689, 0.772865, 0.75775, 0.742545, 0.724704, 0.709061, 0.685996, 0.673904, 0.677916, 0.676451, 0.67692, 0.67677, 0.676817, 0.676802, 0.676807, 0.676806, 0.676806, 0.676806, 0.676806, 0.676806, 0.676806, 0.676806, 0.676806, 0.676806, 0.676806, 0.676806, 0.676806, 0.676806, 0.676806, 0.676806, 0.676806, 0.676806, 0.676806, 0.676806, 0.676806, 0.676806, 
1, 1, 0.999998, 0.999962, 0.999904, 0.999819, 0.999706, 0.999563, 0.999389, 0.999181, 0.998938, 0.998658, 0.998337, 0.997974, 0.997565, 0.997108, 0.996601, 0.996039, 0.995419, 0.994738, 0.993992, 0.993177, 0.992289, 0.991322, 0.990273, 0.989136, 0.987905, 0.986575, 0.985138, 0.983592, 0.981922, 0.980135, 0.978242, 0.976229, 0.974091, 0.97182, 0.969407, 0.966843, 0.96412, 0.961226, 0.958152, 0.954886, 0.951416, 0.94773, 0.943814, 0.939653, 0.935232, 0.930536, 0.925546, 0.920246, 0.914614, 0.908631, 0.902274, 0.895521, 0.888347, 0.880724, 0.872626, 0.864023, 0.854882, 0.845173, 0.834852, 0.8239, 0.812238, 0.799901, 0.786689, 0.772865, 0.75775, 0.742545, 0.724704, 0.709061, 0.685996, 0.673904, 0.677916, 0.676451, 0.67692, 0.67677, 0.676817, 0.676802, 0.676807, 0.676806, 0.676806, 0.676806, 0.676806, 0.676806, 0.676806, 0.676806, 0.676806, 0.676806, 0.676806, 0.676806, 0.676806, 0.676806, 0.676806, 0.676806, 0.676806, 0.676806, 0.676806, 0.676806, 0.676806, 0.676806, 
1, 1, 0.999998, 0.999962, 0.999904, 0.999819, 0.999706, 0.999563, 0.999389, 0.999181, 0.998938, 0.998658, 0.998337, 0.997974, 0.997565, 0.997108, 0.996601, 0.996039, 0.995419, 0.994738, 0.993992, 0.993177, 0.992289, 0.991322, 0.990273, 0.989136, 0.987905, 0.986575, 0.985138, 0.983592, 0.981922, 0.980135, 0.978242, 0.976229, 0.974091, 0.97182, 0.969407, 0.966843, 0.96412, 0.961226, 0.958152, 0.954886, 0.951416, 0.94773, 0.943814, 0.939653, 0.935232, 0.930536, 0.925546, 0.920246, 0.914614, 0.908631, 0.902274, 0.895521, 0.888347, 0.880724, 0.872626, 0.864023, 0.854882, 0.845173, 0.834852, 0.8239, 0.812238, 0.799901, 0.786689, 0.772865, 0.75775, 0.742545, 0.724704, 0.709061, 0.685996, 0.673904, 0.677916, 0.676451, 0.67692, 0.67677, 0.676817, 0.676802, 0.676807, 0.676806, 0.676806, 0.676806, 0.676806, 0.676806, 0.676806, 0.676806, 0.676806, 0.676806, 0.676806, 0.676806, 0.676806, 0.676806, 0.676806, 0.676806, 0.676806, 0.676806, 0.676806, 0.676806, 0.676806, 0.676806, 
1, 1, 0.999998, 0.999962, 0.999904, 0.999819, 0.999706, 0.999563, 0.999389, 0.999181, 0.998938, 0.998658, 0.998337, 0.997974, 0.997565, 0.997108, 0.996601, 0.996039, 0.995419, 0.994738, 0.993992, 0.993177, 0.992289, 0.991322, 0.990273, 0.989136, 0.987905, 0.986575, 0.985138, 0.983592, 0.981922, 0.980135, 0.978242, 0.976229, 0.974091, 0.97182, 0.969407, 0.966843, 0.96412, 0.961226, 0.958152, 0.954886, 0.951416, 0.94773, 0.943814, 0.939653, 0.935232, 0.930536, 0.925546, 0.920246, 0.914614, 0.908631, 0.902274, 0.895521, 0.888347, 0.880724, 0.872626, 0.864023, 0.854882, 0.845173, 0.834852, 0.8239, 0.812238, 0.799901, 0.786689, 0.772865, 0.75775, 0.742545, 0.724704, 0.709061, 0.685996, 0.673904, 0.677916, 0.676451, 0.67692, 0.67677, 0.676817, 0.676802, 0.676807, 0.676806, 0.676806, 0.676806, 0.676806, 0.676806, 0.676806, 0.676806, 0.676806, 0.676806, 0.676806, 0.676806, 0.676806, 0.676806, 0.676806, 0.676806, 0.676806, 0.676806, 0.676806, 0.676806, 0.676806, 0.676806, 
1, 1, 0.999998, 0.999962, 0.999904, 0.999819, 0.999706, 0.999563, 0.999389, 0.999181, 0.998938, 0.998658, 0.998337, 0.997974, 0.997565, 0.997108, 0.996601, 0.996039, 0.995419, 0.994738, 0.993992, 0.993177, 0.992289, 0.991322, 0.990273, 0.989136, 0.987905, 0.986575, 0.985138, 0.983592, 0.981922, 0.980135, 0.978242, 0.976229, 0.974091, 0.97182, 0.969407, 0.966843, 0.96412, 0.961226, 0.958152, 0.954886, 0.951416, 0.94773, 0.943814, 0.939653, 0.935232, 0.930536, 0.925546, 0.920246, 0.914614, 0.908631, 0.902274, 0.895521, 0.888347, 0.880724, 0.872626, 0.864023, 0.854882, 0.845173, 0.834852, 0.8239, 0.812238, 0.799901, 0.786689, 0.772865, 0.75775, 0.742545, 0.724704, 0.709061, 0.685996, 0.673904, 0.677916, 0.676451, 0.67692, 0.67677, 0.676817, 0.676802, 0.676807, 0.676806, 0.676806, 0.676806, 0.676806, 0.676806, 0.676806, 0.676806, 0.676806, 0.676806, 0.676806, 0.676806, 0.676806, 0.676806, 0.676806, 0.676806, 0.676806, 0.676806, 0.676806, 0.676806, 0.676806, 0.676806, 
1, 1, 0.999998, 0.999962, 0.999904, 0.999819, 0.999706, 0.999563, 0.999389, 0.999181, 0.998938, 0.998658, 0.998337, 0.997974, 0.997565, 0.997108, 0.996601, 0.996039, 0.995419, 0.994738, 0.993992, 0.993177, 0.992289, 0.991322, 0.990273, 0.989136, 0.987905, 0.986575, 0.985138, 0.983592, 0.981922, 0.980135, 0.978242, 0.976229, 0.974091, 0.97182, 0.969407, 0.966843, 0.96412, 0.961226, 0.958152, 0.954886, 0.951416, 0.94773, 0.943814, 0.939653, 0.935232, 0.930536, 0.925546, 0.920246, 0.914614, 0.908631, 0.902274, 0.895521, 0.888347, 0.880724, 0.872626, 0.864023, 0.854882, 0.845173, 0.834852, 0.8239, 0.812238, 0.799901, 0.786689, 0.772865, 0.75775, 0.742545, 0.724704, 0.709061, 0.685996, 0.673904, 0.677916, 0.676451, 0.67692, 0.67677, 0.676817, 0.676802, 0.676807, 0.676806, 0.676806, 0.676806, 0.676806, 0.676806, 0.676806, 0.676806, 0.676806, 0.676806, 0.676806, 0.676806, 0.676806, 0.676806, 0.676806, 0.676806, 0.676806, 0.676806, 0.676806, 0.676806, 0.676806, 0.676806, 
1, 1, 0.999998, 0.999962, 0.999904, 0.999819, 0.999706, 0.999563, 0.999389, 0.999181, 0.998938, 0.998658, 0.998337, 0.997974, 0.997565, 0.997108, 0.996601, 0.996039, 0.995419, 0.994738, 0.993992, 0.993177, 0.992289, 0.991322, 0.990273, 0.989136, 0.987905, 0.986575, 0.985138, 0.983592, 0.981922, 0.980135, 0.978242, 0.976229, 0.974091, 0.97182, 0.969407, 0.966843, 0.96412, 0.961226, 0.958152, 0.954886, 0.951416, 0.94773, 0.943814, 0.939653, 0.935232, 0.930536, 0.925546, 0.920246, 0.914614, 0.908631, 0.902274, 0.895521, 0.888347, 0.880724, 0.872626, 0.864023, 0.854882, 0.845173, 0.834852, 0.8239, 0.812238, 0.799901, 0.786689, 0.772865, 0.75775, 0.742545, 0.724704, 0.709061, 0.685996, 0.673904, 0.677916, 0.676451, 0.67692, 0.67677, 0.676817, 0.676802, 0.676807, 0.676806, 0.676806, 0.676806, 0.676806, 0.676806, 0.676806, 0.676806, 0.676806, 0.676806, 0.676806, 0.676806, 0.676806, 0.676806, 0.676806, 0.676806, 0.676806, 0.676806, 0.676806, 0.676806, 0.676806, 0.676806, 
1, 1, 0.999998, 0.999962, 0.999904, 0.999819, 0.999706, 0.999563, 0.999389, 0.999181, 0.998938, 0.998658, 0.998337, 0.997974, 0.997565, 0.997108, 0.996601, 0.996039, 0.995419, 0.994738, 0.993992, 0.993177, 0.992289, 0.991322, 0.990273, 0.989136, 0.987905, 0.986575, 0.985138, 0.983592, 0.981922, 0.980135, 0.978242, 0.976229, 0.974091, 0.97182, 0.969407, 0.966843, 0.96412, 0.961226, 0.958152, 0.954886, 0.951416, 0.94773, 0.943814, 0.939653, 0.935232, 0.930536, 0.925546, 0.920246, 0.914614, 0.908631, 0.902274, 0.895521, 0.888347, 0.880724, 0.872626, 0.864023, 0.854882, 0.845173, 0.834852, 0.8239, 0.812238, 0.799901, 0.786689, 0.772865, 0.75775, 0.742545, 0.724704, 0.709061, 0.685996, 0.673904, 0.677916, 0.676451, 0.67692, 0.67677, 0.676817, 0.676802, 0.676807, 0.676806, 0.676806, 0.676806, 0.676806, 0.676806, 0.676806, 0.676806, 0.676806, 0.676806, 0.676806, 0.676806, 0.676806, 0.676806, 0.676806, 0.676806, 0.676806, 0.676806, 0.676806, 0.676806, 0.676806, 0.676806, 
1, 1, 0.999998, 0.999962, 0.999904, 0.999819, 0.999706, 0.999563, 0.999389, 0.999181, 0.998938, 0.998658, 0.998337, 0.997974, 0.997565, 0.997108, 0.996601, 0.996039, 0.995419, 0.994738, 0.993992, 0.993177, 0.992289, 0.991322, 0.990273, 0.989136, 0.987905, 0.986575, 0.985138, 0.983592, 0.981922, 0.980135, 0.978242, 0.976229, 0.974091, 0.97182, 0.969407, 0.966843, 0.96412, 0.961226, 0.958152, 0.954886, 0.951416, 0.94773, 0.943814, 0.939653, 0.935232, 0.930536, 0.925546, 0.920246, 0.914614, 0.908631, 0.902274, 0.895521, 0.888347, 0.880724, 0.872626, 0.864023, 0.854882, 0.845173, 0.834852, 0.8239, 0.812238, 0.799901, 0.786689, 0.772865, 0.75775, 0.742545, 0.724704, 0.709061, 0.685996, 0.673904, 0.677916, 0.676451, 0.67692, 0.67677, 0.676817, 0.676802, 0.676807, 0.676806, 0.676806, 0.676806, 0.676806, 0.676806, 0.676806, 0.676806, 0.676806, 0.676806, 0.676806, 0.676806, 0.676806, 0.676806, 0.676806, 0.676806, 0.676806, 0.676806, 0.676806, 0.676806, 0.676806, 0.676806, 
1, 1, 0.999998, 0.999962, 0.999904, 0.999819, 0.999706, 0.999563, 0.999389, 0.999181, 0.998938, 0.998658, 0.998337, 0.997974, 0.997565, 0.997108, 0.996601, 0.996039, 0.995419, 0.994738, 0.993992, 0.993177, 0.992289, 0.991322, 0.990273, 0.989136, 0.987905, 0.986575, 0.985138, 0.983592, 0.981922, 0.980135, 0.978242, 0.976229, 0.974091, 0.97182, 0.969407, 0.966843, 0.96412, 0.961226, 0.958152, 0.954886, 0.951416, 0.94773, 0.943814, 0.939653, 0.935232, 0.930536, 0.925546, 0.920246, 0.914614, 0.908631, 0.902274, 0.895521, 0.888347, 0.880724, 0.872626, 0.864023, 0.854882, 0.845173, 0.834852, 0.8239, 0.812238, 0.799901, 0.786689, 0.772865, 0.75775, 0.742545, 0.724704, 0.709061, 0.685996, 0.673904, 0.677916, 0.676451, 0.67692, 0.67677, 0.676817, 0.676802, 0.676807, 0.676806, 0.676806, 0.676806, 0.676806, 0.676806, 0.676806, 0.676806, 0.676806, 0.676806, 0.676806, 0.676806, 0.676806, 0.676806, 0.676806, 0.676806, 0.676806, 0.676806, 0.676806, 0.676806, 0.676806, 0.676806, 
1, 1, 0.999998, 0.999962, 0.999904, 0.999819, 0.999706, 0.999563, 0.999389, 0.999181, 0.998938, 0.998658, 0.998337, 0.997974, 0.997565, 0.997108, 0.996601, 0.996039, 0.995419, 0.994738, 0.993992, 0.993177, 0.992289, 0.991322, 0.990273, 0.989136, 0.987905, 0.986575, 0.985138, 0.983592, 0.981922, 0.980135, 0.978242, 0.976229, 0.974091, 0.97182, 0.969407, 0.966843, 0.96412, 0.961226, 0.958152, 0.954886, 0.951416, 0.94773, 0.943814, 0.939653, 0.935232, 0.930536, 0.925546, 0.920246, 0.914614, 0.908631, 0.902274, 0.895521, 0.888347, 0.880724, 0.872626, 0.864023, 0.854882, 0.845173, 0.834852, 0.8239, 0.812238, 0.799901, 0.786689, 0.772865, 0.75775, 0.742545, 0.724704, 0.709061, 0.685996, 0.673904, 0.677916, 0.676451, 0.67692, 0.67677, 0.676817, 0.676802, 0.676807, 0.676806, 0.676806, 0.676806, 0.676806, 0.676806, 0.676806, 0.676806, 0.676806, 0.676806, 0.676806, 0.676806, 0.676806, 0.676806, 0.676806, 0.676806, 0.676806, 0.676806, 0.676806, 0.676806, 0.676806, 0.676806, 
1, 1, 0.999998, 0.999962, 0.999904, 0.999819, 0.999706, 0.999563, 0.999389, 0.999181, 0.998938, 0.998658, 0.998337, 0.997974, 0.997565, 0.997108, 0.996601, 0.996039, 0.995419, 0.994738, 0.993992, 0.993177, 0.992289, 0.991322, 0.990273, 0.989136, 0.987905, 0.986575, 0.985138, 0.983592, 0.981922, 0.980135, 0.978242, 0.976229, 0.974091, 0.97182, 0.969407, 0.966843, 0.96412, 0.961226, 0.958152, 0.954886, 0.951416, 0.94773, 0.943814, 0.939653, 0.935232, 0.930536, 0.925546, 0.920246, 0.914614, 0.908631, 0.902274, 0.895521, 0.888347, 0.880724, 0.872626, 0.864023, 0.854882, 0.845173, 0.834852, 0.8239, 0.812238, 0.799901, 0.786689, 0.772865, 0.75775, 0.742545, 0.724704, 0.709061, 0.685996, 0.673904, 0.677916, 0.676451, 0.67692, 0.67677, 0.676817, 0.676802, 0.676807, 0.676806, 0.676806, 0.676806, 0.676806, 0.676806, 0.676806, 0.676806, 0.676806, 0.676806, 0.676806, 0.676806, 0.676806, 0.676806, 0.676806, 0.676806, 0.676806, 0.676806, 0.676806, 0.676806, 0.676806, 0.676806, 
1, 1, 0.999998, 0.999962, 0.999904, 0.999819, 0.999706, 0.999563, 0.999389, 0.999181, 0.998938, 0.998658, 0.998337, 0.997974, 0.997565, 0.997108, 0.996601, 0.996039, 0.995419, 0.994738, 0.993992, 0.993177, 0.992289, 0.991322, 0.990273, 0.989136, 0.987905, 0.986575, 0.985138, 0.983592, 0.981922, 0.980135, 0.978242, 0.976229, 0.974091, 0.97182, 0.969407, 0.966843, 0.96412, 0.961226, 0.958152, 0.954886, 0.951416, 0.94773, 0.943814, 0.939653, 0.935232, 0.930536, 0.925546, 0.920246, 0.914614, 0.908631, 0.902274, 0.895521, 0.888347, 0.880724, 0.872626, 0.864023, 0.854882, 0.845173, 0.834852, 0.8239, 0.812238, 0.799901, 0.786689, 0.772865, 0.75775, 0.742545, 0.724704, 0.709061, 0.685996, 0.673904, 0.677916, 0.676451, 0.67692, 0.67677, 0.676817, 0.676802, 0.676807, 0.676806, 0.676806, 0.676806, 0.676806, 0.676806, 0.676806, 0.676806, 0.676806, 0.676806, 0.676806, 0.676806, 0.676806, 0.676806, 0.676806, 0.676806, 0.676806, 0.676806, 0.676806, 0.676806, 0.676806, 0.676806, 
1, 1, 0.999998, 0.999962, 0.999904, 0.999819, 0.999706, 0.999563, 0.999389, 0.999181, 0.998938, 0.998658, 0.998337, 0.997974, 0.997565, 0.997108, 0.996601, 0.996039, 0.995419, 0.994738, 0.993992, 0.993177, 0.992289, 0.991322, 0.990273, 0.989136, 0.987905, 0.986575, 0.985138, 0.983592, 0.981922, 0.980135, 0.978242, 0.976229, 0.974091, 0.97182, 0.969407, 0.966843, 0.96412, 0.961226, 0.958152, 0.954886, 0.951416, 0.94773, 0.943814, 0.939653, 0.935232, 0.930536, 0.925546, 0.920246, 0.914614, 0.908631, 0.902274, 0.895521, 0.888347, 0.880724, 0.872626, 0.864023, 0.854882, 0.845173, 0.834852, 0.8239, 0.812238, 0.799901, 0.786689, 0.772865, 0.75775, 0.742545, 0.724704, 0.709061, 0.685996, 0.673904, 0.677916, 0.676451, 0.67692, 0.67677, 0.676817, 0.676802, 0.676807, 0.676806, 0.676806, 0.676806, 0.676806, 0.676806, 0.676806, 0.676806, 0.676806, 0.676806, 0.676806, 0.676806, 0.676806, 0.676806, 0.676806, 0.676806, 0.676806, 0.676806, 0.676806, 0.676806, 0.676806, 0.676806, 
1, 1, 0.999998, 0.999962, 0.999904, 0.999819, 0.999706, 0.999563, 0.999389, 0.999181, 0.998938, 0.998658, 0.998337, 0.997974, 0.997565, 0.997108, 0.996601, 0.996039, 0.995419, 0.994738, 0.993992, 0.993177, 0.992289, 0.991322, 0.990273, 0.989136, 0.987905, 0.986575, 0.985138, 0.983592, 0.981922, 0.980135, 0.978242, 0.976229, 0.974091, 0.97182, 0.969407, 0.966843, 0.96412, 0.961226, 0.958152, 0.954886, 0.951416, 0.94773, 0.943814, 0.939653, 0.935232, 0.930536, 0.925546, 0.920246, 0.914614, 0.908631, 0.902274, 0.895521, 0.888347, 0.880724, 0.872626, 0.864023, 0.854882, 0.845173, 0.834852, 0.8239, 0.812238, 0.799901, 0.786689, 0.772865, 0.75775, 0.742545, 0.724704, 0.709061, 0.685996, 0.673904, 0.677916, 0.676451, 0.67692, 0.67677, 0.676817, 0.676802, 0.676807, 0.676806, 0.676806, 0.676806, 0.676806, 0.676806, 0.676806, 0.676806, 0.676806, 0.676806, 0.676806, 0.676806, 0.676806, 0.676806, 0.676806, 0.676806, 0.676806, 0.676806, 0.676806, 0.676806, 0.676806, 0.676806, 
1, 1, 0.999998, 0.999962, 0.999904, 0.999819, 0.999706, 0.999563, 0.999389, 0.999181, 0.998938, 0.998658, 0.998337, 0.997974, 0.997565, 0.997108, 0.996601, 0.996039, 0.995419, 0.994738, 0.993992, 0.993177, 0.992289, 0.991322, 0.990273, 0.989136, 0.987905, 0.986575, 0.985138, 0.983592, 0.981922, 0.980135, 0.978242, 0.976229, 0.974091, 0.97182, 0.969407, 0.966843, 0.96412, 0.961226, 0.958152, 0.954886, 0.951416, 0.94773, 0.943814, 0.939653, 0.935232, 0.930536, 0.925546, 0.920246, 0.914614, 0.908631, 0.902274, 0.895521, 0.888347, 0.880724, 0.872626, 0.864023, 0.854882, 0.845173, 0.834852, 0.8239, 0.812238, 0.799901, 0.786689, 0.772865, 0.75775, 0.742545, 0.724704, 0.709061, 0.685996, 0.673904, 0.677916, 0.676451, 0.67692, 0.67677, 0.676817, 0.676802, 0.676807, 0.676806, 0.676806, 0.676806, 0.676806, 0.676806, 0.676806, 0.676806, 0.676806, 0.676806, 0.676806, 0.676806, 0.676806, 0.676806, 0.676806, 0.676806, 0.676806, 0.676806, 0.676806, 0.676806, 0.676806, 0.676806, 
1, 1, 0.999998, 0.999962, 0.999904, 0.999819, 0.999706, 0.999563, 0.999389, 0.999181, 0.998938, 0.998658, 0.998337, 0.997974, 0.997565, 0.997108, 0.996601, 0.996039, 0.995419, 0.994738, 0.993992, 0.993177, 0.992289, 0.991322, 0.990273, 0.989136, 0.987905, 0.986575, 0.985138, 0.983592, 0.981922, 0.980135, 0.978242, 0.976229, 0.974091, 0.97182, 0.969407, 0.966843, 0.96412, 0.961226, 0.958152, 0.954886, 0.951416, 0.94773, 0.943814, 0.939653, 0.935232, 0.930536, 0.925546, 0.920246, 0.914614, 0.908631, 0.902274, 0.895521, 0.888347, 0.880724, 0.872626, 0.864023, 0.854882, 0.845173, 0.834852, 0.8239, 0.812238, 0.799901, 0.786689, 0.772865, 0.75775, 0.742545, 0.724704, 0.709061, 0.685996, 0.673904, 0.677916, 0.676451, 0.67692, 0.67677, 0.676817, 0.676802, 0.676807, 0.676806, 0.676806, 0.676806, 0.676806, 0.676806, 0.676806, 0.676806, 0.676806, 0.676806, 0.676806, 0.676806, 0.676806, 0.676806, 0.676806, 0.676806, 0.676806, 0.676806, 0.676806, 0.676806, 0.676806, 0.676806, 
1, 1, 0.999998, 0.999962, 0.999904, 0.999819, 0.999706, 0.999563, 0.999389, 0.999181, 0.998938, 0.998658, 0.998337, 0.997974, 0.997565, 0.997108, 0.996601, 0.996039, 0.995419, 0.994738, 0.993992, 0.993177, 0.992289, 0.991322, 0.990273, 0.989136, 0.987905, 0.986575, 0.985138, 0.983592, 0.981922, 0.980135, 0.978242, 0.976229, 0.974091, 0.97182, 0.969407, 0.966843, 0.96412, 0.961226, 0.958152, 0.954886, 0.951416, 0.94773, 0.943814, 0.939653, 0.935232, 0.930536, 0.925546, 0.920246, 0.914614, 0.908631, 0.902274, 0.895521, 0.888347, 0.880724, 0.872626, 0.864023, 0.854882, 0.845173, 0.834852, 0.8239, 0.812238, 0.799901, 0.786689, 0.772865, 0.75775, 0.742545, 0.724704, 0.709061, 0.685996, 0.673904, 0.677916, 0.676451, 0.67692, 0.67677, 0.676817, 0.676802, 0.676807, 0.676806, 0.676806, 0.676806, 0.676806, 0.676806, 0.676806, 0.676806, 0.676806, 0.676806, 0.676806, 0.676806, 0.676806, 0.676806, 0.676806, 0.676806, 0.676806, 0.676806, 0.676806, 0.676806, 0.676806, 0.676806, 
1, 1, 0.999998, 0.999962, 0.999904, 0.999819, 0.999706, 0.999563, 0.999389, 0.999181, 0.998938, 0.998658, 0.998337, 0.997974, 0.997565, 0.997108, 0.996601, 0.996039, 0.995419, 0.994738, 0.993992, 0.993177, 0.992289, 0.991322, 0.990273, 0.989136, 0.987905, 0.986575, 0.985138, 0.983592, 0.981922, 0.980135, 0.978242, 0.976229, 0.974091, 0.97182, 0.969407, 0.966843, 0.96412, 0.961226, 0.958152, 0.954886, 0.951416, 0.94773, 0.943814, 0.939653, 0.935232, 0.930536, 0.925546, 0.920246, 0.914614, 0.908631, 0.902274, 0.895521, 0.888347, 0.880724, 0.872626, 0.864023, 0.854882, 0.845173, 0.834852, 0.8239, 0.812238, 0.799901, 0.786689, 0.772865, 0.75775, 0.742545, 0.724704, 0.709061, 0.685996, 0.673904, 0.677916, 0.676451, 0.67692, 0.67677, 0.676817, 0.676802, 0.676807, 0.676806, 0.676806, 0.676806, 0.676806, 0.676806, 0.676806, 0.676806, 0.676806, 0.676806, 0.676806, 0.676806, 0.676806, 0.676806, 0.676806, 0.676806, 0.676806, 0.676806, 0.676806, 0.676806, 0.676806, 0.676806, 
1, 1, 0.999998, 0.999962, 0.999904, 0.999819, 0.999706, 0.999563, 0.999389, 0.999181, 0.998938, 0.998658, 0.998337, 0.997974, 0.997565, 0.997108, 0.996601, 0.996039, 0.995419, 0.994738, 0.993992, 0.993177, 0.992289, 0.991322, 0.990273, 0.989136, 0.987905, 0.986575, 0.985138, 0.983592, 0.981922, 0.980135, 0.978242, 0.976229, 0.974091, 0.97182, 0.969407, 0.966843, 0.96412, 0.961226, 0.958152, 0.954886, 0.951416, 0.94773, 0.943814, 0.939653, 0.935232, 0.930536, 0.925546, 0.920246, 0.914614, 0.908631, 0.902274, 0.895521, 0.888347, 0.880724, 0.872626, 0.864023, 0.854882, 0.845173, 0.834852, 0.8239, 0.812238, 0.799901, 0.786689, 0.772865, 0.75775, 0.742545, 0.724704, 0.709061, 0.685996, 0.673904, 0.677916, 0.676451, 0.67692, 0.67677, 0.676817, 0.676802, 0.676807, 0.676806, 0.676806, 0.676806, 0.676806, 0.676806, 0.676806, 0.676806, 0.676806, 0.676806, 0.676806, 0.676806, 0.676806, 0.676806, 0.676806, 0.676806, 0.676806, 0.676806, 0.676806, 0.676806, 0.676806, 0.676806, 
1, 1, 0.999998, 0.999962, 0.999904, 0.999819, 0.999706, 0.999563, 0.999389, 0.999181, 0.998938, 0.998658, 0.998337, 0.997974, 0.997565, 0.997108, 0.996601, 0.996039, 0.995419, 0.994738, 0.993992, 0.993177, 0.992289, 0.991322, 0.990273, 0.989136, 0.987905, 0.986575, 0.985138, 0.983592, 0.981922, 0.980135, 0.978242, 0.976229, 0.974091, 0.97182, 0.969407, 0.966843, 0.96412, 0.961226, 0.958152, 0.954886, 0.951416, 0.94773, 0.943814, 0.939653, 0.935232, 0.930536, 0.925546, 0.920246, 0.914614, 0.908631, 0.902274, 0.895521, 0.888347, 0.880724, 0.872626, 0.864023, 0.854882, 0.845173, 0.834852, 0.8239, 0.812238, 0.799901, 0.786689, 0.772865, 0.75775, 0.742545, 0.724704, 0.709061, 0.685996, 0.673904, 0.677916, 0.676451, 0.67692, 0.67677, 0.676817, 0.676802, 0.676807, 0.676806, 0.676806, 0.676806, 0.676806, 0.676806, 0.676806, 0.676806, 0.676806, 0.676806, 0.676806, 0.676806, 0.676806, 0.676806, 0.676806, 0.676806, 0.676806, 0.676806, 0.676806, 0.676806, 0.676806, 0.676806, 
1, 1, 0.999998, 0.999962, 0.999904, 0.999819, 0.999706, 0.999563, 0.999389, 0.999181, 0.998938, 0.998658, 0.998337, 0.997974, 0.997565, 0.997108, 0.996601, 0.996039, 0.995419, 0.994738, 0.993992, 0.993177, 0.992289, 0.991322, 0.990273, 0.989136, 0.987905, 0.986575, 0.985138, 0.983592, 0.981922, 0.980135, 0.978242, 0.976229, 0.974091, 0.97182, 0.969407, 0.966843, 0.96412, 0.961226, 0.958152, 0.954886, 0.951416, 0.94773, 0.943814, 0.939653, 0.935232, 0.930536, 0.925546, 0.920246, 0.914614, 0.908631, 0.902274, 0.895521, 0.888347, 0.880724, 0.872626, 0.864023, 0.854882, 0.845173, 0.834852, 0.8239, 0.812238, 0.799901, 0.786689, 0.772865, 0.75775, 0.742545, 0.724704, 0.709061, 0.685996, 0.673904, 0.677916, 0.676451, 0.67692, 0.67677, 0.676817, 0.676802, 0.676807, 0.676806, 0.676806, 0.676806, 0.676806, 0.676806, 0.676806, 0.676806, 0.676806, 0.676806, 0.676806, 0.676806, 0.676806, 0.676806, 0.676806, 0.676806, 0.676806, 0.676806, 0.676806, 0.676806, 0.676806, 0.676806, 
1, 1, 0.999998, 0.999962, 0.999904, 0.999819, 0.999706, 0.999563, 0.999389, 0.999181, 0.998938, 0.998658, 0.998337, 0.997974, 0.997565, 0.997108, 0.996601, 0.996039, 0.995419, 0.994738, 0.993992, 0.993177, 0.992289, 0.991322, 0.990273, 0.989136, 0.987905, 0.986575, 0.985138, 0.983592, 0.981922, 0.980135, 0.978242, 0.976229, 0.974091, 0.97182, 0.969407, 0.966843, 0.96412, 0.961226, 0.958152, 0.954886, 0.951416, 0.94773, 0.943814, 0.939653, 0.935232, 0.930536, 0.925546, 0.920246, 0.914614, 0.908631, 0.902274, 0.895521, 0.888347, 0.880724, 0.872626, 0.864023, 0.854882, 0.845173, 0.834852, 0.8239, 0.812238, 0.799901, 0.786689, 0.772865, 0.75775, 0.742545, 0.724704, 0.709061, 0.685996, 0.673904, 0.677916, 0.676451, 0.67692, 0.67677, 0.676817, 0.676802, 0.676807, 0.676806, 0.676806, 0.676806, 0.676806, 0.676806, 0.676806, 0.676806, 0.676806, 0.676806, 0.676806, 0.676806, 0.676806, 0.676806, 0.676806, 0.676806, 0.676806, 0.676806, 0.676806, 0.676806, 0.676806, 0.676806, 
1, 1, 0.999998, 0.999962, 0.999904, 0.999819, 0.999706, 0.999563, 0.999389, 0.999181, 0.998938, 0.998658, 0.998337, 0.997974, 0.997565, 0.997108, 0.996601, 0.996039, 0.995419, 0.994738, 0.993992, 0.993177, 0.992289, 0.991322, 0.990273, 0.989136, 0.987905, 0.986575, 0.985138, 0.983592, 0.981922, 0.980135, 0.978242, 0.976229, 0.974091, 0.97182, 0.969407, 0.966843, 0.96412, 0.961226, 0.958152, 0.954886, 0.951416, 0.94773, 0.943814, 0.939653, 0.935232, 0.930536, 0.925546, 0.920246, 0.914614, 0.908631, 0.902274, 0.895521, 0.888347, 0.880724, 0.872626, 0.864023, 0.854882, 0.845173, 0.834852, 0.8239, 0.812238, 0.799901, 0.786689, 0.772865, 0.75775, 0.742545, 0.724704, 0.709061, 0.685996, 0.673904, 0.677916, 0.676451, 0.67692, 0.67677, 0.676817, 0.676802, 0.676807, 0.676806, 0.676806, 0.676806, 0.676806, 0.676806, 0.676806, 0.676806, 0.676806, 0.676806, 0.676806, 0.676806, 0.676806, 0.676806, 0.676806, 0.676806, 0.676806, 0.676806, 0.676806, 0.676806, 0.676806, 0.676806, 
1, 1, 0.999998, 0.999962, 0.999904, 0.999819, 0.999706, 0.999563, 0.999389, 0.999181, 0.998938, 0.998658, 0.998337, 0.997974, 0.997565, 0.997108, 0.996601, 0.996039, 0.995419, 0.994738, 0.993992, 0.993177, 0.992289, 0.991322, 0.990273, 0.989136, 0.987905, 0.986575, 0.985138, 0.983592, 0.981922, 0.980135, 0.978242, 0.976229, 0.974091, 0.97182, 0.969407, 0.966843, 0.96412, 0.961226, 0.958152, 0.954886, 0.951416, 0.94773, 0.943814, 0.939653, 0.935232, 0.930536, 0.925546, 0.920246, 0.914614, 0.908631, 0.902274, 0.895521, 0.888347, 0.880724, 0.872626, 0.864023, 0.854882, 0.845173, 0.834852, 0.8239, 0.812238, 0.799901, 0.786689, 0.772865, 0.75775, 0.742545, 0.724704, 0.709061, 0.685996, 0.673904, 0.677916, 0.676451, 0.67692, 0.67677, 0.676817, 0.676802, 0.676807, 0.676806, 0.676806, 0.676806, 0.676806, 0.676806, 0.676806, 0.676806, 0.676806, 0.676806, 0.676806, 0.676806, 0.676806, 0.676806, 0.676806, 0.676806, 0.676806, 0.676806, 0.676806, 0.676806, 0.676806, 0.676806, 
1, 1, 0.999998, 0.999962, 0.999904, 0.999819, 0.999706, 0.999563, 0.999389, 0.999181, 0.998938, 0.998658, 0.998337, 0.997974, 0.997565, 0.997108, 0.996601, 0.996039, 0.995419, 0.994738, 0.993992, 0.993177, 0.992289, 0.991322, 0.990273, 0.989136, 0.987905, 0.986575, 0.985138, 0.983592, 0.981922, 0.980135, 0.978242, 0.976229, 0.974091, 0.97182, 0.969407, 0.966843, 0.96412, 0.961226, 0.958152, 0.954886, 0.951416, 0.94773, 0.943814, 0.939653, 0.935232, 0.930536, 0.925546, 0.920246, 0.914614, 0.908631, 0.902274, 0.895521, 0.888347, 0.880724, 0.872626, 0.864023, 0.854882, 0.845173, 0.834852, 0.8239, 0.812238, 0.799901, 0.786689, 0.772865, 0.75775, 0.742545, 0.724704, 0.709061, 0.685996, 0.673904, 0.677916, 0.676451, 0.67692, 0.67677, 0.676817, 0.676802, 0.676807, 0.676806, 0.676806, 0.676806, 0.676806, 0.676806, 0.676806, 0.676806, 0.676806, 0.676806, 0.676806, 0.676806, 0.676806, 0.676806, 0.676806, 0.676806, 0.676806, 0.676806, 0.676806, 0.676806, 0.676806, 0.676806, 
1, 1, 0.999998, 0.999962, 0.999904, 0.999819, 0.999706, 0.999563, 0.999389, 0.999181, 0.998938, 0.998658, 0.998337, 0.997974, 0.997565, 0.997108, 0.996601, 0.996039, 0.995419, 0.994738, 0.993992, 0.993177, 0.992289, 0.991322, 0.990273, 0.989136, 0.987905, 0.986575, 0.985138, 0.983592, 0.981922, 0.980135, 0.978242, 0.976229, 0.974091, 0.97182, 0.969407, 0.966843, 0.96412, 0.961226, 0.958152, 0.954886, 0.951416, 0.94773, 0.943814, 0.939653, 0.935232, 0.930536, 0.925546, 0.920246, 0.914614, 0.908631, 0.902274, 0.895521, 0.888347, 0.880724, 0.872626, 0.864023, 0.854882, 0.845173, 0.834852, 0.8239, 0.812238, 0.799901, 0.786689, 0.772865, 0.75775, 0.742545, 0.724704, 0.709061, 0.685996, 0.673904, 0.677916, 0.676451, 0.67692, 0.67677, 0.676817, 0.676802, 0.676807, 0.676806, 0.676806, 0.676806, 0.676806, 0.676806, 0.676806, 0.676806, 0.676806, 0.676806, 0.676806, 0.676806, 0.676806, 0.676806, 0.676806, 0.676806, 0.676806, 0.676806, 0.676806, 0.676806, 0.676806, 0.676806, 
1, 1, 0.999998, 0.999962, 0.999904, 0.999819, 0.999706, 0.999563, 0.999389, 0.999181, 0.998938, 0.998658, 0.998337, 0.997974, 0.997565, 0.997108, 0.996601, 0.996039, 0.995419, 0.994738, 0.993992, 0.993177, 0.992289, 0.991322, 0.990273, 0.989136, 0.987905, 0.986575, 0.985138, 0.983592, 0.981922, 0.980135, 0.978242, 0.976229, 0.974091, 0.97182, 0.969407, 0.966843, 0.96412, 0.961226, 0.958152, 0.954886, 0.951416, 0.94773, 0.943814, 0.939653, 0.935232, 0.930536, 0.925546, 0.920246, 0.914614, 0.908631, 0.902274, 0.895521, 0.888347, 0.880724, 0.872626, 0.864023, 0.854882, 0.845173, 0.834852, 0.8239, 0.812238, 0.799901, 0.786689, 0.772865, 0.75775, 0.742545, 0.724704, 0.709061, 0.685996, 0.673904, 0.677916, 0.676451, 0.67692, 0.67677, 0.676817, 0.676802, 0.676807, 0.676806, 0.676806, 0.676806, 0.676806, 0.676806, 0.676806, 0.676806, 0.676806, 0.676806, 0.676806, 0.676806, 0.676806, 0.676806, 0.676806, 0.676806, 0.676806, 0.676806, 0.676806, 0.676806, 0.676806, 0.676806, 
1, 1, 0.999998, 0.999962, 0.999904, 0.999819, 0.999706, 0.999563, 0.999389, 0.999181, 0.998938, 0.998658, 0.998337, 0.997974, 0.997565, 0.997108, 0.996601, 0.996039, 0.995419, 0.994738, 0.993992, 0.993177, 0.992289, 0.991322, 0.990273, 0.989136, 0.987905, 0.986575, 0.985138, 0.983592, 0.981922, 0.980135, 0.978242, 0.976229, 0.974091, 0.97182, 0.969407, 0.966843, 0.96412, 0.961226, 0.958152, 0.954886, 0.951416, 0.94773, 0.943814, 0.939653, 0.935232, 0.930536, 0.925546, 0.920246, 0.914614, 0.908631, 0.902274, 0.895521, 0.888347, 0.880724, 0.872626, 0.864023, 0.854882, 0.845173, 0.834852, 0.8239, 0.812238, 0.799901, 0.786689, 0.772865, 0.75775, 0.742545, 0.724704, 0.709061, 0.685996, 0.673904, 0.677916, 0.676451, 0.67692, 0.67677, 0.676817, 0.676802, 0.676807, 0.676806, 0.676806, 0.676806, 0.676806, 0.676806, 0.676806, 0.676806, 0.676806, 0.676806, 0.676806, 0.676806, 0.676806, 0.676806, 0.676806, 0.676806, 0.676806, 0.676806, 0.676806, 0.676806, 0.676806, 0.676806, 
1, 1, 0.999998, 0.999962, 0.999904, 0.999819, 0.999706, 0.999563, 0.999389, 0.999181, 0.998938, 0.998658, 0.998337, 0.997974, 0.997565, 0.997108, 0.996601, 0.996039, 0.995419, 0.994738, 0.993992, 0.993177, 0.992289, 0.991322, 0.990273, 0.989136, 0.987905, 0.986575, 0.985138, 0.983592, 0.981922, 0.980135, 0.978242, 0.976229, 0.974091, 0.97182, 0.969407, 0.966843, 0.96412, 0.961226, 0.958152, 0.954886, 0.951416, 0.94773, 0.943814, 0.939653, 0.935232, 0.930536, 0.925546, 0.920246, 0.914614, 0.908631, 0.902274, 0.895521, 0.888347, 0.880724, 0.872626, 0.864023, 0.854882, 0.845173, 0.834852, 0.8239, 0.812238, 0.799901, 0.786689, 0.772865, 0.75775, 0.742545, 0.724704, 0.709061, 0.685996, 0.673904, 0.677916, 0.676451, 0.67692, 0.67677, 0.676817, 0.676802, 0.676807, 0.676806, 0.676806, 0.676806, 0.676806, 0.676806, 0.676806, 0.676806, 0.676806, 0.676806, 0.676806, 0.676806, 0.676806, 0.676806, 0.676806, 0.676806, 0.676806, 0.676806, 0.676806, 0.676806, 0.676806, 0.676806, 
1, 1, 0.999998, 0.999962, 0.999904, 0.999819, 0.999706, 0.999563, 0.999389, 0.999181, 0.998938, 0.998658, 0.998337, 0.997974, 0.997565, 0.997108, 0.996601, 0.996039, 0.995419, 0.994738, 0.993992, 0.993177, 0.992289, 0.991322, 0.990273, 0.989136, 0.987905, 0.986575, 0.985138, 0.983592, 0.981922, 0.980135, 0.978242, 0.976229, 0.974091, 0.97182, 0.969407, 0.966843, 0.96412, 0.961226, 0.958152, 0.954886, 0.951416, 0.94773, 0.943814, 0.939653, 0.935232, 0.930536, 0.925546, 0.920246, 0.914614, 0.908631, 0.902274, 0.895521, 0.888347, 0.880724, 0.872626, 0.864023, 0.854882, 0.845173, 0.834852, 0.8239, 0.812238, 0.799901, 0.786689, 0.772865, 0.75775, 0.742545, 0.724704, 0.709061, 0.685996, 0.673904, 0.677916, 0.676451, 0.67692, 0.67677, 0.676817, 0.676802, 0.676807, 0.676806, 0.676806, 0.676806, 0.676806, 0.676806, 0.676806, 0.676806, 0.676806, 0.676806, 0.676806, 0.676806, 0.676806, 0.676806, 0.676806, 0.676806, 0.676806, 0.676806, 0.676806, 0.676806, 0.676806, 0.676806, 
1, 1, 0.999998, 0.999962, 0.999904, 0.999819, 0.999706, 0.999563, 0.999389, 0.999181, 0.998938, 0.998658, 0.998337, 0.997974, 0.997565, 0.997108, 0.996601, 0.996039, 0.995419, 0.994738, 0.993992, 0.993177, 0.992289, 0.991322, 0.990273, 0.989136, 0.987905, 0.986575, 0.985138, 0.983592, 0.981922, 0.980135, 0.978242, 0.976229, 0.974091, 0.97182, 0.969407, 0.966843, 0.96412, 0.961226, 0.958152, 0.954886, 0.951416, 0.94773, 0.943814, 0.939653, 0.935232, 0.930536, 0.925546, 0.920246, 0.914614, 0.908631, 0.902274, 0.895521, 0.888347, 0.880724, 0.872626, 0.864023, 0.854882, 0.845173, 0.834852, 0.8239, 0.812238, 0.799901, 0.786689, 0.772865, 0.75775, 0.742545, 0.724704, 0.709061, 0.685996, 0.673904, 0.677916, 0.676451, 0.67692, 0.67677, 0.676817, 0.676802, 0.676807, 0.676806, 0.676806, 0.676806, 0.676806, 0.676806, 0.676806, 0.676806, 0.676806, 0.676806, 0.676806, 0.676806, 0.676806, 0.676806, 0.676806, 0.676806, 0.676806, 0.676806, 0.676806, 0.676806, 0.676806, 0.676806, 
1, 1, 0.999998, 0.999962, 0.999904, 0.999819, 0.999706, 0.999563, 0.999389, 0.999181, 0.998938, 0.998658, 0.998337, 0.997974, 0.997565, 0.997108, 0.996601, 0.996039, 0.995419, 0.994738, 0.993992, 0.993177, 0.992289, 0.991322, 0.990273, 0.989136, 0.987905, 0.986575, 0.985138, 0.983592, 0.981922, 0.980135, 0.978242, 0.976229, 0.974091, 0.97182, 0.969407, 0.966843, 0.96412, 0.961226, 0.958152, 0.954886, 0.951416, 0.94773, 0.943814, 0.939653, 0.935232, 0.930536, 0.925546, 0.920246, 0.914614, 0.908631, 0.902274, 0.895521, 0.888347, 0.880724, 0.872626, 0.864023, 0.854882, 0.845173, 0.834852, 0.8239, 0.812238, 0.799901, 0.786689, 0.772865, 0.75775, 0.742545, 0.724704, 0.709061, 0.685996, 0.673904, 0.677916, 0.676451, 0.67692, 0.67677, 0.676817, 0.676802, 0.676807, 0.676806, 0.676806, 0.676806, 0.676806, 0.676806, 0.676806, 0.676806, 0.676806, 0.676806, 0.676806, 0.676806, 0.676806, 0.676806, 0.676806, 0.676806, 0.676806, 0.676806, 0.676806, 0.676806, 0.676806, 0.676806, 
1, 1, 0.999998, 0.999962, 0.999904, 0.999819, 0.999706, 0.999563, 0.999389, 0.999181, 0.998938, 0.998658, 0.998337, 0.997974, 0.997565, 0.997108, 0.996601, 0.996039, 0.995419, 0.994738, 0.993992, 0.993177, 0.992289, 0.991322, 0.990273, 0.989136, 0.987905, 0.986575, 0.985138, 0.983592, 0.981922, 0.980135, 0.978242, 0.976229, 0.974091, 0.97182, 0.969407, 0.966843, 0.96412, 0.961226, 0.958152, 0.954886, 0.951416, 0.94773, 0.943814, 0.939653, 0.935232, 0.930536, 0.925546, 0.920246, 0.914614, 0.908631, 0.902274, 0.895521, 0.888347, 0.880724, 0.872626, 0.864023, 0.854882, 0.845173, 0.834852, 0.8239, 0.812238, 0.799901, 0.786689, 0.772865, 0.75775, 0.742545, 0.724704, 0.709061, 0.685996, 0.673904, 0.677916, 0.676451, 0.67692, 0.67677, 0.676817, 0.676802, 0.676807, 0.676806, 0.676806, 0.676806, 0.676806, 0.676806, 0.676806, 0.676806, 0.676806, 0.676806, 0.676806, 0.676806, 0.676806, 0.676806, 0.676806, 0.676806, 0.676806, 0.676806, 0.676806, 0.676806, 0.676806, 0.676806, 
1, 1, 0.999998, 0.999962, 0.999904, 0.999819, 0.999706, 0.999563, 0.999389, 0.999181, 0.998938, 0.998658, 0.998337, 0.997974, 0.997565, 0.997108, 0.996601, 0.996039, 0.995419, 0.994738, 0.993992, 0.993177, 0.992289, 0.991322, 0.990273, 0.989136, 0.987905, 0.986575, 0.985138, 0.983592, 0.981922, 0.980135, 0.978242, 0.976229, 0.974091, 0.97182, 0.969407, 0.966843, 0.96412, 0.961226, 0.958152, 0.954886, 0.951416, 0.94773, 0.943814, 0.939653, 0.935232, 0.930536, 0.925546, 0.920246, 0.914614, 0.908631, 0.902274, 0.895521, 0.888347, 0.880724, 0.872626, 0.864023, 0.854882, 0.845173, 0.834852, 0.8239, 0.812238, 0.799901, 0.786689, 0.772865, 0.75775, 0.742545, 0.724704, 0.709061, 0.685996, 0.673904, 0.677916, 0.676451, 0.67692, 0.67677, 0.676817, 0.676802, 0.676807, 0.676806, 0.676806, 0.676806, 0.676806, 0.676806, 0.676806, 0.676806, 0.676806, 0.676806, 0.676806, 0.676806, 0.676806, 0.676806, 0.676806, 0.676806, 0.676806, 0.676806, 0.676806, 0.676806, 0.676806, 0.676806, 
1, 1, 0.999998, 0.999962, 0.999904, 0.999819, 0.999706, 0.999563, 0.999389, 0.999181, 0.998938, 0.998658, 0.998337, 0.997974, 0.997565, 0.997108, 0.996601, 0.996039, 0.995419, 0.994738, 0.993992, 0.993177, 0.992289, 0.991322, 0.990273, 0.989136, 0.987905, 0.986575, 0.985138, 0.983592, 0.981922, 0.980135, 0.978242, 0.976229, 0.974091, 0.97182, 0.969407, 0.966843, 0.96412, 0.961226, 0.958152, 0.954886, 0.951416, 0.94773, 0.943814, 0.939653, 0.935232, 0.930536, 0.925546, 0.920246, 0.914614, 0.908631, 0.902274, 0.895521, 0.888347, 0.880724, 0.872626, 0.864023, 0.854882, 0.845173, 0.834852, 0.8239, 0.812238, 0.799901, 0.786689, 0.772865, 0.75775, 0.742545, 0.724704, 0.709061, 0.685996, 0.673904, 0.677916, 0.676451, 0.67692, 0.67677, 0.676817, 0.676802, 0.676807, 0.676806, 0.676806, 0.676806, 0.676806, 0.676806, 0.676806, 0.676806, 0.676806, 0.676806, 0.676806, 0.676806, 0.676806, 0.676806, 0.676806, 0.676806, 0.676806, 0.676806, 0.676806, 0.676806, 0.676806, 0.676806, 
1, 1, 0.999998, 0.999962, 0.999904, 0.999819, 0.999706, 0.999563, 0.999389, 0.999181, 0.998938, 0.998658, 0.998337, 0.997974, 0.997565, 0.997108, 0.996601, 0.996039, 0.995419, 0.994738, 0.993992, 0.993177, 0.992289, 0.991322, 0.990273, 0.989136, 0.987905, 0.986575, 0.985138, 0.983592, 0.981922, 0.980135, 0.978242, 0.976229, 0.974091, 0.97182, 0.969407, 0.966843, 0.96412, 0.961226, 0.958152, 0.954886, 0.951416, 0.94773, 0.943814, 0.939653, 0.935232, 0.930536, 0.925546, 0.920246, 0.914614, 0.908631, 0.902274, 0.895521, 0.888347, 0.880724, 0.872626, 0.864023, 0.854882, 0.845173, 0.834852, 0.8239, 0.812238, 0.799901, 0.786689, 0.772865, 0.75775, 0.742545, 0.724704, 0.709061, 0.685996, 0.673904, 0.677916, 0.676451, 0.67692, 0.67677, 0.676817, 0.676802, 0.676807, 0.676806, 0.676806, 0.676806, 0.676806, 0.676806, 0.676806, 0.676806, 0.676806, 0.676806, 0.676806, 0.676806, 0.676806, 0.676806, 0.676806, 0.676806, 0.676806, 0.676806, 0.676806, 0.676806, 0.676806, 0.676806, 
1, 1, 0.999998, 0.999962, 0.999904, 0.999819, 0.999706, 0.999563, 0.999389, 0.999181, 0.998938, 0.998658, 0.998337, 0.997974, 0.997565, 0.997108, 0.996601, 0.996039, 0.995419, 0.994738, 0.993992, 0.993177, 0.992289, 0.991322, 0.990273, 0.989136, 0.987905, 0.986575, 0.985138, 0.983592, 0.981922, 0.980135, 0.978242, 0.976229, 0.974091, 0.97182, 0.969407, 0.966843, 0.96412, 0.961226, 0.958152, 0.954886, 0.951416, 0.94773, 0.943814, 0.939653, 0.935232, 0.930536, 0.925546, 0.920246, 0.914614, 0.908631, 0.902274, 0.895521, 0.888347, 0.880724, 0.872626, 0.864023, 0.854882, 0.845173, 0.834852, 0.8239, 0.812238, 0.799901, 0.786689, 0.772865, 0.75775, 0.742545, 0.724704, 0.709061, 0.685996, 0.673904, 0.677916, 0.676451, 0.67692, 0.67677, 0.676817, 0.676802, 0.676807, 0.676806, 0.676806, 0.676806, 0.676806, 0.676806, 0.676806, 0.676806, 0.676806, 0.676806, 0.676806, 0.676806, 0.676806, 0.676806, 0.676806, 0.676806, 0.676806, 0.676806, 0.676806, 0.676806, 0.676806, 0.676806, 
1, 1, 0.999998, 0.999962, 0.999904, 0.999819, 0.999706, 0.999563, 0.999389, 0.999181, 0.998938, 0.998658, 0.998337, 0.997974, 0.997565, 0.997108, 0.996601, 0.996039, 0.995419, 0.994738, 0.993992, 0.993177, 0.992289, 0.991322, 0.990273, 0.989136, 0.987905, 0.986575, 0.985138, 0.983592, 0.981922, 0.980135, 0.978242, 0.976229, 0.974091, 0.97182, 0.969407, 0.966843, 0.96412, 0.961226, 0.958152, 0.954886, 0.951416, 0.94773, 0.943814, 0.939653, 0.935232, 0.930536, 0.925546, 0.920246, 0.914614, 0.908631, 0.902274, 0.895521, 0.888347, 0.880724, 0.872626, 0.864023, 0.854882, 0.845173, 0.834852, 0.8239, 0.812238, 0.799901, 0.786689, 0.772865, 0.75775, 0.742545, 0.724704, 0.709061, 0.685996, 0.673904, 0.677916, 0.676451, 0.67692, 0.67677, 0.676817, 0.676802, 0.676807, 0.676806, 0.676806, 0.676806, 0.676806, 0.676806, 0.676806, 0.676806, 0.676806, 0.676806, 0.676806, 0.676806, 0.676806, 0.676806, 0.676806, 0.676806, 0.676806, 0.676806, 0.676806, 0.676806, 0.676806, 0.676806, 
