0, 0.0718196, 0.147036, 0.151174, 0.147851, 0.143827, 0.139541, 0.135155, 0.130786, 0.126499, 0.122324, 0.118274, 0.114349, 0.110549, 0.106869, 0.103308, 0.0998619, 0.0965268, 0.0932996, 0.0901771, 0.087156, 0.0842332, 0.0814055, 0.0786698, 0.0760232, 0.0734627, 0.0709855, 0.0685886, 0.0662694, 0.0640252, 0.0618533, 0.0597511, 0.0577162, 0.0557461, 0.0538384, 0.0519909, 0.0502011, 0.048467, 0.0467864, 0.0451572, 0.0435774, 0.0420449, 0.040558, 0.0391147, 0.0377132, 0.0363517, 0.0350286, 0.0337421, 0.0324908, 0.0312729, 0.030087, 0.0289315, 0.0278052, 0.0267064, 0.025634, 0.0245865, 0.0235627, 0.0225614, 0.0215812, 0.020621, 0.0196797, 0.018756, 0.017849, 0.0169575, 0.0160804, 0.0152167, 0.0143653, 0.0135254, 0.0126958, 0.0118756, 0.0110639, 0.0102597, 0.00946205, 0.00867006, 0.00788278, 0.00709928, 0.00631865, 0.00553998, 0.00476238, 0.00398496, 0.00320682, 0.00242707, 0.00164481, 0.000859172, 6.92401e-05, -0.000725929, -0.00152722, -0.00233564, -0.00315215, -0.0039777, -0.00481323, -0.00565949, -0.00651642, -0.00738127, -0.00824372, -0.00907619, -0.00982128, -0.0103815, -0.00912595, -0.00905681, 
0, 0.0431201, 0.0745666, 0.0915358, 0.105667, 0.105109, 0.107383, 0.106764, 0.106512, 0.106062, 0.105576, 0.105073, 0.104557, 0.104034, 0.103506, 0.102977, 0.102445, 0.101913, 0.101381, 0.100849, 0.100317, 0.099787, 0.0992585, 0.0987321, 0.0982081, 0.097687, 0.097169, 0.0966546, 0.096144, 0.0956375, 0.0951355, 0.0946381, 0.0941457, 0.0936584, 0.0931765, 0.0927002, 0.0922297, 0.0917652, 0.0913068, 0.0908547, 0.090409, 0.0899699, 0.0895375, 0.089112, 0.0886934, 0.0882818, 0.0878773, 0.08748, 0.08709, 0.0867073, 0.0863321, 0.0859643, 0.0856041, 0.0852514, 0.0849063, 0.0845689, 0.0842391, 0.083917, 0.0836026, 0.083296, 0.0829972, 0.0827061, 0.0824227, 0.0821472, 0.0818795, 0.0816195, 0.0813674, 0.081123, 0.0808865, 0.0806577, 0.0804367, 0.0802235, 0.080018, 0.0798203, 0.0796304, 0.0794482, 0.0792737, 0.0791069, 0.0789478, 0.0787964, 0.0786527, 0.0785166, 0.0783882, 0.0782675, 0.0781543, 0.0780488, 0.0779508, 0.0778605, 0.0777777, 0.0777024, 0.0776347, 0.0775783, 0.0774978, 0.0776203, 0.0769943, 0.078416, 0.0765854, 0.075246, 0.0854563, 0.0853111, 
0, 0.0145451, 0.027512, 0.0472, 0.0592786, 0.0654716, 0.0702395, 0.071092, 0.0726311, 0.0729083, 0.0734754, 0.0737916, 0.074137, 0.0744459, 0.0747475, 0.0750408, 0.0753285, 0.0756114, 0.0758903, 0.0761655, 0.0764373, 0.0767059, 0.0769715, 0.0772344, 0.0774945, 0.0777522, 0.0780075, 0.0782606, 0.0785114, 0.0787603, 0.0790071, 0.079252, 0.0794951, 0.0797363, 0.0799757, 0.0802134, 0.0804493, 0.0806835, 0.0809159, 0.0811466, 0.0813755, 0.0816026, 0.0818279, 0.0820514, 0.0822729, 0.0824925, 0.08271, 0.0829255, 0.0831389, 0.0833501, 0.083559, 0.0837656, 0.0839698, 0.0841715, 0.0843706, 0.0845671, 0.0847608, 0.0849517, 0.0851397, 0.0853247, 0.0855066, 0.0856853, 0.0858607, 0.0860328, 0.0862014, 0.0863665, 0.086528, 0.0866857, 0.0868397, 0.0869897, 0.0871358, 0.0872778, 0.0874157, 0.0875494, 0.0876787, 0.0878037, 0.0879242, 0.0880402, 0.0881516, 0.0882584, 0.0883604, 0.0884577, 0.0885501, 0.0886376, 0.0887201, 0.0887977, 0.0888698, 0.088939, 0.0889944, 0.0890731, 0.089071, 0.0892289, 0.0891074, 0.0893193, 0.0893283, 0.0892582, 0.0893239, 0.0896509, 0.0900743, 0.0899601, 
0, 0.00738761, 0.0141552, 0.0284795, 0.0379018, 0.0459907, 0.0508664, 0.0531958, 0.0549942, 0.0553915, 0.0559959, 0.0560749, 0.0562824, 0.0563437, 0.0564332, 0.0564909, 0.0565489, 0.0565996, 0.0566475, 0.0566924, 0.056735, 0.0567756, 0.0568144, 0.0568517, 0.0568877, 0.0569225, 0.0569563, 0.0569893, 0.0570216, 0.0570533, 0.0570846, 0.0571155, 0.0571462, 0.0571768, 0.0572072, 0.0572377, 0.0572683, 0.0572989, 0.0573298, 0.0573608, 0.0573921, 0.0574236, 0.0574555, 0.0574876, 0.0575201, 0.0575529, 0.057586, 0.0576194, 0.0576531, 0.0576871, 0.0577214, 0.0577559, 0.0577906, 0.0578255, 0.0578606, 0.0578958, 0.057931, 0.0579664, 0.0580017, 0.0580371, 0.0580723, 0.0581075, 0.0581425, 0.0581773, 0.0582118, 0.0582461, 0.05828, 0.0583135, 0.0583465, 0.0583791, 0.0584112, 0.0584427, 0.0584735, 0.0585037, 0.0585332, 0.0585619, 0.0585898, 0.0586169, 0.0586431, 0.0586684, 0.0586927, 0.058716, 0.0587382, 0.0587597, 0.0587789, 0.0588005, 0.0588121, 0.058842, 0.0588333, 0.0588872, 0.058847, 0.058927, 0.0588842, 0.0589332, 0.0590307, 0.0588226, 0.0592406, 0.058893, 0.0584986, 0.0584065, 
0, 0.00481046, 0.00897788, 0.0194685, 0.0268788, 0.0348421, 0.0396771, 0.0430944, 0.0451747, 0.046113, 0.0468499, 0.0470062, 0.047238, 0.0472369, 0.0472912, 0.0472698, 0.0472649, 0.0472393, 0.0472154, 0.047186, 0.0471554, 0.0471226, 0.0470886, 0.0470535, 0.0470174, 0.0469807, 0.0469434, 0.0469057, 0.0468678, 0.0468298, 0.0467919, 0.0467541, 0.0467166, 0.0466794, 0.0466427, 0.0466066, 0.0465711, 0.0465362, 0.0465022, 0.0464689, 0.0464365, 0.0464049, 0.0463743, 0.0463447, 0.0463161, 0.0462884, 0.0462618, 0.0462363, 0.0462117, 0.0461883, 0.0461659, 0.0461445, 0.0461241, 0.0461048, 0.0460865, 0.0460692, 0.0460529, 0.0460375, 0.0460231, 0.0460096, 0.045997, 0.0459852, 0.0459743, 0.0459642, 0.0459548, 0.0459463, 0.0459384, 0.0459312, 0.0459247, 0.0459188, 0.0459134, 0.0459087, 0.0459044, 0.0459007, 0.0458974, 0.0458945, 0.045892, 0.0458899, 0.0458882, 0.0458868, 0.0458854, 0.0458849, 0.0458834, 0.0458847, 0.0458808, 0.0458874, 0.0458763, 0.0458937, 0.0458711, 0.0459005, 0.0458765, 0.0458982, 0.0459161, 0.0458861, 0.046001, 0.0458586, 0.0461093, 0.0457077, 0.0458249, 0.0457429, 
0, 0.00353401, 0.00641963, 0.0144902, 0.0204474, 0.0277308, 0.0323853, 0.036385, 0.0387587, 0.0402821, 0.0412393, 0.0416634, 0.0420088, 0.0420927, 0.0422079, 0.042214, 0.0422449, 0.0422367, 0.042237, 0.0422249, 0.0422139, 0.0421989, 0.0421831, 0.0421658, 0.0421475, 0.0421283, 0.0421086, 0.0420883, 0.0420676, 0.0420467, 0.0420256, 0.0420046, 0.0419836, 0.0419628, 0.0419423, 0.0419221, 0.0419023, 0.041883, 0.0418642, 0.041846, 0.0418284, 0.0418114, 0.0417952, 0.0417796, 0.0417648, 0.0417507, 0.0417374, 0.0417249, 0.0417132, 0.0417022, 0.041692, 0.0416826, 0.041674, 0.0416662, 0.041659, 0.0416526, 0.041647, 0.041642, 0.0416377, 0.041634, 0.041631, 0.0416285, 0.0416267, 0.0416253, 0.0416245, 0.0416242, 0.0416243, 0.0416249, 0.0416259, 0.0416272, 0.0416288, 0.0416308, 0.041633, 0.0416355, 0.0416382, 0.0416411, 0.0416441, 0.0416473, 0.0416504, 0.041654, 0.0416568, 0.0416612, 0.0416626, 0.0416693, 0.0416673, 0.0416785, 0.041671, 0.0416878, 0.0416776, 0.0416938, 0.0416962, 0.041694, 0.0417401, 0.0416929, 0.0418073, 0.0416969, 0.041838, 0.0415943, 0.0416863, 0.0416112, 
0, 0.00275544, 0.00488733, 0.0113283, 0.0162032, 0.0226888, 0.0270327, 0.0312216, 0.0337736, 0.0357301, 0.0368915, 0.0375944, 0.0380522, 0.0382526, 0.0384217, 0.0384666, 0.0385258, 0.0385316, 0.0385488, 0.0385456, 0.0385464, 0.0385399, 0.0385339, 0.0385253, 0.038516, 0.0385056, 0.0384946, 0.0384829, 0.0384708, 0.0384584, 0.0384458, 0.0384331, 0.0384204, 0.0384077, 0.0383952, 0.0383829, 0.0383709, 0.0383592, 0.038348, 0.0383371, 0.0383268, 0.038317, 0.0383077, 0.038299, 0.0382909, 0.0382834, 0.0382766, 0.0382703, 0.0382647, 0.0382598, 0.0382555, 0.0382518, 0.0382487, 0.0382463, 0.0382444, 0.0382432, 0.0382425, 0.0382424, 0.0382427, 0.0382436, 0.038245, 0.0382469, 0.0382492, 0.0382519, 0.0382549, 0.0382584, 0.0382621, 0.0382662, 0.0382705, 0.038275, 0.0382798, 0.0382847, 0.0382898, 0.038295, 0.0383003, 0.0383057, 0.0383111, 0.0383166, 0.0383217, 0.0383277, 0.0383319, 0.0383388, 0.0383412, 0.0383502, 0.0383497, 0.0383612, 0.0383584, 0.0383706, 0.0383713, 0.038377, 0.0383947, 0.0383816, 0.0384351, 0.03839, 0.0384879, 0.0383994, 0.0384952, 0.0383302, 0.0383129, 0.0382435, 
0, 0.00223049, 0.00387755, 0.00916233, 0.0132237, 0.0189586, 0.0229475, 0.0271017, 0.029727, 0.0319658, 0.0332974, 0.0342482, 0.0348174, 0.0351464, 0.0353671, 0.0354603, 0.0355409, 0.0355603, 0.0355866, 0.0355858, 0.0355904, 0.035584, 0.0355794, 0.0355706, 0.0355619, 0.0355515, 0.0355406, 0.035529, 0.035517, 0.0355047, 0.0354921, 0.0354794, 0.0354667, 0.035454, 0.0354414, 0.035429, 0.0354169, 0.0354051, 0.0353937, 0.0353826, 0.0353721, 0.035362, 0.0353524, 0.0353433, 0.0353349, 0.0353269, 0.0353196, 0.0353129, 0.0353068, 0.0353013, 0.0352964, 0.0352921, 0.0352884, 0.0352853, 0.0352827, 0.0352807, 0.0352793, 0.0352784, 0.035278, 0.0352781, 0.0352787, 0.0352797, 0.0352811, 0.035283, 0.0352852, 0.0352877, 0.0352906, 0.0352938, 0.0352973, 0.035301, 0.0353049, 0.035309, 0.0353132, 0.0353176, 0.035322, 0.0353267, 0.0353311, 0.0353361, 0.0353402, 0.0353457, 0.0353489, 0.0353555, 0.0353572, 0.0353651, 0.0353653, 0.035374, 0.0353748, 0.0353814, 0.0353889, 0.0353873, 0.0354117, 0.0353944, 0.0354462, 0.0354072, 0.0354858, 0.035418, 0.0354834, 0.0353521, 0.0352937, 0.0352289, 
0, 0.00185563, 0.00317676, 0.00761164, 0.0110563, 0.0161363, 0.0197792, 0.0237872, 0.0264146, 0.0288215, 0.0302882, 0.0314474, 0.0321292, 0.0325916, 0.0328719, 0.0330267, 0.0331331, 0.0331747, 0.0332114, 0.0332169, 0.0332258, 0.0332206, 0.0332178, 0.0332091, 0.033201, 0.0331905, 0.0331799, 0.0331682, 0.0331563, 0.0331439, 0.0331314, 0.0331186, 0.0331058, 0.0330931, 0.0330804, 0.0330679, 0.0330557, 0.0330437, 0.0330321, 0.0330209, 0.03301, 0.0329997, 0.0329898, 0.0329804, 0.0329716, 0.0329633, 0.0329556, 0.0329484, 0.0329419, 0.0329359, 0.0329304, 0.0329256, 0.0329214, 0.0329177, 0.0329145, 0.0329119, 0.0329099, 0.0329083, 0.0329073, 0.0329067, 0.0329066, 0.0329069, 0.0329076, 0.0329088, 0.0329103, 0.0329121, 0.0329143, 0.0329167, 0.0329195, 0.0329224, 0.0329256, 0.032929, 0.0329326, 0.0329363, 0.03294, 0.0329441, 0.0329478, 0.0329523, 0.0329556, 0.0329607, 0.0329632, 0.0329691, 0.0329708, 0.0329773, 0.0329788, 0.0329847, 0.0329887, 0.0329911, 0.0330028, 0.0329975, 0.0330242, 0.0330067, 0.0330535, 0.0330215, 0.0330835, 0.0330326, 0.0330737, 0.0329676, 0.0328933, 0.0328324, 
0, 0.00157527, 0.00266782, 0.00645732, 0.00942597, 0.0139474, 0.0172722, 0.0210825, 0.0236653, 0.0261561, 0.0277219, 0.0290467, 0.0298352, 0.0304263, 0.0307725, 0.0309975, 0.0311353, 0.0312074, 0.0312575, 0.0312741, 0.0312888, 0.0312871, 0.031287, 0.0312794, 0.0312728, 0.0312629, 0.0312532, 0.0312421, 0.0312308, 0.031219, 0.031207, 0.0311947, 0.0311824, 0.0311702, 0.031158, 0.0311459, 0.0311341, 0.0311225, 0.0311112, 0.0311003, 0.0310898, 0.0310797, 0.0310701, 0.0310609, 0.0310523, 0.0310441, 0.0310365, 0.0310295, 0.031023, 0.031017, 0.0310116, 0.0310068, 0.0310025, 0.0309987, 0.0309955, 0.0309928, 0.0309906, 0.0309889, 0.0309877, 0.0309869, 0.0309866, 0.0309867, 0.0309872, 0.0309881, 0.0309893, 0.0309909, 0.0309928, 0.0309949, 0.0309974, 0.0310001, 0.0310029, 0.031006, 0.0310092, 0.0310127, 0.031016, 0.0310199, 0.0310232, 0.0310275, 0.0310304, 0.0310352, 0.0310376, 0.0310429, 0.0310451, 0.0310502, 0.0310532, 0.031057, 0.0310634, 0.0310633, 0.0310774, 0.0310707, 0.0310972, 0.0310815, 0.0311222, 0.031097, 0.0311454, 0.0311075, 0.0311306, 0.0310449, 0.0309586, 0.0309009, 
0, 0.00135783, 0.00228385, 0.00556918, 0.00816306, 0.0122096, 0.0152494, 0.0188425, 0.0213515, 0.0238662, 0.0254981, 0.0269476, 0.0278312, 0.0285392, 0.0289538, 0.0292521, 0.0294263, 0.0295346, 0.0296011, 0.0296327, 0.0296543, 0.0296581, 0.0296612, 0.0296555, 0.0296505, 0.0296413, 0.0296326, 0.0296219, 0.0296113, 0.0295999, 0.0295885, 0.0295767, 0.0295648, 0.029553, 0.0295412, 0.0295295, 0.029518, 0.0295068, 0.0294958, 0.0294852, 0.0294749, 0.0294651, 0.0294557, 0.0294467, 0.0294382, 0.0294302, 0.0294228, 0.0294158, 0.0294094, 0.0294035, 0.0293981, 0.0293932, 0.0293889, 0.0293851, 0.0293818, 0.0293791, 0.0293768, 0.0293749, 0.0293736, 0.0293727, 0.0293722, 0.0293721, 0.0293724, 0.0293731, 0.0293741, 0.0293755, 0.0293771, 0.0293791, 0.0293813, 0.0293837, 0.0293863, 0.0293892, 0.0293921, 0.0293954, 0.0293984, 0.0294021, 0.029405, 0.0294091, 0.0294118, 0.0294162, 0.0294188, 0.0294233, 0.0294261, 0.0294301, 0.0294343, 0.0294365, 0.0294445, 0.0294431, 0.0294582, 0.0294514, 0.0294762, 0.0294631, 0.0294977, 0.0294785, 0.0295158, 0.029488, 0.0294979, 0.0294278, 0.0293325, 0.0292775, 
0, 0.00118455, 0.00198556, 0.00486793, 0.00716149, 0.0108036, 0.0135909, 0.0169649, 0.0193839, 0.0218811, 0.0235514, 0.0250901, 0.0260548, 0.0268649, 0.0273471, 0.027718, 0.0279323, 0.0280807, 0.0281666, 0.0282168, 0.0282469, 0.0282582, 0.0282649, 0.0282619, 0.0282586, 0.0282505, 0.0282427, 0.0282325, 0.0282225, 0.0282115, 0.0282004, 0.0281889, 0.0281775, 0.0281659, 0.0281544, 0.028143, 0.0281318, 0.0281208, 0.02811, 0.0280996, 0.0280895, 0.0280798, 0.0280705, 0.0280617, 0.0280533, 0.0280453, 0.0280379, 0.028031, 0.0280245, 0.0280186, 0.0280132, 0.0280083, 0.0280039, 0.0280001, 0.0279967, 0.0279938, 0.0279913, 0.0279894, 0.0279879, 0.0279868, 0.0279861, 0.0279859, 0.027986, 0.0279864, 0.0279872, 0.0279884, 0.0279898, 0.0279915, 0.0279934, 0.0279956, 0.027998, 0.0280006, 0.0280033, 0.0280063, 0.0280091, 0.0280125, 0.0280152, 0.028019, 0.0280216, 0.0280256, 0.0280283, 0.0280321, 0.0280355, 0.0280385, 0.0280436, 0.0280447, 0.0280537, 0.0280517, 0.0280668, 0.0280606, 0.0280832, 0.0280728, 0.0281016, 0.0280877, 0.0281158, 0.0280962, 0.0280959, 0.028038, 0.0279366, 0.027884, 
0, 0.0010435, 0.00174838, 0.00430257, 0.00635169, 0.00964772, 0.0122126, 0.0153748, 0.0176959, 0.0201484, 0.0218353, 0.0234335, 0.0244648, 0.0253615, 0.025908, 0.0263483, 0.026605, 0.0267958, 0.0269042, 0.0269759, 0.0270162, 0.0270372, 0.0270482, 0.0270491, 0.0270477, 0.0270411, 0.0270343, 0.0270247, 0.0270153, 0.0270046, 0.026994, 0.0269827, 0.0269716, 0.0269602, 0.026949, 0.0269378, 0.0269268, 0.026916, 0.0269054, 0.0268951, 0.0268852, 0.0268756, 0.0268664, 0.0268576, 0.0268493, 0.0268414, 0.026834, 0.0268271, 0.0268206, 0.0268147, 0.0268092, 0.0268043, 0.0267998, 0.0267959, 0.0267924, 0.0267894, 0.0267868, 0.0267847, 0.026783, 0.0267818, 0.026781, 0.0267805, 0.0267804, 0.0267807, 0.0267813, 0.0267822, 0.0267834, 0.0267849, 0.0267866, 0.0267886, 0.0267907, 0.0267932, 0.0267956, 0.0267984, 0.0268009, 0.0268041, 0.0268067, 0.0268101, 0.0268128, 0.0268163, 0.0268192, 0.0268224, 0.0268262, 0.0268284, 0.0268342, 0.0268347, 0.0268441, 0.026842, 0.0268565, 0.0268514, 0.0268714, 0.0268636, 0.0268872, 0.0268778, 0.0268983, 0.0268853, 0.0268773, 0.0268291, 0.0267235, 0.0266731, 
0, 0.000926695, 0.00155608, 0.00383871, 0.00568606, 0.00868422, 0.0110532, 0.0140155, 0.0162364, 0.0186265, 0.0203132, 0.0219472, 0.0230313, 0.0239994, 0.0246052, 0.0251102, 0.0254103, 0.0256442, 0.0257775, 0.0258731, 0.0259257, 0.025958, 0.0259745, 0.0259804, 0.0259814, 0.0259768, 0.025971, 0.0259623, 0.0259535, 0.0259432, 0.025933, 0.025922, 0.0259112, 0.0259, 0.025889, 0.025878, 0.0258672, 0.0258565, 0.0258461, 0.0258359, 0.0258261, 0.0258166, 0.0258075, 0.0257988, 0.0257905, 0.0257827, 0.0257753, 0.0257683, 0.0257619, 0.0257559, 0.0257504, 0.0257454, 0.0257409, 0.0257368, 0.0257333, 0.0257301, 0.0257275, 0.0257252, 0.0257234, 0.0257221, 0.0257211, 0.0257204, 0.0257202, 0.0257203, 0.0257207, 0.0257215, 0.0257225, 0.0257238, 0.0257253, 0.0257271, 0.025729, 0.0257312, 0.0257334, 0.025736, 0.0257384, 0.0257413, 0.0257438, 0.0257469, 0.0257496, 0.0257527, 0.0257558, 0.0257584, 0.0257626, 0.0257643, 0.0257705, 0.0257706, 0.02578, 0.0257782, 0.0257917, 0.0257879, 0.0258054, 0.0258, 0.025819, 0.0258133, 0.0258275, 0.0258199, 0.0258058, 0.0257655, 0.0256572, 0.0256086, 
0, 0.000828579, 0.00139754, 0.00345242, 0.00513106, 0.00787125, 0.0100673, 0.0128434, 0.0149651, 0.0172823, 0.0189562, 0.0206071, 0.0217316, 0.0227572, 0.0234163, 0.0239801, 0.0243231, 0.0245998, 0.02476, 0.0248811, 0.0249478, 0.0249933, 0.0250164, 0.0250283, 0.0250322, 0.0250302, 0.0250258, 0.0250182, 0.02501, 0.0250002, 0.0249904, 0.0249797, 0.0249691, 0.0249582, 0.0249474, 0.0249365, 0.0249259, 0.0249153, 0.024905, 0.024895, 0.0248853, 0.0248758, 0.0248668, 0.0248581, 0.0248499, 0.0248421, 0.0248347, 0.0248278, 0.0248213, 0.0248153, 0.0248098, 0.0248047, 0.0248001, 0.024796, 0.0247923, 0.0247891, 0.0247863, 0.0247839, 0.024782, 0.0247805, 0.0247793, 0.0247786, 0.0247782, 0.0247781, 0.0247784, 0.0247789, 0.0247798, 0.0247809, 0.0247822, 0.0247839, 0.0247855, 0.0247876, 0.0247896, 0.024792, 0.0247943, 0.024797, 0.0247994, 0.0248022, 0.0248049, 0.0248076, 0.0248109, 0.0248131, 0.0248175, 0.0248189, 0.0248252, 0.0248253, 0.0248344, 0.0248331, 0.0248455, 0.0248429, 0.0248578, 0.0248546, 0.0248696, 0.0248672, 0.0248762, 0.024873, 0.024854, 0.0248203, 0.02471, 0.0246632, 
0, 0.000745177, 0.00126497, 0.00312658, 0.00466256, 0.00717794, 0.00922108, 0.011825, 0.0138506, 0.0160889, 0.0177409, 0.019394, 0.0205478, 0.0216183, 0.0223245, 0.0229407, 0.0233253, 0.0236436, 0.0238318, 0.0239794, 0.0240619, 0.024122, 0.0241529, 0.024172, 0.0241795, 0.0241807, 0.0241778, 0.0241717, 0.0241643, 0.0241551, 0.0241456, 0.0241353, 0.024125, 0.0241142, 0.0241036, 0.0240929, 0.0240824, 0.024072, 0.0240618, 0.0240518, 0.0240422, 0.0240328, 0.0240239, 0.0240152, 0.024007, 0.0239992, 0.0239918, 0.0239849, 0.0239784, 0.0239724, 0.0239668, 0.0239617, 0.023957, 0.0239528, 0.023949, 0.0239457, 0.0239428, 0.0239404, 0.0239383, 0.0239367, 0.0239354, 0.0239345, 0.0239339, 0.0239337, 0.0239338, 0.0239342, 0.0239349, 0.0239359, 0.023937, 0.0239385, 0.02394, 0.0239419, 0.0239437, 0.023946, 0.0239481, 0.0239505, 0.0239529, 0.0239554, 0.0239582, 0.0239605, 0.023964, 0.0239659, 0.0239704, 0.0239716, 0.0239779, 0.0239781, 0.0239868, 0.023986, 0.0239972, 0.0239958, 0.0240084, 0.0240071, 0.0240185, 0.0240189, 0.0240235, 0.024024, 0.0240011, 0.023973, 0.0238614, 0.0238161, 
0, 0.00067357, 0.00115274, 0.00284868, 0.00426277, 0.00658106, 0.00848839, 0.0109339, 0.0128675, 0.0150242, 0.0166478, 0.0182919, 0.0194657, 0.0205701, 0.0213169, 0.0219793, 0.0224034, 0.0227612, 0.022978, 0.0231525, 0.0232522, 0.023328, 0.023368, 0.0233953, 0.023407, 0.0234122, 0.0234112, 0.0234068, 0.0234003, 0.0233919, 0.0233829, 0.0233729, 0.0233629, 0.0233524, 0.0233419, 0.0233314, 0.023321, 0.0233107, 0.0233006, 0.0232907, 0.0232811, 0.0232718, 0.0232629, 0.0232543, 0.0232461, 0.0232383, 0.0232309, 0.023224, 0.0232175, 0.0232114, 0.0232057, 0.0232006, 0.0231958, 0.0231916, 0.0231877, 0.0231843, 0.0231813, 0.0231787, 0.0231766, 0.0231748, 0.0231734, 0.0231724, 0.0231717, 0.0231713, 0.0231713, 0.0231715, 0.023172, 0.0231729, 0.0231738, 0.0231752, 0.0231765, 0.0231783, 0.02318, 0.023182, 0.023184, 0.0231863, 0.0231886, 0.0231909, 0.0231936, 0.0231957, 0.0231992, 0.0232009, 0.0232055, 0.0232066, 0.0232128, 0.0232132, 0.0232213, 0.0232212, 0.0232311, 0.0232308, 0.0232413, 0.0232417, 0.02325, 0.0232527, 0.0232537, 0.0232573, 0.0232312, 0.0232078, 0.0230955, 0.0230516, 
0, 0.00061156, 0.00105672, 0.00260938, 0.00391834, 0.00606288, 0.00784912, 0.0101491, 0.0119954, 0.0140703, 0.0156608, 0.0172874, 0.0184734, 0.0196022, 0.0203836, 0.0210858, 0.0215467, 0.0219416, 0.0221871, 0.0223885, 0.0225065, 0.0225989, 0.022649, 0.0226854, 0.0227022, 0.0227119, 0.0227133, 0.022711, 0.0227056, 0.0226982, 0.0226897, 0.0226802, 0.0226704, 0.0226601, 0.0226498, 0.0226394, 0.0226292, 0.022619, 0.022609, 0.0225992, 0.0225896, 0.0225804, 0.0225715, 0.0225629, 0.0225547, 0.0225469, 0.0225395, 0.0225326, 0.022526, 0.0225199, 0.0225142, 0.022509, 0.0225042, 0.0224998, 0.0224959, 0.0224924, 0.0224893, 0.0224866, 0.0224844, 0.0224825, 0.0224809, 0.0224798, 0.022479, 0.0224785, 0.0224783, 0.0224784, 0.0224788, 0.0224795, 0.0224803, 0.0224815, 0.0224827, 0.0224843, 0.0224859, 0.0224878, 0.0224897, 0.0224917, 0.022494, 0.0224961, 0.0224988, 0.0225007, 0.0225042, 0.0225058, 0.0225103, 0.0225114, 0.0225174, 0.022518, 0.0225255, 0.0225261, 0.0225347, 0.0225355, 0.022544, 0.0225459, 0.0225515, 0.0225562, 0.0225541, 0.0225603, 0.0225317, 0.0225123, 0.0223995, 0.0223569, 
0, 0.000557462, 0.000973773, 0.00240154, 0.00361906, 0.00560963, 0.00728746, 0.00945391, 0.0112179, 0.0132119, 0.0147665, 0.0163693, 0.0175608, 0.018706, 0.0195162, 0.0202524, 0.0207472, 0.0211765, 0.0214501, 0.0216781, 0.0218151, 0.0219248, 0.021986, 0.0220323, 0.0220549, 0.0220698, 0.022074, 0.0220742, 0.02207, 0.0220638, 0.0220559, 0.0220469, 0.0220375, 0.0220275, 0.0220174, 0.0220071, 0.021997, 0.0219869, 0.021977, 0.0219672, 0.0219578, 0.0219486, 0.0219397, 0.0219311, 0.0219229, 0.0219151, 0.0219077, 0.0219007, 0.0218942, 0.021888, 0.0218823, 0.021877, 0.0218721, 0.0218677, 0.0218637, 0.0218601, 0.0218569, 0.0218541, 0.0218518, 0.0218498, 0.0218481, 0.0218468, 0.0218459, 0.0218453, 0.021845, 0.021845, 0.0218452, 0.0218457, 0.0218465, 0.0218475, 0.0218486, 0.02185, 0.0218515, 0.0218532, 0.021855, 0.0218569, 0.0218591, 0.021861, 0.0218638, 0.0218655, 0.021869, 0.0218704, 0.0218749, 0.0218761, 0.0218817, 0.0218827, 0.0218896, 0.0218907, 0.0218982, 0.0218999, 0.0219066, 0.0219098, 0.021913, 0.0219194, 0.0219147, 0.0219231, 0.0218924, 0.0218765, 0.0217636, 0.0217222, 
0, 0.000509962, 0.000901517, 0.00221968, 0.00335702, 0.00521048, 0.00679088, 0.00883475, 0.0105213, 0.0124366, 0.0139534, 0.0155277, 0.0167193, 0.0178743, 0.0187079, 0.0194728, 0.0199983, 0.0204592, 0.02076, 0.0210137, 0.0211703, 0.0212975, 0.0213707, 0.0214276, 0.0214568, 0.0214774, 0.0214849, 0.0214881, 0.0214854, 0.0214806, 0.0214734, 0.0214652, 0.021456, 0.0214464, 0.0214365, 0.0214264, 0.0214164, 0.0214063, 0.0213965, 0.0213868, 0.0213774, 0.0213682, 0.0213594, 0.0213508, 0.0213427, 0.0213349, 0.0213274, 0.0213204, 0.0213138, 0.0213076, 0.0213018, 0.0212965, 0.0212916, 0.021287, 0.021283, 0.0212793, 0.021276, 0.0212732, 0.0212707, 0.0212686, 0.0212668, 0.0212654, 0.0212644, 0.0212636, 0.0212632, 0.0212631, 0.0212632, 0.0212636, 0.0212642, 0.0212651, 0.0212661, 0.0212673, 0.0212687, 0.0212703, 0.0212721, 0.0212737, 0.0212759, 0.0212776, 0.0212804, 0.021282, 0.0212854, 0.0212868, 0.0212911, 0.0212924, 0.0212977, 0.0212991, 0.0213052, 0.0213069, 0.0213133, 0.0213159, 0.0213209, 0.0213253, 0.0213265, 0.0213343, 0.0213273, 0.0213377, 0.0213053, 0.0212924, 0.0211796, 0.0211393, 
0, 0.000468019, 0.0008381, 0.00205946, 0.00312602, 0.00485683, 0.00634929, 0.00828058, 0.0098945, 0.0117338, 0.0132118, 0.0147544, 0.0159418, 0.0171006, 0.0179531, 0.0187416, 0.0192948, 0.0197843, 0.0201112, 0.0203897, 0.0205658, 0.0207108, 0.0207968, 0.0208648, 0.0209012, 0.0209281, 0.0209394, 0.0209459, 0.0209451, 0.0209419, 0.0209356, 0.0209281, 0.0209194, 0.0209101, 0.0209005, 0.0208906, 0.0208807, 0.0208707, 0.020861, 0.0208513, 0.020842, 0.0208328, 0.020824, 0.0208155, 0.0208073, 0.0207995, 0.020792, 0.020785, 0.0207783, 0.0207721, 0.0207663, 0.0207609, 0.0207559, 0.0207513, 0.0207471, 0.0207434, 0.02074, 0.0207371, 0.0207345, 0.0207323, 0.0207304, 0.0207289, 0.0207278, 0.0207269, 0.0207264, 0.0207261, 0.0207261, 0.0207264, 0.0207269, 0.0207276, 0.0207285, 0.0207297, 0.020731, 0.0207323, 0.0207341, 0.0207356, 0.0207377, 0.0207393, 0.020742, 0.0207435, 0.0207468, 0.0207483, 0.0207524, 0.0207539, 0.0207588, 0.0207605, 0.020766, 0.0207682, 0.0207735, 0.0207769, 0.0207804, 0.0207858, 0.0207852, 0.0207943, 0.0207854, 0.0207974, 0.0207635, 0.0207533, 0.0206407, 0.0206014, 
0, 0.000430795, 0.000782063, 0.00191746, 0.00292112, 0.00454174, 0.00595454, 0.00778231, 0.00932813, 0.0110944, 0.0125333, 0.014042, 0.0152216, 0.0163798, 0.0172468, 0.0180544, 0.0186323, 0.0191475, 0.0194991, 0.0198011, 0.0199968, 0.0201595, 0.0202587, 0.0203382, 0.0203826, 0.0204163, 0.0204319, 0.0204421, 0.0204434, 0.0204421, 0.0204369, 0.0204303, 0.0204221, 0.0204132, 0.0204038, 0.0203941, 0.0203843, 0.0203745, 0.0203649, 0.0203553, 0.020346, 0.0203368, 0.020328, 0.0203195, 0.0203113, 0.0203035, 0.020296, 0.020289, 0.0202823, 0.020276, 0.0202701, 0.0202647, 0.0202596, 0.020255, 0.0202507, 0.0202469, 0.0202435, 0.0202404, 0.0202377, 0.0202354, 0.0202335, 0.0202319, 0.0202306, 0.0202296, 0.020229, 0.0202286, 0.0202285, 0.0202287, 0.020229, 0.0202297, 0.0202305, 0.0202315, 0.0202327, 0.0202339, 0.0202356, 0.020237, 0.0202391, 0.0202405, 0.0202431, 0.0202446, 0.0202478, 0.0202493, 0.0202532, 0.0202549, 0.0202594, 0.0202614, 0.0202662, 0.020269, 0.0202733, 0.0202773, 0.0202795, 0.0202858, 0.0202836, 0.0202938, 0.0202832, 0.0202967, 0.0202616, 0.0202537, 0.0201415, 0.0201031, 
0, 0.000397612, 0.000732243, 0.00179091, 0.00273833, 0.00425959, 0.00559994, 0.00733241, 0.00881442, 0.0105109, 0.0119109, 0.0133843, 0.0145532, 0.0157068, 0.0165847, 0.0174074, 0.018007, 0.0185451, 0.0189199, 0.0192442, 0.0194592, 0.0196393, 0.019752, 0.0198435, 0.0198963, 0.0199373, 0.0199576, 0.0199718, 0.0199757, 0.0199765, 0.0199725, 0.019967, 0.0199594, 0.019951, 0.0199419, 0.0199325, 0.0199228, 0.0199132, 0.0199036, 0.0198941, 0.0198848, 0.0198757, 0.0198669, 0.0198584, 0.0198502, 0.0198423, 0.0198349, 0.0198278, 0.019821, 0.0198147, 0.0198088, 0.0198033, 0.0197981, 0.0197934, 0.0197891, 0.0197852, 0.0197817, 0.0197786, 0.0197758, 0.0197734, 0.0197713, 0.0197696, 0.0197683, 0.0197672, 0.0197664, 0.019766, 0.0197657, 0.0197658, 0.0197661, 0.0197666, 0.0197673, 0.0197682, 0.0197693, 0.0197704, 0.019772, 0.0197733, 0.0197753, 0.0197767, 0.0197792, 0.0197807, 0.0197837, 0.0197853, 0.0197889, 0.0197908, 0.0197949, 0.0197972, 0.0198014, 0.0198046, 0.019808, 0.0198127, 0.0198137, 0.0198207, 0.0198171, 0.0198282, 0.0198162, 0.0198309, 0.0197948, 0.0197891, 0.0196772, 0.0196398, 
0, 0.000367912, 0.000687705, 0.00167757, 0.00257444, 0.00400575, 0.00528, 0.0069246, 0.00834679, 0.00997687, 0.0113383, 0.0127758, 0.0139317, 0.0150776, 0.0159631, 0.0167973, 0.0174158, 0.0179742, 0.0183705, 0.0187158, 0.0189495, 0.0191467, 0.0192732, 0.0193767, 0.0194384, 0.0194871, 0.0195126, 0.0195313, 0.019538, 0.0195412, 0.0195386, 0.0195343, 0.0195274, 0.0195197, 0.0195108, 0.0195017, 0.0194923, 0.0194827, 0.0194732, 0.0194638, 0.0194545, 0.0194455, 0.0194367, 0.0194282, 0.01942, 0.0194121, 0.0194046, 0.0193975, 0.0193907, 0.0193843, 0.0193784, 0.0193728, 0.0193676, 0.0193628, 0.0193585, 0.0193545, 0.0193509, 0.0193477, 0.0193448, 0.0193423, 0.0193402, 0.0193384, 0.0193369, 0.0193357, 0.0193349, 0.0193343, 0.019334, 0.0193339, 0.0193341, 0.0193345, 0.0193351, 0.0193358, 0.0193369, 0.0193379, 0.0193394, 0.0193406, 0.0193425, 0.0193439, 0.0193463, 0.0193478, 0.0193507, 0.0193523, 0.0193557, 0.0193577, 0.0193614, 0.0193641, 0.0193677, 0.0193713, 0.0193738, 0.019379, 0.019379, 0.0193867, 0.0193818, 0.0193938, 0.0193805, 0.0193963, 0.0193593, 0.0193555, 0.0192441, 0.0192076, 
0, 0.000341232, 0.000647686, 0.0015756, 0.00242678, 0.00377642, 0.00499013, 0.00655359, 0.0079197, 0.00948662, 0.0108103, 0.0122115, 0.0133527, 0.0144884, 0.0153785, 0.0162212, 0.0168559, 0.0174322, 0.0178484, 0.0182131, 0.0184649, 0.0186788, 0.0188191, 0.0189348, 0.0190058, 0.0190624, 0.0190936, 0.019117, 0.0191268, 0.0191327, 0.0191317, 0.0191289, 0.0191227, 0.0191157, 0.0191073, 0.0190985, 0.0190892, 0.0190799, 0.0190704, 0.0190611, 0.0190519, 0.0190429, 0.0190341, 0.0190256, 0.0190174, 0.0190095, 0.019002, 0.0189948, 0.018988, 0.0189816, 0.0189756, 0.01897, 0.0189647, 0.0189599, 0.0189554, 0.0189514, 0.0189477, 0.0189444, 0.0189414, 0.0189389, 0.0189366, 0.0189348, 0.0189332, 0.0189319, 0.018931, 0.0189303, 0.0189299, 0.0189297, 0.0189298, 0.0189301, 0.0189306, 0.0189312, 0.0189322, 0.0189331, 0.0189345, 0.0189357, 0.0189375, 0.0189388, 0.0189411, 0.0189426, 0.0189453, 0.0189471, 0.0189502, 0.0189524, 0.0189557, 0.0189586, 0.0189617, 0.0189656, 0.0189674, 0.0189731, 0.018972, 0.0189803, 0.0189743, 0.018987, 0.0189727, 0.0189894, 0.0189518, 0.0189496, 0.0188388, 0.0188031, 
0, 0.000317187, 0.00061156, 0.00148348, 0.00229319, 0.0035684, 0.00472652, 0.00621492, 0.00752841, 0.00903539, 0.0103223, 0.0116872, 0.0128123, 0.0139357, 0.0148281, 0.0156765, 0.0163251, 0.0169167, 0.0173513, 0.0177339, 0.0180032, 0.0182331, 0.0183872, 0.018515, 0.0185956, 0.0186604, 0.0186977, 0.0187261, 0.0187394, 0.0187482, 0.0187491, 0.0187478, 0.0187426, 0.0187364, 0.0187284, 0.01872, 0.018711, 0.0187018, 0.0186925, 0.0186832, 0.018674, 0.0186651, 0.0186563, 0.0186478, 0.0186396, 0.0186317, 0.0186242, 0.018617, 0.0186101, 0.0186037, 0.0185976, 0.0185919, 0.0185866, 0.0185817, 0.0185772, 0.0185731, 0.0185693, 0.0185659, 0.0185629, 0.0185603, 0.0185579, 0.018556, 0.0185543, 0.0185529, 0.0185519, 0.0185511, 0.0185506, 0.0185503, 0.0185503, 0.0185505, 0.018551, 0.0185515, 0.0185524, 0.0185532, 0.0185545, 0.0185556, 0.0185573, 0.0185586, 0.0185608, 0.0185623, 0.0185649, 0.0185667, 0.0185696, 0.0185719, 0.0185749, 0.018578, 0.0185805, 0.0185848, 0.0185859, 0.018592, 0.01859, 0.0185989, 0.0185919, 0.0186052, 0.0185899, 0.0186075, 0.0185693, 0.0185687, 0.0184584, 0.0184234, 
0, 0.00029545, 0.00057881, 0.00139994, 0.00217183, 0.00337903, 0.00448592, 0.0059048, 0.00716886, 0.00861901, 0.00987007, 0.0111992, 0.0123072, 0.0134167, 0.0143092, 0.0151608, 0.015821, 0.0164259, 0.0168771, 0.0172764, 0.0175622, 0.0178075, 0.0179752, 0.0181151, 0.0182056, 0.0182788, 0.0183224, 0.0183562, 0.0183732, 0.0183851, 0.0183881, 0.0183885, 0.0183844, 0.0183791, 0.0183717, 0.0183638, 0.018355, 0.018346, 0.0183368, 0.0183277, 0.0183186, 0.0183096, 0.0183009, 0.0182924, 0.0182842, 0.0182763, 0.0182687, 0.0182615, 0.0182546, 0.0182481, 0.018242, 0.0182363, 0.0182309, 0.0182259, 0.0182213, 0.0182171, 0.0182133, 0.0182098, 0.0182067, 0.018204, 0.0182016, 0.0181995, 0.0181978, 0.0181963, 0.0181952, 0.0181943, 0.0181937, 0.0181933, 0.0181933, 0.0181933, 0.0181937, 0.0181942, 0.018195, 0.0181957, 0.018197, 0.018198, 0.0181996, 0.0182009, 0.0182029, 0.0182044, 0.0182068, 0.0182088, 0.0182114, 0.0182139, 0.0182165, 0.0182199, 0.0182219, 0.0182265, 0.0182269, 0.0182333, 0.0182306, 0.0182399, 0.018232, 0.0182459, 0.0182297, 0.0182481, 0.0182094, 0.0182102, 0.0181005, 0.0180662, 
0, 0.000275745, 0.000549003, 0.00132391, 0.00206118, 0.00320606, 0.00426562, 0.00561997, 0.00683757, 0.00823387, 0.0094502, 0.0107441, 0.0118342, 0.0129286, 0.0138193, 0.0146721, 0.0153419, 0.0159581, 0.0164244, 0.0168388, 0.0171404, 0.0174003, 0.0175815, 0.0177333, 0.0178336, 0.0179154, 0.0179656, 0.018005, 0.0180261, 0.0180414, 0.0180467, 0.018049, 0.0180461, 0.0180418, 0.018035, 0.0180276, 0.0180191, 0.0180105, 0.0180014, 0.0179924, 0.0179833, 0.0179744, 0.0179657, 0.0179572, 0.017949, 0.0179411, 0.0179335, 0.0179262, 0.0179193, 0.0179128, 0.0179066, 0.0179008, 0.0178954, 0.0178904, 0.0178857, 0.0178815, 0.0178775, 0.017874, 0.0178708, 0.017868, 0.0178655, 0.0178634, 0.0178615, 0.01786, 0.0178588, 0.0178578, 0.0178571, 0.0178567, 0.0178565, 0.0178565, 0.0178568, 0.0178571, 0.0178579, 0.0178585, 0.0178597, 0.0178606, 0.0178622, 0.0178634, 0.0178653, 0.0178669, 0.0178691, 0.0178711, 0.0178735, 0.0178762, 0.0178784, 0.017882, 0.0178835, 0.0178884, 0.0178882, 0.0178949, 0.0178915, 0.0179012, 0.0178925, 0.0179069, 0.01789, 0.017909, 0.0178699, 0.017872, 0.0177629, 0.0177293, 
0, 0.000257837, 0.000521776, 0.00125449, 0.00195994, 0.00304757, 0.00406327, 0.00535765, 0.00653153, 0.00787682, 0.00905954, 0.0103189, 0.0113906, 0.0124689, 0.0133563, 0.0142085, 0.0148861, 0.0155116, 0.0159916, 0.0164198, 0.0167362, 0.0170101, 0.0172043, 0.0173677, 0.0174781, 0.0175685, 0.0176256, 0.0176707, 0.0176962, 0.017715, 0.0177228, 0.0177272, 0.0177257, 0.0177226, 0.0177165, 0.0177097, 0.0177016, 0.0176932, 0.0176843, 0.0176754, 0.0176664, 0.0176576, 0.0176489, 0.0176404, 0.0176322, 0.0176243, 0.0176166, 0.0176094, 0.0176024, 0.0175958, 0.0175896, 0.0175838, 0.0175783, 0.0175732, 0.0175685, 0.0175642, 0.0175602, 0.0175566, 0.0175533, 0.0175504, 0.0175479, 0.0175456, 0.0175437, 0.0175421, 0.0175408, 0.0175397, 0.0175389, 0.0175384, 0.0175381, 0.017538, 0.0175383, 0.0175385, 0.0175392, 0.0175398, 0.0175409, 0.0175418, 0.0175432, 0.0175444, 0.0175462, 0.0175478, 0.0175499, 0.017552, 0.0175541, 0.0175569, 0.0175588, 0.0175626, 0.0175636, 0.0175687, 0.017568, 0.017575, 0.0175709, 0.017581, 0.0175716, 0.0175865, 0.0175689, 0.0175885, 0.017549, 0.0175522, 0.0174438, 0.0174109, 
0, 0.000241523, 0.000496821, 0.00119092, 0.00186702, 0.00290191, 0.00387688, 0.00511544, 0.00624812, 0.0075451, 0.00869536, 0.00992105, 0.0109741, 0.0120355, 0.0129182, 0.0137682, 0.0144519, 0.0150852, 0.0155773, 0.016018, 0.0163484, 0.0166354, 0.0168423, 0.0170172, 0.0171375, 0.0172365, 0.0173007, 0.0173518, 0.0173818, 0.0174044, 0.017415, 0.0174216, 0.0174216, 0.0174198, 0.0174145, 0.0174084, 0.0174006, 0.0173926, 0.0173839, 0.0173752, 0.0173663, 0.0173575, 0.0173488, 0.0173404, 0.0173322, 0.0173242, 0.0173166, 0.0173093, 0.0173023, 0.0172957, 0.0172894, 0.0172835, 0.017278, 0.0172728, 0.0172681, 0.0172637, 0.0172596, 0.0172559, 0.0172526, 0.0172496, 0.017247, 0.0172446, 0.0172426, 0.0172409, 0.0172395, 0.0172384, 0.0172376, 0.0172369, 0.0172366, 0.0172364, 0.0172365, 0.0172367, 0.0172373, 0.0172379, 0.0172388, 0.0172397, 0.0172411, 0.0172423, 0.0172439, 0.0172456, 0.0172475, 0.0172496, 0.0172515, 0.0172544, 0.017256, 0.0172599, 0.0172606, 0.0172659, 0.0172646, 0.0172719, 0.0172672, 0.0172776, 0.0172676, 0.0172828, 0.0172647, 0.0172848, 0.017245, 0.0172494, 0.0171416, 0.0171093, 
0, 0.000226629, 0.000473878, 0.00113253, 0.00178148, 0.00276769, 0.00370473, 0.00489125, 0.00598507, 0.00723628, 0.00835522, 0.00954816, 0.0105823, 0.0116264, 0.0125032, 0.0133497, 0.014038, 0.0146775, 0.0151804, 0.0156324, 0.0159758, 0.0162753, 0.0164943, 0.0166803, 0.0168106, 0.0169182, 0.0169896, 0.0170468, 0.0170816, 0.0171081, 0.0171216, 0.0171306, 0.0171324, 0.0171319, 0.0171275, 0.0171221, 0.0171149, 0.0171072, 0.0170987, 0.0170902, 0.0170814, 0.0170727, 0.0170641, 0.0170557, 0.0170475, 0.0170395, 0.0170319, 0.0170245, 0.0170175, 0.0170108, 0.0170045, 0.0169986, 0.016993, 0.0169878, 0.016983, 0.0169785, 0.0169744, 0.0169706, 0.0169672, 0.0169642, 0.0169614, 0.016959, 0.016957, 0.0169552, 0.0169537, 0.0169525, 0.0169516, 0.0169508, 0.0169504, 0.0169502, 0.0169502, 0.0169503, 0.0169508, 0.0169513, 0.0169522, 0.0169531, 0.0169543, 0.0169555, 0.0169571, 0.0169587, 0.0169604, 0.0169627, 0.0169644, 0.0169674, 0.0169687, 0.0169727, 0.016973, 0.0169785, 0.0169767, 0.0169842, 0.016979, 0.0169896, 0.0169791, 0.0169947, 0.016976, 0.0169966, 0.0169566, 0.0169619, 0.0168548, 0.016823, 
0, 0.000213001, 0.000452721, 0.00107876, 0.00170251, 0.00264369, 0.00354534, 0.00468325, 0.00574037, 0.00694822, 0.00803697, 0.00919812, 0.0102133, 0.0112397, 0.0121097, 0.0129516, 0.0136431, 0.0142874, 0.0147999, 0.015262, 0.0156174, 0.0159286, 0.0161594, 0.0163561, 0.0164961, 0.0166124, 0.016691, 0.0167544, 0.0167942, 0.0168249, 0.0168415, 0.0168531, 0.0168566, 0.0168576, 0.0168543, 0.0168498, 0.016843, 0.0168358, 0.0168276, 0.0168193, 0.0168106, 0.016802, 0.0167934, 0.016785, 0.0167768, 0.0167689, 0.0167612, 0.0167538, 0.0167468, 0.0167401, 0.0167338, 0.0167278, 0.0167221, 0.0167169, 0.016712, 0.0167074, 0.0167032, 0.0166994, 0.0166959, 0.0166928, 0.01669, 0.0166875, 0.0166854, 0.0166835, 0.016682, 0.0166806, 0.0166797, 0.0166788, 0.0166784, 0.016678, 0.016678, 0.0166781, 0.0166785, 0.0166789, 0.0166797, 0.0166805, 0.0166817, 0.0166829, 0.0166843, 0.016686, 0.0166875, 0.0166898, 0.0166913, 0.0166944, 0.0166954, 0.0166996, 0.0166995, 0.0167051, 0.0167029, 0.0167107, 0.0167049, 0.0167158, 0.0167047, 0.0167206, 0.0167015, 0.0167225, 0.0166823, 0.0166885, 0.0165821, 0.0165509, 
0, 0.000200509, 0.00043316, 0.00102912, 0.00162943, 0.00252885, 0.00339739, 0.00448986, 0.00551229, 0.00667903, 0.00773871, 0.00886907, 0.00986531, 0.0108739, 0.0117363, 0.0125725, 0.013266, 0.0139139, 0.0144348, 0.0149059, 0.0152724, 0.0155945, 0.0158366, 0.0160436, 0.0161933, 0.016318, 0.016404, 0.0164737, 0.0165186, 0.0165535, 0.0165734, 0.0165877, 0.0165933, 0.0165959, 0.0165937, 0.01659, 0.0165839, 0.0165772, 0.0165693, 0.0165612, 0.0165527, 0.0165442, 0.0165357, 0.0165274, 0.0165191, 0.0165112, 0.0165035, 0.0164961, 0.016489, 0.0164823, 0.0164759, 0.0164699, 0.0164642, 0.0164589, 0.0164539, 0.0164493, 0.0164451, 0.0164412, 0.0164376, 0.0164344, 0.0164316, 0.016429, 0.0164268, 0.0164248, 0.0164232, 0.0164218, 0.0164207, 0.0164199, 0.0164193, 0.0164189, 0.0164188, 0.0164188, 0.0164191, 0.0164195, 0.0164202, 0.016421, 0.016422, 0.0164232, 0.0164245, 0.0164262, 0.0164277, 0.01643, 0.0164313, 0.0164344, 0.0164352, 0.0164395, 0.016439, 0.0164448, 0.0164422, 0.0164501, 0.0164439, 0.016455, 0.0164435, 0.0164597, 0.0164401, 0.0164615, 0.0164212, 0.0164282, 0.0163224, 0.0162918, 
0, 0.000189037, 0.000415026, 0.000983188, 0.00156162, 0.00242225, 0.00325977, 0.00430968, 0.00529927, 0.00642704, 0.00745872, 0.00855929, 0.00953673, 0.0105274, 0.0113815, 0.0122112, 0.0129056, 0.0135561, 0.0140841, 0.0145632, 0.0149401, 0.0152723, 0.0155251, 0.015742, 0.0159012, 0.0160343, 0.0161276, 0.0162036, 0.0162538, 0.0162931, 0.0163165, 0.0163336, 0.0163413, 0.0163456, 0.0163446, 0.016342, 0.0163366, 0.0163304, 0.0163228, 0.016315, 0.0163067, 0.0162983, 0.0162899, 0.0162816, 0.0162734, 0.0162655, 0.0162578, 0.0162504, 0.0162432, 0.0162365, 0.01623, 0.0162239, 0.0162182, 0.0162128, 0.0162078, 0.0162031, 0.0161988, 0.0161949, 0.0161913, 0.016188, 0.0161851, 0.0161824, 0.0161801, 0.0161781, 0.0161764, 0.0161749, 0.0161738, 0.0161728, 0.0161722, 0.0161717, 0.0161715, 0.0161715, 0.0161717, 0.0161721, 0.0161727, 0.0161735, 0.0161744, 0.0161756, 0.0161768, 0.0161785, 0.0161798, 0.0161822, 0.0161832, 0.0161865, 0.016187, 0.0161913, 0.0161906, 0.0161965, 0.0161935, 0.0162015, 0.0161949, 0.0162062, 0.0161943, 0.0162107, 0.0161908, 0.0162125, 0.0161721, 0.0161799, 0.0160747, 0.0160447, 
0, 0.000178483, 0.000398176, 0.000940592, 0.00149855, 0.00232308, 0.00313149, 0.00414149, 0.00509996, 0.00619075, 0.00719548, 0.00826726, 0.00922608, 0.0101988, 0.0110441, 0.0118667, 0.012561, 0.0132129, 0.0137472, 0.0142332, 0.0146196, 0.0149612, 0.0152242, 0.0154507, 0.015619, 0.0157603, 0.015861, 0.0159433, 0.0159989, 0.0160427, 0.0160697, 0.0160897, 0.0160997, 0.0161059, 0.0161063, 0.0161047, 0.0161, 0.0160944, 0.0160873, 0.0160798, 0.0160716, 0.0160635, 0.0160551, 0.0160469, 0.0160387, 0.0160308, 0.0160231, 0.0160156, 0.0160085, 0.0160017, 0.0159952, 0.0159891, 0.0159833, 0.0159779, 0.0159728, 0.0159681, 0.0159637, 0.0159597, 0.015956, 0.0159526, 0.0159496, 0.0159469, 0.0159445, 0.0159425, 0.0159407, 0.0159391, 0.0159379, 0.0159369, 0.0159362, 0.0159356, 0.0159354, 0.0159353, 0.0159354, 0.0159358, 0.0159363, 0.015937, 0.0159379, 0.0159391, 0.0159401, 0.0159419, 0.015943, 0.0159454, 0.0159463, 0.0159496, 0.0159499, 0.0159543, 0.0159532, 0.0159592, 0.0159559, 0.0159641, 0.0159571, 0.0159686, 0.0159562, 0.0159729, 0.0159526, 0.0159747, 0.0159341, 0.0159427, 0.0158382, 0.0158086, 
0, 0.000168757, 0.000382483, 0.000901008, 0.00143978, 0.00223065, 0.00301166, 0.00398418, 0.00491314, 0.00596882, 0.00694762, 0.00799161, 0.00893204, 0.00988693, 0.0107229, 0.0115378, 0.0122312, 0.0128837, 0.0134232, 0.0139153, 0.0143103, 0.0146606, 0.0149333, 0.0151688, 0.0153461, 0.0154954, 0.0156035, 0.0156922, 0.0157531, 0.0158015, 0.0158322, 0.0158554, 0.0158678, 0.0158759, 0.0158777, 0.0158773, 0.0158735, 0.0158686, 0.0158618, 0.0158547, 0.0158468, 0.0158388, 0.0158305, 0.0158224, 0.0158142, 0.0158063, 0.0157986, 0.0157912, 0.015784, 0.0157772, 0.0157706, 0.0157645, 0.0157586, 0.0157531, 0.015748, 0.0157432, 0.0157388, 0.0157347, 0.015731, 0.0157275, 0.0157245, 0.0157217, 0.0157192, 0.0157171, 0.0157152, 0.0157136, 0.0157123, 0.0157112, 0.0157104, 0.0157098, 0.0157095, 0.0157093, 0.0157094, 0.0157097, 0.0157102, 0.0157109, 0.0157116, 0.0157128, 0.0157138, 0.0157155, 0.0157165, 0.0157189, 0.0157196, 0.015723, 0.015723, 0.0157275, 0.0157262, 0.0157323, 0.0157286, 0.0157369, 0.0157296, 0.0157412, 0.0157285, 0.0157454, 0.0157248, 0.0157472, 0.0157065, 0.0157158, 0.0156119, 0.0155828, 
0, 0.000159781, 0.000367837, 0.000864149, 0.0013849, 0.00214433, 0.00289953, 0.00383681, 0.00473774, 0.00576008, 0.00671391, 0.0077311, 0.00865341, 0.00959062, 0.0104169, 0.0112236, 0.0119153, 0.0125676, 0.0131114, 0.0136088, 0.0140117, 0.01437, 0.0146518, 0.014896, 0.015082, 0.0152391, 0.0153544, 0.0154494, 0.0155158, 0.0155689, 0.0156035, 0.0156298, 0.0156447, 0.0156549, 0.0156583, 0.0156591, 0.0156562, 0.015652, 0.0156458, 0.015639, 0.0156313, 0.0156236, 0.0156154, 0.0156073, 0.0155992, 0.0155914, 0.0155836, 0.0155762, 0.015569, 0.0155621, 0.0155556, 0.0155494, 0.0155435, 0.0155379, 0.0155328, 0.0155279, 0.0155234, 0.0155193, 0.0155155, 0.015512, 0.0155088, 0.015506, 0.0155035, 0.0155012, 0.0154993, 0.0154976, 0.0154963, 0.0154951, 0.0154943, 0.0154936, 0.0154932, 0.015493, 0.015493, 0.0154932, 0.0154936, 0.0154943, 0.0154949, 0.0154961, 0.0154969, 0.0154987, 0.0154995, 0.015502, 0.0155026, 0.015506, 0.0155058, 0.0155103, 0.0155087, 0.0155149, 0.0155109, 0.0155193, 0.0155117, 0.0155234, 0.0155104, 0.0155275, 0.0155066, 0.0155292, 0.0154885, 0.0154985, 0.0153952, 0.0153666, 
0, 0.000151484, 0.00035414, 0.000829764, 0.00133354, 0.00206357, 0.0027944, 0.00369852, 0.0045728, 0.00556345, 0.00649326, 0.00748458, 0.00838909, 0.00930884, 0.0101252, 0.0109233, 0.0116126, 0.012264, 0.0128113, 0.0133131, 0.0137232, 0.0140889, 0.0143793, 0.0146317, 0.014826, 0.0149908, 0.0151132, 0.0152144, 0.0152864, 0.0153442, 0.0153827, 0.0154123, 0.0154299, 0.0154422, 0.0154473, 0.0154494, 0.0154475, 0.015444, 0.0154384, 0.0154321, 0.0154247, 0.0154171, 0.0154091, 0.0154011, 0.0153931, 0.0153853, 0.0153775, 0.0153701, 0.0153629, 0.015356, 0.0153494, 0.0153431, 0.0153372, 0.0153316, 0.0153264, 0.0153215, 0.0153169, 0.0153127, 0.0153088, 0.0153053, 0.0153021, 0.0152992, 0.0152966, 0.0152943, 0.0152923, 0.0152905, 0.0152891, 0.0152879, 0.0152869, 0.0152862, 0.0152857, 0.0152855, 0.0152854, 0.0152856, 0.0152859, 0.0152866, 0.0152871, 0.0152883, 0.015289, 0.0152908, 0.0152915, 0.015294, 0.0152944, 0.0152978, 0.0152974, 0.015302, 0.0153002, 0.0153064, 0.0153021, 0.0153106, 0.0153027, 0.0153146, 0.0153013, 0.0153185, 0.0152974, 0.0153202, 0.0152795, 0.01529, 0.0151874, 0.0151592, 
0, 0.000143803, 0.000341306, 0.000797629, 0.0012854, 0.00198787, 0.00269568, 0.00356853, 0.00441745, 0.00537796, 0.00628465, 0.00725105, 0.00813808, 0.00904061, 0.00984681, 0.010636, 0.0113224, 0.0119721, 0.0125222, 0.0130277, 0.0134443, 0.0138168, 0.0141152, 0.0143754, 0.0145778, 0.0147499, 0.0148794, 0.0149868, 0.0150643, 0.0151268, 0.0151694, 0.0152024, 0.0152227, 0.0152372, 0.015244, 0.0152476, 0.0152467, 0.0152441, 0.0152391, 0.0152333, 0.0152262, 0.0152189, 0.015211, 0.0152032, 0.0151952, 0.0151874, 0.0151797, 0.0151723, 0.015165, 0.0151581, 0.0151515, 0.0151452, 0.0151392, 0.0151336, 0.0151283, 0.0151233, 0.0151187, 0.0151144, 0.0151105, 0.0151069, 0.0151036, 0.0151006, 0.015098, 0.0150956, 0.0150935, 0.0150917, 0.0150902, 0.0150889, 0.0150879, 0.0150872, 0.0150866, 0.0150863, 0.0150862, 0.0150863, 0.0150865, 0.0150872, 0.0150876, 0.0150888, 0.0150894, 0.0150912, 0.0150918, 0.0150943, 0.0150945, 0.0150979, 0.0150973, 0.015102, 0.0150999, 0.0151062, 0.0151017, 0.0151103, 0.0151021, 0.015114, 0.0151005, 0.0151178, 0.0150965, 0.0151196, 0.0150788, 0.0150899, 0.0149879, 0.0149602, 
0, 0.000136684, 0.00032926, 0.000767547, 0.0012402, 0.00191681, 0.00260283, 0.00344616, 0.00427094, 0.00520276, 0.00608719, 0.00702956, 0.00789947, 0.00878506, 0.00958093, 0.010361, 0.0110438, 0.0116914, 0.0122437, 0.0127522, 0.0131745, 0.0135532, 0.0138592, 0.0141267, 0.0143368, 0.0145161, 0.0146524, 0.0147659, 0.014849, 0.0149163, 0.014963, 0.0149994, 0.0150225, 0.0150394, 0.0150481, 0.0150531, 0.0150534, 0.0150517, 0.0150473, 0.015042, 0.0150353, 0.0150283, 0.0150206, 0.0150129, 0.015005, 0.0149973, 0.0149896, 0.0149821, 0.0149749, 0.014968, 0.0149613, 0.014955, 0.0149489, 0.0149433, 0.0149379, 0.0149329, 0.0149282, 0.0149239, 0.0149199, 0.0149162, 0.0149129, 0.0149098, 0.0149071, 0.0149047, 0.0149025, 0.0149007, 0.0148991, 0.0148978, 0.0148967, 0.0148959, 0.0148952, 0.0148949, 0.0148947, 0.0148948, 0.0148949, 0.0148955, 0.0148959, 0.0148971, 0.0148976, 0.0148994, 0.0148998, 0.0149023, 0.0149024, 0.0149059, 0.0149051, 0.0149098, 0.0149075, 0.0149138, 0.014909, 0.0149177, 0.0149092, 0.0149213, 0.0149075, 0.0149249, 0.0149034, 0.0149267, 0.014886, 0.0148976, 0.0147962, 0.0147689, 
0, 0.000130076, 0.000317934, 0.00073934, 0.00119768, 0.00185, 0.00251535, 0.00333081, 0.00413256, 0.00503706, 0.00590006, 0.00681928, 0.00767242, 0.00854138, 0.00932681, 0.0100975, 0.0107764, 0.0114214, 0.011975, 0.012486, 0.0129135, 0.0132977, 0.0136108, 0.0138853, 0.0141028, 0.0142889, 0.014432, 0.0145515, 0.0146401, 0.0147121, 0.014763, 0.0148029, 0.014829, 0.0148483, 0.0148589, 0.0148655, 0.014867, 0.0148662, 0.0148626, 0.0148578, 0.0148515, 0.0148448, 0.0148373, 0.0148298, 0.014822, 0.0148143, 0.0148067, 0.0147992, 0.014792, 0.014785, 0.0147784, 0.014772, 0.0147659, 0.0147602, 0.0147548, 0.0147497, 0.014745, 0.0147406, 0.0147365, 0.0147328, 0.0147294, 0.0147263, 0.0147235, 0.014721, 0.0147188, 0.0147169, 0.0147152, 0.0147138, 0.0147127, 0.0147118, 0.0147111, 0.0147107, 0.0147104, 0.0147105, 0.0147106, 0.0147112, 0.0147114, 0.0147126, 0.014713, 0.0147148, 0.0147151, 0.0147176, 0.0147175, 0.014721, 0.01472, 0.0147248, 0.0147223, 0.0147286, 0.0147237, 0.0147324, 0.0147237, 0.0147358, 0.0147218, 0.0147394, 0.0147177, 0.0147411, 0.0147004, 0.0147125, 0.0146117, 0.0145848, 
0, 0.000123934, 0.000307268, 0.000712852, 0.00115763, 0.00178709, 0.00243283, 0.00322191, 0.0040017, 0.00488016, 0.00572251, 0.00661942, 0.00745616, 0.00830881, 0.00908373, 0.009845, 0.0105195, 0.0111613, 0.0117159, 0.0122288, 0.0126608, 0.0130501, 0.0133697, 0.0136507, 0.0138753, 0.0140681, 0.0142177, 0.0143432, 0.0144372, 0.014514, 0.014569, 0.0146125, 0.0146416, 0.0146633, 0.014676, 0.0146843, 0.014687, 0.0146873, 0.0146844, 0.0146803, 0.0146744, 0.014668, 0.0146608, 0.0146534, 0.0146457, 0.0146381, 0.0146305, 0.0146231, 0.0146159, 0.0146089, 0.0146022, 0.0145958, 0.0145897, 0.0145839, 0.0145785, 0.0145733, 0.0145686, 0.0145641, 0.01456, 0.0145562, 0.0145527, 0.0145495, 0.0145467, 0.0145441, 0.0145419, 0.0145399, 0.0145382, 0.0145367, 0.0145355, 0.0145346, 0.0145338, 0.0145334, 0.014533, 0.0145331, 0.014533, 0.0145336, 0.0145338, 0.0145349, 0.0145352, 0.014537, 0.0145372, 0.0145397, 0.0145395, 0.014543, 0.0145419, 0.0145466, 0.0145439, 0.0145503, 0.0145451, 0.0145539, 0.0145449, 0.0145572, 0.014543, 0.0145606, 0.0145388, 0.0145624, 0.0145217, 0.0145343, 0.0144341, 0.0144076, 
0, 0.000118219, 0.000297208, 0.00068794, 0.00111984, 0.00172776, 0.00235486, 0.00311898, 0.00387778, 0.00473142, 0.00555387, 0.00642928, 0.00725, 0.00808667, 0.00885105, 0.00960276, 0.0102725, 0.0109109, 0.0114658, 0.01198, 0.0124161, 0.0128099, 0.0131356, 0.0134227, 0.0136541, 0.0138533, 0.0140092, 0.0141405, 0.0142399, 0.0143214, 0.0143807, 0.0144278, 0.0144599, 0.0144842, 0.014499, 0.014509, 0.014513, 0.0145144, 0.0145124, 0.0145089, 0.0145035, 0.0144975, 0.0144905, 0.0144834, 0.0144758, 0.0144683, 0.0144607, 0.0144534, 0.0144461, 0.0144391, 0.0144324, 0.014426, 0.0144198, 0.014414, 0.0144085, 0.0144033, 0.0143985, 0.014394, 0.0143898, 0.014386, 0.0143824, 0.0143792, 0.0143763, 0.0143737, 0.0143713, 0.0143693, 0.0143675, 0.014366, 0.0143647, 0.0143637, 0.0143629, 0.0143624, 0.014362, 0.014362, 0.0143619, 0.0143624, 0.0143626, 0.0143637, 0.0143639, 0.0143656, 0.0143657, 0.0143683, 0.0143679, 0.0143714, 0.0143701, 0.0143748, 0.014372, 0.0143784, 0.014373, 0.0143818, 0.0143727, 0.014385, 0.0143706, 0.0143883, 0.0143663, 0.0143901, 0.0143494, 0.0143624, 0.0142628, 0.0142367, 
0, 0.000112894, 0.000287705, 0.000664477, 0.00108413, 0.00167173, 0.00228111, 0.00302156, 0.0037603, 0.00459024, 0.00539353, 0.00624822, 0.00705329, 0.00787433, 0.00862817, 0.00937026, 0.010035, 0.0106695, 0.0112243, 0.0117394, 0.012179, 0.0125769, 0.0129082, 0.013201, 0.0134388, 0.0136441, 0.0138063, 0.0139432, 0.0140479, 0.0141342, 0.0141977, 0.0142484, 0.0142836, 0.0143106, 0.0143275, 0.0143392, 0.0143447, 0.0143473, 0.0143461, 0.0143433, 0.0143385, 0.0143329, 0.0143262, 0.0143192, 0.0143118, 0.0143044, 0.0142969, 0.0142896, 0.0142823, 0.0142754, 0.0142686, 0.0142621, 0.014256, 0.0142501, 0.0142446, 0.0142393, 0.0142344, 0.0142299, 0.0142256, 0.0142217, 0.0142181, 0.0142149, 0.0142119, 0.0142092, 0.0142068, 0.0142047, 0.0142028, 0.0142013, 0.0141999, 0.0141989, 0.014198, 0.0141975, 0.014197, 0.014197, 0.0141968, 0.0141973, 0.0141973, 0.0141984, 0.0141985, 0.0142003, 0.0142002, 0.0142028, 0.0142023, 0.0142058, 0.0142043, 0.0142091, 0.014206, 0.0142125, 0.0142069, 0.0142157, 0.0142064, 0.0142188, 0.0142043, 0.014222, 0.0141999, 0.0142238, 0.0141832, 0.0141966, 0.0140976, 0.0140719, 
0, 0.000107927, 0.000278716, 0.00064235, 0.00105036, 0.00161876, 0.00221125, 0.00292924, 0.0036488, 0.00445611, 0.00524092, 0.00607563, 0.00686543, 0.00767119, 0.00841452, 0.00914697, 0.00980642, 0.0104368, 0.010991, 0.0115065, 0.0119491, 0.0123506, 0.0126872, 0.0129854, 0.0132292, 0.0134404, 0.0136086, 0.0137509, 0.013861, 0.0139519, 0.0140196, 0.014074, 0.0141124, 0.014142, 0.0141611, 0.0141747, 0.0141817, 0.0141855, 0.0141852, 0.0141832, 0.0141789, 0.0141738, 0.0141674, 0.0141607, 0.0141534, 0.0141461, 0.0141387, 0.0141314, 0.0141242, 0.0141172, 0.0141104, 0.014104, 0.0140977, 0.0140919, 0.0140863, 0.014081, 0.0140761, 0.0140714, 0.0140671, 0.0140632, 0.0140595, 0.0140562, 0.0140531, 0.0140504, 0.0140479, 0.0140458, 0.0140439, 0.0140423, 0.0140408, 0.0140398, 0.0140388, 0.0140382, 0.0140377, 0.0140376, 0.0140373, 0.0140378, 0.0140378, 0.0140389, 0.0140389, 0.0140406, 0.0140405, 0.014043, 0.0140424, 0.0140459, 0.0140443, 0.014049, 0.0140458, 0.0140523, 0.0140465, 0.0140554, 0.0140459, 0.0140583, 0.0140436, 0.0140615, 0.0140392, 0.0140632, 0.0140227, 0.0140365, 0.0139381, 0.0139127, 
0, 0.000103288, 0.000270203, 0.000621455, 0.00101836, 0.00156861, 0.002145, 0.00284166, 0.00354284, 0.00432854, 0.00509552, 0.00591098, 0.00668588, 0.00747671, 0.00820958, 0.00893239, 0.00958633, 0.0102123, 0.0107655, 0.0112811, 0.0117262, 0.0121309, 0.0124723, 0.0127754, 0.0130251, 0.0132419, 0.0134158, 0.0135636, 0.0136788, 0.0137743, 0.0138462, 0.0139042, 0.0139459, 0.0139782, 0.0139996, 0.0140151, 0.0140237, 0.0140287, 0.0140295, 0.0140282, 0.0140245, 0.0140198, 0.0140138, 0.0140074, 0.0140003, 0.0139931, 0.0139858, 0.0139786, 0.0139714, 0.0139644, 0.0139576, 0.0139511, 0.0139449, 0.0139389, 0.0139333, 0.013928, 0.013923, 0.0139183, 0.013914, 0.01391, 0.0139062, 0.0139028, 0.0138997, 0.0138969, 0.0138944, 0.0138922, 0.0138902, 0.0138886, 0.0138871, 0.013886, 0.0138849, 0.0138843, 0.0138837, 0.0138836, 0.0138833, 0.0138837, 0.0138836, 0.0138847, 0.0138846, 0.0138863, 0.013886, 0.0138886, 0.0138878, 0.0138913, 0.0138896, 0.0138943, 0.013891, 0.0138974, 0.0138915, 0.0139004, 0.0138908, 0.0139032, 0.0138884, 0.0139063, 0.0138839, 0.0139081, 0.0138675, 0.0138818, 0.0137839, 0.0137588, 
0, 9.89508e-05, 0.00026213, 0.000601699, 0.000988015, 0.00152108, 0.0020821, 0.00275848, 0.00344206, 0.00420708, 0.00495687, 0.00575377, 0.00651413, 0.00729039, 0.00801287, 0.00872607, 0.0093743, 0.00999567, 0.0105476, 0.0110628, 0.01151, 0.0119175, 0.0122632, 0.0125711, 0.0128262, 0.0130483, 0.0132279, 0.0133808, 0.0135011, 0.0136011, 0.0136773, 0.013739, 0.0137838, 0.0138189, 0.0138427, 0.0138601, 0.0138703, 0.0138766, 0.0138784, 0.013878, 0.013875, 0.0138708, 0.0138652, 0.013859, 0.0138521, 0.0138451, 0.0138379, 0.0138307, 0.0138236, 0.0138166, 0.0138098, 0.0138033, 0.013797, 0.0137911, 0.0137854, 0.01378, 0.013775, 0.0137703, 0.0137659, 0.0137618, 0.013758, 0.0137546, 0.0137514, 0.0137485, 0.013746, 0.0137437, 0.0137416, 0.0137399, 0.0137384, 0.0137372, 0.0137361, 0.0137355, 0.0137348, 0.0137346, 0.0137342, 0.0137347, 0.0137345, 0.0137355, 0.0137353, 0.013737, 0.0137367, 0.0137392, 0.0137383, 0.0137418, 0.0137399, 0.0137447, 0.0137412, 0.0137476, 0.0137416, 0.0137505, 0.0137407, 0.0137532, 0.0137382, 0.0137562, 0.0137337, 0.0137579, 0.0137175, 0.0137321, 0.0136347, 0.0136101, 
0, 9.48916e-05, 0.000254464, 0.000582997, 0.000959198, 0.00147597, 0.0020223, 0.0026794, 0.0033461, 0.00409133, 0.00482452, 0.00560352, 0.00634972, 0.00711175, 0.00782393, 0.00852756, 0.00916993, 0.00978649, 0.0103367, 0.0108513, 0.0113003, 0.0117101, 0.0120599, 0.012372, 0.0126322, 0.0128595, 0.0130444, 0.0132024, 0.0133277, 0.0134322, 0.0135125, 0.0135779, 0.013626, 0.0136639, 0.01369, 0.0137095, 0.0137213, 0.013729, 0.0137319, 0.0137324, 0.01373, 0.0137264, 0.0137212, 0.0137153, 0.0137087, 0.0137018, 0.0136947, 0.0136876, 0.0136805, 0.0136736, 0.0136668, 0.0136602, 0.0136539, 0.0136479, 0.0136422, 0.0136368, 0.0136317, 0.013627, 0.0136225, 0.0136184, 0.0136146, 0.013611, 0.0136078, 0.0136049, 0.0136023, 0.0135999, 0.0135978, 0.0135961, 0.0135945, 0.0135933, 0.0135921, 0.0135914, 0.0135906, 0.0135905, 0.01359, 0.0135904, 0.0135901, 0.0135911, 0.0135909, 0.0135926, 0.0135921, 0.0135946, 0.0135936, 0.0135971, 0.0135951, 0.0135998, 0.0135962, 0.0136026, 0.0135965, 0.0136054, 0.0135954, 0.0136079, 0.0135928, 0.0136109, 0.0135883, 0.0136126, 0.0135722, 0.0135872, 0.0134904, 0.0134661, 
0, 9.10882e-05, 0.000247178, 0.000565273, 0.000931804, 0.00143313, 0.00196541, 0.00260413, 0.00325463, 0.00398092, 0.0046981, 0.00545982, 0.00619221, 0.00694037, 0.00764235, 0.00833648, 0.00897285, 0.00958444, 0.0101327, 0.0106463, 0.0110966, 0.0115086, 0.0118619, 0.012178, 0.0124431, 0.0126752, 0.0128654, 0.0130283, 0.0131583, 0.0132673, 0.0133517, 0.0134207, 0.0134721, 0.0135128, 0.0135414, 0.0135629, 0.0135765, 0.0135856, 0.0135896, 0.013591, 0.0135894, 0.0135863, 0.0135815, 0.013576, 0.0135696, 0.013563, 0.013556, 0.013549, 0.0135419, 0.013535, 0.0135282, 0.0135217, 0.0135154, 0.0135093, 0.0135036, 0.0134982, 0.013493, 0.0134882, 0.0134837, 0.0134795, 0.0134756, 0.0134721, 0.0134688, 0.0134658, 0.0134631, 0.0134607, 0.0134586, 0.0134568, 0.0134551, 0.0134538, 0.0134526, 0.0134519, 0.013451, 0.0134508, 0.0134503, 0.0134507, 0.0134503, 0.0134513, 0.0134509, 0.0134526, 0.013452, 0.0134545, 0.0134534, 0.0134569, 0.0134548, 0.0134595, 0.0134557, 0.0134622, 0.0134559, 0.0134648, 0.0134547, 0.0134673, 0.013452, 0.0134701, 0.0134475, 0.0134719, 0.0134316, 0.0134468, 0.0133506, 0.0133266, 
0, 8.75207e-05, 0.000240243, 0.000548456, 0.000905734, 0.00139238, 0.00191122, 0.00253242, 0.00316737, 0.0038755, 0.00457721, 0.00532227, 0.0060412, 0.00677585, 0.00746774, 0.00815245, 0.00878271, 0.00938918, 0.00993523, 0.0104475, 0.0108989, 0.0113126, 0.0116692, 0.011989, 0.0122587, 0.0124954, 0.0126905, 0.0128581, 0.0129929, 0.0131062, 0.0131947, 0.0132673, 0.013322, 0.0133655, 0.0133966, 0.0134202, 0.0134355, 0.0134461, 0.0134513, 0.0134537, 0.0134529, 0.0134504, 0.0134461, 0.0134409, 0.0134348, 0.0134284, 0.0134215, 0.0134146, 0.0134076, 0.0134007, 0.0133939, 0.0133874, 0.0133811, 0.013375, 0.0133692, 0.0133638, 0.0133586, 0.0133537, 0.0133491, 0.0133449, 0.013341, 0.0133374, 0.013334, 0.013331, 0.0133282, 0.0133258, 0.0133236, 0.0133217, 0.01332, 0.0133187, 0.0133174, 0.0133166, 0.0133157, 0.0133155, 0.0133149, 0.0133152, 0.0133148, 0.0133158, 0.0133153, 0.013317, 0.0133163, 0.0133188, 0.0133175, 0.013321, 0.0133188, 0.0133235, 0.0133196, 0.013326, 0.0133196, 0.0133285, 0.0133183, 0.0133309, 0.0133156, 0.0133337, 0.013311, 0.0133355, 0.0132952, 0.0133108, 0.0132151, 0.0131914, 
0, 8.41711e-05, 0.000233638, 0.000532484, 0.000880897, 0.00135358, 0.00185955, 0.00246403, 0.00308404, 0.00377478, 0.00446154, 0.00519051, 0.00589633, 0.00661779, 0.00729972, 0.0079751, 0.00859917, 0.00920041, 0.00974399, 0.0102548, 0.0107068, 0.0111219, 0.0114816, 0.0118047, 0.0120787, 0.0123197, 0.0125196, 0.0126918, 0.0128312, 0.0129487, 0.0130413, 0.0131175, 0.0131755, 0.0132218, 0.0132554, 0.0132812, 0.0132983, 0.0133103, 0.0133168, 0.0133202, 0.0133202, 0.0133183, 0.0133145, 0.0133098, 0.013304, 0.0132977, 0.013291, 0.0132842, 0.0132773, 0.0132705, 0.0132637, 0.0132572, 0.0132508, 0.0132448, 0.0132389, 0.0132334, 0.0132282, 0.0132233, 0.0132187, 0.0132144, 0.0132104, 0.0132067, 0.0132033, 0.0132003, 0.0131974, 0.013195, 0.0131927, 0.0131908, 0.013189, 0.0131876, 0.0131863, 0.0131855, 0.0131845, 0.0131842, 0.0131835, 0.0131839, 0.0131833, 0.0131843, 0.0131838, 0.0131854, 0.0131846, 0.0131871, 0.0131858, 0.0131892, 0.0131868, 0.0131916, 0.0131875, 0.013194, 0.0131874, 0.0131963, 0.0131861, 0.0131986, 0.0131832, 0.0132013, 0.0131786, 0.0132031, 0.0131629, 0.0131788, 0.0130836, 0.0130602, 
0, 8.10229e-05, 0.000227339, 0.000517297, 0.000857213, 0.00131662, 0.00181024, 0.00239876, 0.0030044, 0.00367845, 0.00435077, 0.0050642, 0.00575725, 0.00646586, 0.00713795, 0.00780411, 0.00842192, 0.00901783, 0.00955873, 0.0100678, 0.0105202, 0.0109364, 0.0112987, 0.0116249, 0.0119029, 0.0121481, 0.0123526, 0.0125292, 0.0126731, 0.0127948, 0.0128913, 0.0129711, 0.0130323, 0.0130815, 0.0131177, 0.0131455, 0.0131645, 0.0131781, 0.0131859, 0.0131903, 0.0131911, 0.01319, 0.0131867, 0.0131824, 0.0131769, 0.0131709, 0.0131643, 0.0131577, 0.0131508, 0.013144, 0.0131373, 0.0131308, 0.0131244, 0.0131183, 0.0131125, 0.0131069, 0.0131017, 0.0130967, 0.0130921, 0.0130877, 0.0130837, 0.01308, 0.0130765, 0.0130734, 0.0130705, 0.013068, 0.0130656, 0.0130637, 0.0130618, 0.0130604, 0.013059, 0.0130582, 0.0130571, 0.0130568, 0.0130561, 0.0130564, 0.0130558, 0.0130567, 0.0130561, 0.0130577, 0.0130569, 0.0130593, 0.0130578, 0.0130613, 0.0130588, 0.0130635, 0.0130594, 0.0130658, 0.0130591, 0.013068, 0.0130577, 0.0130702, 0.0130547, 0.0130729, 0.0130501, 0.0130747, 0.0130346, 0.0130508, 0.0129561, 0.012933, 
0, 7.80609e-05, 0.000221326, 0.000502844, 0.000834607, 0.00128136, 0.00176313, 0.00233641, 0.00292823, 0.00358625, 0.0042446, 0.00494304, 0.00562364, 0.00631973, 0.00698213, 0.00763917, 0.00825067, 0.00884117, 0.0093792, 0.0098863, 0.0103389, 0.0107559, 0.0111206, 0.0114496, 0.0117314, 0.0119804, 0.0121893, 0.0123701, 0.0125184, 0.0126441, 0.0127446, 0.0128279, 0.0128924, 0.0129445, 0.0129831, 0.0130132, 0.0130341, 0.0130492, 0.0130583, 0.0130638, 0.0130655, 0.0130651, 0.0130624, 0.0130585, 0.0130533, 0.0130476, 0.0130413, 0.0130347, 0.013028, 0.0130213, 0.0130146, 0.0130081, 0.0130017, 0.0129956, 0.0129897, 0.0129841, 0.0129788, 0.0129738, 0.0129691, 0.0129647, 0.0129606, 0.0129569, 0.0129534, 0.0129502, 0.0129473, 0.0129447, 0.0129423, 0.0129403, 0.0129384, 0.0129369, 0.0129355, 0.0129346, 0.0129335, 0.0129331, 0.0129323, 0.0129326, 0.0129319, 0.0129328, 0.0129321, 0.0129337, 0.0129328, 0.0129352, 0.0129336, 0.012937, 0.0129344, 0.0129391, 0.0129349, 0.0129413, 0.0129345, 0.0129434, 0.012933, 0.0129455, 0.01293, 0.0129481, 0.0129253, 0.0129499, 0.0129099, 0.0129264, 0.0128322, 0.0128094, 
0, 7.52715e-05, 0.000215581, 0.000489074, 0.000813008, 0.0012477, 0.0017181, 0.00227679, 0.0028553, 0.00349793, 0.00414278, 0.00482672, 0.0054952, 0.00617909, 0.00683194, 0.00747998, 0.00808514, 0.00867018, 0.00920515, 0.00971012, 0.0101625, 0.0105802, 0.010947, 0.0112785, 0.0115638, 0.0118165, 0.0120295, 0.0122145, 0.0123669, 0.0124966, 0.0126009, 0.0126877, 0.0127555, 0.0128104, 0.0128517, 0.0128839, 0.0129067, 0.0129235, 0.012934, 0.0129406, 0.0129432, 0.0129436, 0.0129414, 0.012938, 0.0129332, 0.0129278, 0.0129216, 0.0129153, 0.0129086, 0.012902, 0.0128953, 0.0128888, 0.0128824, 0.0128763, 0.0128704, 0.0128648, 0.0128595, 0.0128544, 0.0128497, 0.0128453, 0.0128411, 0.0128373, 0.0128337, 0.0128305, 0.0128275, 0.0128249, 0.0128224, 0.0128204, 0.0128184, 0.0128169, 0.0128154, 0.0128145, 0.0128133, 0.012813, 0.0128121, 0.0128123, 0.0128115, 0.0128124, 0.0128116, 0.0128132, 0.0128122, 0.0128145, 0.0128129, 0.0128163, 0.0128136, 0.0128183, 0.0128139, 0.0128204, 0.0128135, 0.0128224, 0.0128118, 0.0128244, 0.0128087, 0.0128269, 0.012804, 0.0128287, 0.0127888, 0.0128055, 0.0127119, 0.0126893, 
0, 7.26419e-05, 0.000210088, 0.000475944, 0.000792354, 0.00121554, 0.00167501, 0.00221974, 0.00278543, 0.00341327, 0.00404506, 0.00471498, 0.00537166, 0.00604366, 0.0066871, 0.00732627, 0.00792507, 0.00850459, 0.00903637, 0.00953902, 0.00999106, 0.0104091, 0.0107777, 0.0111115, 0.0114001, 0.0116563, 0.0118733, 0.0120621, 0.0122187, 0.0123522, 0.0124603, 0.0125505, 0.0126215, 0.0126793, 0.0127232, 0.0127576, 0.0127824, 0.0128008, 0.0128127, 0.0128205, 0.012824, 0.0128251, 0.0128236, 0.0128207, 0.0128163, 0.0128112, 0.0128052, 0.012799, 0.0127925, 0.0127859, 0.0127793, 0.0127729, 0.0127665, 0.0127604, 0.0127545, 0.0127488, 0.0127435, 0.0127384, 0.0127336, 0.0127291, 0.0127249, 0.0127211, 0.0127174, 0.0127142, 0.0127111, 0.0127085, 0.0127059, 0.0127038, 0.0127018, 0.0127003, 0.0126987, 0.0126977, 0.0126965, 0.0126961, 0.0126951, 0.0126953, 0.0126945, 0.0126954, 0.0126945, 0.012696, 0.0126949, 0.0126973, 0.0126956, 0.0126989, 0.0126961, 0.0127008, 0.0126963, 0.0127027, 0.0126957, 0.0127046, 0.012694, 0.0127066, 0.0126908, 0.0127091, 0.0126861, 0.0127108, 0.012671, 0.012688, 0.0125948, 0.0125726, 
0, 7.01608e-05, 0.00020483, 0.000463413, 0.000772587, 0.00118478, 0.00163374, 0.0021651, 0.00271844, 0.00333206, 0.0039512, 0.00460758, 0.00525275, 0.00591318, 0.00654736, 0.00717778, 0.00777022, 0.00834419, 0.00887263, 0.00937282, 0.00982426, 0.0102425, 0.0106126, 0.0109485, 0.0112401, 0.0114996, 0.0117203, 0.011913, 0.0120735, 0.0122108, 0.0123226, 0.0124162, 0.0124904, 0.012551, 0.0125974, 0.0126341, 0.0126608, 0.0126809, 0.0126942, 0.0127032, 0.0127078, 0.0127097, 0.0127089, 0.0127065, 0.0127025, 0.0126977, 0.012692, 0.0126859, 0.0126795, 0.0126731, 0.0126665, 0.0126601, 0.0126538, 0.0126476, 0.0126417, 0.012636, 0.0126306, 0.0126255, 0.0126207, 0.0126162, 0.0126119, 0.012608, 0.0126043, 0.012601, 0.0125979, 0.0125952, 0.0125926, 0.0125905, 0.0125884, 0.0125868, 0.0125852, 0.0125842, 0.0125829, 0.0125824, 0.0125814, 0.0125816, 0.0125807, 0.0125815, 0.0125806, 0.0125821, 0.0125809, 0.0125832, 0.0125814, 0.0125847, 0.0125819, 0.0125865, 0.0125819, 0.0125883, 0.0125812, 0.0125901, 0.0125794, 0.012592, 0.0125762, 0.0125944, 0.0125714, 0.0125962, 0.0125565, 0.0125737, 0.012481, 0.0124591, 
0, 6.78175e-05, 0.000199794, 0.000451442, 0.000753654, 0.00115534, 0.00159419, 0.00211273, 0.00265416, 0.0032541, 0.00386099, 0.00450427, 0.00513824, 0.00578738, 0.00641247, 0.00703427, 0.00762034, 0.00818875, 0.00871372, 0.00921132, 0.00966197, 0.0100801, 0.0104516, 0.0107894, 0.0110837, 0.0113463, 0.0115706, 0.0117669, 0.0119312, 0.0120721, 0.0121875, 0.0122845, 0.0123619, 0.0124253, 0.0124743, 0.0125133, 0.012542, 0.0125638, 0.0125786, 0.0125888, 0.0125944, 0.0125971, 0.012597, 0.0125951, 0.0125916, 0.0125871, 0.0125817, 0.0125758, 0.0125696, 0.0125632, 0.0125567, 0.0125503, 0.012544, 0.0125379, 0.0125319, 0.0125263, 0.0125208, 0.0125157, 0.0125108, 0.0125062, 0.0125019, 0.012498, 0.0124943, 0.0124909, 0.0124877, 0.012485, 0.0124824, 0.0124802, 0.012478, 0.0124764, 0.0124747, 0.0124737, 0.0124723, 0.0124718, 0.0124708, 0.0124709, 0.0124699, 0.0124707, 0.0124697, 0.0124712, 0.0124699, 0.0124722, 0.0124703, 0.0124736, 0.0124706, 0.0124752, 0.0124706, 0.012477, 0.0124698, 0.0124787, 0.0124679, 0.0124804, 0.0124646, 0.0124828, 0.0124598, 0.0124846, 0.012445, 0.0124624, 0.0123702, 0.0123486, 
0, 6.56022e-05, 0.000194965, 0.000439997, 0.000735504, 0.00112714, 0.00155625, 0.0020625, 0.00259244, 0.00317921, 0.00377424, 0.00440485, 0.0050279, 0.00566605, 0.00628219, 0.00689551, 0.00747523, 0.00803806, 0.00855947, 0.00905435, 0.00950401, 0.00992191, 0.0102945, 0.0106339, 0.0109309, 0.0111963, 0.011424, 0.0116237, 0.0117917, 0.0119363, 0.0120552, 0.0121554, 0.0122359, 0.0123022, 0.0123537, 0.012395, 0.0124257, 0.0124492, 0.0124655, 0.012477, 0.0124836, 0.0124872, 0.0124878, 0.0124865, 0.0124834, 0.0124793, 0.0124742, 0.0124685, 0.0124624, 0.0124562, 0.0124498, 0.0124434, 0.0124371, 0.012431, 0.0124251, 0.0124194, 0.0124139, 0.0124087, 0.0124038, 0.0123992, 0.0123949, 0.0123909, 0.0123871, 0.0123837, 0.0123805, 0.0123777, 0.012375, 0.0123728, 0.0123706, 0.0123689, 0.0123671, 0.0123661, 0.0123646, 0.0123641, 0.012363, 0.0123631, 0.0123621, 0.0123628, 0.0123617, 0.0123632, 0.0123618, 0.0123641, 0.0123621, 0.0123654, 0.0123623, 0.0123669, 0.0123622, 0.0123685, 0.0123613, 0.0123701, 0.0123592, 0.0123718, 0.0123559, 0.0123741, 0.0123511, 0.0123759, 0.0123364, 0.0123541, 0.0122624, 0.012241, 
0, 6.35062e-05, 0.000190333, 0.000429046, 0.000718092, 0.0011001, 0.00151984, 0.00201429, 0.00253314, 0.00310722, 0.00369077, 0.0043091, 0.00492152, 0.00554896, 0.0061563, 0.00676128, 0.00733468, 0.00789192, 0.00840967, 0.00890172, 0.00935022, 0.00976771, 0.0101412, 0.0104821, 0.0107814, 0.0110495, 0.0112804, 0.0114835, 0.011655, 0.011803, 0.0119254, 0.0120288, 0.0121124, 0.0121815, 0.0122356, 0.0122791, 0.0123119, 0.0123371, 0.0123549, 0.0123677, 0.0123754, 0.0123799, 0.0123812, 0.0123806, 0.0123779, 0.0123742, 0.0123694, 0.012364, 0.012358, 0.0123519, 0.0123456, 0.0123393, 0.012333, 0.0123269, 0.012321, 0.0123153, 0.0123098, 0.0123046, 0.0122996, 0.012295, 0.0122906, 0.0122865, 0.0122827, 0.0122793, 0.012276, 0.0122731, 0.0122704, 0.0122681, 0.0122659, 0.0122642, 0.0122624, 0.0122612, 0.0122598, 0.0122592, 0.012258, 0.0122581, 0.012257, 0.0122577, 0.0122566, 0.0122579, 0.0122565, 0.0122587, 0.0122567, 0.0122599, 0.0122568, 0.0122614, 0.0122565, 0.0122629, 0.0122555, 0.0122644, 0.0122534, 0.012266, 0.01225, 0.0122683, 0.0122452, 0.0122701, 0.0122306, 0.0122485, 0.0121573, 0.0121361, 
0, 6.15211e-05, 0.000185885, 0.000418559, 0.000701376, 0.00107417, 0.00148487, 0.00196798, 0.00247612, 0.00303797, 0.00361038, 0.00421685, 0.0048189, 0.0054359, 0.00603461, 0.00663138, 0.00719848, 0.00775015, 0.00826416, 0.00875328, 0.00920047, 0.00961738, 0.00999156, 0.0103337, 0.0106352, 0.0109058, 0.0111398, 0.011346, 0.011521, 0.0116723, 0.011798, 0.0119047, 0.0119912, 0.0120631, 0.0121198, 0.0121656, 0.0122003, 0.0122274, 0.0122467, 0.0122608, 0.0122696, 0.0122751, 0.0122771, 0.0122771, 0.012275, 0.0122716, 0.0122671, 0.012262, 0.0122562, 0.0122502, 0.012244, 0.0122378, 0.0122316, 0.0122255, 0.0122195, 0.0122138, 0.0122083, 0.0122031, 0.0121981, 0.0121934, 0.012189, 0.0121849, 0.012181, 0.0121775, 0.0121742, 0.0121713, 0.0121685, 0.0121662, 0.0121639, 0.0121621, 0.0121603, 0.0121591, 0.0121576, 0.012157, 0.0121557, 0.0121557, 0.0121546, 0.0121552, 0.012154, 0.0121554, 0.0121539, 0.0121561, 0.012154, 0.0121572, 0.012154, 0.0121585, 0.0121536, 0.0121599, 0.0121525, 0.0121613, 0.0121503, 0.0121629, 0.0121469, 0.0121651, 0.012142, 0.0121669, 0.0121275, 0.0121456, 0.0120549, 0.012034, 
0, 5.96395e-05, 0.000181612, 0.000408508, 0.000685317, 0.00104927, 0.00145125, 0.00192347, 0.00242126, 0.00297132, 0.00353294, 0.0041279, 0.00471985, 0.00532669, 0.00591692, 0.00650562, 0.00706646, 0.00761257, 0.00812277, 0.00860888, 0.00905461, 0.00947078, 0.00984548, 0.0101887, 0.0104922, 0.0107651, 0.011002, 0.0112112, 0.0113895, 0.011544, 0.011673, 0.0117828, 0.0118724, 0.0119469, 0.0120062, 0.0120542, 0.0120911, 0.0121199, 0.0121408, 0.0121562, 0.0121662, 0.0121726, 0.0121754, 0.012176, 0.0121744, 0.0121715, 0.0121673, 0.0121624, 0.0121569, 0.0121511, 0.0121449, 0.0121388, 0.0121326, 0.0121265, 0.0121206, 0.0121149, 0.0121093, 0.0121041, 0.012099, 0.0120943, 0.0120899, 0.0120857, 0.0120818, 0.0120783, 0.0120749, 0.012072, 0.0120691, 0.0120668, 0.0120644, 0.0120626, 0.0120607, 0.0120595, 0.0120579, 0.0120573, 0.012056, 0.0120559, 0.0120547, 0.0120553, 0.0120541, 0.0120554, 0.0120538, 0.012056, 0.0120538, 0.012057, 0.0120537, 0.0120582, 0.0120532, 0.0120595, 0.012052, 0.0120608, 0.0120497, 0.0120623, 0.0120462, 0.0120645, 0.0120414, 0.0120663, 0.012027, 0.0120453, 0.011955, 0.0119344, 
0, 5.78544e-05, 0.000177503, 0.000398869, 0.000669878, 0.00102535, 0.00141891, 0.00188066, 0.00236845, 0.00290713, 0.00345829, 0.00404211, 0.00462421, 0.00522114, 0.00580304, 0.00638382, 0.00693844, 0.007479, 0.00798534, 0.00846835, 0.00891249, 0.00932778, 0.00970284, 0.010047, 0.0103522, 0.0106273, 0.010867, 0.011079, 0.0112605, 0.0114181, 0.0115503, 0.0116631, 0.0117556, 0.0118329, 0.0118947, 0.011945, 0.0119839, 0.0120145, 0.012037, 0.0120537, 0.0120649, 0.0120723, 0.012076, 0.0120772, 0.0120762, 0.0120737, 0.0120699, 0.0120653, 0.0120599, 0.0120543, 0.0120483, 0.0120422, 0.0120361, 0.01203, 0.0120241, 0.0120184, 0.0120128, 0.0120075, 0.0120025, 0.0119977, 0.0119932, 0.011989, 0.0119851, 0.0119815, 0.0119781, 0.0119751, 0.0119722, 0.0119698, 0.0119674, 0.0119656, 0.0119636, 0.0119623, 0.0119607, 0.01196, 0.0119586, 0.0119586, 0.0119573, 0.0119579, 0.0119566, 0.0119579, 0.0119562, 0.0119583, 0.0119561, 0.0119592, 0.0119558, 0.0119603, 0.0119553, 0.0119615, 0.011954, 0.0119628, 0.0119516, 0.0119642, 0.0119481, 0.0119663, 0.0119432, 0.0119681, 0.011929, 0.0119474, 0.0118576, 0.0118372, 
0, 5.61593e-05, 0.00017355, 0.000389618, 0.000655025, 0.00100236, 0.0013878, 0.00183946, 0.00231757, 0.00284528, 0.00338628, 0.0039593, 0.00453181, 0.00511908, 0.00569281, 0.00626579, 0.00681424, 0.00734929, 0.00785172, 0.00833157, 0.00877399, 0.00918828, 0.00956352, 0.00990839, 0.0102153, 0.0104924, 0.0107346, 0.0109494, 0.0111339, 0.0112945, 0.0114299, 0.0115456, 0.011641, 0.011721, 0.0117853, 0.0118378, 0.0118788, 0.0119112, 0.0119353, 0.0119534, 0.0119658, 0.0119741, 0.0119787, 0.0119806, 0.0119802, 0.0119782, 0.0119747, 0.0119704, 0.0119653, 0.0119598, 0.0119539, 0.0119479, 0.0119418, 0.0119358, 0.0119299, 0.0119242, 0.0119186, 0.0119133, 0.0119082, 0.0119035, 0.0118989, 0.0118947, 0.0118907, 0.0118871, 0.0118836, 0.0118806, 0.0118776, 0.0118752, 0.0118727, 0.0118708, 0.0118688, 0.0118675, 0.0118658, 0.0118651, 0.0118637, 0.0118636, 0.0118623, 0.0118628, 0.0118614, 0.0118627, 0.011861, 0.011863, 0.0118607, 0.0118638, 0.0118604, 0.0118648, 0.0118597, 0.0118659, 0.0118583, 0.0118671, 0.0118559, 0.0118684, 0.0118523, 0.0118705, 0.0118474, 0.0118723, 0.0118333, 0.0118519, 0.0117626, 0.0117424, 
0, 5.45484e-05, 0.000169744, 0.000380733, 0.000640727, 0.000980237, 0.00135783, 0.00179979, 0.00226854, 0.00278565, 0.00331679, 0.00387934, 0.00444249, 0.00502035, 0.00558606, 0.00615139, 0.00669372, 0.00722329, 0.00772176, 0.00819839, 0.00863899, 0.00905215, 0.00942742, 0.00977289, 0.0100813, 0.0103602, 0.0106048, 0.0108222, 0.0110096, 0.0111732, 0.0113115, 0.0114302, 0.0115284, 0.011611, 0.0116778, 0.0117326, 0.0117756, 0.0118098, 0.0118355, 0.0118551, 0.0118686, 0.011878, 0.0118834, 0.0118861, 0.0118862, 0.0118847, 0.0118816, 0.0118776, 0.0118728, 0.0118674, 0.0118617, 0.0118558, 0.0118498, 0.0118439, 0.011838, 0.0118322, 0.0118267, 0.0118214, 0.0118162, 0.0118114, 0.0118068, 0.0118026, 0.0117986, 0.0117949, 0.0117914, 0.0117883, 0.0117853, 0.0117828, 0.0117803, 0.0117784, 0.0117763, 0.011775, 0.0117732, 0.0117725, 0.011771, 0.0117708, 0.0117694, 0.0117699, 0.0117685, 0.0117697, 0.0117679, 0.01177, 0.0117676, 0.0117706, 0.0117671, 0.0117715, 0.0117664, 0.0117726, 0.0117649, 0.0117737, 0.0117624, 0.0117749, 0.0117588, 0.011777, 0.0117538, 0.0117788, 0.0117398, 0.0117587, 0.0116697, 0.0116498, 
0, 5.30162e-05, 0.000166078, 0.000372193, 0.000626954, 0.000958944, 0.00132895, 0.00176156, 0.00222125, 0.00272812, 0.0032497, 0.00380209, 0.00435612, 0.00492481, 0.00548264, 0.00604046, 0.00657673, 0.00710084, 0.00759533, 0.0080687, 0.00850736, 0.00891929, 0.00929444, 0.00964036, 0.00995005, 0.0102306, 0.0104776, 0.0106974, 0.0108876, 0.011054, 0.0111953, 0.0113167, 0.0114178, 0.011503, 0.0115722, 0.0116293, 0.0116743, 0.0117104, 0.0117377, 0.0117586, 0.0117734, 0.0117839, 0.0117901, 0.0117936, 0.0117943, 0.0117933, 0.0117906, 0.011787, 0.0117823, 0.0117772, 0.0117716, 0.0117658, 0.0117599, 0.011754, 0.0117481, 0.0117424, 0.0117369, 0.0117315, 0.0117264, 0.0117216, 0.0117169, 0.0117127, 0.0117086, 0.0117049, 0.0117013, 0.0116982, 0.0116951, 0.0116926, 0.01169, 0.0116881, 0.0116859, 0.0116846, 0.0116828, 0.011682, 0.0116804, 0.0116802, 0.0116788, 0.0116793, 0.0116778, 0.0116789, 0.0116771, 0.0116791, 0.0116766, 0.0116797, 0.0116761, 0.0116805, 0.0116752, 0.0116814, 0.0116737, 0.0116824, 0.0116711, 0.0116836, 0.0116674, 0.0116856, 0.0116625, 0.0116874, 0.0116486, 0.0116676, 0.0115791, 0.0115594, 
0, 5.15576e-05, 0.000162544, 0.00036398, 0.00061368, 0.000938435, 0.00130111, 0.0017247, 0.00217562, 0.00267259, 0.00318488, 0.00372742, 0.00427256, 0.0048323, 0.00538241, 0.00593285, 0.00646312, 0.00698182, 0.0074723, 0.00794235, 0.008379, 0.00878958, 0.00916449, 0.00951072, 0.00982157, 0.0101037, 0.0103528, 0.010575, 0.0107678, 0.0109369, 0.0110811, 0.0112052, 0.011309, 0.0113968, 0.0114685, 0.0115277, 0.0115748, 0.0116127, 0.0116417, 0.011664, 0.0116801, 0.0116916, 0.0116988, 0.011703, 0.0117044, 0.0117039, 0.0117016, 0.0116983, 0.0116939, 0.011689, 0.0116836, 0.0116779, 0.0116721, 0.0116662, 0.0116604, 0.0116547, 0.0116491, 0.0116438, 0.0116386, 0.0116338, 0.0116291, 0.0116248, 0.0116207, 0.0116169, 0.0116133, 0.0116101, 0.0116071, 0.0116045, 0.0116019, 0.0115999, 0.0115977, 0.0115963, 0.0115944, 0.0115936, 0.011592, 0.0115917, 0.0115903, 0.0115907, 0.0115891, 0.0115902, 0.0115883, 0.0115903, 0.0115878, 0.0115908, 0.0115871, 0.0115915, 0.0115862, 0.0115923, 0.0115845, 0.0115933, 0.0115819, 0.0115944, 0.0115782, 0.0115963, 0.0115732, 0.0115981, 0.0115594, 0.0115786, 0.0114905, 0.0114711, 
0, 5.0168e-05, 0.000159135, 0.000356076, 0.000600879, 0.00091867, 0.00127425, 0.00168915, 0.00213157, 0.00261896, 0.00312223, 0.00365522, 0.00419168, 0.00474269, 0.00528523, 0.00582842, 0.00635275, 0.00686609, 0.00735253, 0.00781924, 0.00825378, 0.00866293, 0.00903746, 0.00938388, 0.00969575, 0.0099793, 0.0102303, 0.0104548, 0.0106502, 0.0108219, 0.0109688, 0.0110956, 0.0112021, 0.0112924, 0.0113665, 0.0114279, 0.0114771, 0.0115168, 0.0115474, 0.0115712, 0.0115885, 0.0116011, 0.0116092, 0.0116142, 0.0116162, 0.0116163, 0.0116145, 0.0116115, 0.0116074, 0.0116027, 0.0115975, 0.0115919, 0.0115862, 0.0115804, 0.0115746, 0.0115689, 0.0115634, 0.011558, 0.0115528, 0.011548, 0.0115433, 0.0115389, 0.0115347, 0.011531, 0.0115273, 0.0115241, 0.011521, 0.0115184, 0.0115157, 0.0115137, 0.0115114, 0.0115099, 0.011508, 0.0115072, 0.0115055, 0.0115052, 0.0115037, 0.0115041, 0.0115024, 0.0115035, 0.0115016, 0.0115035, 0.0115009, 0.0115039, 0.0115002, 0.0115045, 0.0114991, 0.0115052, 0.0114974, 0.0115061, 0.0114947, 0.0115072, 0.0114909, 0.0115091, 0.0114859, 0.0115109, 0.0114723, 0.0114916, 0.011404, 0.0113847, 
0, 4.8843e-05, 0.000155846, 0.000348465, 0.000588527, 0.00089961, 0.00124832, 0.00165483, 0.00208901, 0.00256715, 0.00306165, 0.00358535, 0.00411336, 0.00465586, 0.00519098, 0.00572705, 0.0062455, 0.00675353, 0.00723592, 0.00769925, 0.00813161, 0.00853924, 0.00891328, 0.00925977, 0.00957251, 0.00985734, 0.0101102, 0.0103368, 0.0105346, 0.0107088, 0.0108584, 0.0109879, 0.011097, 0.0111897, 0.0112662, 0.0113298, 0.011381, 0.0114225, 0.0114548, 0.01148, 0.0114986, 0.0115123, 0.0115214, 0.0115272, 0.0115299, 0.0115305, 0.0115291, 0.0115265, 0.0115228, 0.0115183, 0.0115132, 0.0115078, 0.0115022, 0.0114965, 0.0114907, 0.0114851, 0.0114795, 0.0114742, 0.011469, 0.0114641, 0.0114593, 0.011455, 0.0114508, 0.0114469, 0.0114432, 0.01144, 0.0114368, 0.0114342, 0.0114314, 0.0114294, 0.0114271, 0.0114256, 0.0114236, 0.0114227, 0.011421, 0.0114207, 0.0114191, 0.0114194, 0.0114177, 0.0114188, 0.0114168, 0.0114187, 0.011416, 0.0114189, 0.0114152, 0.0114194, 0.011414, 0.0114201, 0.0114122, 0.0114209, 0.0114094, 0.0114219, 0.0114056, 0.0114237, 0.0114006, 0.0114256, 0.011387, 0.0114065, 0.0113193, 0.0113003, 
0, 4.75786e-05, 0.00015267, 0.000341131, 0.000576602, 0.00088122, 0.00122328, 0.0016217, 0.00204789, 0.00251706, 0.00300304, 0.00351774, 0.00403749, 0.00457169, 0.00509952, 0.00562862, 0.00614125, 0.00664401, 0.00712235, 0.00758228, 0.00801239, 0.00841841, 0.00879185, 0.00913829, 0.00945178, 0.00973778, 0.00999241, 0.0102209, 0.0104211, 0.0105977, 0.0107498, 0.0108819, 0.0109935, 0.0110887, 0.0111675, 0.0112333, 0.0112865, 0.0113299, 0.0113638, 0.0113905, 0.0114104, 0.0114252, 0.0114352, 0.0114418, 0.0114452, 0.0114464, 0.0114456, 0.0114433, 0.0114399, 0.0114357, 0.0114308, 0.0114255, 0.01142, 0.0114143, 0.0114086, 0.011403, 0.0113975, 0.0113921, 0.0113869, 0.011382, 0.0113773, 0.0113729, 0.0113686, 0.0113647, 0.011361, 0.0113577, 0.0113545, 0.0113518, 0.011349, 0.0113469, 0.0113446, 0.011343, 0.011341, 0.0113401, 0.0113383, 0.011338, 0.0113363, 0.0113366, 0.0113348, 0.0113359, 0.0113338, 0.0113356, 0.0113329, 0.0113358, 0.011332, 0.0113362, 0.0113307, 0.0113368, 0.0113289, 0.0113375, 0.011326, 0.0113385, 0.0113222, 0.0113403, 0.0113172, 0.0113421, 0.0113037, 0.0113233, 0.0112366, 0.0112177, 
0, 4.63711e-05, 0.000149601, 0.00033406, 0.000565082, 0.000863466, 0.00119909, 0.00158968, 0.00200813, 0.00246862, 0.00294632, 0.00345226, 0.00396396, 0.00449006, 0.00501074, 0.00553299, 0.00603989, 0.00653742, 0.00701171, 0.00746821, 0.00789601, 0.00830036, 0.00867309, 0.00901938, 0.0093335, 0.00962053, 0.00987677, 0.0101071, 0.0103095, 0.0104885, 0.0106431, 0.0107776, 0.0108917, 0.0109893, 0.0110704, 0.0111384, 0.0111936, 0.0112388, 0.0112744, 0.0113025, 0.0113237, 0.0113396, 0.0113507, 0.0113581, 0.0113622, 0.011364, 0.0113636, 0.0113618, 0.0113587, 0.0113547, 0.01135, 0.011345, 0.0113395, 0.011334, 0.0113283, 0.0113228, 0.0113172, 0.0113119, 0.0113067, 0.0113017, 0.011297, 0.0112925, 0.0112882, 0.0112844, 0.0112806, 0.0112773, 0.011274, 0.0112712, 0.0112684, 0.0112663, 0.0112639, 0.0112623, 0.0112602, 0.0112592, 0.0112574, 0.011257, 0.0112553, 0.0112556, 0.0112538, 0.0112547, 0.0112526, 0.0112544, 0.0112516, 0.0112545, 0.0112506, 0.0112548, 0.0112493, 0.0112553, 0.0112473, 0.011256, 0.0112444, 0.0112569, 0.0112405, 0.0112586, 0.0112355, 0.0112604, 0.0112221, 0.0112419, 0.0111556, 0.0111369, 
0, 4.52171e-05, 0.000146635, 0.000327238, 0.000553949, 0.000846318, 0.0011757, 0.00155873, 0.00196966, 0.00242174, 0.00289139, 0.00338882, 0.00389267, 0.00441087, 0.00492455, 0.00544006, 0.00594129, 0.00643366, 0.0069039, 0.00735696, 0.00778239, 0.00818499, 0.00855692, 0.00890296, 0.00921759, 0.00950555, 0.00976327, 0.0099954, 0.0101999, 0.0103811, 0.0105381, 0.010675, 0.0107916, 0.0108915, 0.0109749, 0.011045, 0.0111022, 0.0111492, 0.0111864, 0.011216, 0.0112385, 0.0112556, 0.0112676, 0.0112759, 0.0112808, 0.0112832, 0.0112833, 0.0112819, 0.0112791, 0.0112754, 0.011271, 0.0112661, 0.0112608, 0.0112553, 0.0112497, 0.0112442, 0.0112387, 0.0112333, 0.0112281, 0.0112232, 0.0112184, 0.0112139, 0.0112096, 0.0112057, 0.0112019, 0.0111985, 0.0111952, 0.0111924, 0.0111895, 0.0111873, 0.0111849, 0.0111833, 0.0111812, 0.0111801, 0.0111783, 0.0111778, 0.011176, 0.0111763, 0.0111744, 0.0111753, 0.0111732, 0.0111749, 0.0111721, 0.0111749, 0.011171, 0.0111751, 0.0111695, 0.0111756, 0.0111675, 0.0111761, 0.0111646, 0.011177, 0.0111606, 0.0111787, 0.0111556, 0.0111805, 0.0111423, 0.0111622, 0.0110763, 0.0110579, 
0, 4.41133e-05, 0.000143767, 0.000320654, 0.000543184, 0.000829747, 0.00115308, 0.00152879, 0.00193243, 0.00237637, 0.00283818, 0.00332734, 0.00382353, 0.00433401, 0.00484082, 0.00534974, 0.00584536, 0.00633262, 0.00679881, 0.00724843, 0.00767144, 0.00807223, 0.00844327, 0.00878896, 0.00910398, 0.00939277, 0.00965186, 0.00988564, 0.0100921, 0.0102755, 0.0104348, 0.0105741, 0.010693, 0.0107952, 0.0108808, 0.010953, 0.0110122, 0.011061, 0.0110999, 0.011131, 0.0111548, 0.011173, 0.0111861, 0.0111953, 0.0112009, 0.0112039, 0.0112045, 0.0112036, 0.0112011, 0.0111977, 0.0111935, 0.0111888, 0.0111836, 0.0111782, 0.0111727, 0.0111672, 0.0111617, 0.0111564, 0.0111512, 0.0111463, 0.0111414, 0.011137, 0.0111326, 0.0111286, 0.0111248, 0.0111214, 0.011118, 0.0111152, 0.0111123, 0.0111101, 0.0111076, 0.0111059, 0.0111037, 0.0111027, 0.0111007, 0.0111003, 0.0110984, 0.0110986, 0.0110967, 0.0110976, 0.0110954, 0.0110971, 0.0110942, 0.011097, 0.011093, 0.0110971, 0.0110915, 0.0110975, 0.0110894, 0.011098, 0.0110864, 0.0110988, 0.0110824, 0.0111004, 0.0110773, 0.0111023, 0.0110642, 0.0110842, 0.0109987, 0.0109805, 
0, 4.30567e-05, 0.000140991, 0.000314296, 0.000532769, 0.000813724, 0.00113119, 0.00149983, 0.00189639, 0.00233242, 0.00278661, 0.00326774, 0.00375644, 0.0042594, 0.00475946, 0.0052619, 0.005752, 0.00623421, 0.00669635, 0.00714252, 0.00756307, 0.00796199, 0.00833206, 0.00867731, 0.00899263, 0.00928213, 0.00954248, 0.0097778, 0.00998618, 0.0101716, 0.0103332, 0.0104747, 0.010596, 0.0107004, 0.0107882, 0.0108625, 0.0109236, 0.0109742, 0.0110148, 0.0110473, 0.0110725, 0.0110919, 0.011106, 0.011116, 0.0111224, 0.011126, 0.0111272, 0.0111267, 0.0111247, 0.0111216, 0.0111176, 0.011113, 0.011108, 0.0111027, 0.0110973, 0.0110919, 0.0110864, 0.0110811, 0.0110759, 0.0110709, 0.0110661, 0.0110616, 0.0110572, 0.0110532, 0.0110493, 0.0110459, 0.0110425, 0.0110396, 0.0110367, 0.0110344, 0.0110319, 0.0110301, 0.0110279, 0.0110268, 0.0110248, 0.0110243, 0.0110225, 0.0110226, 0.0110206, 0.0110215, 0.0110192, 0.0110209, 0.0110179, 0.0110207, 0.0110166, 0.0110207, 0.011015, 0.011021, 0.0110128, 0.0110214, 0.0110098, 0.0110222, 0.0110058, 0.0110238, 0.0110007, 0.0110256, 0.0109876, 0.0110078, 0.0109227, 0.0109047, 
0, 4.20447e-05, 0.000138305, 0.000308152, 0.000522689, 0.000798224, 0.00110999, 0.00147179, 0.00186147, 0.00228984, 0.00273662, 0.00320992, 0.00369132, 0.00418693, 0.00468038, 0.00517647, 0.00566111, 0.00613832, 0.00659644, 0.00703915, 0.00745719, 0.00785421, 0.00822322, 0.00856795, 0.00888346, 0.00917357, 0.00943509, 0.00967185, 0.00988204, 0.0100694, 0.0102332, 0.0103769, 0.0105004, 0.010607, 0.010697, 0.0107733, 0.0108364, 0.0108888, 0.010931, 0.010965, 0.0109915, 0.0110121, 0.0110272, 0.0110382, 0.0110453, 0.0110496, 0.0110514, 0.0110513, 0.0110496, 0.0110469, 0.0110431, 0.0110387, 0.0110339, 0.0110287, 0.0110234, 0.011018, 0.0110126, 0.0110073, 0.0110021, 0.0109971, 0.0109923, 0.0109878, 0.0109834, 0.0109793, 0.0109754, 0.0109719, 0.0109685, 0.0109656, 0.0109626, 0.0109603, 0.0109577, 0.0109559, 0.0109537, 0.0109525, 0.0109505, 0.0109499, 0.010948, 0.0109481, 0.0109461, 0.0109469, 0.0109445, 0.0109462, 0.0109432, 0.0109459, 0.0109418, 0.0109459, 0.0109401, 0.0109461, 0.0109379, 0.0109464, 0.0109348, 0.0109471, 0.0109307, 0.0109487, 0.0109256, 0.0109505, 0.0109126, 0.0109329, 0.0108482, 0.0108304, 
0, 4.10745e-05, 0.000135703, 0.000302212, 0.000512929, 0.000783224, 0.00108947, 0.00144463, 0.00182764, 0.00224857, 0.00268813, 0.00315382, 0.00362808, 0.00411652, 0.00460349, 0.00509334, 0.0055726, 0.00604487, 0.00649898, 0.00693823, 0.00735374, 0.00774879, 0.00811668, 0.00846081, 0.00877642, 0.00906706, 0.00932962, 0.00956774, 0.00977963, 0.00996888, 0.0101347, 0.0102805, 0.0104063, 0.010515, 0.0106072, 0.0106855, 0.0107505, 0.0108046, 0.0108485, 0.010884, 0.0109119, 0.0109336, 0.0109498, 0.0109616, 0.0109696, 0.0109745, 0.0109769, 0.0109773, 0.010976, 0.0109736, 0.0109701, 0.0109659, 0.0109612, 0.0109562, 0.0109509, 0.0109456, 0.0109403, 0.010935, 0.0109298, 0.0109248, 0.01092, 0.0109154, 0.010911, 0.0109069, 0.010903, 0.0108995, 0.010896, 0.010893, 0.01089, 0.0108876, 0.010885, 0.0108832, 0.0108809, 0.0108797, 0.0108776, 0.0108771, 0.0108751, 0.0108751, 0.010873, 0.0108738, 0.0108714, 0.010873, 0.01087, 0.0108726, 0.0108685, 0.0108725, 0.0108667, 0.0108726, 0.0108644, 0.0108729, 0.0108613, 0.0108736, 0.0108571, 0.0108751, 0.0108521, 0.0108769, 0.0108392, 0.0108595, 0.0107753, 0.0107576, 
0, 4.01439e-05, 0.000133183, 0.000296467, 0.000503474, 0.000768699, 0.00106958, 0.00141832, 0.00179483, 0.00220855, 0.00264108, 0.00309937, 0.00356666, 0.00404809, 0.00452871, 0.00501244, 0.00548638, 0.00595378, 0.00640389, 0.00683969, 0.00725263, 0.00764569, 0.00801238, 0.00835583, 0.00867145, 0.00896252, 0.00922605, 0.00946542, 0.00967893, 0.00986997, 0.0100378, 0.0101857, 0.0103135, 0.0104244, 0.0105186, 0.0105989, 0.0106658, 0.0107217, 0.0107672, 0.0108042, 0.0108334, 0.0108564, 0.0108736, 0.0108864, 0.0108951, 0.0109008, 0.0109037, 0.0109046, 0.0109038, 0.0109016, 0.0108984, 0.0108945, 0.0108899, 0.0108851, 0.0108799, 0.0108747, 0.0108693, 0.0108641, 0.0108589, 0.010854, 0.0108491, 0.0108445, 0.0108401, 0.010836, 0.010832, 0.0108284, 0.0108249, 0.0108219, 0.0108189, 0.0108165, 0.0108138, 0.010812, 0.0108096, 0.0108084, 0.0108062, 0.0108056, 0.0108036, 0.0108036, 0.0108014, 0.0108022, 0.0107997, 0.0108013, 0.0107982, 0.0108008, 0.0107966, 0.0108006, 0.0107948, 0.0108007, 0.0107924, 0.0108009, 0.0107892, 0.0108015, 0.010785, 0.010803, 0.0107799, 0.0108048, 0.0107672, 0.0107876, 0.0107037, 0.0106863, 
0, 3.92506e-05, 0.000130739, 0.000290907, 0.00049431, 0.00075463, 0.0010503, 0.00139282, 0.00176302, 0.00216973, 0.0025954, 0.00304649, 0.00350698, 0.00398156, 0.00445595, 0.00493367, 0.00540238, 0.00586495, 0.0063111, 0.00674345, 0.0071538, 0.00754481, 0.00791025, 0.00825296, 0.0085685, 0.00885991, 0.0091243, 0.00936484, 0.00957989, 0.00977264, 0.00994239, 0.0100923, 0.0102222, 0.0103351, 0.0104314, 0.0105136, 0.0105824, 0.0106401, 0.0106872, 0.0107257, 0.0107562, 0.0107804, 0.0107987, 0.0108124, 0.0108219, 0.0108283, 0.0108318, 0.0108332, 0.0108328, 0.010831, 0.0108281, 0.0108244, 0.01082, 0.0108153, 0.0108102, 0.0108051, 0.0107998, 0.0107946, 0.0107894, 0.0107845, 0.0107796, 0.010775, 0.0107705, 0.0107664, 0.0107624, 0.0107588, 0.0107553, 0.0107522, 0.0107491, 0.0107467, 0.0107439, 0.0107421, 0.0107397, 0.0107384, 0.0107362, 0.0107356, 0.0107335, 0.0107334, 0.0107313, 0.010732, 0.0107294, 0.010731, 0.0107278, 0.0107304, 0.0107262, 0.0107301, 0.0107242, 0.0107301, 0.0107218, 0.0107303, 0.0107185, 0.0107308, 0.0107143, 0.0107323, 0.0107092, 0.0107341, 0.0106965, 0.0107171, 0.0106336, 0.0106164, 
0, 3.83924e-05, 0.00012837, 0.000285524, 0.000485425, 0.000740995, 0.0010316, 0.00136808, 0.00173215, 0.00213206, 0.00255106, 0.00299512, 0.00344897, 0.00391686, 0.00438514, 0.00485696, 0.00532051, 0.00577832, 0.00622052, 0.00664944, 0.00705717, 0.0074461, 0.00781023, 0.00815213, 0.00846752, 0.00875919, 0.00902436, 0.00926598, 0.00948247, 0.00967685, 0.00984845, 0.0100002, 0.0101322, 0.0102471, 0.0103454, 0.0104296, 0.0105002, 0.0105596, 0.0106083, 0.0106483, 0.0106802, 0.0107055, 0.0107249, 0.0107396, 0.0107499, 0.010757, 0.0107612, 0.0107631, 0.0107631, 0.0107617, 0.010759, 0.0107555, 0.0107514, 0.0107468, 0.0107418, 0.0107368, 0.0107316, 0.0107264, 0.0107213, 0.0107163, 0.0107114, 0.0107068, 0.0107023, 0.0106982, 0.0106941, 0.0106905, 0.0106869, 0.0106839, 0.0106807, 0.0106782, 0.0106755, 0.0106736, 0.0106711, 0.0106698, 0.0106676, 0.0106669, 0.0106647, 0.0106647, 0.0106624, 0.0106631, 0.0106605, 0.010662, 0.0106588, 0.0106614, 0.0106571, 0.010661, 0.0106551, 0.0106609, 0.0106525, 0.010661, 0.0106492, 0.0106615, 0.010645, 0.0106629, 0.0106399, 0.0106647, 0.0106273, 0.010648, 0.0105649, 0.0105478, 
0, 3.75676e-05, 0.000126071, 0.00028031, 0.000476806, 0.000727775, 0.00101347, 0.00134409, 0.00170218, 0.00209548, 0.00250798, 0.00294521, 0.00339256, 0.00385391, 0.0043162, 0.00478224, 0.0052407, 0.00569381, 0.00613208, 0.00655758, 0.00696267, 0.0073495, 0.00771226, 0.00805329, 0.00836845, 0.0086603, 0.00892616, 0.00916878, 0.00938663, 0.00958256, 0.00975594, 0.00990959, 0.0100435, 0.0101604, 0.0102606, 0.0103467, 0.0104191, 0.0104802, 0.0105305, 0.010572, 0.0106052, 0.0106318, 0.0106523, 0.0106679, 0.0106791, 0.0106869, 0.0106917, 0.0106941, 0.0106946, 0.0106935, 0.0106912, 0.010688, 0.010684, 0.0106796, 0.0106747, 0.0106698, 0.0106646, 0.0106595, 0.0106544, 0.0106494, 0.0106445, 0.0106399, 0.0106354, 0.0106313, 0.0106272, 0.0106236, 0.0106199, 0.0106168, 0.0106136, 0.0106111, 0.0106083, 0.0106063, 0.0106039, 0.0106025, 0.0106002, 0.0105995, 0.0105973, 0.0105972, 0.0105949, 0.0105955, 0.0105929, 0.0105944, 0.0105911, 0.0105936, 0.0105893, 0.0105932, 0.0105872, 0.010593, 0.0105846, 0.010593, 0.0105812, 0.0105935, 0.010577, 0.0105949, 0.0105719, 0.0105967, 0.0105593, 0.0105801, 0.0104974, 0.0104806, 
0, 3.67741e-05, 0.000123841, 0.000275257, 0.000468443, 0.000714953, 0.000995862, 0.00132081, 0.00167309, 0.00205996, 0.00246612, 0.00289669, 0.00333769, 0.00379266, 0.00424907, 0.00470944, 0.00516287, 0.00561134, 0.00604572, 0.0064678, 0.00687025, 0.00725494, 0.00761629, 0.00795639, 0.00827124, 0.00856321, 0.00882967, 0.00907321, 0.00929233, 0.00948974, 0.00966483, 0.00982028, 0.0099561, 0.0100749, 0.010177, 0.010265, 0.0103392, 0.010402, 0.0104539, 0.0104968, 0.0105314, 0.0105592, 0.0105808, 0.0105973, 0.0106094, 0.0106179, 0.0106233, 0.0106263, 0.0106272, 0.0106266, 0.0106245, 0.0106216, 0.0106178, 0.0106136, 0.0106089, 0.010604, 0.0105989, 0.0105938, 0.0105887, 0.0105838, 0.0105789, 0.0105743, 0.0105698, 0.0105656, 0.0105615, 0.0105578, 0.0105542, 0.010551, 0.0105478, 0.0105452, 0.0105424, 0.0105404, 0.0105379, 0.0105365, 0.0105341, 0.0105333, 0.0105311, 0.010531, 0.0105286, 0.0105292, 0.0105265, 0.010528, 0.0105246, 0.0105271, 0.0105227, 0.0105266, 0.0105206, 0.0105264, 0.0105179, 0.0105264, 0.0105145, 0.0105267, 0.0105102, 0.0105281, 0.0105051, 0.0105299, 0.0104927, 0.0105136, 0.0104312, 0.0104146, 
0, 3.60104e-05, 0.000121675, 0.000270358, 0.000460325, 0.000702511, 0.00097877, 0.0012982, 0.00164483, 0.00202545, 0.00242543, 0.00284951, 0.00328431, 0.00373303, 0.00418368, 0.00463847, 0.00508696, 0.00553085, 0.00596136, 0.00638005, 0.00677983, 0.00716237, 0.00752225, 0.00786137, 0.00817585, 0.00846786, 0.00873485, 0.00897922, 0.00919955, 0.00939836, 0.00957508, 0.00973226, 0.00986994, 0.00999058, 0.0100946, 0.0101843, 0.0102604, 0.0103248, 0.0103783, 0.0104227, 0.0104587, 0.0104877, 0.0105103, 0.0105278, 0.0105408, 0.0105501, 0.0105561, 0.0105597, 0.010561, 0.0105608, 0.0105591, 0.0105564, 0.0105528, 0.0105487, 0.0105442, 0.0105394, 0.0105344, 0.0105294, 0.0105243, 0.0105194, 0.0105145, 0.0105099, 0.0105054, 0.0105012, 0.010497, 0.0104934, 0.0104896, 0.0104865, 0.0104832, 0.0104806, 0.0104777, 0.0104757, 0.0104731, 0.0104717, 0.0104693, 0.0104685, 0.0104662, 0.010466, 0.0104636, 0.0104641, 0.0104614, 0.0104628, 0.0104594, 0.0104619, 0.0104575, 0.0104613, 0.0104552, 0.010461, 0.0104525, 0.0104609, 0.0104491, 0.0104612, 0.0104447, 0.0104626, 0.0104396, 0.0104644, 0.0104272, 0.0104482, 0.0103663, 0.0103498, 
0, 3.52749e-05, 0.000119571, 0.000265607, 0.000452442, 0.000690434, 0.000962169, 0.00127625, 0.00161737, 0.00199191, 0.00238587, 0.00280362, 0.00323235, 0.00367497, 0.00411996, 0.00456929, 0.00501291, 0.00545228, 0.00587895, 0.00629425, 0.00669136, 0.00707173, 0.0074301, 0.00776819, 0.00808223, 0.00837421, 0.00864166, 0.0088868, 0.00910825, 0.00930839, 0.00948667, 0.00964553, 0.00978499, 0.00990745, 0.0100133, 0.0101048, 0.0101826, 0.0102487, 0.0103038, 0.0103496, 0.0103869, 0.0104171, 0.0104409, 0.0104594, 0.0104732, 0.0104833, 0.01049, 0.0104941, 0.0104959, 0.010496, 0.0104947, 0.0104923, 0.010489, 0.010485, 0.0104806, 0.0104759, 0.010471, 0.0104661, 0.0104611, 0.0104562, 0.0104513, 0.0104467, 0.0104421, 0.0104379, 0.0104338, 0.01043, 0.0104263, 0.0104231, 0.0104198, 0.0104172, 0.0104142, 0.0104122, 0.0104095, 0.010408, 0.0104056, 0.0104048, 0.0104024, 0.0104022, 0.0103998, 0.0104003, 0.0103975, 0.0103989, 0.0103954, 0.0103979, 0.0103934, 0.0103972, 0.0103911, 0.0103968, 0.0103883, 0.0103966, 0.0103848, 0.0103969, 0.0103804, 0.0103982, 0.0103753, 0.0104, 0.010363, 0.0103841, 0.0103025, 0.0102862, 
0, 3.4566e-05, 0.000117528, 0.000260997, 0.000444783, 0.000678707, 0.00094604, 0.00125492, 0.00159067, 0.0019593, 0.00234738, 0.00275897, 0.00318177, 0.00361842, 0.00405787, 0.00450182, 0.00494064, 0.00537555, 0.00579842, 0.00621036, 0.00660479, 0.00698295, 0.00733979, 0.0076768, 0.00799035, 0.00828223, 0.00855005, 0.00879589, 0.00901839, 0.0092198, 0.00939957, 0.00956004, 0.00970123, 0.00982545, 0.00993312, 0.0100264, 0.0101059, 0.0101736, 0.0102303, 0.0102775, 0.0103162, 0.0103476, 0.0103725, 0.010392, 0.0104066, 0.0104175, 0.0104248, 0.0104295, 0.0104319, 0.0104324, 0.0104314, 0.0104293, 0.0104262, 0.0104225, 0.0104182, 0.0104136, 0.0104088, 0.0104039, 0.0103989, 0.0103941, 0.0103892, 0.0103846, 0.01038, 0.0103758, 0.0103716, 0.0103679, 0.0103641, 0.0103609, 0.0103575, 0.0103549, 0.0103519, 0.0103498, 0.0103471, 0.0103456, 0.0103431, 0.0103422, 0.0103398, 0.0103396, 0.0103371, 0.0103375, 0.0103347, 0.010336, 0.0103326, 0.010335, 0.0103304, 0.0103342, 0.0103281, 0.0103337, 0.0103252, 0.0103336, 0.0103217, 0.0103338, 0.0103173, 0.010335, 0.0103121, 0.0103368, 0.0102999, 0.0103211, 0.0102399, 0.0102237, 
0, 3.38825e-05, 0.000115541, 0.000256522, 0.00043734, 0.000667314, 0.000930362, 0.00123418, 0.00156472, 0.00192759, 0.00230994, 0.0027155, 0.00313251, 0.00356332, 0.00399733, 0.00443602, 0.0048701, 0.00530061, 0.0057197, 0.0061283, 0.00652005, 0.006896, 0.00725126, 0.00758715, 0.00790014, 0.00819186, 0.00846, 0.00870647, 0.00892995, 0.00913255, 0.00931375, 0.00947577, 0.00961864, 0.00974458, 0.00985399, 0.00994899, 0.0100302, 0.0100995, 0.0101577, 0.0102064, 0.0102464, 0.010279, 0.010305, 0.0103255, 0.0103411, 0.0103526, 0.0103607, 0.010366, 0.0103688, 0.0103698, 0.0103691, 0.0103673, 0.0103645, 0.0103609, 0.0103568, 0.0103524, 0.0103476, 0.0103428, 0.0103379, 0.0103331, 0.0103282, 0.0103236, 0.010319, 0.0103148, 0.0103106, 0.0103068, 0.010303, 0.0102998, 0.0102964, 0.0102937, 0.0102907, 0.0102885, 0.0102858, 0.0102842, 0.0102817, 0.0102808, 0.0102783, 0.010278, 0.0102755, 0.0102759, 0.0102731, 0.0102744, 0.0102708, 0.0102732, 0.0102686, 0.0102724, 0.0102662, 0.0102718, 0.0102633, 0.0102716, 0.0102597, 0.0102718, 0.0102553, 0.010273, 0.0102501, 0.0102748, 0.010238, 0.0102592, 0.0101784, 0.0101624, 
0, 3.32229e-05, 0.00011361, 0.000252176, 0.000430104, 0.000656243, 0.000915119, 0.00121403, 0.00153947, 0.00189674, 0.00227349, 0.00267319, 0.00308453, 0.00350963, 0.0039383, 0.00437181, 0.00480123, 0.0052274, 0.00564275, 0.00604803, 0.00643709, 0.00681082, 0.00716446, 0.00749919, 0.00781157, 0.00810309, 0.00837147, 0.0086185, 0.00884289, 0.00904662, 0.00922919, 0.00939269, 0.00953719, 0.00966479, 0.00977592, 0.0098726, 0.00995548, 0.0100264, 0.0100861, 0.0101362, 0.0101775, 0.0102114, 0.0102385, 0.01026, 0.0102764, 0.0102888, 0.0102975, 0.0103034, 0.0103067, 0.0103082, 0.0103079, 0.0103064, 0.0103038, 0.0103004, 0.0102965, 0.0102922, 0.0102875, 0.0102828, 0.0102779, 0.0102731, 0.0102683, 0.0102637, 0.0102591, 0.0102549, 0.0102507, 0.0102469, 0.010243, 0.0102398, 0.0102363, 0.0102336, 0.0102305, 0.0102283, 0.0102256, 0.010224, 0.0102214, 0.0102204, 0.010218, 0.0102176, 0.010215, 0.0102154, 0.0102125, 0.0102138, 0.0102102, 0.0102125, 0.0102079, 0.0102116, 0.0102054, 0.010211, 0.0102024, 0.0102107, 0.0101988, 0.0102109, 0.0101943, 0.010212, 0.0101891, 0.0102138, 0.0101771, 0.0101985, 0.010118, 0.0101022, 
0, 3.25861e-05, 0.000111732, 0.000247954, 0.000423067, 0.00064548, 0.000900293, 0.00119442, 0.00151491, 0.00186671, 0.002238, 0.00263198, 0.00303777, 0.00345728, 0.00388072, 0.00430915, 0.00473398, 0.00515587, 0.00556751, 0.00596949, 0.00635586, 0.00672735, 0.00707936, 0.00741289, 0.00772461, 0.00801586, 0.00828443, 0.00853195, 0.00875718, 0.00896197, 0.00914585, 0.00931079, 0.00945686, 0.00958608, 0.00969888, 0.00979721, 0.00988173, 0.00995422, 0.0100154, 0.010067, 0.0101096, 0.0101447, 0.0101729, 0.0101953, 0.0102127, 0.0102259, 0.0102353, 0.0102418, 0.0102456, 0.0102475, 0.0102476, 0.0102464, 0.0102441, 0.010241, 0.0102372, 0.010233, 0.0102285, 0.0102238, 0.010219, 0.0102142, 0.0102094, 0.0102048, 0.0102003, 0.010196, 0.0101918, 0.0101879, 0.0101841, 0.0101808, 0.0101773, 0.0101745, 0.0101714, 0.0101692, 0.0101664, 0.0101648, 0.0101622, 0.0101611, 0.0101586, 0.0101582, 0.0101556, 0.010156, 0.010153, 0.0101542, 0.0101506, 0.0101529, 0.0101482, 0.0101519, 0.0101457, 0.0101512, 0.0101426, 0.0101509, 0.010139, 0.010151, 0.0101345, 0.0101521, 0.0101293, 0.0101539, 0.0101173, 0.0101387, 0.0100587, 0.010043, 
0, 3.19709e-05, 0.000109904, 0.000243851, 0.000416222, 0.000635013, 0.000885868, 0.00117535, 0.001491, 0.00183749, 0.00220344, 0.00259183, 0.00299219, 0.00340624, 0.00382454, 0.00424799, 0.00466829, 0.00508596, 0.00549393, 0.00589263, 0.00627632, 0.00664556, 0.0069959, 0.0073282, 0.00763921, 0.00793014, 0.00819883, 0.00844678, 0.00867279, 0.00887859, 0.00906371, 0.00923003, 0.00937762, 0.00950841, 0.00962284, 0.00972279, 0.00980891, 0.00988296, 0.00994567, 0.00999862, 0.0100425, 0.0100788, 0.0101081, 0.0101316, 0.0101499, 0.0101638, 0.010174, 0.0101811, 0.0101855, 0.0101878, 0.0101883, 0.0101874, 0.0101853, 0.0101824, 0.0101788, 0.0101748, 0.0101704, 0.0101658, 0.010161, 0.0101563, 0.0101515, 0.010147, 0.0101424, 0.0101381, 0.0101339, 0.01013, 0.0101262, 0.0101228, 0.0101193, 0.0101165, 0.0101134, 0.0101111, 0.0101083, 0.0101066, 0.0101039, 0.0101029, 0.0101003, 0.0100999, 0.0100972, 0.0100975, 0.0100945, 0.0100957, 0.0100921, 0.0100943, 0.0100896, 0.0100933, 0.010087, 0.0100925, 0.0100839, 0.0100921, 0.0100801, 0.0100922, 0.0100756, 0.0100933, 0.0100704, 0.010095, 0.0100586, 0.01008, 0.0100003, 0.00998484, 
0, 3.13764e-05, 0.000108125, 0.000239862, 0.00040956, 0.000624831, 0.000871829, 0.00115679, 0.00146772, 0.00180903, 0.00216978, 0.0025527, 0.00294776, 0.00335646, 0.00376971, 0.00418827, 0.00460412, 0.00501761, 0.00542195, 0.0058174, 0.0061984, 0.00656539, 0.00691404, 0.00724507, 0.00755534, 0.00784589, 0.00811465, 0.00836298, 0.0085897, 0.00879645, 0.00898275, 0.00915039, 0.00929945, 0.00943177, 0.00954779, 0.00964932, 0.00973702, 0.00981259, 0.00987678, 0.00993111, 0.00997635, 0.0100138, 0.0100442, 0.0100687, 0.0100879, 0.0101027, 0.0101135, 0.0101212, 0.0101262, 0.0101289, 0.0101298, 0.0101293, 0.0101275, 0.0101248, 0.0101214, 0.0101176, 0.0101132, 0.0101088, 0.0101041, 0.0100994, 0.0100946, 0.0100901, 0.0100855, 0.0100813, 0.010077, 0.0100731, 0.0100692, 0.0100658, 0.0100623, 0.0100595, 0.0100563, 0.010054, 0.0100511, 0.0100494, 0.0100467, 0.0100456, 0.010043, 0.0100425, 0.0100398, 0.0100401, 0.010037, 0.0100382, 0.0100345, 0.0100367, 0.010032, 0.0100356, 0.0100293, 0.0100348, 0.0100261, 0.0100343, 0.0100223, 0.0100343, 0.0100178, 0.0100354, 0.0100126, 0.0100372, 0.0100008, 0.0100224, 0.00994299, 0.00992767, 
0, 3.08014e-05, 0.000106394, 0.000235983, 0.000403076, 0.000614922, 0.00085816, 0.00113871, 0.00144505, 0.00178131, 0.00213697, 0.00251457, 0.00290443, 0.00330789, 0.0037162, 0.00412994, 0.0045414, 0.00495079, 0.00535152, 0.00574375, 0.00612208, 0.00648681, 0.00683374, 0.00716348, 0.00747295, 0.00776308, 0.00803185, 0.0082805, 0.00850788, 0.00871551, 0.00890294, 0.00907185, 0.00922232, 0.00935613, 0.0094737, 0.00957678, 0.00966603, 0.00974311, 0.00980874, 0.00986446, 0.00991099, 0.00994967, 0.0099812, 0.0100067, 0.0100268, 0.0100423, 0.0100539, 0.0100623, 0.0100677, 0.010071, 0.0100723, 0.0100721, 0.0100706, 0.0100682, 0.010065, 0.0100612, 0.010057, 0.0100526, 0.010048, 0.0100434, 0.0100387, 0.0100342, 0.0100296, 0.0100253, 0.010021, 0.0100172, 0.0100132, 0.0100098, 0.0100063, 0.0100034, 0.0100002, 0.00999786, 0.00999493, 0.00999318, 0.00999045, 0.0099893, 0.00998664, 0.00998615, 0.00998338, 0.00998362, 0.00998052, 0.00998162, 0.00997789, 0.00998007, 0.00997529, 0.00997888, 0.00997252, 0.00997801, 0.00996933, 0.00997748, 0.0099655, 0.00997745, 0.00996094, 0.00997849, 0.00995571, 0.00998026, 0.00994401, 0.00996563, 0.00988663, 0.00987146, 
0, 3.02449e-05, 0.000104707, 0.000232209, 0.000396761, 0.000605276, 0.00084485, 0.00112111, 0.00142296, 0.0017543, 0.00210499, 0.00247738, 0.00286216, 0.00326049, 0.00366395, 0.00407297, 0.00448011, 0.00488545, 0.00528261, 0.00567164, 0.00604729, 0.00640976, 0.00675496, 0.00708337, 0.00739201, 0.00768168, 0.0079504, 0.00819932, 0.00842731, 0.00863577, 0.00882426, 0.00899439, 0.00914623, 0.00928147, 0.00940055, 0.00950515, 0.00959592, 0.00967447, 0.00974155, 0.00979862, 0.00984644, 0.00988632, 0.00991895, 0.00994545, 0.00996643, 0.00998282, 0.00999513, 0.0100041, 0.0100102, 0.0100139, 0.0100156, 0.0100157, 0.0100145, 0.0100124, 0.0100094, 0.0100058, 0.0100017, 0.00999744, 0.00999289, 0.00998833, 0.00998365, 0.00997914, 0.00997458, 0.00997031, 0.00996602, 0.00996214, 0.00995818, 0.00995476, 0.00995117, 0.00994826, 0.00994501, 0.00994265, 0.00993968, 0.00993789, 0.00993512, 0.00993393, 0.00993123, 0.00993069, 0.00992789, 0.00992809, 0.00992495, 0.00992601, 0.00992224, 0.00992438, 0.00991957, 0.00992312, 0.00991672, 0.00992219, 0.00991348, 0.0099216, 0.00990961, 0.00992153, 0.00990502, 0.00992254, 0.00989978, 0.0099243, 0.00988816, 0.00990984, 0.0098312, 0.00981619, 
0, 2.97063e-05, 0.000103064, 0.000228536, 0.00039061, 0.000595884, 0.000831883, 0.00110397, 0.00140144, 0.00172797, 0.00207381, 0.00244112, 0.00282092, 0.00321423, 0.00361292, 0.00401731, 0.00442019, 0.00482153, 0.00521517, 0.00560102, 0.00597401, 0.00633421, 0.00667766, 0.00700473, 0.00731249, 0.00760165, 0.00787029, 0.00811942, 0.00834794, 0.00855718, 0.00874669, 0.00891798, 0.00907114, 0.00920778, 0.00932832, 0.00943441, 0.00952667, 0.00960667, 0.00967517, 0.00973359, 0.00978269, 0.00982376, 0.00985749, 0.009885, 0.00990689, 0.0099241, 0.00993715, 0.00994677, 0.00995339, 0.00995761, 0.00995973, 0.00996024, 0.00995935, 0.00995743, 0.00995462, 0.00995122, 0.0099473, 0.00994311, 0.00993864, 0.00993414, 0.00992951, 0.00992502, 0.00992047, 0.00991621, 0.00991191, 0.00990801, 0.00990403, 0.00990059, 0.00989697, 0.00989403, 0.00989074, 0.00988835, 0.00988534, 0.00988352, 0.0098807, 0.00987948, 0.00987673, 0.00987616, 0.00987331, 0.00987347, 0.00987029, 0.00987131, 0.0098675, 0.0098696, 0.00986475, 0.00986827, 0.00986185, 0.00986728, 0.00985855, 0.00986664, 0.00985464, 0.00986652, 0.00985002, 0.0098675, 0.00984477, 0.00986926, 0.00983323, 0.00985497, 0.00977668, 0.00976183, 
0, 2.91845e-05, 0.000101463, 0.00022496, 0.000384618, 0.000586735, 0.000819247, 0.00108727, 0.00138046, 0.00170231, 0.00204341, 0.00240574, 0.00278067, 0.00316906, 0.00356308, 0.00396291, 0.0043616, 0.004759, 0.00514914, 0.00553185, 0.00590218, 0.00626012, 0.00660181, 0.00692749, 0.00723435, 0.00752297, 0.00779146, 0.00804076, 0.00826977, 0.00847973, 0.0086702, 0.00884261, 0.00899704, 0.00913503, 0.009257, 0.00936453, 0.00945826, 0.00953969, 0.00960958, 0.00966934, 0.00971971, 0.00976196, 0.00979679, 0.0098253, 0.00984812, 0.00986616, 0.00987994, 0.00989021, 0.00989741, 0.00990212, 0.00990468, 0.00990555, 0.00990497, 0.00990331, 0.00990072, 0.0098975, 0.00989372, 0.00988964, 0.00988525, 0.00988082, 0.00987623, 0.00987177, 0.00986724, 0.00986298, 0.00985867, 0.00985477, 0.00985077, 0.00984731, 0.00984365, 0.00984069, 0.00983736, 0.00983493, 0.00983189, 0.00983003, 0.00982717, 0.00982591, 0.00982312, 0.00982251, 0.00981962, 0.00981974, 0.00981651, 0.0098175, 0.00981365, 0.00981572, 0.00981083, 0.00981432, 0.00980786, 0.00981326, 0.00980452, 0.00981257, 0.00980056, 0.00981241, 0.00979591, 0.00981336, 0.00979065, 0.00981511, 0.00977919, 0.009801, 0.00972306, 0.00970835, 
0, 2.86788e-05, 9.99027e-05, 0.000221478, 0.000378777, 0.000577821, 0.000806932, 0.00107098, 0.00136, 0.00167728, 0.00201374, 0.00237122, 0.00274137, 0.00312496, 0.00351438, 0.00390974, 0.00430429, 0.00469781, 0.0050845, 0.00546408, 0.00583177, 0.00618745, 0.00652735, 0.00685165, 0.00715756, 0.0074456, 0.0077139, 0.00796332, 0.00819277, 0.0084034, 0.00859478, 0.00876826, 0.00892391, 0.00906321, 0.00918657, 0.00929551, 0.00939067, 0.00947351, 0.00954478, 0.00960585, 0.00965748, 0.00970091, 0.00973684, 0.00976636, 0.00979009, 0.00980895, 0.00982348, 0.00983442, 0.00984219, 0.00984741, 0.00985041, 0.00985165, 0.00985139, 0.00985, 0.00984763, 0.00984459, 0.00984095, 0.009837, 0.0098327, 0.00982833, 0.00982379, 0.00981936, 0.00981485, 0.0098106, 0.00980629, 0.00980238, 0.00979836, 0.00979488, 0.00979119, 0.0097882, 0.00978484, 0.00978238, 0.0097793, 0.0097774, 0.0097745, 0.0097732, 0.00977037, 0.00976972, 0.00976679, 0.00976687, 0.00976361, 0.00976456, 0.00976067, 0.0097627, 0.00975778, 0.00976123, 0.00975475, 0.00976012, 0.00975135, 0.00975937, 0.00974735, 0.00975917, 0.00974268, 0.00976008, 0.00973741, 0.00976183, 0.00972601, 0.00974788, 0.00967029, 0.00965574, 
0, 2.81885e-05, 9.83813e-05, 0.000218086, 0.000373083, 0.000569133, 0.000794924, 0.00105511, 0.00134005, 0.00165287, 0.0019848, 0.00233753, 0.00270301, 0.00308187, 0.00346679, 0.00385775, 0.00424824, 0.00463793, 0.0050212, 0.00539769, 0.00576275, 0.00611616, 0.00645427, 0.00677715, 0.00708209, 0.00736951, 0.00763758, 0.00788707, 0.00811691, 0.00832816, 0.0085204, 0.0086949, 0.00885172, 0.00899229, 0.009117, 0.00922733, 0.00932389, 0.00940811, 0.00948074, 0.00954311, 0.00959599, 0.00964058, 0.00967761, 0.00970813, 0.00973279, 0.00975248, 0.00976775, 0.00977935, 0.00978772, 0.00979345, 0.00979689, 0.00979852, 0.00979858, 0.00979747, 0.00979532, 0.00979248, 0.00978899, 0.00978516, 0.00978096, 0.00977666, 0.00977217, 0.00976778, 0.00976329, 0.00975905, 0.00975474, 0.00975082, 0.00974679, 0.00974328, 0.00973957, 0.00973655, 0.00973316, 0.00973067, 0.00972755, 0.00972561, 0.00972268, 0.00972134, 0.00971847, 0.00971778, 0.0097148, 0.00971485, 0.00971154, 0.00971246, 0.00970853, 0.00971053, 0.00970557, 0.00970899, 0.00970248, 0.00970781, 0.00969902, 0.00970702, 0.00969499, 0.00970677, 0.00969028, 0.00970765, 0.00968501, 0.00970939, 0.00967369, 0.00969561, 0.00961837, 0.00960397, 
0, 2.77129e-05, 9.68974e-05, 0.00021478, 0.00036753, 0.000560663, 0.000783213, 0.00103963, 0.00132059, 0.00162905, 0.00195654, 0.00230464, 0.00266553, 0.00303978, 0.00342027, 0.00380691, 0.0041934, 0.00457931, 0.0049592, 0.00533262, 0.00569506, 0.00604621, 0.00638252, 0.00670397, 0.00700791, 0.00729467, 0.00756248, 0.00781199, 0.00804217, 0.00825399, 0.00844704, 0.00862251, 0.00878047, 0.00892226, 0.00904829, 0.00915996, 0.00925789, 0.00934348, 0.00941744, 0.00948111, 0.00953521, 0.00958097, 0.00961908, 0.0096506, 0.00967618, 0.00969671, 0.00971274, 0.00972501, 0.00973396, 0.00974022, 0.00974411, 0.00974613, 0.00974653, 0.00974569, 0.00974378, 0.00974113, 0.00973781, 0.0097341, 0.00973, 0.00972578, 0.00972134, 0.00971699, 0.00971253, 0.0097083, 0.00970399, 0.00970006, 0.00969602, 0.0096925, 0.00968876, 0.00968572, 0.00968229, 0.00967977, 0.00967661, 0.00967464, 0.00967167, 0.00967029, 0.00966738, 0.00966665, 0.00966364, 0.00966365, 0.0096603, 0.00966118, 0.00965721, 0.00965918, 0.00965418, 0.00965757, 0.00965103, 0.00965633, 0.00964752, 0.00965549, 0.00964344, 0.0096552, 0.00963872, 0.00965605, 0.00963343, 0.00965778, 0.00962218, 0.00964417, 0.00956727, 0.00955301, 
0, 2.72514e-05, 9.54499e-05, 0.000211558, 0.000362114, 0.000552404, 0.000771789, 0.00102453, 0.0013016, 0.00160581, 0.00192896, 0.00227252, 0.00262893, 0.00299864, 0.00337479, 0.00375719, 0.00413973, 0.00452192, 0.00489846, 0.00526885, 0.00562868, 0.00597758, 0.00631207, 0.00663207, 0.00693498, 0.00722106, 0.00748856, 0.00773805, 0.00796853, 0.00818088, 0.00837469, 0.00855109, 0.00871014, 0.00885311, 0.00898042, 0.0090934, 0.00919268, 0.0092796, 0.00935488, 0.00941981, 0.00947514, 0.00952204, 0.00956124, 0.00959376, 0.00962026, 0.00964162, 0.00965841, 0.00967135, 0.00968091, 0.00968769, 0.00969205, 0.00969446, 0.0096952, 0.00969465, 0.00969299, 0.00969054, 0.00968738, 0.0096838, 0.00967981, 0.00967567, 0.00967129, 0.00966698, 0.00966255, 0.00965834, 0.00965403, 0.0096501, 0.00964604, 0.0096425, 0.00963875, 0.00963568, 0.00963222, 0.00962967, 0.00962647, 0.00962447, 0.00962145, 0.00962004, 0.00961709, 0.00961633, 0.00961327, 0.00961324, 0.00960985, 0.0096107, 0.00960669, 0.00960862, 0.00960359, 0.00960695, 0.00960038, 0.00960565, 0.00959682, 0.00960476, 0.0095927, 0.00960443, 0.00958795, 0.00960524, 0.00958266, 0.00960697, 0.00957148, 0.00959352, 0.00951696, 0.00950285, 
0, 2.68032e-05, 9.40374e-05, 0.000208416, 0.000356829, 0.000544346, 0.000760642, 0.00100979, 0.00128306, 0.00158311, 0.00190203, 0.00224114, 0.00259316, 0.00295843, 0.00333032, 0.00370855, 0.0040872, 0.00446571, 0.00483896, 0.00520634, 0.00556357, 0.00591022, 0.0062429, 0.00656143, 0.00686329, 0.00714865, 0.0074158, 0.00766524, 0.00789596, 0.0081088, 0.00830332, 0.00848061, 0.0086407, 0.00878482, 0.00891336, 0.00902763, 0.00912822, 0.00921645, 0.00929302, 0.00935921, 0.00941575, 0.00946379, 0.00950407, 0.00953758, 0.00956501, 0.00958721, 0.00960475, 0.00961837, 0.00962854, 0.00963585, 0.00964067, 0.00964349, 0.00964458, 0.00964433, 0.00964291, 0.00964067, 0.00963768, 0.00963424, 0.00963036, 0.0096263, 0.00962199, 0.00961773, 0.00961332, 0.00960913, 0.00960483, 0.0096009, 0.00959683, 0.00959328, 0.0095895, 0.00958641, 0.00958292, 0.00958033, 0.0095771, 0.00957507, 0.00957201, 0.00957057, 0.00956757, 0.00956677, 0.00956368, 0.00956361, 0.00956018, 0.00956099, 0.00955695, 0.00955885, 0.00955379, 0.00955711, 0.00955051, 0.00955575, 0.0095469, 0.00955481, 0.00954275, 0.00955444, 0.00953797, 0.00955522, 0.00953267, 0.00955694, 0.00952156, 0.00954365, 0.00946743, 0.00945347, 
0, 2.63679e-05, 9.26587e-05, 0.000205352, 0.000351672, 0.000536485, 0.000749762, 0.000995406, 0.00126497, 0.00156096, 0.00187572, 0.00221049, 0.0025582, 0.00291912, 0.00328682, 0.00366095, 0.00403578, 0.00441067, 0.00478065, 0.00514504, 0.0054997, 0.00584411, 0.00617495, 0.00649201, 0.00679279, 0.00707741, 0.00734417, 0.00759352, 0.00782445, 0.00803772, 0.00823292, 0.00841105, 0.00857214, 0.00871737, 0.00884711, 0.00896263, 0.0090645, 0.00915401, 0.00923187, 0.00929929, 0.00935703, 0.0094062, 0.00944755, 0.00948206, 0.0095104, 0.00953344, 0.00955175, 0.00956605, 0.00957683, 0.00958468, 0.00958998, 0.00959321, 0.00959465, 0.0095947, 0.00959354, 0.00959151, 0.0095887, 0.0095854, 0.00958163, 0.00957767, 0.00957343, 0.00956922, 0.00956484, 0.00956067, 0.00955638, 0.00955245, 0.00954837, 0.0095448, 0.009541, 0.00953789, 0.00953437, 0.00953176, 0.00952849, 0.00952642, 0.00952333, 0.00952185, 0.00951882, 0.00951798, 0.00951484, 0.00951474, 0.00951127, 0.00951205, 0.00950796, 0.00950983, 0.00950474, 0.00950803, 0.0095014, 0.00950661, 0.00949774, 0.00950562, 0.00949355, 0.00950521, 0.00948874, 0.00950596, 0.00948344, 0.00950767, 0.0094724, 0.00949453, 0.00941866, 0.00940484, 
0, 2.59448e-05, 9.13127e-05, 0.000202363, 0.000346637, 0.000528812, 0.00073914, 0.000981365, 0.00124729, 0.00153932, 0.00185002, 0.00218054, 0.00252403, 0.00288068, 0.00324426, 0.00361437, 0.00398543, 0.00435675, 0.00472349, 0.00508494, 0.00543703, 0.0057792, 0.00610822, 0.00642379, 0.00672347, 0.00700732, 0.00727366, 0.00752287, 0.00775397, 0.00796764, 0.00816347, 0.00834239, 0.00850445, 0.00865075, 0.00878165, 0.00889839, 0.00900152, 0.00909229, 0.0091714, 0.00924004, 0.00929896, 0.00934926, 0.00939166, 0.00942717, 0.00945642, 0.0094803, 0.00949938, 0.00951437, 0.00952576, 0.00953416, 0.00953993, 0.00954358, 0.00954538, 0.00954574, 0.00954485, 0.00954304, 0.00954041, 0.00953726, 0.00953361, 0.00952974, 0.00952557, 0.00952141, 0.00951708, 0.00951293, 0.00950865, 0.00950472, 0.00950064, 0.00949706, 0.00949324, 0.0094901, 0.00948656, 0.00948391, 0.00948061, 0.00947851, 0.00947538, 0.00947387, 0.00947079, 0.00946992, 0.00946674, 0.00946661, 0.0094631, 0.00946384, 0.00945972, 0.00946155, 0.00945643, 0.00945968, 0.00945303, 0.00945821, 0.00944932, 0.00945717, 0.00944509, 0.00945672, 0.00944026, 0.00945744, 0.00943495, 0.00945914, 0.00942398, 0.00944616, 0.00937062, 0.00935694, 
0, 2.55335e-05, 8.99983e-05, 0.000199445, 0.000341721, 0.000521322, 0.000728768, 0.000967654, 0.00123003, 0.00151818, 0.00182491, 0.00215126, 0.00249061, 0.00284308, 0.00320262, 0.00356877, 0.00393612, 0.00430392, 0.00466747, 0.005026, 0.00537554, 0.00571548, 0.00604267, 0.00635673, 0.0066553, 0.00693835, 0.00720424, 0.00745328, 0.0076845, 0.00789853, 0.00809495, 0.00827463, 0.0084376, 0.00858494, 0.00871697, 0.00883489, 0.00893925, 0.00903126, 0.0091116, 0.00918144, 0.00924153, 0.00929294, 0.0093364, 0.00937289, 0.00940307, 0.00942779, 0.00944762, 0.00946331, 0.00947532, 0.00948427, 0.00949053, 0.0094946, 0.00949677, 0.00949744, 0.00949682, 0.00949523, 0.00949279, 0.0094898, 0.00948627, 0.0094825, 0.00947841, 0.00947431, 0.00947001, 0.00946589, 0.00946163, 0.0094577, 0.00945361, 0.00945002, 0.00944619, 0.00944302, 0.00943945, 0.00943678, 0.00943345, 0.00943132, 0.00942815, 0.0094266, 0.00942349, 0.00942258, 0.00941937, 0.00941919, 0.00941565, 0.00941635, 0.0094122, 0.009414, 0.00940884, 0.00941206, 0.00940538, 0.00941054, 0.00940163, 0.00940944, 0.00939736, 0.00940895, 0.00939251, 0.00940964, 0.00938719, 0.00941133, 0.00937629, 0.00939851, 0.00932331, 0.00930977, 
0, 2.51334e-05, 8.87145e-05, 0.000196597, 0.00033692, 0.000514008, 0.000718636, 0.000954261, 0.00121317, 0.00149753, 0.00180036, 0.00212264, 0.00245794, 0.0028063, 0.00316187, 0.00352413, 0.00388782, 0.00425216, 0.00461255, 0.00496818, 0.00531519, 0.00565291, 0.00597826, 0.00629081, 0.00658824, 0.00687047, 0.00713588, 0.00738472, 0.00761603, 0.00783038, 0.00802734, 0.00820774, 0.0083716, 0.00851992, 0.00865306, 0.00877212, 0.00887769, 0.0089709, 0.00905246, 0.00912349, 0.00918473, 0.00923724, 0.00928175, 0.00931922, 0.00935031, 0.00937587, 0.00939647, 0.00941285, 0.00942549, 0.00943499, 0.00944174, 0.00944625, 0.00944879, 0.00944978, 0.00944943, 0.00944808, 0.00944583, 0.009443, 0.0094396, 0.00943593, 0.00943192, 0.00942788, 0.00942363, 0.00941954, 0.00941529, 0.00941137, 0.00940728, 0.00940368, 0.00939983, 0.00939665, 0.00939305, 0.00939035, 0.00938699, 0.00938482, 0.00938162, 0.00938004, 0.00937689, 0.00937594, 0.00937269, 0.00937248, 0.0093689, 0.00936957, 0.00936538, 0.00936714, 0.00936195, 0.00936515, 0.00935844, 0.00936356, 0.00935464, 0.00936242, 0.00935033, 0.00936189, 0.00934546, 0.00936255, 0.00934013, 0.00936423, 0.0093293, 0.00935156, 0.00927669, 0.00926329, 
