0.0922149, 0.0922149, 0.0922151, 0.0922151, 0.0922151, 0.0922151, 0.0922151, 0.0922151, 0.0922151, 0.0922151, 0.0922151, 0.0922152, 0.0922152, 0.0922152, 0.0922152, 0.0922155, 0.0922156, 0.0922156, 0.0922156, 0.0922156, 0.0922156, 0.0922157, 0.0922157, 0.0922157, 0.0922157, 0.0922158, 0.0922158, 0.0922158, 0.0922159, 0.0922159, 0.0922159, 0.0922159, 0.092216, 0.0922158, 0.0922149, 0.0922093, 0.0922091, 0.0922091, 0.0922091, 0.0922092, 0.0922092, 0.0922093, 0.0922093, 0.0922094, 0.0922094, 0.0922095, 0.0922095, 0.0922096, 0.0922096, 0.0922097, 
0.0918985, 0.0918985, 0.0918987, 0.0918989, 0.0918993, 0.0919, 0.0919008, 0.091902, 0.0919035, 0.0919053, 0.0919077, 0.0919106, 0.0919142, 0.0919185, 0.0919238, 0.0919302, 0.0919368, 0.0919434, 0.0919502, 0.0919573, 0.0919645, 0.0919721, 0.0919801, 0.0919885, 0.0919976, 0.0920073, 0.092018, 0.0920297, 0.0920427, 0.0920574, 0.0920741, 0.0920932, 0.0921152, 0.0921409, 0.0921709, 0.0922064, 0.0922083, 0.0922084, 0.0922084, 0.0922084, 0.0922084, 0.0922084, 0.0922084, 0.0922084, 0.0922084, 0.0922084, 0.0922084, 0.0922084, 0.0922084, 0.0922084, 
0.0916033, 0.0916033, 0.0916035, 0.0916038, 0.0916043, 0.0916051, 0.0916062, 0.0916076, 0.0916094, 0.0916117, 0.0916146, 0.0916182, 0.0916226, 0.0916279, 0.0916344, 0.0916423, 0.0916505, 0.0916592, 0.0916685, 0.0916785, 0.0916894, 0.0917012, 0.0917142, 0.0917286, 0.0917447, 0.0917629, 0.0917836, 0.0918072, 0.0918343, 0.0918656, 0.0919021, 0.0919446, 0.0919944, 0.092053, 0.0921221, 0.0922038, 0.0922081, 0.0922084, 0.0922084, 0.0922084, 0.0922084, 0.0922084, 0.0922084, 0.0922084, 0.0922084, 0.0922084, 0.0922084, 0.0922084, 0.0922084, 0.0922084, 
0.0913169, 0.0913169, 0.0913171, 0.0913175, 0.0913181, 0.091319, 0.0913203, 0.091322, 0.0913241, 0.0913268, 0.0913303, 0.0913345, 0.0913396, 0.091346, 0.0913536, 0.0913629, 0.0913728, 0.0913835, 0.0913953, 0.0914081, 0.0914224, 0.0914383, 0.0914562, 0.0914765, 0.0914995, 0.0915259, 0.0915562, 0.0915913, 0.0916321, 0.0916796, 0.0917352, 0.0918004, 0.0918772, 0.0919677, 0.0920746, 0.0922012, 0.092208, 0.0922084, 0.0922084, 0.0922084, 0.0922084, 0.0922084, 0.0922084, 0.0922084, 0.0922084, 0.0922084, 0.0922084, 0.0922084, 0.0922084, 0.0922084, 
0.0910392, 0.0910392, 0.0910394, 0.0910398, 0.0910405, 0.0910416, 0.091043, 0.091045, 0.0910475, 0.0910506, 0.0910545, 0.0910594, 0.0910653, 0.0910726, 0.0910814, 0.091092, 0.0911035, 0.0911163, 0.0911304, 0.0911461, 0.0911637, 0.0911836, 0.0912062, 0.0912321, 0.0912618, 0.0912961, 0.0913359, 0.0913821, 0.0914361, 0.0914993, 0.0915735, 0.0916607, 0.0917635, 0.0918849, 0.0920286, 0.0921988, 0.0922079, 0.0922084, 0.0922084, 0.0922084, 0.0922084, 0.0922084, 0.0922084, 0.0922084, 0.0922084, 0.0922084, 0.0922084, 0.0922084, 0.0922084, 0.0922084, 
0.09077, 0.09077, 0.0907702, 0.0907707, 0.0907715, 0.0907727, 0.0907744, 0.0907765, 0.0907793, 0.0907829, 0.0907873, 0.0907928, 0.0907995, 0.0908077, 0.0908176, 0.0908295, 0.0908427, 0.0908573, 0.0908737, 0.0908921, 0.090913, 0.0909368, 0.0909641, 0.0909954, 0.0910316, 0.0910736, 0.0911225, 0.0911796, 0.0912464, 0.0913247, 0.0914168, 0.0915253, 0.0916534, 0.0918047, 0.0919839, 0.0921964, 0.0922077, 0.0922084, 0.0922084, 0.0922084, 0.0922084, 0.0922084, 0.0922084, 0.0922084, 0.0922084, 0.0922084, 0.0922084, 0.0922084, 0.0922084, 0.0922084, 
0.0905092, 0.0905092, 0.0905095, 0.09051, 0.0905109, 0.0905123, 0.0905141, 0.0905165, 0.0905196, 0.0905236, 0.0905285, 0.0905346, 0.090542, 0.0905511, 0.0905621, 0.0905753, 0.0905901, 0.0906066, 0.0906252, 0.0906463, 0.0906703, 0.0906979, 0.0907296, 0.0907663, 0.0908088, 0.0908583, 0.090916, 0.0909835, 0.0910627, 0.0911557, 0.0912652, 0.0913943, 0.0915467, 0.091727, 0.0919407, 0.0921941, 0.0922076, 0.0922083, 0.0922084, 0.0922084, 0.0922084, 0.0922084, 0.0922084, 0.0922084, 0.0922084, 0.0922084, 0.0922084, 0.0922084, 0.0922084, 0.0922084, 
0.0902568, 0.0902568, 0.090257, 0.0902576, 0.0902587, 0.0902601, 0.0902621, 0.0902648, 0.0902682, 0.0902726, 0.090278, 0.0902847, 0.0902928, 0.0903028, 0.0903148, 0.0903293, 0.0903456, 0.0903639, 0.0903847, 0.0904084, 0.0904355, 0.0904667, 0.0905028, 0.0905446, 0.0905932, 0.0906499, 0.0907162, 0.0907938, 0.0908849, 0.0909921, 0.0911184, 0.0912674, 0.0914435, 0.0916518, 0.0918988, 0.0921918, 0.0922075, 0.0922083, 0.0922084, 0.0922084, 0.0922084, 0.0922084, 0.0922084, 0.0922084, 0.0922084, 0.0922084, 0.0922084, 0.0922084, 0.0922084, 0.0922084, 
0.0900125, 0.0900125, 0.0900128, 0.0900135, 0.0900146, 0.0900162, 0.0900184, 0.0900213, 0.090025, 0.0900297, 0.0900356, 0.0900428, 0.0900517, 0.0900625, 0.0900756, 0.0900913, 0.090109, 0.0901291, 0.090152, 0.0901783, 0.0902084, 0.0902432, 0.0902834, 0.0903302, 0.0903847, 0.0904484, 0.090523, 0.0906104, 0.0907131, 0.090834, 0.0909765, 0.0911448, 0.0913436, 0.0915791, 0.0918582, 0.0921896, 0.0922074, 0.0922083, 0.0922084, 0.0922084, 0.0922084, 0.0922084, 0.0922084, 0.0922084, 0.0922084, 0.0922084, 0.0922084, 0.0922084, 0.0922084, 0.0922084, 
0.0897763, 0.0897763, 0.0897766, 0.0897773, 0.0897785, 0.0897802, 0.0897826, 0.0897858, 0.0897898, 0.0897949, 0.0898012, 0.089809, 0.0898186, 0.0898302, 0.0898443, 0.0898612, 0.0898804, 0.0899022, 0.0899271, 0.0899558, 0.0899888, 0.090027, 0.0900714, 0.090123, 0.0901833, 0.0902537, 0.0903362, 0.0904331, 0.090547, 0.0906812, 0.0908394, 0.0910262, 0.0912471, 0.0915087, 0.091819, 0.0921875, 0.0922073, 0.0922083, 0.0922084, 0.0922084, 0.0922084, 0.0922084, 0.0922084, 0.0922084, 0.0922084, 0.0922084, 0.0922084, 0.0922084, 0.0922084, 0.0922084, 
0.089548, 0.089548, 0.0895483, 0.0895491, 0.0895504, 0.0895522, 0.0895548, 0.0895581, 0.0895624, 0.0895679, 0.0895747, 0.089583, 0.0895933, 0.0896057, 0.0896207, 0.0896388, 0.0896594, 0.0896829, 0.0897098, 0.0897409, 0.0897767, 0.0898183, 0.0898666, 0.0899229, 0.0899886, 0.0900656, 0.0901559, 0.0902619, 0.0903866, 0.0905335, 0.0907069, 0.0909116, 0.0911538, 0.0914407, 0.0917811, 0.0921855, 0.0922072, 0.0922083, 0.0922084, 0.0922084, 0.0922084, 0.0922084, 0.0922084, 0.0922084, 0.0922084, 0.0922084, 0.0922084, 0.0922084, 0.0922084, 0.0922084, 
0.0893274, 0.0893274, 0.0893278, 0.0893286, 0.08933, 0.0893319, 0.0893347, 0.0893382, 0.0893428, 0.0893486, 0.0893559, 0.0893648, 0.0893756, 0.0893889, 0.0894048, 0.0894241, 0.089446, 0.0894711, 0.0895, 0.0895333, 0.0895719, 0.0896167, 0.0896688, 0.0897296, 0.0898007, 0.089884, 0.0899817, 0.0900966, 0.0902317, 0.090391, 0.0905789, 0.090801, 0.0910637, 0.091375, 0.0917444, 0.0921836, 0.0922071, 0.0922083, 0.0922084, 0.0922084, 0.0922084, 0.0922084, 0.0922084, 0.0922084, 0.0922084, 0.0922084, 0.0922084, 0.0922084, 0.0922084, 0.0922084, 
0.0891144, 0.0891144, 0.0891149, 0.0891157, 0.0891172, 0.0891193, 0.0891221, 0.0891259, 0.0891308, 0.0891369, 0.0891446, 0.089154, 0.0891655, 0.0891795, 0.0891964, 0.0892167, 0.08924, 0.0892667, 0.0892974, 0.089333, 0.0893742, 0.0894221, 0.0894779, 0.0895431, 0.0896193, 0.0897087, 0.0898137, 0.089937, 0.0900822, 0.0902534, 0.0904554, 0.0906942, 0.0909767, 0.0913115, 0.091709, 0.0921817, 0.092207, 0.0922083, 0.0922084, 0.0922084, 0.0922084, 0.0922084, 0.0922084, 0.0922084, 0.0922084, 0.0922084, 0.0922084, 0.0922084, 0.0922084, 0.0922084, 
0.0889089, 0.0889089, 0.0889093, 0.0889103, 0.0889118, 0.088914, 0.088917, 0.088921, 0.0889262, 0.0889326, 0.0889407, 0.0889506, 0.0889628, 0.0889775, 0.0889953, 0.0890167, 0.0890412, 0.0890694, 0.089102, 0.0891397, 0.0891834, 0.0892343, 0.0892937, 0.0893631, 0.0894444, 0.0895397, 0.0896516, 0.0897831, 0.0899381, 0.0901207, 0.0903363, 0.0905911, 0.0908928, 0.0912503, 0.0916748, 0.0921798, 0.0922069, 0.0922083, 0.0922084, 0.0922084, 0.0922084, 0.0922084, 0.0922084, 0.0922084, 0.0922084, 0.0922084, 0.0922084, 0.0922084, 0.0922084, 0.0922084, 
0.0887107, 0.0887107, 0.0887111, 0.0887121, 0.0887137, 0.088716, 0.0887192, 0.0887234, 0.0887288, 0.0887356, 0.088744, 0.0887545, 0.0887672, 0.0887826, 0.0888013, 0.0888237, 0.0888495, 0.0888792, 0.0889135, 0.0889533, 0.0889995, 0.0890533, 0.0891162, 0.0891897, 0.0892757, 0.0893767, 0.0894953, 0.0896348, 0.0897991, 0.0899927, 0.0902214, 0.0904918, 0.0908118, 0.0911912, 0.0916419, 0.0921781, 0.0922068, 0.0922083, 0.0922084, 0.0922084, 0.0922084, 0.0922084, 0.0922084, 0.0922084, 0.0922084, 0.0922084, 0.0922084, 0.0922084, 0.0922084, 0.0922084, 
0.0885195, 0.0885195, 0.08852, 0.088521, 0.0885227, 0.0885251, 0.0885284, 0.0885328, 0.0885385, 0.0885456, 0.0885544, 0.0885653, 0.0885787, 0.0885948, 0.0886143, 0.0886377, 0.0886647, 0.0886958, 0.0887318, 0.0887736, 0.0888222, 0.0888789, 0.0889451, 0.0890225, 0.0891132, 0.0892196, 0.0893447, 0.0894918, 0.0896651, 0.0898694, 0.0901107, 0.090396, 0.0907338, 0.0911343, 0.0916101, 0.0921764, 0.0922067, 0.0922083, 0.0922084, 0.0922084, 0.0922084, 0.0922084, 0.0922084, 0.0922084, 0.0922084, 0.0922084, 0.0922084, 0.0922084, 0.0922084, 0.0922084, 
0.0883353, 0.0883353, 0.0883358, 0.0883368, 0.0883386, 0.0883411, 0.0883446, 0.0883492, 0.0883551, 0.0883625, 0.0883717, 0.0883831, 0.088397, 0.0884138, 0.0884341, 0.0884585, 0.0884866, 0.0885191, 0.0885568, 0.0886005, 0.0886514, 0.0887108, 0.0887802, 0.0888614, 0.0889566, 0.0890683, 0.0891996, 0.0893541, 0.089536, 0.0897507, 0.0900041, 0.0903037, 0.0906586, 0.0910794, 0.0915794, 0.0921747, 0.0922066, 0.0922083, 0.0922084, 0.0922084, 0.0922084, 0.0922084, 0.0922084, 0.0922084, 0.0922084, 0.0922084, 0.0922084, 0.0922084, 0.0922084, 0.0922084, 
0.0881578, 0.0881578, 0.0881583, 0.0881594, 0.0881613, 0.0881639, 0.0881675, 0.0881723, 0.0881784, 0.0881861, 0.0881957, 0.0882076, 0.088222, 0.0882394, 0.0882605, 0.0882859, 0.0883151, 0.088349, 0.0883882, 0.0884338, 0.0884869, 0.088549, 0.0886214, 0.0887063, 0.0888058, 0.0889226, 0.0890599, 0.0892215, 0.0894118, 0.0896363, 0.0899014, 0.0902149, 0.0905861, 0.0910265, 0.0915499, 0.0921731, 0.0922065, 0.0922083, 0.0922084, 0.0922084, 0.0922084, 0.0922084, 0.0922084, 0.0922084, 0.0922084, 0.0922084, 0.0922084, 0.0922084, 0.0922084, 0.0922084, 
0.0879869, 0.0879869, 0.0879875, 0.0879886, 0.0879905, 0.0879933, 0.087997, 0.088002, 0.0880083, 0.0880163, 0.0880263, 0.0880385, 0.0880535, 0.0880716, 0.0880934, 0.0881197, 0.08815, 0.0881851, 0.0882259, 0.0882733, 0.0883286, 0.0883932, 0.0884686, 0.088557, 0.0886607, 0.0887824, 0.0889255, 0.0890939, 0.0892922, 0.0895262, 0.0898025, 0.0901293, 0.0905164, 0.0909756, 0.0915214, 0.0921716, 0.0922064, 0.0922083, 0.0922084, 0.0922084, 0.0922084, 0.0922084, 0.0922084, 0.0922084, 0.0922084, 0.0922084, 0.0922084, 0.0922084, 0.0922084, 0.0922084, 
0.0878225, 0.0878225, 0.087823, 0.0878242, 0.0878262, 0.087829, 0.0878329, 0.087838, 0.0878446, 0.0878529, 0.0878632, 0.0878759, 0.0878913, 0.08791, 0.0879326, 0.0879598, 0.0879911, 0.0880275, 0.0880698, 0.0881189, 0.0881763, 0.0882433, 0.0883216, 0.0884134, 0.0885211, 0.0886475, 0.0887961, 0.0889711, 0.0891772, 0.0894203, 0.0897074, 0.090047, 0.0904493, 0.0909266, 0.091494, 0.0921701, 0.0922064, 0.0922083, 0.0922084, 0.0922084, 0.0922084, 0.0922084, 0.0922084, 0.0922084, 0.0922084, 0.0922084, 0.0922084, 0.0922084, 0.0922084, 0.0922084, 
0.0876642, 0.0876642, 0.0876648, 0.087666, 0.0876681, 0.087671, 0.087675, 0.0876803, 0.0876871, 0.0876957, 0.0877063, 0.0877194, 0.0877353, 0.0877546, 0.0877779, 0.0878059, 0.0878383, 0.0878759, 0.0879195, 0.0879704, 0.0880298, 0.0880991, 0.0881802, 0.0882753, 0.0883868, 0.0885178, 0.0886718, 0.088853, 0.0890665, 0.0893184, 0.0896159, 0.0899678, 0.0903847, 0.0908794, 0.0914676, 0.0921687, 0.0922063, 0.0922083, 0.0922084, 0.0922084, 0.0922084, 0.0922084, 0.0922084, 0.0922084, 0.0922084, 0.0922084, 0.0922084, 0.0922084, 0.0922084, 0.0922084, 
0.0875121, 0.0875121, 0.0875126, 0.0875139, 0.087516, 0.087519, 0.0875232, 0.0875286, 0.0875356, 0.0875445, 0.0875554, 0.0875689, 0.0875853, 0.0876052, 0.0876292, 0.087658, 0.0876914, 0.0877301, 0.0877751, 0.0878276, 0.0878889, 0.0879605, 0.0880443, 0.0881425, 0.0882577, 0.0883931, 0.0885522, 0.0887395, 0.0889601, 0.0892205, 0.089528, 0.0898917, 0.0903226, 0.0908341, 0.0914423, 0.0921674, 0.0922062, 0.0922083, 0.0922084, 0.0922084, 0.0922084, 0.0922084, 0.0922084, 0.0922084, 0.0922084, 0.0922084, 0.0922084, 0.0922084, 0.0922084, 0.0922084, 
0.0873658, 0.0873658, 0.0873664, 0.0873677, 0.0873698, 0.0873729, 0.0873772, 0.0873828, 0.08739, 0.0873991, 0.0874104, 0.0874242, 0.0874411, 0.0874616, 0.0874862, 0.0875158, 0.0875501, 0.0875899, 0.0876363, 0.0876904, 0.0877535, 0.0878273, 0.0879137, 0.0880149, 0.0881337, 0.0882732, 0.0884373, 0.0886304, 0.0888579, 0.0891264, 0.0894435, 0.0898185, 0.090263, 0.0907905, 0.0914179, 0.0921661, 0.0922061, 0.0922083, 0.0922084, 0.0922084, 0.0922084, 0.0922084, 0.0922084, 0.0922084, 0.0922084, 0.0922084, 0.0922084, 0.0922084, 0.0922084, 0.0922084, 
0.0872252, 0.0872252, 0.0872258, 0.0872272, 0.0872294, 0.0872326, 0.0872369, 0.0872427, 0.0872501, 0.0872594, 0.087271, 0.0872852, 0.0873025, 0.0873235, 0.0873488, 0.0873792, 0.0874144, 0.0874553, 0.0875029, 0.0875585, 0.0876234, 0.0876993, 0.0877881, 0.0878923, 0.0880145, 0.0881581, 0.0883269, 0.0885256, 0.0887597, 0.0890359, 0.0893622, 0.0897482, 0.0902056, 0.0907486, 0.0913945, 0.0921648, 0.0922061, 0.0922083, 0.0922084, 0.0922084, 0.0922084, 0.0922084, 0.0922084, 0.0922084, 0.0922084, 0.0922084, 0.0922084, 0.0922084, 0.0922084, 0.0922084, 
0.0870901, 0.0870901, 0.0870908, 0.0870922, 0.0870944, 0.0870977, 0.0871022, 0.0871081, 0.0871157, 0.0871253, 0.0871371, 0.0871517, 0.0871694, 0.0871909, 0.0872168, 0.0872479, 0.087284, 0.087326, 0.0873748, 0.0874319, 0.0874985, 0.0875764, 0.0876676, 0.0877746, 0.0879001, 0.0880475, 0.0882209, 0.0884249, 0.0886654, 0.0889491, 0.0892843, 0.0896807, 0.0901505, 0.0907083, 0.0913719, 0.0921636, 0.092206, 0.0922083, 0.0922084, 0.0922084, 0.0922084, 0.0922084, 0.0922084, 0.0922084, 0.0922084, 0.0922084, 0.0922084, 0.0922084, 0.0922084, 0.0922084, 
0.0869604, 0.0869604, 0.0869611, 0.0869625, 0.0869648, 0.0869682, 0.0869728, 0.0869789, 0.0869866, 0.0869964, 0.0870086, 0.0870235, 0.0870416, 0.0870636, 0.0870901, 0.0871219, 0.0871588, 0.0872018, 0.0872519, 0.0873103, 0.0873785, 0.0874584, 0.0875519, 0.0876615, 0.0877902, 0.0879414, 0.0881191, 0.0883283, 0.0885749, 0.0888658, 0.0892094, 0.0896159, 0.0900976, 0.0906696, 0.0913503, 0.0921624, 0.092206, 0.0922083, 0.0922084, 0.0922084, 0.0922084, 0.0922084, 0.0922084, 0.0922084, 0.0922084, 0.0922084, 0.0922084, 0.0922084, 0.0922084, 0.0922084, 
0.0868359, 0.0868359, 0.0868366, 0.0868381, 0.0868404, 0.0868439, 0.0868486, 0.0868548, 0.0868627, 0.0868727, 0.0868851, 0.0869004, 0.0869189, 0.0869414, 0.0869685, 0.087001, 0.0870387, 0.0870826, 0.0871338, 0.0871936, 0.0872634, 0.0873451, 0.0874408, 0.0875531, 0.0876848, 0.0878395, 0.0880215, 0.0882356, 0.088488, 0.0887858, 0.0891375, 0.0895537, 0.0900469, 0.0906325, 0.0913295, 0.0921613, 0.0922059, 0.0922083, 0.0922084, 0.0922084, 0.0922084, 0.0922084, 0.0922084, 0.0922084, 0.0922084, 0.0922084, 0.0922084, 0.0922084, 0.0922084, 0.0922084, 
0.0867165, 0.0867165, 0.0867171, 0.0867186, 0.086721, 0.0867246, 0.0867294, 0.0867357, 0.0867438, 0.086754, 0.0867667, 0.0867823, 0.0868012, 0.0868242, 0.0868518, 0.0868849, 0.0869234, 0.0869683, 0.0870205, 0.0870816, 0.087153, 0.0872365, 0.0873343, 0.087449, 0.0875836, 0.0877418, 0.0879278, 0.0881467, 0.0884047, 0.088709, 0.0890686, 0.089494, 0.0899982, 0.0905969, 0.0913096, 0.0921603, 0.0922058, 0.0922083, 0.0922084, 0.0922084, 0.0922084, 0.0922084, 0.0922084, 0.0922084, 0.0922084, 0.0922084, 0.0922084, 0.0922084, 0.0922084, 0.0922084, 
0.0866018, 0.0866018, 0.0866025, 0.086604, 0.0866065, 0.0866101, 0.086615, 0.0866215, 0.0866298, 0.0866402, 0.0866531, 0.086669, 0.0866883, 0.0867117, 0.0867398, 0.0867736, 0.0868128, 0.0868586, 0.0869119, 0.0869742, 0.087047, 0.0871322, 0.0872321, 0.0873492, 0.0874866, 0.0876481, 0.0878379, 0.0880614, 0.0883247, 0.0886354, 0.0890024, 0.0894367, 0.0899514, 0.0905627, 0.0912905, 0.0921592, 0.0922058, 0.0922083, 0.0922084, 0.0922084, 0.0922084, 0.0922084, 0.0922084, 0.0922084, 0.0922084, 0.0922084, 0.0922084, 0.0922084, 0.0922084, 0.0922084, 
0.0864919, 0.0864919, 0.0864926, 0.0864942, 0.0864967, 0.0865003, 0.0865053, 0.0865119, 0.0865204, 0.086531, 0.0865441, 0.0865603, 0.08658, 0.0866038, 0.0866324, 0.0866668, 0.0867068, 0.0867534, 0.0868077, 0.0868712, 0.0869454, 0.0870323, 0.0871341, 0.0872535, 0.0873936, 0.0875582, 0.0877518, 0.0879796, 0.0882481, 0.0885648, 0.088939, 0.0893818, 0.0899066, 0.09053, 0.0912721, 0.0921582, 0.0922057, 0.0922082, 0.0922084, 0.0922084, 0.0922084, 0.0922084, 0.0922084, 0.0922084, 0.0922084, 0.0922084, 0.0922084, 0.0922084, 0.0922084, 0.0922084, 
0.0863865, 0.0863865, 0.0863872, 0.0863888, 0.0863914, 0.0863951, 0.0864002, 0.0864069, 0.0864155, 0.0864263, 0.0864397, 0.0864561, 0.0864761, 0.0865003, 0.0865295, 0.0865644, 0.0866051, 0.0866525, 0.0867078, 0.0867725, 0.086848, 0.0869365, 0.0870402, 0.0871617, 0.0873044, 0.0874721, 0.0876692, 0.0879012, 0.0881746, 0.0884972, 0.0888782, 0.0893291, 0.0898636, 0.0904985, 0.0912545, 0.0921573, 0.0922057, 0.0922082, 0.0922084, 0.0922084, 0.0922084, 0.0922084, 0.0922084, 0.0922084, 0.0922084, 0.0922084, 0.0922084, 0.0922084, 0.0922084, 0.0922084, 
0.0862855, 0.0862855, 0.0862862, 0.0862878, 0.0862904, 0.0862942, 0.0862994, 0.0863062, 0.0863149, 0.0863259, 0.0863395, 0.0863563, 0.0863766, 0.0864012, 0.0864308, 0.0864663, 0.0865077, 0.0865559, 0.0866121, 0.0866778, 0.0867547, 0.0868447, 0.0869502, 0.0870738, 0.087219, 0.0873895, 0.08759, 0.0878261, 0.0881042, 0.0884323, 0.08882, 0.0892787, 0.0898225, 0.0904684, 0.0912376, 0.0921564, 0.0922056, 0.0922082, 0.0922084, 0.0922084, 0.0922084, 0.0922084, 0.0922084, 0.0922084, 0.0922084, 0.0922084, 0.0922084, 0.0922084, 0.0922084, 0.0922084, 
0.0861887, 0.0861887, 0.0861894, 0.086191, 0.0861937, 0.0861975, 0.0862028, 0.0862097, 0.0862186, 0.0862298, 0.0862436, 0.0862606, 0.0862812, 0.0863062, 0.0863363, 0.0863723, 0.0864143, 0.0864633, 0.0865204, 0.0865872, 0.0866653, 0.0867568, 0.0868639, 0.0869896, 0.0871371, 0.0873104, 0.0875142, 0.0877541, 0.0880367, 0.0883702, 0.0887642, 0.0892303, 0.089783, 0.0904395, 0.0912215, 0.0921555, 0.0922056, 0.0922082, 0.0922084, 0.0922084, 0.0922084, 0.0922084, 0.0922084, 0.0922084, 0.0922084, 0.0922084, 0.0922084, 0.0922084, 0.0922084, 0.0922084, 
0.0860959, 0.0860959, 0.0860967, 0.0860983, 0.086101, 0.0861049, 0.0861103, 0.0861173, 0.0861263, 0.0861376, 0.0861517, 0.0861689, 0.0861899, 0.0862152, 0.0862457, 0.0862823, 0.0863249, 0.0863746, 0.0864326, 0.0865003, 0.0865797, 0.0866725, 0.0867813, 0.0869089, 0.0870587, 0.0872347, 0.0874416, 0.0876851, 0.0879721, 0.0883107, 0.0887107, 0.089184, 0.0897452, 0.0904119, 0.091206, 0.0921547, 0.0922055, 0.0922082, 0.0922084, 0.0922084, 0.0922084, 0.0922084, 0.0922084, 0.0922084, 0.0922084, 0.0922084, 0.0922084, 0.0922084, 0.0922084, 0.0922084, 
0.0860071, 0.0860071, 0.0860078, 0.0860095, 0.0860123, 0.0860162, 0.0860217, 0.0860288, 0.0860379, 0.0860494, 0.0860637, 0.0860811, 0.0861024, 0.0861281, 0.086159, 0.0861961, 0.0862392, 0.0862896, 0.0863484, 0.0864172, 0.0864976, 0.0865918, 0.0867022, 0.0868317, 0.0869836, 0.0871622, 0.0873721, 0.0876191, 0.0879103, 0.0882537, 0.0886595, 0.0891397, 0.089709, 0.0903854, 0.0911911, 0.0921539, 0.0922055, 0.0922082, 0.0922084, 0.0922084, 0.0922084, 0.0922084, 0.0922084, 0.0922084, 0.0922084, 0.0922084, 0.0922084, 0.0922084, 0.0922084, 0.0922084, 
0.085922, 0.085922, 0.0859228, 0.0859245, 0.0859273, 0.0859313, 0.0859368, 0.085944, 0.0859533, 0.0859649, 0.0859794, 0.0859971, 0.0860186, 0.0860446, 0.086076, 0.0861135, 0.0861572, 0.0862083, 0.0862679, 0.0863376, 0.0864191, 0.0865146, 0.0866265, 0.0867577, 0.0869118, 0.0870927, 0.0873055, 0.0875559, 0.087851, 0.0881992, 0.0886105, 0.0890972, 0.0896743, 0.09036, 0.0911769, 0.0921531, 0.0922055, 0.0922082, 0.0922084, 0.0922084, 0.0922084, 0.0922084, 0.0922084, 0.0922084, 0.0922084, 0.0922084, 0.0922084, 0.0922084, 0.0922084, 0.0922084, 
0.0858406, 0.0858406, 0.0858414, 0.0858431, 0.0858459, 0.08585, 0.0858556, 0.0858629, 0.0858723, 0.0858841, 0.0858987, 0.0859166, 0.0859384, 0.0859648, 0.0859965, 0.0860345, 0.0860787, 0.0861304, 0.0861908, 0.0862614, 0.086344, 0.0864407, 0.086554, 0.0866869, 0.086843, 0.0870263, 0.0872418, 0.0874955, 0.0877944, 0.088147, 0.0885636, 0.0890566, 0.0896411, 0.0903357, 0.0911633, 0.0921524, 0.0922054, 0.0922082, 0.0922084, 0.0922084, 0.0922084, 0.0922084, 0.0922084, 0.0922084, 0.0922084, 0.0922084, 0.0922084, 0.0922084, 0.0922084, 0.0922084, 
0.0857627, 0.0857627, 0.0857635, 0.0857652, 0.085768, 0.0857722, 0.0857778, 0.0857852, 0.0857947, 0.0858067, 0.0858214, 0.0858396, 0.0858616, 0.0858883, 0.0859204, 0.0859588, 0.0860036, 0.0860559, 0.086117, 0.0861884, 0.086272, 0.0863699, 0.0864846, 0.0866192, 0.0867771, 0.0869627, 0.0871808, 0.0874376, 0.0877401, 0.088097, 0.0885187, 0.0890177, 0.0896094, 0.0903125, 0.0911503, 0.0921517, 0.0922054, 0.0922082, 0.0922084, 0.0922084, 0.0922084, 0.0922084, 0.0922084, 0.0922084, 0.0922084, 0.0922084, 0.0922084, 0.0922084, 0.0922084, 0.0922084, 
0.0856881, 0.0856881, 0.0856889, 0.0856907, 0.0856935, 0.0856977, 0.0857034, 0.0857109, 0.0857205, 0.0857326, 0.0857476, 0.0857659, 0.0857882, 0.0858152, 0.0858476, 0.0858864, 0.0859317, 0.0859846, 0.0860464, 0.0861187, 0.0862032, 0.0863022, 0.0864183, 0.0865544, 0.0867141, 0.0869018, 0.0871225, 0.0873822, 0.0876882, 0.0880492, 0.0884757, 0.0889805, 0.089579, 0.0902902, 0.0911378, 0.0921511, 0.0922054, 0.0922082, 0.0922084, 0.0922084, 0.0922084, 0.0922084, 0.0922084, 0.0922084, 0.0922084, 0.0922084, 0.0922084, 0.0922084, 0.0922084, 0.0922084, 
0.0856167, 0.0856167, 0.0856176, 0.0856193, 0.0856222, 0.0856265, 0.0856322, 0.0856398, 0.0856495, 0.0856617, 0.0856769, 0.0856954, 0.0857179, 0.0857452, 0.085778, 0.0858172, 0.085863, 0.0859164, 0.0859789, 0.0860519, 0.0861374, 0.0862375, 0.0863548, 0.0864924, 0.0866539, 0.0868436, 0.0870667, 0.0873292, 0.0876386, 0.0880035, 0.0884347, 0.0889449, 0.0895499, 0.090269, 0.0911259, 0.0921504, 0.0922053, 0.0922082, 0.0922084, 0.0922084, 0.0922084, 0.0922084, 0.0922084, 0.0922084, 0.0922084, 0.0922084, 0.0922084, 0.0922084, 0.0922084, 0.0922084, 
0.0855485, 0.0855485, 0.0855493, 0.0855511, 0.0855541, 0.0855583, 0.0855642, 0.0855718, 0.0855817, 0.085594, 0.0856092, 0.085628, 0.0856507, 0.0856783, 0.0857114, 0.085751, 0.0857972, 0.0858512, 0.0859143, 0.0859881, 0.0860744, 0.0861756, 0.0862941, 0.0864331, 0.0865963, 0.086788, 0.0870134, 0.0872786, 0.0875911, 0.0879598, 0.0883954, 0.0889108, 0.0895221, 0.0902486, 0.0911145, 0.0921498, 0.0922053, 0.0922082, 0.0922084, 0.0922084, 0.0922084, 0.0922084, 0.0922084, 0.0922084, 0.0922084, 0.0922084, 0.0922084, 0.0922084, 0.0922084, 0.0922084, 
0.0854832, 0.0854832, 0.0854841, 0.0854859, 0.0854889, 0.0854932, 0.0854991, 0.0855068, 0.0855167, 0.0855292, 0.0855446, 0.0855635, 0.0855865, 0.0856143, 0.0856477, 0.0856877, 0.0857343, 0.0857888, 0.0858525, 0.085927, 0.0860142, 0.0861164, 0.086236, 0.0863764, 0.0865412, 0.0867348, 0.0869623, 0.0872302, 0.0875457, 0.087918, 0.0883578, 0.0888783, 0.0894955, 0.0902291, 0.0911036, 0.0921492, 0.0922053, 0.0922082, 0.0922084, 0.0922084, 0.0922084, 0.0922084, 0.0922084, 0.0922084, 0.0922084, 0.0922084, 0.0922084, 0.0922084, 0.0922084, 0.0922084, 
0.0854208, 0.0854208, 0.0854217, 0.0854235, 0.0854265, 0.0854309, 0.0854368, 0.0854446, 0.0854546, 0.0854672, 0.0854828, 0.0855018, 0.085525, 0.0855531, 0.0855868, 0.0856271, 0.0856742, 0.0857292, 0.0857935, 0.0858687, 0.0859567, 0.0860597, 0.0861806, 0.0863222, 0.0864885, 0.0866839, 0.0869136, 0.0871839, 0.0875023, 0.087878, 0.0883219, 0.0888472, 0.0894701, 0.0902105, 0.0910931, 0.0921487, 0.0922052, 0.0922082, 0.0922084, 0.0922084, 0.0922084, 0.0922084, 0.0922084, 0.0922084, 0.0922084, 0.0922084, 0.0922084, 0.0922084, 0.0922084, 0.0922084, 
0.0853612, 0.0853612, 0.085362, 0.0853639, 0.0853669, 0.0853713, 0.0853773, 0.0853852, 0.0853953, 0.085408, 0.0854237, 0.0854429, 0.0854663, 0.0854946, 0.0855286, 0.0855693, 0.0856167, 0.0856722, 0.085737, 0.0858129, 0.0859017, 0.0860056, 0.0861275, 0.0862704, 0.0864382, 0.0866353, 0.086867, 0.0871396, 0.0874609, 0.0878398, 0.0882875, 0.0888174, 0.0894458, 0.0901927, 0.0910831, 0.0921481, 0.0922052, 0.0922082, 0.0922084, 0.0922084, 0.0922084, 0.0922084, 0.0922084, 0.0922084, 0.0922084, 0.0922084, 0.0922084, 0.0922084, 0.0922084, 0.0922084, 
0.0853042, 0.0853042, 0.085305, 0.0853069, 0.0853099, 0.0853144, 0.0853204, 0.0853284, 0.0853386, 0.0853514, 0.0853672, 0.0853866, 0.0854102, 0.0854387, 0.0854729, 0.0855139, 0.0855618, 0.0856177, 0.0856831, 0.0857596, 0.0858491, 0.0859539, 0.0860768, 0.0862209, 0.0863901, 0.0865888, 0.0868224, 0.0870973, 0.0874212, 0.0878033, 0.0882547, 0.088789, 0.0894225, 0.0901757, 0.0910736, 0.0921476, 0.0922052, 0.0922082, 0.0922084, 0.0922084, 0.0922084, 0.0922084, 0.0922084, 0.0922084, 0.0922084, 0.0922084, 0.0922084, 0.0922084, 0.0922084, 0.0922084, 
0.0852497, 0.0852497, 0.0852505, 0.0852524, 0.0852555, 0.08526, 0.0852661, 0.0852741, 0.0852844, 0.0852972, 0.0853132, 0.0853328, 0.0853565, 0.0853853, 0.0854198, 0.0854611, 0.0855093, 0.0855657, 0.0856316, 0.0857086, 0.0857988, 0.0859045, 0.0860284, 0.0861736, 0.0863441, 0.0865444, 0.0867798, 0.0870569, 0.0873833, 0.0877684, 0.0882234, 0.0887618, 0.0894003, 0.0901595, 0.0910645, 0.0921471, 0.0922052, 0.0922082, 0.0922084, 0.0922084, 0.0922084, 0.0922084, 0.0922084, 0.0922084, 0.0922084, 0.0922084, 0.0922084, 0.0922084, 0.0922084, 0.0922084, 
0.0851976, 0.0851976, 0.0851985, 0.0852004, 0.0852035, 0.085208, 0.0852142, 0.0852222, 0.0852326, 0.0852456, 0.0852616, 0.0852813, 0.0853053, 0.0853342, 0.085369, 0.0854106, 0.0854592, 0.0855159, 0.0855823, 0.08566, 0.0857508, 0.0858573, 0.0859821, 0.0861284, 0.0863002, 0.086502, 0.0867392, 0.0870183, 0.0873471, 0.0877351, 0.0881934, 0.0887358, 0.0893791, 0.0901439, 0.0910558, 0.0921467, 0.0922051, 0.0922082, 0.0922084, 0.0922084, 0.0922084, 0.0922084, 0.0922084, 0.0922084, 0.0922084, 0.0922084, 0.0922084, 0.0922084, 0.0922084, 0.0922084, 
0.0851479, 0.0851479, 0.0851488, 0.0851507, 0.0851538, 0.0851583, 0.0851645, 0.0851727, 0.0851831, 0.0851962, 0.0852124, 0.0852322, 0.0852563, 0.0852854, 0.0853204, 0.0853623, 0.0854113, 0.0854684, 0.0855353, 0.0856135, 0.085705, 0.0858122, 0.0859379, 0.0860853, 0.0862583, 0.0864614, 0.0867003, 0.0869814, 0.0873126, 0.0877032, 0.0881648, 0.088711, 0.0893589, 0.0901291, 0.0910474, 0.0921462, 0.0922051, 0.0922082, 0.0922084, 0.0922084, 0.0922084, 0.0922084, 0.0922084, 0.0922084, 0.0922084, 0.0922084, 0.0922084, 0.0922084, 0.0922084, 0.0922084, 
0.0851004, 0.0851004, 0.0851013, 0.0851032, 0.0851063, 0.0851109, 0.0851171, 0.0851253, 0.0851358, 0.085149, 0.0851653, 0.0851853, 0.0852095, 0.0852389, 0.0852741, 0.0853163, 0.0853655, 0.085423, 0.0854903, 0.085569, 0.0856612, 0.0857691, 0.0858957, 0.086044, 0.0862182, 0.0864227, 0.0866632, 0.0869462, 0.0872796, 0.0876728, 0.0881374, 0.0886873, 0.0893395, 0.0901149, 0.0910395, 0.0921458, 0.0922051, 0.0922082, 0.0922084, 0.0922084, 0.0922084, 0.0922084, 0.0922084, 0.0922084, 0.0922084, 0.0922084, 0.0922084, 0.0922084, 0.0922084, 0.0922084, 
0.085055, 0.085055, 0.0850559, 0.0850578, 0.085061, 0.0850656, 0.0850719, 0.0850801, 0.0850907, 0.0851039, 0.0851203, 0.0851404, 0.0851649, 0.0851944, 0.0852298, 0.0852722, 0.0853218, 0.0853797, 0.0854474, 0.0855266, 0.0856194, 0.085728, 0.0858553, 0.0860047, 0.0861799, 0.0863858, 0.0866278, 0.0869126, 0.087248, 0.0876438, 0.0881113, 0.0886647, 0.089321, 0.0901014, 0.0910319, 0.0921454, 0.0922051, 0.0922082, 0.0922084, 0.0922084, 0.0922084, 0.0922084, 0.0922084, 0.0922084, 0.0922084, 0.0922084, 0.0922084, 0.0922084, 0.0922084, 0.0922084, 
0.0850116, 0.0850116, 0.0850125, 0.0850145, 0.0850177, 0.0850223, 0.0850287, 0.085037, 0.0850476, 0.0850609, 0.0850774, 0.0850976, 0.0851222, 0.0851519, 0.0851875, 0.0852302, 0.0852801, 0.0853383, 0.0854064, 0.0854861, 0.0855794, 0.0856887, 0.0858168, 0.0859671, 0.0861434, 0.0863505, 0.0865939, 0.0868804, 0.0872179, 0.0876161, 0.0880864, 0.0886431, 0.0893034, 0.0900884, 0.0910246, 0.092145, 0.092205, 0.0922082, 0.0922084, 0.0922084, 0.0922084, 0.0922084, 0.0922084, 0.0922084, 0.0922084, 0.0922084, 0.0922084, 0.0922084, 0.0922084, 0.0922084, 
0.0849703, 0.0849703, 0.0849712, 0.0849731, 0.0849764, 0.084981, 0.0849874, 0.0849957, 0.0850064, 0.0850198, 0.0850364, 0.0850568, 0.0850815, 0.0851113, 0.0851472, 0.0851901, 0.0852402, 0.0852988, 0.0853673, 0.0854475, 0.0855413, 0.0856512, 0.0857801, 0.0859312, 0.0861085, 0.0863168, 0.0865616, 0.0868498, 0.0871892, 0.0875896, 0.0880626, 0.0886225, 0.0892865, 0.0900761, 0.0910177, 0.0921446, 0.092205, 0.0922082, 0.0922084, 0.0922084, 0.0922084, 0.0922084, 0.0922084, 0.0922084, 0.0922084, 0.0922084, 0.0922084, 0.0922084, 0.0922084, 0.0922084, 
0.0849308, 0.0849308, 0.0849317, 0.0849337, 0.0849369, 0.0849416, 0.084948, 0.0849564, 0.0849671, 0.0849806, 0.0849973, 0.0850177, 0.0850426, 0.0850726, 0.0851086, 0.0851518, 0.0852022, 0.0852611, 0.0853299, 0.0854105, 0.0855049, 0.0856154, 0.085745, 0.0858969, 0.0860752, 0.0862846, 0.0865308, 0.0868205, 0.0871617, 0.0875643, 0.0880399, 0.0886028, 0.0892704, 0.0900643, 0.0910111, 0.0921443, 0.092205, 0.0922082, 0.0922084, 0.0922084, 0.0922084, 0.0922084, 0.0922084, 0.0922084, 0.0922084, 0.0922084, 0.0922084, 0.0922084, 0.0922084, 0.0922084, 
0.0848931, 0.0848931, 0.084894, 0.084896, 0.0848992, 0.0849039, 0.0849103, 0.0849188, 0.0849296, 0.0849431, 0.0849599, 0.0849805, 0.0850055, 0.0850356, 0.0850719, 0.0851152, 0.0851658, 0.085225, 0.0852943, 0.0853753, 0.0854701, 0.0855812, 0.0857115, 0.0858642, 0.0860434, 0.0862539, 0.0865014, 0.0867925, 0.0871355, 0.0875402, 0.0880182, 0.088584, 0.0892551, 0.090053, 0.0910048, 0.0921439, 0.092205, 0.0922082, 0.0922084, 0.0922084, 0.0922084, 0.0922084, 0.0922084, 0.0922084, 0.0922084, 0.0922084, 0.0922084, 0.0922084, 0.0922084, 0.0922084, 
0.0848571, 0.0848571, 0.084858, 0.08486, 0.0848632, 0.084868, 0.0848744, 0.0848829, 0.0848938, 0.0849074, 0.0849243, 0.0849449, 0.08497, 0.0850003, 0.0850367, 0.0850803, 0.0851312, 0.0851907, 0.0852602, 0.0853417, 0.085437, 0.0855486, 0.0856795, 0.085833, 0.0860131, 0.0862246, 0.0864733, 0.0867659, 0.0871105, 0.0875171, 0.0879975, 0.088566, 0.0892404, 0.0900423, 0.0909987, 0.0921436, 0.092205, 0.0922082, 0.0922084, 0.0922084, 0.0922084, 0.0922084, 0.0922084, 0.0922084, 0.0922084, 0.0922084, 0.0922084, 0.0922084, 0.0922084, 0.0922084, 
0.0848227, 0.0848227, 0.0848236, 0.0848256, 0.0848289, 0.0848337, 0.0848402, 0.0848487, 0.0848596, 0.0848733, 0.0848902, 0.084911, 0.0849362, 0.0849667, 0.0850032, 0.085047, 0.0850981, 0.0851579, 0.0852278, 0.0853096, 0.0854053, 0.0855175, 0.085649, 0.0858032, 0.0859841, 0.0861966, 0.0864465, 0.0867404, 0.0870867, 0.0874952, 0.0879777, 0.0885489, 0.0892264, 0.090032, 0.090993, 0.0921433, 0.092205, 0.0922082, 0.0922084, 0.0922084, 0.0922084, 0.0922084, 0.0922084, 0.0922084, 0.0922084, 0.0922084, 0.0922084, 0.0922084, 0.0922084, 0.0922084, 
0.0847899, 0.0847899, 0.0847908, 0.0847929, 0.0847962, 0.0848009, 0.0848075, 0.084816, 0.084827, 0.0848407, 0.0848578, 0.0848786, 0.0849039, 0.0849345, 0.0849712, 0.0850152, 0.0850665, 0.0851266, 0.0851968, 0.0852789, 0.0853751, 0.0854878, 0.0856198, 0.0857747, 0.0859565, 0.0861699, 0.0864209, 0.0867161, 0.0870639, 0.0874742, 0.0879589, 0.0885326, 0.089213, 0.0900223, 0.0909875, 0.092143, 0.0922049, 0.0922082, 0.0922084, 0.0922084, 0.0922084, 0.0922084, 0.0922084, 0.0922084, 0.0922084, 0.0922084, 0.0922084, 0.0922084, 0.0922084, 0.0922084, 
0.0847586, 0.0847586, 0.0847596, 0.0847616, 0.0847649, 0.0847697, 0.0847763, 0.0847849, 0.0847959, 0.0848097, 0.0848268, 0.0848477, 0.0848731, 0.0849038, 0.0849407, 0.0849848, 0.0850364, 0.0850967, 0.0851672, 0.0852497, 0.0853463, 0.0854594, 0.0855921, 0.0857476, 0.0859301, 0.0861445, 0.0863965, 0.0866929, 0.0870422, 0.0874542, 0.0879409, 0.088517, 0.0892003, 0.0900129, 0.0909823, 0.0921427, 0.0922049, 0.0922082, 0.0922084, 0.0922084, 0.0922084, 0.0922084, 0.0922084, 0.0922084, 0.0922084, 0.0922084, 0.0922084, 0.0922084, 0.0922084, 0.0922084, 
0.0847288, 0.0847288, 0.0847297, 0.0847317, 0.0847351, 0.0847399, 0.0847465, 0.0847551, 0.0847662, 0.08478, 0.0847972, 0.0848182, 0.0848437, 0.0848746, 0.0849116, 0.0849559, 0.0850077, 0.0850682, 0.085139, 0.0852218, 0.0853188, 0.0854324, 0.0855655, 0.0857217, 0.085905, 0.0861202, 0.0863732, 0.0866708, 0.0870215, 0.0874351, 0.0879237, 0.0885021, 0.0891881, 0.090004, 0.0909773, 0.0921424, 0.0922049, 0.0922082, 0.0922084, 0.0922084, 0.0922084, 0.0922084, 0.0922084, 0.0922084, 0.0922084, 0.0922084, 0.0922084, 0.0922084, 0.0922084, 0.0922084, 
0.0847003, 0.0847003, 0.0847012, 0.0847033, 0.0847066, 0.0847115, 0.0847181, 0.0847267, 0.0847378, 0.0847517, 0.084769, 0.0847901, 0.0848157, 0.0848467, 0.0848838, 0.0849283, 0.0849802, 0.085041, 0.085112, 0.0851952, 0.0852925, 0.0854066, 0.0855403, 0.085697, 0.085881, 0.086097, 0.0863509, 0.0866497, 0.0870017, 0.0874169, 0.0879073, 0.0884879, 0.0891765, 0.0899955, 0.0909725, 0.0921422, 0.0922049, 0.0922082, 0.0922084, 0.0922084, 0.0922084, 0.0922084, 0.0922084, 0.0922084, 0.0922084, 0.0922084, 0.0922084, 0.0922084, 0.0922084, 0.0922084, 
0.0846731, 0.0846731, 0.0846741, 0.0846761, 0.0846795, 0.0846843, 0.084691, 0.0846997, 0.0847108, 0.0847248, 0.0847421, 0.0847632, 0.084789, 0.08482, 0.0848573, 0.0849019, 0.0849541, 0.085015, 0.0850864, 0.0851698, 0.0852675, 0.085382, 0.0855161, 0.0856734, 0.0858581, 0.0860749, 0.0863297, 0.0866296, 0.0869828, 0.0873995, 0.0878917, 0.0884744, 0.0891655, 0.0899874, 0.0909679, 0.0921419, 0.0922049, 0.0922082, 0.0922084, 0.0922084, 0.0922084, 0.0922084, 0.0922084, 0.0922084, 0.0922084, 0.0922084, 0.0922084, 0.0922084, 0.0922084, 0.0922084, 
0.0846472, 0.0846472, 0.0846481, 0.0846502, 0.0846536, 0.0846584, 0.0846651, 0.0846738, 0.084685, 0.084699, 0.0847164, 0.0847376, 0.0847635, 0.0847946, 0.0848321, 0.0848768, 0.0849291, 0.0849903, 0.0850619, 0.0851456, 0.0852436, 0.0853585, 0.0854931, 0.085651, 0.0858362, 0.0860538, 0.0863095, 0.0866104, 0.0869648, 0.0873829, 0.0878768, 0.0884614, 0.0891549, 0.0899797, 0.0909636, 0.0921417, 0.0922049, 0.0922082, 0.0922084, 0.0922084, 0.0922084, 0.0922084, 0.0922084, 0.0922084, 0.0922084, 0.0922084, 0.0922084, 0.0922084, 0.0922084, 0.0922084, 
0.0846225, 0.0846225, 0.0846234, 0.0846255, 0.0846289, 0.0846338, 0.0846404, 0.0846492, 0.0846604, 0.0846745, 0.0846919, 0.0847132, 0.0847391, 0.0847704, 0.0848079, 0.0848528, 0.0849053, 0.0849667, 0.0850385, 0.0851225, 0.0852209, 0.0853361, 0.0854712, 0.0856295, 0.0858154, 0.0860337, 0.0862902, 0.0865921, 0.0869477, 0.0873671, 0.0878626, 0.0884491, 0.0891448, 0.0899723, 0.0909595, 0.0921415, 0.0922049, 0.0922082, 0.0922084, 0.0922084, 0.0922084, 0.0922084, 0.0922084, 0.0922084, 0.0922084, 0.0922084, 0.0922084, 0.0922084, 0.0922084, 0.0922084, 
0.0845989, 0.0845989, 0.0845998, 0.0846019, 0.0846053, 0.0846102, 0.0846169, 0.0846257, 0.084637, 0.0846511, 0.0846685, 0.0846899, 0.0847159, 0.0847473, 0.0847849, 0.08483, 0.0848826, 0.0849442, 0.0850162, 0.0851005, 0.0851992, 0.0853148, 0.0854502, 0.0856091, 0.0857955, 0.0860145, 0.0862718, 0.0865746, 0.0869313, 0.087352, 0.0878491, 0.0884374, 0.0891352, 0.0899653, 0.0909555, 0.0921413, 0.0922048, 0.0922082, 0.0922084, 0.0922084, 0.0922084, 0.0922084, 0.0922084, 0.0922084, 0.0922084, 0.0922084, 0.0922084, 0.0922084, 0.0922084, 0.0922084, 
0.0845764, 0.0845764, 0.0845774, 0.0845794, 0.0845828, 0.0845878, 0.0845945, 0.0846033, 0.0846146, 0.0846288, 0.0846463, 0.0846677, 0.0846938, 0.0847252, 0.084763, 0.0848082, 0.084861, 0.0849227, 0.0849949, 0.0850795, 0.0851784, 0.0852944, 0.0854303, 0.0855896, 0.0857766, 0.0859962, 0.0862543, 0.086558, 0.0869157, 0.0873376, 0.0878361, 0.0884262, 0.0891261, 0.0899585, 0.0909517, 0.0921411, 0.0922048, 0.0922082, 0.0922084, 0.0922084, 0.0922084, 0.0922084, 0.0922084, 0.0922084, 0.0922084, 0.0922084, 0.0922084, 0.0922084, 0.0922084, 0.0922084, 
0.084555, 0.084555, 0.0845559, 0.084558, 0.0845614, 0.0845664, 0.0845731, 0.084582, 0.0845933, 0.0846075, 0.084625, 0.0846466, 0.0846727, 0.0847042, 0.0847421, 0.0847874, 0.0848403, 0.0849023, 0.0849747, 0.0850594, 0.0851587, 0.085275, 0.0854112, 0.085571, 0.0857585, 0.0859788, 0.0862376, 0.0865421, 0.0869008, 0.0873239, 0.0878238, 0.0884155, 0.0891173, 0.0899521, 0.0909481, 0.0921409, 0.0922048, 0.0922082, 0.0922084, 0.0922084, 0.0922084, 0.0922084, 0.0922084, 0.0922084, 0.0922084, 0.0922084, 0.0922084, 0.0922084, 0.0922084, 0.0922084, 
0.0845345, 0.0845345, 0.0845355, 0.0845376, 0.084541, 0.0845459, 0.0845527, 0.0845616, 0.0845729, 0.0845872, 0.0846048, 0.0846264, 0.0846526, 0.0846842, 0.0847222, 0.0847676, 0.0848207, 0.0848827, 0.0849554, 0.0850403, 0.0851399, 0.0852564, 0.0853931, 0.0855533, 0.0857413, 0.0859621, 0.0862216, 0.086527, 0.0868866, 0.0873109, 0.087812, 0.0884053, 0.089109, 0.089946, 0.0909447, 0.0921407, 0.0922048, 0.0922082, 0.0922084, 0.0922084, 0.0922084, 0.0922084, 0.0922084, 0.0922084, 0.0922084, 0.0922084, 0.0922084, 0.0922084, 0.0922084, 0.0922084, 
0.084515, 0.084515, 0.084516, 0.0845181, 0.0845215, 0.0845265, 0.0845333, 0.0845422, 0.0845535, 0.0845678, 0.0845855, 0.0846071, 0.0846334, 0.0846651, 0.0847031, 0.0847487, 0.0848019, 0.0848641, 0.0849369, 0.0850221, 0.0851219, 0.0852388, 0.0853758, 0.0855364, 0.0857249, 0.0859463, 0.0862064, 0.0865125, 0.0868731, 0.0872984, 0.0878008, 0.0883956, 0.0891011, 0.0899402, 0.0909414, 0.0921405, 0.0922048, 0.0922082, 0.0922084, 0.0922084, 0.0922084, 0.0922084, 0.0922084, 0.0922084, 0.0922084, 0.0922084, 0.0922084, 0.0922084, 0.0922084, 0.0922084, 
0.0844964, 0.0844964, 0.0844974, 0.0844995, 0.0845029, 0.0845079, 0.0845147, 0.0845236, 0.084535, 0.0845493, 0.0845671, 0.0845887, 0.0846151, 0.0846469, 0.084685, 0.0847306, 0.084784, 0.0848464, 0.0849194, 0.0850048, 0.0851048, 0.085222, 0.0853593, 0.0855203, 0.0857092, 0.0859311, 0.0861919, 0.0864988, 0.0868602, 0.0872865, 0.0877902, 0.0883863, 0.0890935, 0.0899347, 0.0909383, 0.0921404, 0.0922048, 0.0922082, 0.0922084, 0.0922084, 0.0922084, 0.0922084, 0.0922084, 0.0922084, 0.0922084, 0.0922084, 0.0922084, 0.0922084, 0.0922084, 0.0922084, 
0.0844787, 0.0844787, 0.0844797, 0.0844818, 0.0844852, 0.0844902, 0.084497, 0.084506, 0.0845174, 0.0845317, 0.0845495, 0.0845712, 0.0845976, 0.0846295, 0.0846677, 0.0847135, 0.0847669, 0.0848295, 0.0849026, 0.0849882, 0.0850885, 0.0852059, 0.0853435, 0.0855049, 0.0856943, 0.0859167, 0.0861781, 0.0864856, 0.0868479, 0.0872752, 0.08778, 0.0883775, 0.0890863, 0.0899294, 0.0909354, 0.0921402, 0.0922048, 0.0922082, 0.0922084, 0.0922084, 0.0922084, 0.0922084, 0.0922084, 0.0922084, 0.0922084, 0.0922084, 0.0922084, 0.0922084, 0.0922084, 0.0922084, 
0.0844618, 0.0844618, 0.0844628, 0.0844649, 0.0844683, 0.0844733, 0.0844802, 0.0844891, 0.0845006, 0.084515, 0.0845328, 0.0845545, 0.084581, 0.0846129, 0.0846512, 0.0846971, 0.0847507, 0.0848133, 0.0848866, 0.0849724, 0.0850729, 0.0851906, 0.0853285, 0.0854903, 0.0856801, 0.085903, 0.0861649, 0.0864731, 0.0868362, 0.0872644, 0.0877703, 0.088369, 0.0890794, 0.0899243, 0.0909325, 0.09214, 0.0922048, 0.0922082, 0.0922084, 0.0922084, 0.0922084, 0.0922084, 0.0922084, 0.0922084, 0.0922084, 0.0922084, 0.0922084, 0.0922084, 0.0922084, 0.0922084, 
0.0844457, 0.0844457, 0.0844467, 0.0844488, 0.0844522, 0.0844573, 0.0844641, 0.0844731, 0.0844846, 0.084499, 0.0845168, 0.0845386, 0.0845651, 0.0845971, 0.0846355, 0.0846815, 0.0847352, 0.0847979, 0.0848714, 0.0849574, 0.0850581, 0.085176, 0.0853142, 0.0854763, 0.0856665, 0.0858899, 0.0861524, 0.0864612, 0.086825, 0.0872541, 0.087761, 0.088361, 0.0890728, 0.0899195, 0.0909298, 0.0921399, 0.0922048, 0.0922082, 0.0922084, 0.0922084, 0.0922084, 0.0922084, 0.0922084, 0.0922084, 0.0922084, 0.0922084, 0.0922084, 0.0922084, 0.0922084, 0.0922084, 
0.0844303, 0.0844303, 0.0844313, 0.0844334, 0.0844369, 0.0844419, 0.0844488, 0.0844578, 0.0844693, 0.0844837, 0.0845016, 0.0845235, 0.08455, 0.0845821, 0.0846206, 0.0846666, 0.0847204, 0.0847833, 0.0848569, 0.0849431, 0.0850439, 0.0851621, 0.0853006, 0.085463, 0.0856536, 0.0858774, 0.0861404, 0.0864498, 0.0868143, 0.0872443, 0.0877522, 0.0883534, 0.0890666, 0.0899149, 0.0909273, 0.0921398, 0.0922048, 0.0922082, 0.0922084, 0.0922084, 0.0922084, 0.0922084, 0.0922084, 0.0922084, 0.0922084, 0.0922084, 0.0922084, 0.0922084, 0.0922084, 0.0922084, 
0.0844157, 0.0844157, 0.0844167, 0.0844188, 0.0844223, 0.0844273, 0.0844342, 0.0844432, 0.0844547, 0.0844692, 0.0844871, 0.084509, 0.0845356, 0.0845677, 0.0846063, 0.0846524, 0.0847063, 0.0847693, 0.0848431, 0.0849294, 0.0850305, 0.0851489, 0.0852876, 0.0854503, 0.0856413, 0.0858655, 0.086129, 0.086439, 0.0868042, 0.0872349, 0.0877438, 0.0883461, 0.0890606, 0.0899106, 0.0909248, 0.0921396, 0.0922048, 0.0922082, 0.0922084, 0.0922084, 0.0922084, 0.0922084, 0.0922084, 0.0922084, 0.0922084, 0.0922084, 0.0922084, 0.0922084, 0.0922084, 0.0922084, 
0.0844017, 0.0844017, 0.0844027, 0.0844048, 0.0844083, 0.0844134, 0.0844203, 0.0844293, 0.0844409, 0.0844553, 0.0844733, 0.0844952, 0.0845219, 0.0845541, 0.0845927, 0.0846389, 0.0846929, 0.084756, 0.0848299, 0.0849164, 0.0850176, 0.0851362, 0.0852752, 0.0854382, 0.0856295, 0.0858541, 0.0861181, 0.0864287, 0.0867945, 0.087226, 0.0877357, 0.0883391, 0.0890549, 0.0899064, 0.0909225, 0.0921395, 0.0922048, 0.0922082, 0.0922084, 0.0922084, 0.0922084, 0.0922084, 0.0922084, 0.0922084, 0.0922084, 0.0922084, 0.0922084, 0.0922084, 0.0922084, 0.0922084, 
0.0843884, 0.0843884, 0.0843894, 0.0843916, 0.084395, 0.0844001, 0.084407, 0.0844161, 0.0844276, 0.0844421, 0.0844601, 0.0844821, 0.0845088, 0.084541, 0.0845797, 0.084626, 0.0846801, 0.0847433, 0.0848173, 0.0849039, 0.0850054, 0.0851242, 0.0852634, 0.0854267, 0.0856183, 0.0858433, 0.0861077, 0.0864188, 0.0867853, 0.0872175, 0.0877281, 0.0883325, 0.0890495, 0.0899024, 0.0909202, 0.0921394, 0.0922047, 0.0922082, 0.0922084, 0.0922084, 0.0922084, 0.0922084, 0.0922084, 0.0922084, 0.0922084, 0.0922084, 0.0922084, 0.0922084, 0.0922084, 0.0922084, 
0.0843758, 0.0843758, 0.0843767, 0.0843789, 0.0843824, 0.0843874, 0.0843944, 0.0844034, 0.084415, 0.0844296, 0.0844476, 0.0844696, 0.0844963, 0.0845286, 0.0845674, 0.0846137, 0.0846679, 0.0847312, 0.0848053, 0.0848921, 0.0849937, 0.0851127, 0.0852522, 0.0854157, 0.0856076, 0.085833, 0.0860979, 0.0864095, 0.0867765, 0.0872094, 0.0877208, 0.0883262, 0.0890444, 0.0898986, 0.0909181, 0.0921393, 0.0922047, 0.0922082, 0.0922084, 0.0922084, 0.0922084, 0.0922084, 0.0922084, 0.0922084, 0.0922084, 0.0922084, 0.0922084, 0.0922084, 0.0922084, 0.0922084, 
0.0843637, 0.0843637, 0.0843647, 0.0843668, 0.0843703, 0.0843754, 0.0843823, 0.0843914, 0.084403, 0.0844176, 0.0844356, 0.0844576, 0.0844844, 0.0845168, 0.0845556, 0.084602, 0.0846562, 0.0847197, 0.0847939, 0.0848808, 0.0849826, 0.0851018, 0.0852415, 0.0854053, 0.0855975, 0.0858232, 0.0860884, 0.0864005, 0.0867681, 0.0872017, 0.0877139, 0.0883202, 0.0890394, 0.089895, 0.0909161, 0.0921392, 0.0922047, 0.0922082, 0.0922084, 0.0922084, 0.0922084, 0.0922084, 0.0922084, 0.0922084, 0.0922084, 0.0922084, 0.0922084, 0.0922084, 0.0922084, 0.0922084, 
0.0843522, 0.0843522, 0.0843531, 0.0843553, 0.0843588, 0.0843639, 0.0843708, 0.0843799, 0.0843916, 0.0844061, 0.0844242, 0.0844463, 0.0844731, 0.0845055, 0.0845444, 0.0845908, 0.0846451, 0.0847087, 0.084783, 0.0848701, 0.084972, 0.0850913, 0.0852312, 0.0853953, 0.0855878, 0.0858138, 0.0860795, 0.086392, 0.0867601, 0.0871943, 0.0877073, 0.0883144, 0.0890347, 0.0898916, 0.0909141, 0.0921391, 0.0922047, 0.0922082, 0.0922084, 0.0922084, 0.0922084, 0.0922084, 0.0922084, 0.0922084, 0.0922084, 0.0922084, 0.0922084, 0.0922084, 0.0922084, 0.0922084, 
0.0843412, 0.0843412, 0.0843422, 0.0843443, 0.0843478, 0.0843529, 0.0843599, 0.084369, 0.0843806, 0.0843952, 0.0844133, 0.0844354, 0.0844623, 0.0844947, 0.0845337, 0.0845802, 0.0846346, 0.0846982, 0.0847727, 0.0848598, 0.0849619, 0.0850814, 0.0852215, 0.0853858, 0.0855785, 0.0858049, 0.0860709, 0.0863839, 0.0867525, 0.0871873, 0.087701, 0.088309, 0.0890303, 0.0898883, 0.0909123, 0.092139, 0.0922047, 0.0922082, 0.0922084, 0.0922084, 0.0922084, 0.0922084, 0.0922084, 0.0922084, 0.0922084, 0.0922084, 0.0922084, 0.0922084, 0.0922084, 0.0922084, 
0.0843307, 0.0843307, 0.0843317, 0.0843339, 0.0843374, 0.0843425, 0.0843494, 0.0843586, 0.0843702, 0.0843849, 0.084403, 0.0844251, 0.084452, 0.0844845, 0.0845235, 0.08457, 0.0846245, 0.0846882, 0.0847628, 0.0848501, 0.0849523, 0.0850719, 0.0852122, 0.0853767, 0.0855697, 0.0857964, 0.0860628, 0.0863761, 0.0867453, 0.0871806, 0.0876949, 0.0883037, 0.089026, 0.0898852, 0.0909106, 0.0921389, 0.0922047, 0.0922082, 0.0922084, 0.0922084, 0.0922084, 0.0922084, 0.0922084, 0.0922084, 0.0922084, 0.0922084, 0.0922084, 0.0922084, 0.0922084, 0.0922084, 
0.0843208, 0.0843208, 0.0843218, 0.0843239, 0.0843274, 0.0843325, 0.0843395, 0.0843486, 0.0843603, 0.084375, 0.0843931, 0.0844153, 0.0844422, 0.0844747, 0.0845137, 0.0845604, 0.0846149, 0.0846787, 0.0847534, 0.0848408, 0.0849431, 0.0850629, 0.0852034, 0.0853681, 0.0855613, 0.0857883, 0.086055, 0.0863688, 0.0867383, 0.0871742, 0.0876892, 0.0882988, 0.089022, 0.0898822, 0.0909089, 0.0921388, 0.0922047, 0.0922082, 0.0922084, 0.0922084, 0.0922084, 0.0922084, 0.0922084, 0.0922084, 0.0922084, 0.0922084, 0.0922084, 0.0922084, 0.0922084, 0.0922084, 
0.0843113, 0.0843113, 0.0843123, 0.0843144, 0.084318, 0.0843231, 0.08433, 0.0843392, 0.0843509, 0.0843655, 0.0843837, 0.0844059, 0.0844329, 0.0844654, 0.0845045, 0.0845512, 0.0846058, 0.0846697, 0.0847444, 0.0848319, 0.0849343, 0.0850543, 0.085195, 0.0853599, 0.0855534, 0.0857806, 0.0860476, 0.0863617, 0.0867318, 0.0871682, 0.0876838, 0.0882941, 0.0890181, 0.0898794, 0.0909073, 0.0921387, 0.0922047, 0.0922082, 0.0922084, 0.0922084, 0.0922084, 0.0922084, 0.0922084, 0.0922084, 0.0922084, 0.0922084, 0.0922084, 0.0922084, 0.0922084, 0.0922084, 
0.0843022, 0.0843022, 0.0843032, 0.0843054, 0.0843089, 0.084314, 0.084321, 0.0843302, 0.0843419, 0.0843566, 0.0843747, 0.084397, 0.084424, 0.0844566, 0.0844957, 0.0845424, 0.0845971, 0.084661, 0.0847359, 0.0848235, 0.084926, 0.0850461, 0.0851869, 0.085352, 0.0855457, 0.0857732, 0.0860405, 0.086355, 0.0867255, 0.0871624, 0.0876786, 0.0882895, 0.0890144, 0.0898767, 0.0909058, 0.0921386, 0.0922047, 0.0922082, 0.0922084, 0.0922084, 0.0922084, 0.0922084, 0.0922084, 0.0922084, 0.0922084, 0.0922084, 0.0922084, 0.0922084, 0.0922084, 0.0922084, 
0.0842936, 0.0842936, 0.0842946, 0.0842968, 0.0843003, 0.0843054, 0.0843124, 0.0843216, 0.0843333, 0.084348, 0.0843662, 0.0843885, 0.0844155, 0.0844481, 0.0844873, 0.0845341, 0.0845888, 0.0846528, 0.0847277, 0.0848154, 0.0849181, 0.0850383, 0.0851793, 0.0853446, 0.0855385, 0.0857662, 0.0860338, 0.0863487, 0.0867195, 0.0871569, 0.0876736, 0.0882853, 0.0890109, 0.0898741, 0.0909043, 0.0921385, 0.0922047, 0.0922082, 0.0922084, 0.0922084, 0.0922084, 0.0922084, 0.0922084, 0.0922084, 0.0922084, 0.0922084, 0.0922084, 0.0922084, 0.0922084, 0.0922084, 
0.0842854, 0.0842854, 0.0842864, 0.0842886, 0.0842921, 0.0842972, 0.0843042, 0.0843134, 0.0843251, 0.0843399, 0.0843581, 0.0843803, 0.0844074, 0.0844401, 0.0844792, 0.0845261, 0.0845809, 0.084645, 0.08472, 0.0848077, 0.0849105, 0.0850309, 0.085172, 0.0853374, 0.0855316, 0.0857595, 0.0860274, 0.0863426, 0.0867138, 0.0871516, 0.0876689, 0.0882812, 0.0890076, 0.0898717, 0.090903, 0.0921385, 0.0922047, 0.0922082, 0.0922084, 0.0922084, 0.0922084, 0.0922084, 0.0922084, 0.0922084, 0.0922084, 0.0922084, 0.0922084, 0.0922084, 0.0922084, 0.0922084, 
0.0842776, 0.0842776, 0.0842786, 0.0842807, 0.0842843, 0.0842894, 0.0842964, 0.0843056, 0.0843173, 0.0843321, 0.0843503, 0.0843726, 0.0843997, 0.0844324, 0.0844716, 0.0845185, 0.0845734, 0.0846375, 0.0847126, 0.0848004, 0.0849033, 0.0850238, 0.085165, 0.0853307, 0.085525, 0.0857532, 0.0860213, 0.0863368, 0.0867084, 0.0871466, 0.0876644, 0.0882773, 0.0890044, 0.0898693, 0.0909016, 0.0921384, 0.0922047, 0.0922082, 0.0922084, 0.0922084, 0.0922084, 0.0922084, 0.0922084, 0.0922084, 0.0922084, 0.0922084, 0.0922084, 0.0922084, 0.0922084, 0.0922084, 
0.0842701, 0.0842701, 0.0842711, 0.0842733, 0.0842768, 0.084282, 0.084289, 0.0842982, 0.0843099, 0.0843247, 0.0843429, 0.0843652, 0.0843924, 0.0844251, 0.0844643, 0.0845113, 0.0845662, 0.0846304, 0.0847055, 0.0847935, 0.0848964, 0.0850171, 0.0851584, 0.0853242, 0.0855187, 0.0857471, 0.0860155, 0.0863313, 0.0867032, 0.0871419, 0.0876601, 0.0882735, 0.0890013, 0.0898671, 0.0909004, 0.0921383, 0.0922047, 0.0922082, 0.0922084, 0.0922084, 0.0922084, 0.0922084, 0.0922084, 0.0922084, 0.0922084, 0.0922084, 0.0922084, 0.0922084, 0.0922084, 0.0922084, 
0.084263, 0.084263, 0.084264, 0.0842662, 0.0842697, 0.0842749, 0.0842819, 0.0842911, 0.0843029, 0.0843176, 0.0843359, 0.0843582, 0.0843854, 0.0844181, 0.0844574, 0.0845044, 0.0845593, 0.0846236, 0.0846988, 0.0847868, 0.0848899, 0.0850106, 0.0851521, 0.085318, 0.0855127, 0.0857413, 0.08601, 0.086326, 0.0866983, 0.0871373, 0.087656, 0.08827, 0.0889984, 0.089865, 0.0908992, 0.0921383, 0.0922047, 0.0922082, 0.0922084, 0.0922084, 0.0922084, 0.0922084, 0.0922084, 0.0922084, 0.0922084, 0.0922084, 0.0922084, 0.0922084, 0.0922084, 0.0922084, 
0.0842562, 0.0842562, 0.0842572, 0.0842594, 0.084263, 0.0842681, 0.0842751, 0.0842844, 0.0842961, 0.0843109, 0.0843292, 0.0843515, 0.0843787, 0.0844115, 0.0844508, 0.0844978, 0.0845528, 0.0846172, 0.0846924, 0.0847805, 0.0848837, 0.0850045, 0.0851461, 0.0853122, 0.085507, 0.0857358, 0.0860047, 0.086321, 0.0866936, 0.087133, 0.0876521, 0.0882666, 0.0889957, 0.089863, 0.0908981, 0.0921382, 0.0922047, 0.0922082, 0.0922084, 0.0922084, 0.0922084, 0.0922084, 0.0922084, 0.0922084, 0.0922084, 0.0922084, 0.0922084, 0.0922084, 0.0922084, 0.0922084, 
0.0842498, 0.0842498, 0.0842508, 0.084253, 0.0842565, 0.0842617, 0.0842687, 0.0842779, 0.0842897, 0.0843045, 0.0843228, 0.0843452, 0.0843724, 0.0844052, 0.0844445, 0.0844916, 0.0845466, 0.084611, 0.0846863, 0.0847745, 0.0848777, 0.0849987, 0.0851404, 0.0853066, 0.0855016, 0.0857306, 0.0859997, 0.0863162, 0.0866891, 0.0871289, 0.0876484, 0.0882634, 0.088993, 0.089861, 0.090897, 0.0921381, 0.0922047, 0.0922082, 0.0922084, 0.0922084, 0.0922084, 0.0922084, 0.0922084, 0.0922084, 0.0922084, 0.0922084, 0.0922084, 0.0922084, 0.0922084, 0.0922084, 
0.0842436, 0.0842436, 0.0842446, 0.0842468, 0.0842504, 0.0842555, 0.0842626, 0.0842718, 0.0842836, 0.0842984, 0.0843167, 0.0843391, 0.0843663, 0.0843991, 0.0844385, 0.0844856, 0.0845407, 0.0846051, 0.0846805, 0.0847688, 0.0848721, 0.0849931, 0.085135, 0.0853013, 0.0854964, 0.0857256, 0.0859949, 0.0863117, 0.0866848, 0.087125, 0.0876449, 0.0882604, 0.0889905, 0.0898592, 0.090896, 0.0921381, 0.0922047, 0.0922082, 0.0922084, 0.0922084, 0.0922084, 0.0922084, 0.0922084, 0.0922084, 0.0922084, 0.0922084, 0.0922084, 0.0922084, 0.0922084, 0.0922084, 
0.0842378, 0.0842378, 0.0842388, 0.084241, 0.0842445, 0.0842497, 0.0842567, 0.084266, 0.0842778, 0.0842926, 0.0843109, 0.0843333, 0.0843606, 0.0843934, 0.0844328, 0.08448, 0.0845351, 0.0845995, 0.084675, 0.0847633, 0.0848667, 0.0849878, 0.0851298, 0.0852962, 0.0854915, 0.0857208, 0.0859903, 0.0863074, 0.0866808, 0.0871212, 0.0876415, 0.0882574, 0.0889882, 0.0898575, 0.090895, 0.092138, 0.0922047, 0.0922082, 0.0922084, 0.0922084, 0.0922084, 0.0922084, 0.0922084, 0.0922084, 0.0922084, 0.0922084, 0.0922084, 0.0922084, 0.0922084, 0.0922084, 
0.0842322, 0.0842322, 0.0842332, 0.0842354, 0.084239, 0.0842441, 0.0842512, 0.0842604, 0.0842722, 0.0842871, 0.0843054, 0.0843278, 0.0843551, 0.0843879, 0.0844274, 0.0844746, 0.0845297, 0.0845942, 0.0846697, 0.0847581, 0.0848616, 0.0849828, 0.0851248, 0.0852914, 0.0854868, 0.0857163, 0.085986, 0.0863032, 0.0866769, 0.0871177, 0.0876383, 0.0882547, 0.0889859, 0.0898558, 0.090894, 0.092138, 0.0922047, 0.0922082, 0.0922084, 0.0922084, 0.0922084, 0.0922084, 0.0922084, 0.0922084, 0.0922084, 0.0922084, 0.0922084, 0.0922084, 0.0922084, 0.0922084, 
0.0842269, 0.0842269, 0.0842279, 0.0842301, 0.0842336, 0.0842388, 0.0842459, 0.0842551, 0.084267, 0.0842818, 0.0843001, 0.0843226, 0.0843498, 0.0843827, 0.0844222, 0.0844694, 0.0845246, 0.0845892, 0.0846647, 0.0847531, 0.0848567, 0.084978, 0.0851201, 0.0852868, 0.0854823, 0.085712, 0.0859818, 0.0862993, 0.0866732, 0.0871143, 0.0876353, 0.088252, 0.0889837, 0.0898542, 0.0908931, 0.0921379, 0.0922047, 0.0922082, 0.0922084, 0.0922084, 0.0922084, 0.0922084, 0.0922084, 0.0922084, 0.0922084, 0.0922084, 0.0922084, 0.0922084, 0.0922084, 0.0922084, 
0.0842218, 0.0842218, 0.0842228, 0.084225, 0.0842286, 0.0842338, 0.0842408, 0.0842501, 0.0842619, 0.0842768, 0.0842951, 0.0843176, 0.0843449, 0.0843778, 0.0844173, 0.0844645, 0.0845197, 0.0845843, 0.0846599, 0.0847484, 0.084852, 0.0849734, 0.0851156, 0.0852824, 0.0854781, 0.0857079, 0.0859779, 0.0862956, 0.0866697, 0.087111, 0.0876324, 0.0882495, 0.0889817, 0.0898527, 0.0908923, 0.0921379, 0.0922047, 0.0922082, 0.0922084, 0.0922084, 0.0922084, 0.0922084, 0.0922084, 0.0922084, 0.0922084, 0.0922084, 0.0922084, 0.0922084, 0.0922084, 0.0922084, 
0.084217, 0.084217, 0.084218, 0.0842202, 0.0842238, 0.084229, 0.084236, 0.0842453, 0.0842571, 0.084272, 0.0842903, 0.0843128, 0.0843401, 0.0843731, 0.0844126, 0.0844598, 0.0845151, 0.0845797, 0.0846554, 0.0847439, 0.0848476, 0.084969, 0.0851113, 0.0852782, 0.085474, 0.0857039, 0.0859741, 0.086292, 0.0866664, 0.0871079, 0.0876296, 0.0882471, 0.0889797, 0.0898513, 0.0908915, 0.0921378, 0.0922047, 0.0922082, 0.0922084, 0.0922084, 0.0922084, 0.0922084, 0.0922084, 0.0922084, 0.0922084, 0.0922084, 0.0922084, 0.0922084, 0.0922084, 0.0922084, 
0.0842124, 0.0842124, 0.0842134, 0.0842156, 0.0842192, 0.0842244, 0.0842314, 0.0842407, 0.0842526, 0.0842674, 0.0842858, 0.0843083, 0.0843356, 0.0843686, 0.0844081, 0.0844554, 0.0845107, 0.0845753, 0.084651, 0.0847396, 0.0848433, 0.0849649, 0.0851073, 0.0852742, 0.0854702, 0.0857002, 0.0859706, 0.0862886, 0.0866632, 0.087105, 0.087627, 0.0882448, 0.0889778, 0.0898499, 0.0908907, 0.0921378, 0.0922047, 0.0922082, 0.0922084, 0.0922084, 0.0922084, 0.0922084, 0.0922084, 0.0922084, 0.0922084, 0.0922084, 0.0922084, 0.0922084, 0.0922084, 0.0922084, 
0.084208, 0.084208, 0.084209, 0.0842112, 0.0842148, 0.08422, 0.0842271, 0.0842363, 0.0842482, 0.0842631, 0.0842815, 0.084304, 0.0843313, 0.0843643, 0.0844038, 0.0844511, 0.0845065, 0.0845712, 0.0846469, 0.0847355, 0.0848393, 0.0849609, 0.0851034, 0.0852704, 0.0854665, 0.0856966, 0.0859671, 0.0862854, 0.0866602, 0.0871022, 0.0876245, 0.0882426, 0.088976, 0.0898486, 0.09089, 0.0921378, 0.0922047, 0.0922082, 0.0922084, 0.0922084, 0.0922084, 0.0922084, 0.0922084, 0.0922084, 0.0922084, 0.0922084, 0.0922084, 0.0922084, 0.0922084, 0.0922084, 
0.0842039, 0.0842039, 0.0842049, 0.0842071, 0.0842106, 0.0842158, 0.0842229, 0.0842322, 0.0842441, 0.0842589, 0.0842773, 0.0842998, 0.0843272, 0.0843602, 0.0843998, 0.0844471, 0.0845024, 0.0845672, 0.084643, 0.0847316, 0.0848355, 0.0849571, 0.0850997, 0.0852668, 0.085463, 0.0856933, 0.0859639, 0.0862823, 0.0866573, 0.0870995, 0.0876221, 0.0882406, 0.0889744, 0.0898473, 0.0908893, 0.0921377, 0.0922047, 0.0922082, 0.0922084, 0.0922084, 0.0922084, 0.0922084, 0.0922084, 0.0922084, 0.0922084, 0.0922084, 0.0922084, 0.0922084, 0.0922084, 0.0922084, 
0.0841999, 0.0841999, 0.0842009, 0.0842031, 0.0842067, 0.0842119, 0.084219, 0.0842282, 0.0842401, 0.084255, 0.0842734, 0.0842959, 0.0843233, 0.0843563, 0.0843959, 0.0844432, 0.0844986, 0.0845634, 0.0846392, 0.0847279, 0.0848318, 0.0849535, 0.0850962, 0.0852634, 0.0854596, 0.08569, 0.0859608, 0.0862793, 0.0866545, 0.087097, 0.0876198, 0.0882386, 0.0889727, 0.0898461, 0.0908886, 0.0921377, 0.0922047, 0.0922082, 0.0922084, 0.0922084, 0.0922084, 0.0922084, 0.0922084, 0.0922084, 0.0922084, 0.0922084, 0.0922084, 0.0922084, 0.0922084, 0.0922084, 
0.0841961, 0.0841961, 0.0841971, 0.0841993, 0.0842029, 0.0842081, 0.0842152, 0.0842245, 0.0842363, 0.0842512, 0.0842696, 0.0842922, 0.0843196, 0.0843526, 0.0843922, 0.0844396, 0.084495, 0.0845598, 0.0846356, 0.0847244, 0.0848283, 0.0849501, 0.0850928, 0.0852601, 0.0854564, 0.085687, 0.0859579, 0.0862765, 0.0866519, 0.0870946, 0.0876176, 0.0882367, 0.0889712, 0.089845, 0.090888, 0.0921377, 0.0922047, 0.0922082, 0.0922084, 0.0922084, 0.0922084, 0.0922084, 0.0922084, 0.0922084, 0.0922084, 0.0922084, 0.0922084, 0.0922084, 0.0922084, 0.0922084, 
0.0841925, 0.0841925, 0.0841935, 0.0841957, 0.0841993, 0.0842045, 0.0842116, 0.0842209, 0.0842328, 0.0842477, 0.0842661, 0.0842886, 0.084316, 0.0843491, 0.0843887, 0.0844361, 0.0844915, 0.0845564, 0.0846322, 0.084721, 0.084825, 0.0849468, 0.0850896, 0.085257, 0.0854534, 0.085684, 0.085955, 0.0862739, 0.0866494, 0.0870923, 0.0876155, 0.0882349, 0.0889697, 0.0898439, 0.0908874, 0.0921376, 0.0922047, 0.0922082, 0.0922084, 0.0922084, 0.0922084, 0.0922084, 0.0922084, 0.0922084, 0.0922084, 0.0922084, 0.0922084, 0.0922084, 0.0922084, 0.0922084, 
0.0841891, 0.0841891, 0.0841901, 0.0841923, 0.0841959, 0.0842011, 0.0842082, 0.0842175, 0.0842293, 0.0842442, 0.0842627, 0.0842852, 0.0843126, 0.0843457, 0.0843854, 0.0844328, 0.0844882, 0.0845531, 0.084629, 0.0847178, 0.0848219, 0.0849437, 0.0850866, 0.085254, 0.0854505, 0.0856812, 0.0859524, 0.0862713, 0.086647, 0.0870901, 0.0876136, 0.0882332, 0.0889683, 0.0898429, 0.0908868, 0.0921376, 0.0922047, 0.0922082, 0.0922084, 0.0922084, 0.0922084, 0.0922084, 0.0922084, 0.0922084, 0.0922084, 0.0922084, 0.0922084, 0.0922084, 0.0922084, 0.0922084, 
0.0841858, 0.0841858, 0.0841868, 0.084189, 0.0841926, 0.0841978, 0.0842049, 0.0842142, 0.0842261, 0.084241, 0.0842594, 0.084282, 0.0843094, 0.0843425, 0.0843822, 0.0844296, 0.0844851, 0.08455, 0.0846259, 0.0847148, 0.0848189, 0.0849408, 0.0850837, 0.0852512, 0.0854478, 0.0856786, 0.0859498, 0.0862689, 0.0866447, 0.087088, 0.0876117, 0.0882316, 0.088967, 0.0898419, 0.0908863, 0.0921376, 0.0922047, 0.0922082, 0.0922084, 0.0922084, 0.0922084, 0.0922084, 0.0922084, 0.0922084, 0.0922084, 0.0922084, 0.0922084, 0.0922084, 0.0922084, 0.0922084, 
0.0841827, 0.0841827, 0.0841837, 0.0841859, 0.0841895, 0.0841947, 0.0842018, 0.0842111, 0.084223, 0.0842379, 0.0842564, 0.0842789, 0.0843064, 0.0843394, 0.0843791, 0.0844266, 0.0844821, 0.084547, 0.084623, 0.0847119, 0.084816, 0.084938, 0.0850809, 0.0852485, 0.0854451, 0.085676, 0.0859474, 0.0862666, 0.0866426, 0.087086, 0.0876099, 0.08823, 0.0889657, 0.089841, 0.0908857, 0.0921375, 0.0922047, 0.0922082, 0.0922084, 0.0922084, 0.0922084, 0.0922084, 0.0922084, 0.0922084, 0.0922084, 0.0922084, 0.0922084, 0.0922084, 0.0922084, 0.0922084, 
0.0841797, 0.0841797, 0.0841807, 0.0841829, 0.0841865, 0.0841917, 0.0841988, 0.0842082, 0.08422, 0.084235, 0.0842534, 0.084276, 0.0843034, 0.0843365, 0.0843762, 0.0844237, 0.0844792, 0.0845442, 0.0846202, 0.0847091, 0.0848133, 0.0849353, 0.0850783, 0.0852459, 0.0854427, 0.0856736, 0.0859451, 0.0862644, 0.0866405, 0.0870841, 0.0876082, 0.0882285, 0.0889645, 0.0898401, 0.0908852, 0.0921375, 0.0922047, 0.0922082, 0.0922084, 0.0922084, 0.0922084, 0.0922084, 0.0922084, 0.0922084, 0.0922084, 0.0922084, 0.0922084, 0.0922084, 0.0922084, 0.0922084, 
0.0841769, 0.0841769, 0.0841779, 0.0841801, 0.0841837, 0.0841889, 0.084196, 0.0842053, 0.0842172, 0.0842322, 0.0842506, 0.0842732, 0.0843007, 0.0843338, 0.0843735, 0.084421, 0.0844765, 0.0845415, 0.0846175, 0.0847065, 0.0848107, 0.0849327, 0.0850758, 0.0852435, 0.0854403, 0.0856713, 0.0859429, 0.0862623, 0.0866386, 0.0870823, 0.0876066, 0.0882271, 0.0889634, 0.0898393, 0.0908848, 0.0921375, 0.0922047, 0.0922082, 0.0922084, 0.0922084, 0.0922084, 0.0922084, 0.0922084, 0.0922084, 0.0922084, 0.0922084, 0.0922084, 0.0922084, 0.0922084, 0.0922084, 
0.0841742, 0.0841742, 0.0841752, 0.0841774, 0.084181, 0.0841862, 0.0841933, 0.0842027, 0.0842146, 0.0842295, 0.084248, 0.0842706, 0.084298, 0.0843311, 0.0843709, 0.0844184, 0.0844739, 0.0845389, 0.084615, 0.084704, 0.0848082, 0.0849303, 0.0850734, 0.0852412, 0.085438, 0.0856692, 0.0859408, 0.0862603, 0.0866367, 0.0870806, 0.087605, 0.0882258, 0.0889623, 0.0898385, 0.0908843, 0.0921375, 0.0922046, 0.0922082, 0.0922084, 0.0922084, 0.0922084, 0.0922084, 0.0922084, 0.0922084, 0.0922084, 0.0922084, 0.0922084, 0.0922084, 0.0922084, 0.0922084, 
0.0841717, 0.0841717, 0.0841727, 0.0841749, 0.0841785, 0.0841837, 0.0841908, 0.0842001, 0.084212, 0.084227, 0.0842454, 0.084268, 0.0842955, 0.0843286, 0.0843684, 0.0844159, 0.0844714, 0.0845365, 0.0846125, 0.0847016, 0.0848058, 0.084928, 0.0850711, 0.0852389, 0.0854359, 0.0856671, 0.0859388, 0.0862584, 0.0866349, 0.087079, 0.0876036, 0.0882245, 0.0889612, 0.0898377, 0.0908839, 0.0921374, 0.0922046, 0.0922082, 0.0922084, 0.0922084, 0.0922084, 0.0922084, 0.0922084, 0.0922084, 0.0922084, 0.0922084, 0.0922084, 0.0922084, 0.0922084, 0.0922084, 
0.0841692, 0.0841692, 0.0841702, 0.0841724, 0.084176, 0.0841812, 0.0841883, 0.0841977, 0.0842096, 0.0842245, 0.084243, 0.0842656, 0.0842931, 0.0843262, 0.084366, 0.0844135, 0.0844691, 0.0845341, 0.0846102, 0.0846993, 0.0848036, 0.0849258, 0.0850689, 0.0852368, 0.0854338, 0.0856651, 0.0859369, 0.0862566, 0.0866332, 0.0870774, 0.0876022, 0.0882233, 0.0889602, 0.089837, 0.0908835, 0.0921374, 0.0922046, 0.0922082, 0.0922084, 0.0922084, 0.0922084, 0.0922084, 0.0922084, 0.0922084, 0.0922084, 0.0922084, 0.0922084, 0.0922084, 0.0922084, 0.0922084, 
0.0841669, 0.0841669, 0.0841679, 0.0841701, 0.0841737, 0.0841789, 0.084186, 0.0841954, 0.0842073, 0.0842222, 0.0842407, 0.0842633, 0.0842908, 0.0843239, 0.0843637, 0.0844113, 0.0844669, 0.0845319, 0.084608, 0.0846971, 0.0848015, 0.0849237, 0.0850669, 0.0852348, 0.0854318, 0.0856632, 0.0859351, 0.0862549, 0.0866316, 0.0870759, 0.0876008, 0.0882221, 0.0889593, 0.0898363, 0.0908831, 0.0921374, 0.0922046, 0.0922082, 0.0922084, 0.0922084, 0.0922084, 0.0922084, 0.0922084, 0.0922084, 0.0922084, 0.0922084, 0.0922084, 0.0922084, 0.0922084, 0.0922084, 
0.0841647, 0.0841647, 0.0841657, 0.0841679, 0.0841715, 0.0841767, 0.0841838, 0.0841932, 0.0842051, 0.08422, 0.0842385, 0.0842611, 0.0842886, 0.0843218, 0.0843616, 0.0844091, 0.0844647, 0.0845298, 0.0846059, 0.0846951, 0.0847994, 0.0849217, 0.0850649, 0.0852329, 0.08543, 0.0856614, 0.0859334, 0.0862533, 0.0866301, 0.0870745, 0.0875995, 0.088221, 0.0889584, 0.0898356, 0.0908827, 0.0921374, 0.0922046, 0.0922082, 0.0922084, 0.0922084, 0.0922084, 0.0922084, 0.0922084, 0.0922084, 0.0922084, 0.0922084, 0.0922084, 0.0922084, 0.0922084, 0.0922084, 
0.0841626, 0.0841626, 0.0841636, 0.0841658, 0.0841694, 0.0841746, 0.0841817, 0.084191, 0.084203, 0.0842179, 0.0842364, 0.0842591, 0.0842866, 0.0843197, 0.0843595, 0.0844071, 0.0844627, 0.0845278, 0.0846039, 0.0846931, 0.0847975, 0.0849197, 0.085063, 0.0852311, 0.0854282, 0.0856597, 0.0859317, 0.0862517, 0.0866286, 0.0870732, 0.0875983, 0.08822, 0.0889575, 0.089835, 0.0908824, 0.0921374, 0.0922046, 0.0922082, 0.0922084, 0.0922084, 0.0922084, 0.0922084, 0.0922084, 0.0922084, 0.0922084, 0.0922084, 0.0922084, 0.0922084, 0.0922084, 0.0922084, 
0.0841606, 0.0841606, 0.0841616, 0.0841638, 0.0841674, 0.0841726, 0.0841797, 0.084189, 0.084201, 0.0842159, 0.0842344, 0.0842571, 0.0842846, 0.0843177, 0.0843575, 0.0844051, 0.0844608, 0.0845259, 0.084602, 0.0846912, 0.0847956, 0.0849179, 0.0850613, 0.0852293, 0.0854265, 0.085658, 0.0859301, 0.0862502, 0.0866272, 0.0870719, 0.0875972, 0.088219, 0.0889567, 0.0898344, 0.090882, 0.0921373, 0.0922046, 0.0922082, 0.0922084, 0.0922084, 0.0922084, 0.0922084, 0.0922084, 0.0922084, 0.0922084, 0.0922084, 0.0922084, 0.0922084, 0.0922084, 0.0922084, 
0.0841586, 0.0841586, 0.0841597, 0.0841619, 0.0841655, 0.0841707, 0.0841778, 0.0841871, 0.0841991, 0.084214, 0.0842325, 0.0842552, 0.0842827, 0.0843159, 0.0843557, 0.0844033, 0.0844589, 0.084524, 0.0846002, 0.0846894, 0.0847939, 0.0849162, 0.0850596, 0.0852277, 0.0854249, 0.0856565, 0.0859287, 0.0862488, 0.0866259, 0.0870707, 0.0875961, 0.088218, 0.0889559, 0.0898338, 0.0908817, 0.0921373, 0.0922046, 0.0922082, 0.0922084, 0.0922084, 0.0922084, 0.0922084, 0.0922084, 0.0922084, 0.0922084, 0.0922084, 0.0922084, 0.0922084, 0.0922084, 0.0922084, 
0.0841568, 0.0841568, 0.0841578, 0.08416, 0.0841636, 0.0841689, 0.084176, 0.0841853, 0.0841973, 0.0842122, 0.0842307, 0.0842534, 0.0842809, 0.0843141, 0.0843539, 0.0844015, 0.0844572, 0.0845223, 0.0845985, 0.0846877, 0.0847922, 0.0849145, 0.0850579, 0.0852261, 0.0854234, 0.085655, 0.0859272, 0.0862475, 0.0866246, 0.0870695, 0.087595, 0.0882171, 0.0889552, 0.0898333, 0.0908814, 0.0921373, 0.0922046, 0.0922082, 0.0922084, 0.0922084, 0.0922084, 0.0922084, 0.0922084, 0.0922084, 0.0922084, 0.0922084, 0.0922084, 0.0922084, 0.0922084, 0.0922084, 
0.0841551, 0.0841551, 0.0841561, 0.0841583, 0.0841619, 0.0841671, 0.0841743, 0.0841836, 0.0841955, 0.0842105, 0.084229, 0.0842517, 0.0842792, 0.0843124, 0.0843522, 0.0843998, 0.0844555, 0.0845206, 0.0845969, 0.0846861, 0.0847906, 0.084913, 0.0850564, 0.0852246, 0.0854219, 0.0856536, 0.0859259, 0.0862462, 0.0866234, 0.0870684, 0.087594, 0.0882163, 0.0889545, 0.0898328, 0.0908811, 0.0921373, 0.0922046, 0.0922082, 0.0922084, 0.0922084, 0.0922084, 0.0922084, 0.0922084, 0.0922084, 0.0922084, 0.0922084, 0.0922084, 0.0922084, 0.0922084, 0.0922084, 
0.0841534, 0.0841534, 0.0841545, 0.0841567, 0.0841603, 0.0841655, 0.0841726, 0.0841819, 0.0841939, 0.0842089, 0.0842274, 0.08425, 0.0842776, 0.0843108, 0.0843506, 0.0843982, 0.0844539, 0.0845191, 0.0845953, 0.0846846, 0.0847891, 0.0849115, 0.0850549, 0.0852232, 0.0854205, 0.0856523, 0.0859246, 0.086245, 0.0866223, 0.0870673, 0.0875931, 0.0882154, 0.0889538, 0.0898323, 0.0908808, 0.0921373, 0.0922046, 0.0922082, 0.0922084, 0.0922084, 0.0922084, 0.0922084, 0.0922084, 0.0922084, 0.0922084, 0.0922084, 0.0922084, 0.0922084, 0.0922084, 0.0922084, 
0.0841519, 0.0841519, 0.0841529, 0.0841551, 0.0841587, 0.0841639, 0.084171, 0.0841804, 0.0841923, 0.0842073, 0.0842258, 0.0842485, 0.084276, 0.0843092, 0.0843491, 0.0843967, 0.0844524, 0.0845176, 0.0845938, 0.0846831, 0.0847876, 0.0849101, 0.0850535, 0.0852218, 0.0854192, 0.085651, 0.0859234, 0.0862438, 0.0866212, 0.0870663, 0.0875922, 0.0882146, 0.0889532, 0.0898318, 0.0908806, 0.0921373, 0.0922046, 0.0922082, 0.0922084, 0.0922084, 0.0922084, 0.0922084, 0.0922084, 0.0922084, 0.0922084, 0.0922084, 0.0922084, 0.0922084, 0.0922084, 0.0922084, 
0.0841504, 0.0841504, 0.0841514, 0.0841536, 0.0841572, 0.0841624, 0.0841695, 0.0841789, 0.0841908, 0.0842058, 0.0842243, 0.084247, 0.0842745, 0.0843077, 0.0843476, 0.0843952, 0.084451, 0.0845161, 0.0845924, 0.0846817, 0.0847862, 0.0849087, 0.0850522, 0.0852205, 0.0854179, 0.0856498, 0.0859222, 0.0862427, 0.0866202, 0.0870654, 0.0875913, 0.0882139, 0.0889526, 0.0898314, 0.0908803, 0.0921372, 0.0922046, 0.0922082, 0.0922084, 0.0922084, 0.0922084, 0.0922084, 0.0922084, 0.0922084, 0.0922084, 0.0922084, 0.0922084, 0.0922084, 0.0922084, 0.0922084, 
0.0841489, 0.0841489, 0.0841499, 0.0841522, 0.0841558, 0.084161, 0.0841681, 0.0841775, 0.0841894, 0.0842044, 0.0842229, 0.0842456, 0.0842731, 0.0843063, 0.0843462, 0.0843939, 0.0844496, 0.0845148, 0.0845911, 0.0846804, 0.0847849, 0.0849074, 0.0850509, 0.0852193, 0.0854167, 0.0856486, 0.0859211, 0.0862416, 0.0866192, 0.0870645, 0.0875905, 0.0882132, 0.088952, 0.0898309, 0.0908801, 0.0921372, 0.0922046, 0.0922082, 0.0922084, 0.0922084, 0.0922084, 0.0922084, 0.0922084, 0.0922084, 0.0922084, 0.0922084, 0.0922084, 0.0922084, 0.0922084, 0.0922084, 
0.0841476, 0.0841476, 0.0841486, 0.0841508, 0.0841544, 0.0841596, 0.0841668, 0.0841761, 0.0841881, 0.084203, 0.0842216, 0.0842443, 0.0842718, 0.084305, 0.0843449, 0.0843925, 0.0844483, 0.0845135, 0.0845898, 0.0846791, 0.0847837, 0.0849062, 0.0850497, 0.0852181, 0.0854156, 0.0856475, 0.08592, 0.0862406, 0.0866182, 0.0870636, 0.0875897, 0.0882125, 0.0889514, 0.0898305, 0.0908798, 0.0921372, 0.0922046, 0.0922082, 0.0922084, 0.0922084, 0.0922084, 0.0922084, 0.0922084, 0.0922084, 0.0922084, 0.0922084, 0.0922084, 0.0922084, 0.0922084, 0.0922084, 
0.0841463, 0.0841463, 0.0841473, 0.0841495, 0.0841531, 0.0841583, 0.0841655, 0.0841748, 0.0841868, 0.0842018, 0.0842203, 0.084243, 0.0842705, 0.0843037, 0.0843436, 0.0843913, 0.084447, 0.0845122, 0.0845886, 0.0846779, 0.0847825, 0.084905, 0.0850486, 0.085217, 0.0854145, 0.0856464, 0.085919, 0.0862397, 0.0866173, 0.0870628, 0.087589, 0.0882119, 0.0889509, 0.0898301, 0.0908796, 0.0921372, 0.0922046, 0.0922082, 0.0922084, 0.0922084, 0.0922084, 0.0922084, 0.0922084, 0.0922084, 0.0922084, 0.0922084, 0.0922084, 0.0922084, 0.0922084, 0.0922084, 
0.084145, 0.084145, 0.0841461, 0.0841483, 0.0841519, 0.0841571, 0.0841642, 0.0841736, 0.0841855, 0.0842005, 0.0842191, 0.0842418, 0.0842693, 0.0843025, 0.0843424, 0.0843901, 0.0844458, 0.0845111, 0.0845874, 0.0846767, 0.0847813, 0.0849039, 0.0850475, 0.0852159, 0.0854135, 0.0856454, 0.0859181, 0.0862388, 0.0866165, 0.087062, 0.0875883, 0.0882112, 0.0889504, 0.0898298, 0.0908794, 0.0921372, 0.0922046, 0.0922082, 0.0922084, 0.0922084, 0.0922084, 0.0922084, 0.0922084, 0.0922084, 0.0922084, 0.0922084, 0.0922084, 0.0922084, 0.0922084, 0.0922084, 
0.0841439, 0.0841439, 0.0841449, 0.0841471, 0.0841507, 0.0841559, 0.0841631, 0.0841724, 0.0841844, 0.0841994, 0.0842179, 0.0842406, 0.0842682, 0.0843014, 0.0843413, 0.0843889, 0.0844447, 0.0845099, 0.0845863, 0.0846756, 0.0847803, 0.0849028, 0.0850465, 0.0852149, 0.0854125, 0.0856445, 0.0859171, 0.0862379, 0.0866157, 0.0870612, 0.0875876, 0.0882107, 0.0889499, 0.0898294, 0.0908792, 0.0921372, 0.0922046, 0.0922082, 0.0922084, 0.0922084, 0.0922084, 0.0922084, 0.0922084, 0.0922084, 0.0922084, 0.0922084, 0.0922084, 0.0922084, 0.0922084, 0.0922084, 
0.0841427, 0.0841427, 0.0841438, 0.084146, 0.0841496, 0.0841548, 0.0841619, 0.0841713, 0.0841833, 0.0841983, 0.0842168, 0.0842395, 0.084267, 0.0843003, 0.0843402, 0.0843879, 0.0844436, 0.0845089, 0.0845852, 0.0846746, 0.0847792, 0.0849018, 0.0850455, 0.0852139, 0.0854115, 0.0856436, 0.0859163, 0.0862371, 0.0866149, 0.0870605, 0.0875869, 0.0882101, 0.0889495, 0.0898291, 0.090879, 0.0921372, 0.0922046, 0.0922082, 0.0922084, 0.0922084, 0.0922084, 0.0922084, 0.0922084, 0.0922084, 0.0922084, 0.0922084, 0.0922084, 0.0922084, 0.0922084, 0.0922084, 
0.0841417, 0.0841417, 0.0841427, 0.0841449, 0.0841485, 0.0841537, 0.0841609, 0.0841702, 0.0841822, 0.0841972, 0.0842157, 0.0842384, 0.084266, 0.0842992, 0.0843391, 0.0843868, 0.0844426, 0.0845079, 0.0845842, 0.0846736, 0.0847783, 0.0849008, 0.0850445, 0.085213, 0.0854106, 0.0856427, 0.0859154, 0.0862363, 0.0866141, 0.0870598, 0.0875863, 0.0882096, 0.088949, 0.0898288, 0.0908789, 0.0921372, 0.0922046, 0.0922082, 0.0922084, 0.0922084, 0.0922084, 0.0922084, 0.0922084, 0.0922084, 0.0922084, 0.0922084, 0.0922084, 0.0922084, 0.0922084, 0.0922084, 
0.0841407, 0.0841407, 0.0841417, 0.0841439, 0.0841475, 0.0841527, 0.0841599, 0.0841692, 0.0841812, 0.0841962, 0.0842147, 0.0842374, 0.084265, 0.0842983, 0.0843382, 0.0843858, 0.0844416, 0.0845069, 0.0845833, 0.0846726, 0.0847773, 0.0848999, 0.0850436, 0.0852121, 0.0854098, 0.0856419, 0.0859146, 0.0862355, 0.0866134, 0.0870592, 0.0875858, 0.0882091, 0.0889486, 0.0898285, 0.0908787, 0.0921372, 0.0922046, 0.0922082, 0.0922084, 0.0922084, 0.0922084, 0.0922084, 0.0922084, 0.0922084, 0.0922084, 0.0922084, 0.0922084, 0.0922084, 0.0922084, 0.0922084, 
0.0841397, 0.0841397, 0.0841407, 0.0841429, 0.0841465, 0.0841518, 0.0841589, 0.0841683, 0.0841802, 0.0841952, 0.0842138, 0.0842365, 0.0842641, 0.0842973, 0.0843372, 0.0843849, 0.0844407, 0.084506, 0.0845823, 0.0846717, 0.0847764, 0.084899, 0.0850428, 0.0852113, 0.085409, 0.0856411, 0.0859139, 0.0862348, 0.0866128, 0.0870586, 0.0875852, 0.0882086, 0.0889482, 0.0898282, 0.0908785, 0.0921372, 0.0922046, 0.0922082, 0.0922084, 0.0922084, 0.0922084, 0.0922084, 0.0922084, 0.0922084, 0.0922084, 0.0922084, 0.0922084, 0.0922084, 0.0922084, 0.0922084, 
0.0841388, 0.0841388, 0.0841398, 0.084142, 0.0841456, 0.0841508, 0.084158, 0.0841673, 0.0841793, 0.0841943, 0.0842129, 0.0842356, 0.0842631, 0.0842964, 0.0843363, 0.084384, 0.0844398, 0.0845051, 0.0845815, 0.0846709, 0.0847756, 0.0848982, 0.0850419, 0.0852105, 0.0854082, 0.0856403, 0.0859132, 0.0862341, 0.0866121, 0.087058, 0.0875847, 0.0882081, 0.0889478, 0.0898279, 0.0908784, 0.0921371, 0.0922046, 0.0922082, 0.0922084, 0.0922084, 0.0922084, 0.0922084, 0.0922084, 0.0922084, 0.0922084, 0.0922084, 0.0922084, 0.0922084, 0.0922084, 0.0922084, 
0.0841379, 0.0841379, 0.0841389, 0.0841411, 0.0841447, 0.08415, 0.0841571, 0.0841665, 0.0841784, 0.0841934, 0.084212, 0.0842347, 0.0842623, 0.0842955, 0.0843355, 0.0843832, 0.084439, 0.0845043, 0.0845806, 0.0846701, 0.0847748, 0.0848974, 0.0850412, 0.0852097, 0.0854074, 0.0856396, 0.0859125, 0.0862335, 0.0866115, 0.0870574, 0.0875842, 0.0882077, 0.0889475, 0.0898276, 0.0908782, 0.0921371, 0.0922046, 0.0922082, 0.0922084, 0.0922084, 0.0922084, 0.0922084, 0.0922084, 0.0922084, 0.0922084, 0.0922084, 0.0922084, 0.0922084, 0.0922084, 0.0922084, 
0.0841371, 0.0841371, 0.0841381, 0.0841403, 0.0841439, 0.0841491, 0.0841563, 0.0841656, 0.0841776, 0.0841926, 0.0842112, 0.0842339, 0.0842615, 0.0842947, 0.0843346, 0.0843824, 0.0844382, 0.0845035, 0.0845799, 0.0846693, 0.084774, 0.0848967, 0.0850404, 0.085209, 0.0854067, 0.085639, 0.0859118, 0.0862329, 0.0866109, 0.0870569, 0.0875837, 0.0882073, 0.0889471, 0.0898274, 0.0908781, 0.0921371, 0.0922046, 0.0922082, 0.0922084, 0.0922084, 0.0922084, 0.0922084, 0.0922084, 0.0922084, 0.0922084, 0.0922084, 0.0922084, 0.0922084, 0.0922084, 0.0922084, 
0.0841363, 0.0841363, 0.0841373, 0.0841395, 0.0841431, 0.0841483, 0.0841555, 0.0841649, 0.0841768, 0.0841918, 0.0842104, 0.0842331, 0.0842607, 0.0842939, 0.0843339, 0.0843816, 0.0844374, 0.0845027, 0.0845791, 0.0846685, 0.0847733, 0.0848959, 0.0850397, 0.0852083, 0.0854061, 0.0856383, 0.0859112, 0.0862323, 0.0866104, 0.0870564, 0.0875832, 0.0882069, 0.0889468, 0.0898271, 0.0908779, 0.0921371, 0.0922046, 0.0922082, 0.0922084, 0.0922084, 0.0922084, 0.0922084, 0.0922084, 0.0922084, 0.0922084, 0.0922084, 0.0922084, 0.0922084, 0.0922084, 0.0922084, 
0.0841355, 0.0841355, 0.0841365, 0.0841387, 0.0841424, 0.0841476, 0.0841547, 0.0841641, 0.0841761, 0.0841911, 0.0842096, 0.0842323, 0.0842599, 0.0842932, 0.0843331, 0.0843809, 0.0844367, 0.084502, 0.0845784, 0.0846678, 0.0847726, 0.0848953, 0.085039, 0.0852076, 0.0854054, 0.0856377, 0.0859106, 0.0862317, 0.0866099, 0.0870559, 0.0875828, 0.0882065, 0.0889465, 0.0898269, 0.0908778, 0.0921371, 0.0922046, 0.0922082, 0.0922084, 0.0922084, 0.0922084, 0.0922084, 0.0922084, 0.0922084, 0.0922084, 0.0922084, 0.0922084, 0.0922084, 0.0922084, 0.0922084, 
0.0841348, 0.0841348, 0.0841358, 0.084138, 0.0841416, 0.0841469, 0.084154, 0.0841634, 0.0841753, 0.0841904, 0.0842089, 0.0842316, 0.0842592, 0.0842925, 0.0843324, 0.0843802, 0.084436, 0.0845013, 0.0845777, 0.0846672, 0.0847719, 0.0848946, 0.0850384, 0.085207, 0.0854048, 0.0856371, 0.0859101, 0.0862312, 0.0866094, 0.0870554, 0.0875824, 0.0882061, 0.0889462, 0.0898267, 0.0908777, 0.0921371, 0.0922046, 0.0922082, 0.0922084, 0.0922084, 0.0922084, 0.0922084, 0.0922084, 0.0922084, 0.0922084, 0.0922084, 0.0922084, 0.0922084, 0.0922084, 0.0922084, 
0.0841341, 0.0841341, 0.0841351, 0.0841373, 0.0841409, 0.0841462, 0.0841533, 0.0841627, 0.0841747, 0.0841897, 0.0842082, 0.084231, 0.0842585, 0.0842918, 0.0843318, 0.0843795, 0.0844353, 0.0845006, 0.0845771, 0.0846665, 0.0847713, 0.084894, 0.0850378, 0.0852064, 0.0854043, 0.0856365, 0.0859095, 0.0862307, 0.0866089, 0.087055, 0.087582, 0.0882058, 0.0889459, 0.0898265, 0.0908776, 0.0921371, 0.0922046, 0.0922082, 0.0922084, 0.0922084, 0.0922084, 0.0922084, 0.0922084, 0.0922084, 0.0922084, 0.0922084, 0.0922084, 0.0922084, 0.0922084, 0.0922084, 
0.0841334, 0.0841334, 0.0841345, 0.0841367, 0.0841403, 0.0841455, 0.0841527, 0.084162, 0.084174, 0.084189, 0.0842076, 0.0842303, 0.0842579, 0.0842912, 0.0843311, 0.0843789, 0.0844347, 0.0845, 0.0845764, 0.0846659, 0.0847707, 0.0848934, 0.0850372, 0.0852058, 0.0854037, 0.085636, 0.085909, 0.0862302, 0.0866084, 0.0870546, 0.0875816, 0.0882055, 0.0889457, 0.0898263, 0.0908775, 0.0921371, 0.0922046, 0.0922082, 0.0922084, 0.0922084, 0.0922084, 0.0922084, 0.0922084, 0.0922084, 0.0922084, 0.0922084, 0.0922084, 0.0922084, 0.0922084, 0.0922084, 
0.0841328, 0.0841328, 0.0841338, 0.0841361, 0.0841397, 0.0841449, 0.0841521, 0.0841614, 0.0841734, 0.0841884, 0.084207, 0.0842297, 0.0842573, 0.0842906, 0.0843305, 0.0843782, 0.0844341, 0.0844994, 0.0845759, 0.0846653, 0.0847701, 0.0848928, 0.0850367, 0.0852053, 0.0854032, 0.0856355, 0.0859085, 0.0862297, 0.086608, 0.0870542, 0.0875812, 0.0882052, 0.0889454, 0.0898261, 0.0908774, 0.0921371, 0.0922046, 0.0922082, 0.0922084, 0.0922084, 0.0922084, 0.0922084, 0.0922084, 0.0922084, 0.0922084, 0.0922084, 0.0922084, 0.0922084, 0.0922084, 0.0922084, 
0.0841322, 0.0841322, 0.0841332, 0.0841355, 0.0841391, 0.0841443, 0.0841515, 0.0841608, 0.0841728, 0.0841878, 0.0842064, 0.0842291, 0.0842567, 0.08429, 0.0843299, 0.0843777, 0.0844335, 0.0844988, 0.0845753, 0.0846648, 0.0847696, 0.0848923, 0.0850361, 0.0852048, 0.0854027, 0.085635, 0.0859081, 0.0862293, 0.0866076, 0.0870538, 0.0875809, 0.0882049, 0.0889452, 0.0898259, 0.0908773, 0.0921371, 0.0922046, 0.0922082, 0.0922084, 0.0922084, 0.0922084, 0.0922084, 0.0922084, 0.0922084, 0.0922084, 0.0922084, 0.0922084, 0.0922084, 0.0922084, 0.0922084, 
0.0841317, 0.0841317, 0.0841327, 0.0841349, 0.0841385, 0.0841437, 0.0841509, 0.0841603, 0.0841722, 0.0841873, 0.0842058, 0.0842286, 0.0842561, 0.0842894, 0.0843294, 0.0843771, 0.084433, 0.0844983, 0.0845748, 0.0846642, 0.084769, 0.0848918, 0.0850356, 0.0852043, 0.0854022, 0.0856346, 0.0859076, 0.0862289, 0.0866072, 0.0870534, 0.0875806, 0.0882046, 0.0889449, 0.0898258, 0.0908772, 0.0921371, 0.0922046, 0.0922082, 0.0922084, 0.0922084, 0.0922084, 0.0922084, 0.0922084, 0.0922084, 0.0922084, 0.0922084, 0.0922084, 0.0922084, 0.0922084, 0.0922084, 
0.0841311, 0.0841311, 0.0841321, 0.0841344, 0.084138, 0.0841432, 0.0841504, 0.0841597, 0.0841717, 0.0841867, 0.0842053, 0.084228, 0.0842556, 0.0842889, 0.0843289, 0.0843766, 0.0844325, 0.0844978, 0.0845742, 0.0846637, 0.0847685, 0.0848913, 0.0850352, 0.0852038, 0.0854017, 0.0856341, 0.0859072, 0.0862285, 0.0866068, 0.0870531, 0.0875803, 0.0882043, 0.0889447, 0.0898256, 0.0908771, 0.0921371, 0.0922046, 0.0922082, 0.0922084, 0.0922084, 0.0922084, 0.0922084, 0.0922084, 0.0922084, 0.0922084, 0.0922084, 0.0922084, 0.0922084, 0.0922084, 0.0922084, 
0.0841306, 0.0841306, 0.0841316, 0.0841338, 0.0841375, 0.0841427, 0.0841498, 0.0841592, 0.0841712, 0.0841862, 0.0842048, 0.0842275, 0.0842551, 0.0842884, 0.0843284, 0.0843761, 0.084432, 0.0844973, 0.0845738, 0.0846633, 0.0847681, 0.0848908, 0.0850347, 0.0852034, 0.0854013, 0.0856337, 0.0859068, 0.0862281, 0.0866065, 0.0870527, 0.08758, 0.0882041, 0.0889445, 0.0898255, 0.090877, 0.0921371, 0.0922046, 0.0922082, 0.0922084, 0.0922084, 0.0922084, 0.0922084, 0.0922084, 0.0922084, 0.0922084, 0.0922084, 0.0922084, 0.0922084, 0.0922084, 0.0922084, 
0.0841301, 0.0841301, 0.0841311, 0.0841334, 0.084137, 0.0841422, 0.0841494, 0.0841587, 0.0841707, 0.0841857, 0.0842043, 0.084227, 0.0842546, 0.0842879, 0.0843279, 0.0843756, 0.0844315, 0.0844968, 0.0845733, 0.0846628, 0.0847676, 0.0848904, 0.0850343, 0.085203, 0.0854009, 0.0856333, 0.0859064, 0.0862277, 0.0866061, 0.0870524, 0.0875797, 0.0882038, 0.0889443, 0.0898253, 0.0908769, 0.0921371, 0.0922046, 0.0922082, 0.0922084, 0.0922084, 0.0922084, 0.0922084, 0.0922084, 0.0922084, 0.0922084, 0.0922084, 0.0922084, 0.0922084, 0.0922084, 0.0922084, 
0.0841297, 0.0841297, 0.0841307, 0.0841329, 0.0841365, 0.0841417, 0.0841489, 0.0841583, 0.0841702, 0.0841853, 0.0842038, 0.0842266, 0.0842542, 0.0842875, 0.0843274, 0.0843752, 0.084431, 0.0844964, 0.0845729, 0.0846624, 0.0847672, 0.08489, 0.0850339, 0.0852026, 0.0854005, 0.0856329, 0.0859061, 0.0862274, 0.0866058, 0.0870521, 0.0875794, 0.0882036, 0.0889441, 0.0898252, 0.0908768, 0.0921371, 0.0922046, 0.0922082, 0.0922084, 0.0922084, 0.0922084, 0.0922084, 0.0922084, 0.0922084, 0.0922084, 0.0922084, 0.0922084, 0.0922084, 0.0922084, 0.0922084, 
0.0841292, 0.0841292, 0.0841302, 0.0841325, 0.0841361, 0.0841413, 0.0841485, 0.0841578, 0.0841698, 0.0841848, 0.0842034, 0.0842261, 0.0842537, 0.084287, 0.084327, 0.0843748, 0.0844306, 0.084496, 0.0845724, 0.084662, 0.0847668, 0.0848896, 0.0850335, 0.0852022, 0.0854001, 0.0856326, 0.0859057, 0.0862271, 0.0866055, 0.0870519, 0.0875792, 0.0882034, 0.0889439, 0.089825, 0.0908768, 0.0921371, 0.0922046, 0.0922082, 0.0922084, 0.0922084, 0.0922084, 0.0922084, 0.0922084, 0.0922084, 0.0922084, 0.0922084, 0.0922084, 0.0922084, 0.0922084, 0.0922084, 
0.0841288, 0.0841288, 0.0841298, 0.084132, 0.0841356, 0.0841409, 0.084148, 0.0841574, 0.0841694, 0.0841844, 0.084203, 0.0842257, 0.0842533, 0.0842866, 0.0843266, 0.0843743, 0.0844302, 0.0844956, 0.084572, 0.0846616, 0.0847664, 0.0848892, 0.0850331, 0.0852018, 0.0853998, 0.0856322, 0.0859054, 0.0862267, 0.0866052, 0.0870516, 0.0875789, 0.0882032, 0.0889438, 0.0898249, 0.0908767, 0.0921371, 0.0922046, 0.0922082, 0.0922084, 0.0922084, 0.0922084, 0.0922084, 0.0922084, 0.0922084, 0.0922084, 0.0922084, 0.0922084, 0.0922084, 0.0922084, 0.0922084, 
0.0841284, 0.0841284, 0.0841294, 0.0841316, 0.0841352, 0.0841405, 0.0841476, 0.084157, 0.084169, 0.084184, 0.0842026, 0.0842253, 0.0842529, 0.0842862, 0.0843262, 0.084374, 0.0844298, 0.0844952, 0.0845717, 0.0846612, 0.084766, 0.0848888, 0.0850327, 0.0852015, 0.0853994, 0.0856319, 0.0859051, 0.0862264, 0.0866049, 0.0870513, 0.0875787, 0.088203, 0.0889436, 0.0898248, 0.0908766, 0.092137, 0.0922046, 0.0922082, 0.0922084, 0.0922084, 0.0922084, 0.0922084, 0.0922084, 0.0922084, 0.0922084, 0.0922084, 0.0922084, 0.0922084, 0.0922084, 0.0922084, 
0.084128, 0.084128, 0.084129, 0.0841312, 0.0841349, 0.0841401, 0.0841472, 0.0841566, 0.0841686, 0.0841836, 0.0842022, 0.0842249, 0.0842526, 0.0842859, 0.0843258, 0.0843736, 0.0844295, 0.0844948, 0.0845713, 0.0846608, 0.0847657, 0.0848885, 0.0850324, 0.0852011, 0.0853991, 0.0856316, 0.0859048, 0.0862262, 0.0866047, 0.0870511, 0.0875785, 0.0882028, 0.0889435, 0.0898247, 0.0908766, 0.092137, 0.0922046, 0.0922082, 0.0922084, 0.0922084, 0.0922084, 0.0922084, 0.0922084, 0.0922084, 0.0922084, 0.0922084, 0.0922084, 0.0922084, 0.0922084, 0.0922084, 
0.0841276, 0.0841276, 0.0841287, 0.0841309, 0.0841345, 0.0841397, 0.0841469, 0.0841563, 0.0841682, 0.0841833, 0.0842018, 0.0842246, 0.0842522, 0.0842855, 0.0843255, 0.0843732, 0.0844291, 0.0844945, 0.084571, 0.0846605, 0.0847653, 0.0848881, 0.0850321, 0.0852008, 0.0853988, 0.0856313, 0.0859045, 0.0862259, 0.0866044, 0.0870509, 0.0875783, 0.0882026, 0.0889433, 0.0898246, 0.0908765, 0.092137, 0.0922046, 0.0922082, 0.0922084, 0.0922084, 0.0922084, 0.0922084, 0.0922084, 0.0922084, 0.0922084, 0.0922084, 0.0922084, 0.0922084, 0.0922084, 0.0922084, 
0.0841273, 0.0841273, 0.0841283, 0.0841305, 0.0841341, 0.0841394, 0.0841465, 0.0841559, 0.0841679, 0.0841829, 0.0842015, 0.0842242, 0.0842519, 0.0842852, 0.0843251, 0.0843729, 0.0844288, 0.0844941, 0.0845706, 0.0846602, 0.084765, 0.0848878, 0.0850318, 0.0852005, 0.0853985, 0.085631, 0.0859042, 0.0862256, 0.0866042, 0.0870506, 0.0875781, 0.0882024, 0.0889432, 0.0898245, 0.0908764, 0.092137, 0.0922046, 0.0922082, 0.0922084, 0.0922084, 0.0922084, 0.0922084, 0.0922084, 0.0922084, 0.0922084, 0.0922084, 0.0922084, 0.0922084, 0.0922084, 0.0922084, 
0.084127, 0.084127, 0.084128, 0.0841302, 0.0841338, 0.0841391, 0.0841462, 0.0841556, 0.0841676, 0.0841826, 0.0842012, 0.0842239, 0.0842515, 0.0842848, 0.0843248, 0.0843726, 0.0844285, 0.0844938, 0.0845703, 0.0846599, 0.0847647, 0.0848875, 0.0850315, 0.0852002, 0.0853983, 0.0856308, 0.085904, 0.0862254, 0.0866039, 0.0870504, 0.0875779, 0.0882022, 0.088943, 0.0898244, 0.0908764, 0.092137, 0.0922046, 0.0922082, 0.0922084, 0.0922084, 0.0922084, 0.0922084, 0.0922084, 0.0922084, 0.0922084, 0.0922084, 0.0922084, 0.0922084, 0.0922084, 0.0922084, 
0.0841267, 0.0841267, 0.0841277, 0.0841299, 0.0841335, 0.0841387, 0.0841459, 0.0841553, 0.0841673, 0.0841823, 0.0842009, 0.0842236, 0.0842512, 0.0842845, 0.0843245, 0.0843723, 0.0844281, 0.0844935, 0.08457, 0.0846596, 0.0847644, 0.0848872, 0.0850312, 0.0852, 0.085398, 0.0856305, 0.0859037, 0.0862252, 0.0866037, 0.0870502, 0.0875777, 0.0882021, 0.0889429, 0.0898243, 0.0908763, 0.092137, 0.0922046, 0.0922082, 0.0922084, 0.0922084, 0.0922084, 0.0922084, 0.0922084, 0.0922084, 0.0922084, 0.0922084, 0.0922084, 0.0922084, 0.0922084, 0.0922084, 
0.0841264, 0.0841264, 0.0841274, 0.0841296, 0.0841332, 0.0841384, 0.0841456, 0.084155, 0.084167, 0.084182, 0.0842006, 0.0842233, 0.0842509, 0.0842842, 0.0843242, 0.084372, 0.0844279, 0.0844932, 0.0845697, 0.0846593, 0.0847641, 0.084887, 0.0850309, 0.0851997, 0.0853977, 0.0856303, 0.0859035, 0.0862249, 0.0866035, 0.08705, 0.0875775, 0.0882019, 0.0889428, 0.0898242, 0.0908763, 0.092137, 0.0922046, 0.0922082, 0.0922084, 0.0922084, 0.0922084, 0.0922084, 0.0922084, 0.0922084, 0.0922084, 0.0922084, 0.0922084, 0.0922084, 0.0922084, 0.0922084, 
0.0841261, 0.0841261, 0.0841271, 0.0841293, 0.0841329, 0.0841382, 0.0841453, 0.0841547, 0.0841667, 0.0841817, 0.0842003, 0.084223, 0.0842506, 0.084284, 0.0843239, 0.0843717, 0.0844276, 0.084493, 0.0845695, 0.084659, 0.0847639, 0.0848867, 0.0850307, 0.0851995, 0.0853975, 0.08563, 0.0859033, 0.0862247, 0.0866033, 0.0870498, 0.0875774, 0.0882018, 0.0889427, 0.0898241, 0.0908762, 0.092137, 0.0922046, 0.0922082, 0.0922084, 0.0922084, 0.0922084, 0.0922084, 0.0922084, 0.0922084, 0.0922084, 0.0922084, 0.0922084, 0.0922084, 0.0922084, 0.0922084, 
0.0841258, 0.0841258, 0.0841268, 0.084129, 0.0841326, 0.0841379, 0.084145, 0.0841544, 0.0841664, 0.0841814, 0.0842, 0.0842228, 0.0842504, 0.0842837, 0.0843237, 0.0843714, 0.0844273, 0.0844927, 0.0845692, 0.0846588, 0.0847636, 0.0848865, 0.0850304, 0.0851992, 0.0853973, 0.0856298, 0.0859031, 0.0862245, 0.0866031, 0.0870497, 0.0875772, 0.0882017, 0.0889426, 0.089824, 0.0908762, 0.092137, 0.0922046, 0.0922082, 0.0922084, 0.0922084, 0.0922084, 0.0922084, 0.0922084, 0.0922084, 0.0922084, 0.0922084, 0.0922084, 0.0922084, 0.0922084, 0.0922084, 
0.0841255, 0.0841255, 0.0841266, 0.0841288, 0.0841324, 0.0841376, 0.0841448, 0.0841542, 0.0841661, 0.0841812, 0.0841998, 0.0842225, 0.0842501, 0.0842834, 0.0843234, 0.0843712, 0.0844271, 0.0844925, 0.084569, 0.0846585, 0.0847634, 0.0848862, 0.0850302, 0.085199, 0.085397, 0.0856296, 0.0859029, 0.0862243, 0.086603, 0.0870495, 0.0875771, 0.0882015, 0.0889425, 0.0898239, 0.0908761, 0.092137, 0.0922046, 0.0922082, 0.0922084, 0.0922084, 0.0922084, 0.0922084, 0.0922084, 0.0922084, 0.0922084, 0.0922084, 0.0922084, 0.0922084, 0.0922084, 0.0922084, 
0.0841253, 0.0841253, 0.0841263, 0.0841285, 0.0841321, 0.0841374, 0.0841445, 0.0841539, 0.0841659, 0.0841809, 0.0841995, 0.0842223, 0.0842499, 0.0842832, 0.0843232, 0.0843709, 0.0844268, 0.0844922, 0.0845687, 0.0846583, 0.0847632, 0.084886, 0.08503, 0.0851988, 0.0853968, 0.0856294, 0.0859027, 0.0862242, 0.0866028, 0.0870493, 0.0875769, 0.0882014, 0.0889424, 0.0898239, 0.0908761, 0.092137, 0.0922046, 0.0922082, 0.0922084, 0.0922084, 0.0922084, 0.0922084, 0.0922084, 0.0922084, 0.0922084, 0.0922084, 0.0922084, 0.0922084, 0.0922084, 0.0922084, 
0.0841251, 0.0841251, 0.0841261, 0.0841283, 0.0841319, 0.0841372, 0.0841443, 0.0841537, 0.0841657, 0.0841807, 0.0841993, 0.084222, 0.0842496, 0.084283, 0.0843229, 0.0843707, 0.0844266, 0.084492, 0.0845685, 0.0846581, 0.084763, 0.0848858, 0.0850298, 0.0851986, 0.0853966, 0.0856292, 0.0859025, 0.086224, 0.0866026, 0.0870492, 0.0875768, 0.0882013, 0.0889423, 0.0898238, 0.0908761, 0.092137, 0.0922046, 0.0922082, 0.0922084, 0.0922084, 0.0922084, 0.0922084, 0.0922084, 0.0922084, 0.0922084, 0.0922084, 0.0922084, 0.0922084, 0.0922084, 0.0922084, 
0.0841248, 0.0841248, 0.0841259, 0.0841281, 0.0841317, 0.0841369, 0.0841441, 0.0841535, 0.0841654, 0.0841805, 0.0841991, 0.0842218, 0.0842494, 0.0842827, 0.0843227, 0.0843705, 0.0844264, 0.0844918, 0.0845683, 0.0846579, 0.0847627, 0.0848856, 0.0850296, 0.0851984, 0.0853965, 0.085629, 0.0859023, 0.0862238, 0.0866025, 0.0870491, 0.0875767, 0.0882012, 0.0889422, 0.0898237, 0.090876, 0.092137, 0.0922046, 0.0922082, 0.0922084, 0.0922084, 0.0922084, 0.0922084, 0.0922084, 0.0922084, 0.0922084, 0.0922084, 0.0922084, 0.0922084, 0.0922084, 0.0922084, 
0.0841246, 0.0841246, 0.0841256, 0.0841279, 0.0841315, 0.0841367, 0.0841439, 0.0841532, 0.0841652, 0.0841803, 0.0841988, 0.0842216, 0.0842492, 0.0842825, 0.0843225, 0.0843703, 0.0844262, 0.0844916, 0.0845681, 0.0846577, 0.0847626, 0.0848854, 0.0850294, 0.0851982, 0.0853963, 0.0856288, 0.0859021, 0.0862237, 0.0866023, 0.0870489, 0.0875765, 0.0882011, 0.0889421, 0.0898237, 0.090876, 0.092137, 0.0922046, 0.0922082, 0.0922084, 0.0922084, 0.0922084, 0.0922084, 0.0922084, 0.0922084, 0.0922084, 0.0922084, 0.0922084, 0.0922084, 0.0922084, 0.0922084, 
0.0841244, 0.0841244, 0.0841254, 0.0841277, 0.0841313, 0.0841365, 0.0841437, 0.084153, 0.084165, 0.0841801, 0.0841986, 0.0842214, 0.084249, 0.0842823, 0.0843223, 0.0843701, 0.084426, 0.0844914, 0.0845679, 0.0846575, 0.0847624, 0.0848852, 0.0850292, 0.085198, 0.0853961, 0.0856287, 0.085902, 0.0862235, 0.0866022, 0.0870488, 0.0875764, 0.088201, 0.088942, 0.0898236, 0.090876, 0.092137, 0.0922046, 0.0922082, 0.0922084, 0.0922084, 0.0922084, 0.0922084, 0.0922084, 0.0922084, 0.0922084, 0.0922084, 0.0922084, 0.0922084, 0.0922084, 0.0922084, 
0.0841242, 0.0841242, 0.0841252, 0.0841275, 0.0841311, 0.0841363, 0.0841435, 0.0841529, 0.0841648, 0.0841799, 0.0841985, 0.0842212, 0.0842488, 0.0842821, 0.0843221, 0.0843699, 0.0844258, 0.0844912, 0.0845677, 0.0846573, 0.0847622, 0.084885, 0.085029, 0.0851979, 0.0853959, 0.0856285, 0.0859018, 0.0862234, 0.086602, 0.0870487, 0.0875763, 0.0882009, 0.0889419, 0.0898236, 0.0908759, 0.092137, 0.0922046, 0.0922082, 0.0922084, 0.0922084, 0.0922084, 0.0922084, 0.0922084, 0.0922084, 0.0922084, 0.0922084, 0.0922084, 0.0922084, 0.0922084, 0.0922084, 
0.084124, 0.084124, 0.0841251, 0.0841273, 0.0841309, 0.0841361, 0.0841433, 0.0841527, 0.0841647, 0.0841797, 0.0841983, 0.084221, 0.0842486, 0.084282, 0.0843219, 0.0843697, 0.0844256, 0.084491, 0.0845676, 0.0846571, 0.084762, 0.0848849, 0.0850289, 0.0851977, 0.0853958, 0.0856284, 0.0859017, 0.0862232, 0.0866019, 0.0870486, 0.0875762, 0.0882008, 0.0889418, 0.0898235, 0.0908759, 0.092137, 0.0922046, 0.0922082, 0.0922084, 0.0922084, 0.0922084, 0.0922084, 0.0922084, 0.0922084, 0.0922084, 0.0922084, 0.0922084, 0.0922084, 0.0922084, 0.0922084, 
0.0841239, 0.0841239, 0.0841249, 0.0841271, 0.0841307, 0.084136, 0.0841431, 0.0841525, 0.0841645, 0.0841795, 0.0841981, 0.0842208, 0.0842485, 0.0842818, 0.0843218, 0.0843696, 0.0844255, 0.0844909, 0.0845674, 0.084657, 0.0847619, 0.0848847, 0.0850287, 0.0851975, 0.0853956, 0.0856282, 0.0859016, 0.0862231, 0.0866018, 0.0870484, 0.0875761, 0.0882007, 0.0889418, 0.0898234, 0.0908759, 0.092137, 0.0922046, 0.0922082, 0.0922084, 0.0922084, 0.0922084, 0.0922084, 0.0922084, 0.0922084, 0.0922084, 0.0922084, 0.0922084, 0.0922084, 0.0922084, 0.0922084, 
0.0841237, 0.0841237, 0.0841247, 0.0841269, 0.0841306, 0.0841358, 0.0841429, 0.0841523, 0.0841643, 0.0841793, 0.0841979, 0.0842207, 0.0842483, 0.0842816, 0.0843216, 0.0843694, 0.0844253, 0.0844907, 0.0845672, 0.0846568, 0.0847617, 0.0848846, 0.0850286, 0.0851974, 0.0853955, 0.0856281, 0.0859014, 0.086223, 0.0866017, 0.0870483, 0.087576, 0.0882006, 0.0889417, 0.0898234, 0.0908758, 0.092137, 0.0922046, 0.0922082, 0.0922084, 0.0922084, 0.0922084, 0.0922084, 0.0922084, 0.0922084, 0.0922084, 0.0922084, 0.0922084, 0.0922084, 0.0922084, 0.0922084, 
0.0841235, 0.0841235, 0.0841246, 0.0841268, 0.0841304, 0.0841356, 0.0841428, 0.0841522, 0.0841642, 0.0841792, 0.0841978, 0.0842205, 0.0842482, 0.0842815, 0.0843215, 0.0843693, 0.0844252, 0.0844906, 0.0845671, 0.0846567, 0.0847616, 0.0848844, 0.0850284, 0.0851973, 0.0853954, 0.085628, 0.0859013, 0.0862229, 0.0866016, 0.0870482, 0.0875759, 0.0882005, 0.0889416, 0.0898233, 0.0908758, 0.092137, 0.0922046, 0.0922082, 0.0922084, 0.0922084, 0.0922084, 0.0922084, 0.0922084, 0.0922084, 0.0922084, 0.0922084, 0.0922084, 0.0922084, 0.0922084, 0.0922084, 
0.0841234, 0.0841234, 0.0841244, 0.0841266, 0.0841302, 0.0841355, 0.0841426, 0.084152, 0.084164, 0.084179, 0.0841976, 0.0842204, 0.084248, 0.0842813, 0.0843213, 0.0843691, 0.084425, 0.0844904, 0.0845669, 0.0846565, 0.0847614, 0.0848843, 0.0850283, 0.0851971, 0.0853952, 0.0856278, 0.0859012, 0.0862227, 0.0866015, 0.0870481, 0.0875758, 0.0882005, 0.0889416, 0.0898233, 0.0908758, 0.092137, 0.0922046, 0.0922082, 0.0922084, 0.0922084, 0.0922084, 0.0922084, 0.0922084, 0.0922084, 0.0922084, 0.0922084, 0.0922084, 0.0922084, 0.0922084, 0.0922084, 
0.0841232, 0.0841232, 0.0841243, 0.0841265, 0.0841301, 0.0841353, 0.0841425, 0.0841519, 0.0841639, 0.0841789, 0.0841975, 0.0842202, 0.0842479, 0.0842812, 0.0843212, 0.084369, 0.0844249, 0.0844903, 0.0845668, 0.0846564, 0.0847613, 0.0848842, 0.0850282, 0.085197, 0.0853951, 0.0856277, 0.0859011, 0.0862226, 0.0866014, 0.087048, 0.0875757, 0.0882004, 0.0889415, 0.0898233, 0.0908758, 0.092137, 0.0922046, 0.0922082, 0.0922084, 0.0922084, 0.0922084, 0.0922084, 0.0922084, 0.0922084, 0.0922084, 0.0922084, 0.0922084, 0.0922084, 0.0922084, 0.0922084, 
0.0841231, 0.0841231, 0.0841241, 0.0841263, 0.08413, 0.0841352, 0.0841424, 0.0841517, 0.0841637, 0.0841788, 0.0841973, 0.0842201, 0.0842477, 0.084281, 0.084321, 0.0843688, 0.0844247, 0.0844901, 0.0845667, 0.0846563, 0.0847612, 0.084884, 0.085028, 0.0851969, 0.085395, 0.0856276, 0.085901, 0.0862225, 0.0866013, 0.087048, 0.0875757, 0.0882003, 0.0889415, 0.0898232, 0.0908757, 0.092137, 0.0922046, 0.0922082, 0.0922084, 0.0922084, 0.0922084, 0.0922084, 0.0922084, 0.0922084, 0.0922084, 0.0922084, 0.0922084, 0.0922084, 0.0922084, 0.0922084, 
0.084123, 0.084123, 0.084124, 0.0841262, 0.0841298, 0.0841351, 0.0841422, 0.0841516, 0.0841636, 0.0841786, 0.0841972, 0.08422, 0.0842476, 0.0842809, 0.0843209, 0.0843687, 0.0844246, 0.08449, 0.0845665, 0.0846561, 0.084761, 0.0848839, 0.0850279, 0.0851968, 0.0853949, 0.0856275, 0.0859009, 0.0862224, 0.0866012, 0.0870479, 0.0875756, 0.0882003, 0.0889414, 0.0898232, 0.0908757, 0.092137, 0.0922046, 0.0922082, 0.0922084, 0.0922084, 0.0922084, 0.0922084, 0.0922084, 0.0922084, 0.0922084, 0.0922084, 0.0922084, 0.0922084, 0.0922084, 0.0922084, 
0.0841228, 0.0841228, 0.0841239, 0.0841261, 0.0841297, 0.084135, 0.0841421, 0.0841515, 0.0841635, 0.0841785, 0.0841971, 0.0842198, 0.0842475, 0.0842808, 0.0843208, 0.0843686, 0.0844245, 0.0844899, 0.0845664, 0.084656, 0.0847609, 0.0848838, 0.0850278, 0.0851967, 0.0853948, 0.0856274, 0.0859008, 0.0862223, 0.0866011, 0.0870478, 0.0875755, 0.0882002, 0.0889414, 0.0898231, 0.0908757, 0.092137, 0.0922046, 0.0922082, 0.0922084, 0.0922084, 0.0922084, 0.0922084, 0.0922084, 0.0922084, 0.0922084, 0.0922084, 0.0922084, 0.0922084, 0.0922084, 0.0922084, 
0.0841227, 0.0841227, 0.0841238, 0.084126, 0.0841296, 0.0841348, 0.084142, 0.0841514, 0.0841634, 0.0841784, 0.084197, 0.0842197, 0.0842474, 0.0842807, 0.0843207, 0.0843685, 0.0844244, 0.0844898, 0.0845663, 0.0846559, 0.0847608, 0.0848837, 0.0850277, 0.0851966, 0.0853947, 0.0856273, 0.0859007, 0.0862223, 0.086601, 0.0870477, 0.0875755, 0.0882001, 0.0889413, 0.0898231, 0.0908757, 0.092137, 0.0922046, 0.0922082, 0.0922084, 0.0922084, 0.0922084, 0.0922084, 0.0922084, 0.0922084, 0.0922084, 0.0922084, 0.0922084, 0.0922084, 0.0922084, 0.0922084, 
0.0841226, 0.0841226, 0.0841236, 0.0841259, 0.0841295, 0.0841347, 0.0841419, 0.0841513, 0.0841632, 0.0841783, 0.0841969, 0.0842196, 0.0842472, 0.0842806, 0.0843206, 0.0843684, 0.0844243, 0.0844897, 0.0845662, 0.0846558, 0.0847607, 0.0848836, 0.0850276, 0.0851965, 0.0853946, 0.0856272, 0.0859006, 0.0862222, 0.0866009, 0.0870476, 0.0875754, 0.0882001, 0.0889413, 0.0898231, 0.0908757, 0.092137, 0.0922046, 0.0922082, 0.0922084, 0.0922084, 0.0922084, 0.0922084, 0.0922084, 0.0922084, 0.0922084, 0.0922084, 0.0922084, 0.0922084, 0.0922084, 0.0922084, 
0.0841225, 0.0841225, 0.0841235, 0.0841258, 0.0841294, 0.0841346, 0.0841418, 0.0841511, 0.0841631, 0.0841782, 0.0841968, 0.0842195, 0.0842471, 0.0842805, 0.0843205, 0.0843683, 0.0844242, 0.0844896, 0.0845661, 0.0846557, 0.0847606, 0.0848835, 0.0850275, 0.0851964, 0.0853945, 0.0856271, 0.0859005, 0.0862221, 0.0866009, 0.0870476, 0.0875753, 0.0882, 0.0889412, 0.089823, 0.0908756, 0.092137, 0.0922046, 0.0922082, 0.0922084, 0.0922084, 0.0922084, 0.0922084, 0.0922084, 0.0922084, 0.0922084, 0.0922084, 0.0922084, 0.0922084, 0.0922084, 0.0922084, 
0.0841224, 0.0841224, 0.0841234, 0.0841256, 0.0841293, 0.0841345, 0.0841417, 0.084151, 0.084163, 0.0841781, 0.0841967, 0.0842194, 0.084247, 0.0842804, 0.0843204, 0.0843682, 0.0844241, 0.0844895, 0.084566, 0.0846556, 0.0847605, 0.0848834, 0.0850274, 0.0851963, 0.0853944, 0.085627, 0.0859004, 0.086222, 0.0866008, 0.0870475, 0.0875753, 0.0882, 0.0889412, 0.089823, 0.0908756, 0.092137, 0.0922046, 0.0922082, 0.0922084, 0.0922084, 0.0922084, 0.0922084, 0.0922084, 0.0922084, 0.0922084, 0.0922084, 0.0922084, 0.0922084, 0.0922084, 0.0922084, 
0.0841223, 0.0841223, 0.0841233, 0.0841256, 0.0841292, 0.0841344, 0.0841416, 0.0841509, 0.0841629, 0.084178, 0.0841966, 0.0842193, 0.0842469, 0.0842803, 0.0843203, 0.0843681, 0.084424, 0.0844894, 0.0845659, 0.0846555, 0.0847604, 0.0848833, 0.0850273, 0.0851962, 0.0853943, 0.085627, 0.0859003, 0.0862219, 0.0866007, 0.0870474, 0.0875752, 0.0881999, 0.0889411, 0.089823, 0.0908756, 0.092137, 0.0922046, 0.0922082, 0.0922084, 0.0922084, 0.0922084, 0.0922084, 0.0922084, 0.0922084, 0.0922084, 0.0922084, 0.0922084, 0.0922084, 0.0922084, 0.0922084, 
0.0841222, 0.0841222, 0.0841232, 0.0841255, 0.0841291, 0.0841343, 0.0841415, 0.0841509, 0.0841628, 0.0841779, 0.0841965, 0.0842192, 0.0842469, 0.0842802, 0.0843202, 0.084368, 0.0844239, 0.0844893, 0.0845658, 0.0846554, 0.0847603, 0.0848832, 0.0850273, 0.0851961, 0.0853943, 0.0856269, 0.0859003, 0.0862219, 0.0866007, 0.0870474, 0.0875752, 0.0881999, 0.0889411, 0.089823, 0.0908756, 0.092137, 0.0922046, 0.0922082, 0.0922084, 0.0922084, 0.0922084, 0.0922084, 0.0922084, 0.0922084, 0.0922084, 0.0922084, 0.0922084, 0.0922084, 0.0922084, 0.0922084, 
0.0841221, 0.0841221, 0.0841232, 0.0841254, 0.084129, 0.0841342, 0.0841414, 0.0841508, 0.0841628, 0.0841778, 0.0841964, 0.0842191, 0.0842468, 0.0842801, 0.0843201, 0.0843679, 0.0844238, 0.0844892, 0.0845658, 0.0846553, 0.0847603, 0.0848832, 0.0850272, 0.085196, 0.0853942, 0.0856268, 0.0859002, 0.0862218, 0.0866006, 0.0870473, 0.0875751, 0.0881998, 0.0889411, 0.0898229, 0.0908756, 0.092137, 0.0922046, 0.0922082, 0.0922084, 0.0922084, 0.0922084, 0.0922084, 0.0922084, 0.0922084, 0.0922084, 0.0922084, 0.0922084, 0.0922084, 0.0922084, 0.0922084, 
0.084122, 0.084122, 0.0841231, 0.0841253, 0.0841289, 0.0841341, 0.0841413, 0.0841507, 0.0841627, 0.0841777, 0.0841963, 0.0842191, 0.0842467, 0.08428, 0.08432, 0.0843678, 0.0844237, 0.0844891, 0.0845657, 0.0846553, 0.0847602, 0.0848831, 0.0850271, 0.085196, 0.0853941, 0.0856268, 0.0859001, 0.0862218, 0.0866005, 0.0870473, 0.0875751, 0.0881998, 0.088941, 0.0898229, 0.0908756, 0.092137, 0.0922046, 0.0922082, 0.0922084, 0.0922084, 0.0922084, 0.0922084, 0.0922084, 0.0922084, 0.0922084, 0.0922084, 0.0922084, 0.0922084, 0.0922084, 0.0922084, 
0.084122, 0.084122, 0.084123, 0.0841252, 0.0841288, 0.0841341, 0.0841412, 0.0841506, 0.0841626, 0.0841776, 0.0841962, 0.084219, 0.0842466, 0.0842799, 0.0843199, 0.0843677, 0.0844236, 0.084489, 0.0845656, 0.0846552, 0.0847601, 0.084883, 0.085027, 0.0851959, 0.085394, 0.0856267, 0.0859001, 0.0862217, 0.0866005, 0.0870472, 0.087575, 0.0881998, 0.088941, 0.0898229, 0.0908755, 0.092137, 0.0922046, 0.0922082, 0.0922084, 0.0922084, 0.0922084, 0.0922084, 0.0922084, 0.0922084, 0.0922084, 0.0922084, 0.0922084, 0.0922084, 0.0922084, 0.0922084, 
0.0841219, 0.0841219, 0.0841229, 0.0841251, 0.0841287, 0.084134, 0.0841411, 0.0841505, 0.0841625, 0.0841775, 0.0841961, 0.0842189, 0.0842465, 0.0842799, 0.0843199, 0.0843677, 0.0844236, 0.084489, 0.0845655, 0.0846551, 0.08476, 0.0848829, 0.085027, 0.0851958, 0.085394, 0.0856266, 0.0859, 0.0862216, 0.0866004, 0.0870472, 0.087575, 0.0881997, 0.088941, 0.0898229, 0.0908755, 0.092137, 0.0922046, 0.0922082, 0.0922084, 0.0922084, 0.0922084, 0.0922084, 0.0922084, 0.0922084, 0.0922084, 0.0922084, 0.0922084, 0.0922084, 0.0922084, 0.0922084, 
0.0841218, 0.0841218, 0.0841228, 0.0841251, 0.0841287, 0.0841339, 0.0841411, 0.0841505, 0.0841624, 0.0841775, 0.0841961, 0.0842188, 0.0842465, 0.0842798, 0.0843198, 0.0843676, 0.0844235, 0.0844889, 0.0845655, 0.0846551, 0.08476, 0.0848829, 0.0850269, 0.0851958, 0.0853939, 0.0856266, 0.0859, 0.0862216, 0.0866004, 0.0870471, 0.0875749, 0.0881997, 0.0889409, 0.0898228, 0.0908755, 0.092137, 0.0922046, 0.0922082, 0.0922084, 0.0922084, 0.0922084, 0.0922084, 0.0922084, 0.0922084, 0.0922084, 0.0922084, 0.0922084, 0.0922084, 0.0922084, 0.0922084, 
0.0841217, 0.0841217, 0.0841228, 0.084125, 0.0841286, 0.0841338, 0.084141, 0.0841504, 0.0841624, 0.0841774, 0.084196, 0.0842188, 0.0842464, 0.0842797, 0.0843197, 0.0843675, 0.0844234, 0.0844888, 0.0845654, 0.084655, 0.0847599, 0.0848828, 0.0850268, 0.0851957, 0.0853939, 0.0856265, 0.0858999, 0.0862215, 0.0866003, 0.0870471, 0.0875749, 0.0881996, 0.0889409, 0.0898228, 0.0908755, 0.092137, 0.0922046, 0.0922082, 0.0922084, 0.0922084, 0.0922084, 0.0922084, 0.0922084, 0.0922084, 0.0922084, 0.0922084, 0.0922084, 0.0922084, 0.0922084, 0.0922084, 
0.0841217, 0.0841217, 0.0841227, 0.0841249, 0.0841285, 0.0841338, 0.0841409, 0.0841503, 0.0841623, 0.0841773, 0.0841959, 0.0842187, 0.0842463, 0.0842797, 0.0843196, 0.0843675, 0.0844234, 0.0844888, 0.0845653, 0.0846549, 0.0847598, 0.0848827, 0.0850268, 0.0851957, 0.0853938, 0.0856265, 0.0858999, 0.0862215, 0.0866003, 0.087047, 0.0875748, 0.0881996, 0.0889409, 0.0898228, 0.0908755, 0.092137, 0.0922046, 0.0922082, 0.0922084, 0.0922084, 0.0922084, 0.0922084, 0.0922084, 0.0922084, 0.0922084, 0.0922084, 0.0922084, 0.0922084, 0.0922084, 0.0922084, 
0.0841216, 0.0841216, 0.0841226, 0.0841249, 0.0841285, 0.0841337, 0.0841409, 0.0841503, 0.0841622, 0.0841773, 0.0841959, 0.0842186, 0.0842463, 0.0842796, 0.0843196, 0.0843674, 0.0844233, 0.0844887, 0.0845653, 0.0846549, 0.0847598, 0.0848827, 0.0850267, 0.0851956, 0.0853937, 0.0856264, 0.0858998, 0.0862214, 0.0866002, 0.087047, 0.0875748, 0.0881996, 0.0889409, 0.0898228, 0.0908755, 0.092137, 0.0922046, 0.0922082, 0.0922084, 0.0922084, 0.0922084, 0.0922084, 0.0922084, 0.0922084, 0.0922084, 0.0922084, 0.0922084, 0.0922084, 0.0922084, 0.0922084, 
0.0841216, 0.0841216, 0.0841226, 0.0841248, 0.0841284, 0.0841337, 0.0841408, 0.0841502, 0.0841622, 0.0841772, 0.0841958, 0.0842186, 0.0842462, 0.0842795, 0.0843195, 0.0843673, 0.0844232, 0.0844887, 0.0845652, 0.0846548, 0.0847597, 0.0848826, 0.0850267, 0.0851956, 0.0853937, 0.0856264, 0.0858998, 0.0862214, 0.0866002, 0.087047, 0.0875748, 0.0881996, 0.0889408, 0.0898228, 0.0908755, 0.092137, 0.0922046, 0.0922082, 0.0922084, 0.0922084, 0.0922084, 0.0922084, 0.0922084, 0.0922084, 0.0922084, 0.0922084, 0.0922084, 0.0922084, 0.0922084, 0.0922084, 
0.0841215, 0.0841215, 0.0841225, 0.0841247, 0.0841284, 0.0841336, 0.0841408, 0.0841501, 0.0841621, 0.0841772, 0.0841958, 0.0842185, 0.0842461, 0.0842795, 0.0843195, 0.0843673, 0.0844232, 0.0844886, 0.0845652, 0.0846548, 0.0847597, 0.0848826, 0.0850266, 0.0851955, 0.0853937, 0.0856263, 0.0858997, 0.0862213, 0.0866002, 0.0870469, 0.0875747, 0.0881995, 0.0889408, 0.0898227, 0.0908755, 0.092137, 0.0922046, 0.0922082, 0.0922084, 0.0922084, 0.0922084, 0.0922084, 0.0922084, 0.0922084, 0.0922084, 0.0922084, 0.0922084, 0.0922084, 0.0922084, 0.0922084, 
0.0841214, 0.0841214, 0.0841225, 0.0841247, 0.0841283, 0.0841335, 0.0841407, 0.0841501, 0.0841621, 0.0841771, 0.0841957, 0.0842185, 0.0842461, 0.0842794, 0.0843194, 0.0843672, 0.0844231, 0.0844886, 0.0845651, 0.0846547, 0.0847596, 0.0848825, 0.0850266, 0.0851955, 0.0853936, 0.0856263, 0.0858997, 0.0862213, 0.0866001, 0.0870469, 0.0875747, 0.0881995, 0.0889408, 0.0898227, 0.0908755, 0.092137, 0.0922046, 0.0922082, 0.0922084, 0.0922084, 0.0922084, 0.0922084, 0.0922084, 0.0922084, 0.0922084, 0.0922084, 0.0922084, 0.0922084, 0.0922084, 0.0922084, 
0.0841214, 0.0841214, 0.0841224, 0.0841246, 0.0841283, 0.0841335, 0.0841407, 0.08415, 0.084162, 0.0841771, 0.0841957, 0.0842184, 0.084246, 0.0842794, 0.0843194, 0.0843672, 0.0844231, 0.0844885, 0.0845651, 0.0846547, 0.0847596, 0.0848825, 0.0850265, 0.0851954, 0.0853936, 0.0856262, 0.0858996, 0.0862213, 0.0866001, 0.0870469, 0.0875747, 0.0881995, 0.0889408, 0.0898227, 0.0908755, 0.092137, 0.0922046, 0.0922082, 0.0922084, 0.0922084, 0.0922084, 0.0922084, 0.0922084, 0.0922084, 0.0922084, 0.0922084, 0.0922084, 0.0922084, 0.0922084, 0.0922084, 
0.0841213, 0.0841213, 0.0841224, 0.0841246, 0.0841282, 0.0841334, 0.0841406, 0.08415, 0.084162, 0.084177, 0.0841956, 0.0842184, 0.084246, 0.0842793, 0.0843193, 0.0843671, 0.084423, 0.0844885, 0.084565, 0.0846546, 0.0847595, 0.0848824, 0.0850265, 0.0851954, 0.0853935, 0.0856262, 0.0858996, 0.0862212, 0.0866, 0.0870468, 0.0875747, 0.0881994, 0.0889407, 0.0898227, 0.0908754, 0.092137, 0.0922046, 0.0922082, 0.0922084, 0.0922084, 0.0922084, 0.0922084, 0.0922084, 0.0922084, 0.0922084, 0.0922084, 0.0922084, 0.0922084, 0.0922084, 0.0922084, 
0.0841213, 0.0841213, 0.0841223, 0.0841245, 0.0841282, 0.0841334, 0.0841406, 0.0841499, 0.0841619, 0.084177, 0.0841956, 0.0842183, 0.0842459, 0.0842793, 0.0843193, 0.0843671, 0.084423, 0.0844884, 0.084565, 0.0846546, 0.0847595, 0.0848824, 0.0850264, 0.0851953, 0.0853935, 0.0856261, 0.0858996, 0.0862212, 0.0866, 0.0870468, 0.0875746, 0.0881994, 0.0889407, 0.0898227, 0.0908754, 0.092137, 0.0922046, 0.0922082, 0.0922084, 0.0922084, 0.0922084, 0.0922084, 0.0922084, 0.0922084, 0.0922084, 0.0922084, 0.0922084, 0.0922084, 0.0922084, 0.0922084, 
0.0841213, 0.0841213, 0.0841223, 0.0841245, 0.0841281, 0.0841334, 0.0841405, 0.0841499, 0.0841619, 0.0841769, 0.0841955, 0.0842183, 0.0842459, 0.0842792, 0.0843192, 0.084367, 0.084423, 0.0844884, 0.0845649, 0.0846545, 0.0847595, 0.0848824, 0.0850264, 0.0851953, 0.0853934, 0.0856261, 0.0858995, 0.0862212, 0.0866, 0.0870468, 0.0875746, 0.0881994, 0.0889407, 0.0898227, 0.0908754, 0.092137, 0.0922046, 0.0922082, 0.0922084, 0.0922084, 0.0922084, 0.0922084, 0.0922084, 0.0922084, 0.0922084, 0.0922084, 0.0922084, 0.0922084, 0.0922084, 0.0922084, 
0.0841212, 0.0841212, 0.0841222, 0.0841245, 0.0841281, 0.0841333, 0.0841405, 0.0841499, 0.0841618, 0.0841769, 0.0841955, 0.0842182, 0.0842459, 0.0842792, 0.0843192, 0.084367, 0.0844229, 0.0844883, 0.0845649, 0.0846545, 0.0847594, 0.0848823, 0.0850264, 0.0851953, 0.0853934, 0.0856261, 0.0858995, 0.0862211, 0.0866, 0.0870467, 0.0875746, 0.0881994, 0.0889407, 0.0898227, 0.0908754, 0.092137, 0.0922046, 0.0922082, 0.0922084, 0.0922084, 0.0922084, 0.0922084, 0.0922084, 0.0922084, 0.0922084, 0.0922084, 0.0922084, 0.0922084, 0.0922084, 0.0922084, 
0.0841212, 0.0841212, 0.0841222, 0.0841244, 0.084128, 0.0841333, 0.0841404, 0.0841498, 0.0841618, 0.0841768, 0.0841954, 0.0842182, 0.0842458, 0.0842792, 0.0843192, 0.084367, 0.0844229, 0.0844883, 0.0845648, 0.0846545, 0.0847594, 0.0848823, 0.0850263, 0.0851952, 0.0853934, 0.085626, 0.0858995, 0.0862211, 0.0865999, 0.0870467, 0.0875746, 0.0881994, 0.0889407, 0.0898226, 0.0908754, 0.092137, 0.0922046, 0.0922082, 0.0922084, 0.0922084, 0.0922084, 0.0922084, 0.0922084, 0.0922084, 0.0922084, 0.0922084, 0.0922084, 0.0922084, 0.0922084, 0.0922084, 
0.0841211, 0.0841211, 0.0841222, 0.0841244, 0.084128, 0.0841332, 0.0841404, 0.0841498, 0.0841618, 0.0841768, 0.0841954, 0.0842182, 0.0842458, 0.0842791, 0.0843191, 0.0843669, 0.0844228, 0.0844883, 0.0845648, 0.0846544, 0.0847593, 0.0848823, 0.0850263, 0.0851952, 0.0853933, 0.085626, 0.0858994, 0.0862211, 0.0865999, 0.0870467, 0.0875745, 0.0881993, 0.0889407, 0.0898226, 0.0908754, 0.092137, 0.0922046, 0.0922082, 0.0922084, 0.0922084, 0.0922084, 0.0922084, 0.0922084, 0.0922084, 0.0922084, 0.0922084, 0.0922084, 0.0922084, 0.0922084, 0.0922084, 
0.0841211, 0.0841211, 0.0841221, 0.0841243, 0.084128, 0.0841332, 0.0841404, 0.0841497, 0.0841617, 0.0841768, 0.0841954, 0.0842181, 0.0842457, 0.0842791, 0.0843191, 0.0843669, 0.0844228, 0.0844882, 0.0845648, 0.0846544, 0.0847593, 0.0848822, 0.0850263, 0.0851952, 0.0853933, 0.085626, 0.0858994, 0.086221, 0.0865999, 0.0870467, 0.0875745, 0.0881993, 0.0889406, 0.0898226, 0.0908754, 0.092137, 0.0922046, 0.0922082, 0.0922084, 0.0922084, 0.0922084, 0.0922084, 0.0922084, 0.0922084, 0.0922084, 0.0922084, 0.0922084, 0.0922084, 0.0922084, 0.0922084, 
0.0841211, 0.0841211, 0.0841221, 0.0841243, 0.0841279, 0.0841332, 0.0841403, 0.0841497, 0.0841617, 0.0841767, 0.0841953, 0.0842181, 0.0842457, 0.084279, 0.084319, 0.0843669, 0.0844228, 0.0844882, 0.0845647, 0.0846544, 0.0847593, 0.0848822, 0.0850262, 0.0851951, 0.0853933, 0.085626, 0.0858994, 0.086221, 0.0865998, 0.0870466, 0.0875745, 0.0881993, 0.0889406, 0.0898226, 0.0908754, 0.092137, 0.0922046, 0.0922082, 0.0922084, 0.0922084, 0.0922084, 0.0922084, 0.0922084, 0.0922084, 0.0922084, 0.0922084, 0.0922084, 0.0922084, 0.0922084, 0.0922084, 
0.084121, 0.084121, 0.0841221, 0.0841243, 0.0841279, 0.0841331, 0.0841403, 0.0841497, 0.0841617, 0.0841767, 0.0841953, 0.084218, 0.0842457, 0.084279, 0.084319, 0.0843668, 0.0844227, 0.0844882, 0.0845647, 0.0846543, 0.0847592, 0.0848822, 0.0850262, 0.0851951, 0.0853933, 0.0856259, 0.0858994, 0.086221, 0.0865998, 0.0870466, 0.0875745, 0.0881993, 0.0889406, 0.0898226, 0.0908754, 0.092137, 0.0922046, 0.0922082, 0.0922084, 0.0922084, 0.0922084, 0.0922084, 0.0922084, 0.0922084, 0.0922084, 0.0922084, 0.0922084, 0.0922084, 0.0922084, 0.0922084, 
0.084121, 0.084121, 0.084122, 0.0841242, 0.0841279, 0.0841331, 0.0841403, 0.0841496, 0.0841616, 0.0841767, 0.0841953, 0.084218, 0.0842457, 0.084279, 0.084319, 0.0843668, 0.0844227, 0.0844881, 0.0845647, 0.0846543, 0.0847592, 0.0848821, 0.0850262, 0.0851951, 0.0853932, 0.0856259, 0.0858993, 0.086221, 0.0865998, 0.0870466, 0.0875745, 0.0881993, 0.0889406, 0.0898226, 0.0908754, 0.092137, 0.0922046, 0.0922082, 0.0922084, 0.0922084, 0.0922084, 0.0922084, 0.0922084, 0.0922084, 0.0922084, 0.0922084, 0.0922084, 0.0922084, 0.0922084, 0.0922084, 
0.084121, 0.084121, 0.084122, 0.0841242, 0.0841278, 0.0841331, 0.0841402, 0.0841496, 0.0841616, 0.0841766, 0.0841952, 0.084218, 0.0842456, 0.084279, 0.084319, 0.0843668, 0.0844227, 0.0844881, 0.0845647, 0.0846543, 0.0847592, 0.0848821, 0.0850261, 0.085195, 0.0853932, 0.0856259, 0.0858993, 0.086221, 0.0865998, 0.0870466, 0.0875744, 0.0881993, 0.0889406, 0.0898226, 0.0908754, 0.092137, 0.0922046, 0.0922082, 0.0922084, 0.0922084, 0.0922084, 0.0922084, 0.0922084, 0.0922084, 0.0922084, 0.0922084, 0.0922084, 0.0922084, 0.0922084, 0.0922084, 
0.0841209, 0.0841209, 0.084122, 0.0841242, 0.0841278, 0.084133, 0.0841402, 0.0841496, 0.0841616, 0.0841766, 0.0841952, 0.084218, 0.0842456, 0.0842789, 0.0843189, 0.0843667, 0.0844226, 0.0844881, 0.0845646, 0.0846542, 0.0847592, 0.0848821, 0.0850261, 0.085195, 0.0853932, 0.0856258, 0.0858993, 0.0862209, 0.0865998, 0.0870466, 0.0875744, 0.0881992, 0.0889406, 0.0898226, 0.0908754, 0.092137, 0.0922046, 0.0922082, 0.0922084, 0.0922084, 0.0922084, 0.0922084, 0.0922084, 0.0922084, 0.0922084, 0.0922084, 0.0922084, 0.0922084, 0.0922084, 0.0922084, 
0.0841209, 0.0841209, 0.0841219, 0.0841242, 0.0841278, 0.084133, 0.0841402, 0.0841496, 0.0841615, 0.0841766, 0.0841952, 0.0842179, 0.0842456, 0.0842789, 0.0843189, 0.0843667, 0.0844226, 0.084488, 0.0845646, 0.0846542, 0.0847591, 0.084882, 0.0850261, 0.085195, 0.0853932, 0.0856258, 0.0858993, 0.0862209, 0.0865997, 0.0870466, 0.0875744, 0.0881992, 0.0889406, 0.0898226, 0.0908754, 0.092137, 0.0922046, 0.0922082, 0.0922084, 0.0922084, 0.0922084, 0.0922084, 0.0922084, 0.0922084, 0.0922084, 0.0922084, 0.0922084, 0.0922084, 0.0922084, 0.0922084, 
0.0841209, 0.0841209, 0.0841219, 0.0841241, 0.0841277, 0.084133, 0.0841401, 0.0841495, 0.0841615, 0.0841765, 0.0841951, 0.0842179, 0.0842455, 0.0842789, 0.0843189, 0.0843667, 0.0844226, 0.084488, 0.0845646, 0.0846542, 0.0847591, 0.084882, 0.0850261, 0.085195, 0.0853931, 0.0856258, 0.0858992, 0.0862209, 0.0865997, 0.0870465, 0.0875744, 0.0881992, 0.0889406, 0.0898226, 0.0908754, 0.092137, 0.0922046, 0.0922082, 0.0922084, 0.0922084, 0.0922084, 0.0922084, 0.0922084, 0.0922084, 0.0922084, 0.0922084, 0.0922084, 0.0922084, 0.0922084, 0.0922084, 
0.0841209, 0.0841209, 0.0841219, 0.0841241, 0.0841277, 0.084133, 0.0841401, 0.0841495, 0.0841615, 0.0841765, 0.0841951, 0.0842179, 0.0842455, 0.0842788, 0.0843188, 0.0843667, 0.0844226, 0.084488, 0.0845646, 0.0846542, 0.0847591, 0.084882, 0.085026, 0.0851949, 0.0853931, 0.0856258, 0.0858992, 0.0862209, 0.0865997, 0.0870465, 0.0875744, 0.0881992, 0.0889405, 0.0898225, 0.0908754, 0.092137, 0.0922046, 0.0922082, 0.0922084, 0.0922084, 0.0922084, 0.0922084, 0.0922084, 0.0922084, 0.0922084, 0.0922084, 0.0922084, 0.0922084, 0.0922084, 0.0922084, 
0.0841208, 0.0841208, 0.0841219, 0.0841241, 0.0841277, 0.0841329, 0.0841401, 0.0841495, 0.0841615, 0.0841765, 0.0841951, 0.0842179, 0.0842455, 0.0842788, 0.0843188, 0.0843666, 0.0844226, 0.084488, 0.0845645, 0.0846541, 0.0847591, 0.084882, 0.085026, 0.0851949, 0.0853931, 0.0856258, 0.0858992, 0.0862209, 0.0865997, 0.0870465, 0.0875744, 0.0881992, 0.0889405, 0.0898225, 0.0908754, 0.092137, 0.0922046, 0.0922082, 0.0922084, 0.0922084, 0.0922084, 0.0922084, 0.0922084, 0.0922084, 0.0922084, 0.0922084, 0.0922084, 0.0922084, 0.0922084, 0.0922084, 
0.0841208, 0.0841208, 0.0841218, 0.0841241, 0.0841277, 0.0841329, 0.0841401, 0.0841495, 0.0841614, 0.0841765, 0.0841951, 0.0842178, 0.0842455, 0.0842788, 0.0843188, 0.0843666, 0.0844225, 0.084488, 0.0845645, 0.0846541, 0.084759, 0.084882, 0.085026, 0.0851949, 0.0853931, 0.0856257, 0.0858992, 0.0862208, 0.0865997, 0.0870465, 0.0875743, 0.0881992, 0.0889405, 0.0898225, 0.0908754, 0.092137, 0.0922046, 0.0922082, 0.0922084, 0.0922084, 0.0922084, 0.0922084, 0.0922084, 0.0922084, 0.0922084, 0.0922084, 0.0922084, 0.0922084, 0.0922084, 0.0922084, 
0.0841208, 0.0841208, 0.0841218, 0.084124, 0.0841276, 0.0841329, 0.08414, 0.0841494, 0.0841614, 0.0841765, 0.0841951, 0.0842178, 0.0842454, 0.0842788, 0.0843188, 0.0843666, 0.0844225, 0.0844879, 0.0845645, 0.0846541, 0.084759, 0.0848819, 0.085026, 0.0851949, 0.0853931, 0.0856257, 0.0858992, 0.0862208, 0.0865997, 0.0870465, 0.0875743, 0.0881992, 0.0889405, 0.0898225, 0.0908754, 0.092137, 0.0922046, 0.0922082, 0.0922084, 0.0922084, 0.0922084, 0.0922084, 0.0922084, 0.0922084, 0.0922084, 0.0922084, 0.0922084, 0.0922084, 0.0922084, 0.0922084, 
0.0841208, 0.0841208, 0.0841218, 0.084124, 0.0841276, 0.0841329, 0.08414, 0.0841494, 0.0841614, 0.0841764, 0.084195, 0.0842178, 0.0842454, 0.0842788, 0.0843188, 0.0843666, 0.0844225, 0.0844879, 0.0845645, 0.0846541, 0.084759, 0.0848819, 0.085026, 0.0851949, 0.085393, 0.0856257, 0.0858991, 0.0862208, 0.0865996, 0.0870465, 0.0875743, 0.0881992, 0.0889405, 0.0898225, 0.0908753, 0.092137, 0.0922046, 0.0922082, 0.0922084, 0.0922084, 0.0922084, 0.0922084, 0.0922084, 0.0922084, 0.0922084, 0.0922084, 0.0922084, 0.0922084, 0.0922084, 0.0922084, 
0.0841208, 0.0841208, 0.0841218, 0.084124, 0.0841276, 0.0841329, 0.08414, 0.0841494, 0.0841614, 0.0841764, 0.084195, 0.0842178, 0.0842454, 0.0842787, 0.0843187, 0.0843665, 0.0844225, 0.0844879, 0.0845644, 0.0846541, 0.084759, 0.0848819, 0.085026, 0.0851949, 0.085393, 0.0856257, 0.0858991, 0.0862208, 0.0865996, 0.0870465, 0.0875743, 0.0881992, 0.0889405, 0.0898225, 0.0908753, 0.092137, 0.0922046, 0.0922082, 0.0922084, 0.0922084, 0.0922084, 0.0922084, 0.0922084, 0.0922084, 0.0922084, 0.0922084, 0.0922084, 0.0922084, 0.0922084, 0.0922084, 
0.0841207, 0.0841207, 0.0841218, 0.084124, 0.0841276, 0.0841328, 0.08414, 0.0841494, 0.0841614, 0.0841764, 0.084195, 0.0842178, 0.0842454, 0.0842787, 0.0843187, 0.0843665, 0.0844225, 0.0844879, 0.0845644, 0.084654, 0.084759, 0.0848819, 0.0850259, 0.0851948, 0.085393, 0.0856257, 0.0858991, 0.0862208, 0.0865996, 0.0870464, 0.0875743, 0.0881991, 0.0889405, 0.0898225, 0.0908753, 0.092137, 0.0922046, 0.0922082, 0.0922084, 0.0922084, 0.0922084, 0.0922084, 0.0922084, 0.0922084, 0.0922084, 0.0922084, 0.0922084, 0.0922084, 0.0922084, 0.0922084, 
0.0841207, 0.0841207, 0.0841217, 0.084124, 0.0841276, 0.0841328, 0.08414, 0.0841494, 0.0841613, 0.0841764, 0.084195, 0.0842177, 0.0842454, 0.0842787, 0.0843187, 0.0843665, 0.0844224, 0.0844879, 0.0845644, 0.084654, 0.084759, 0.0848819, 0.0850259, 0.0851948, 0.085393, 0.0856257, 0.0858991, 0.0862208, 0.0865996, 0.0870464, 0.0875743, 0.0881991, 0.0889405, 0.0898225, 0.0908753, 0.092137, 0.0922046, 0.0922082, 0.0922084, 0.0922084, 0.0922084, 0.0922084, 0.0922084, 0.0922084, 0.0922084, 0.0922084, 0.0922084, 0.0922084, 0.0922084, 0.0922084, 
0.0841207, 0.0841207, 0.0841217, 0.0841239, 0.0841276, 0.0841328, 0.08414, 0.0841493, 0.0841613, 0.0841764, 0.084195, 0.0842177, 0.0842454, 0.0842787, 0.0843187, 0.0843665, 0.0844224, 0.0844878, 0.0845644, 0.084654, 0.0847589, 0.0848819, 0.0850259, 0.0851948, 0.085393, 0.0856257, 0.0858991, 0.0862208, 0.0865996, 0.0870464, 0.0875743, 0.0881991, 0.0889405, 0.0898225, 0.0908753, 0.092137, 0.0922046, 0.0922082, 0.0922084, 0.0922084, 0.0922084, 0.0922084, 0.0922084, 0.0922084, 0.0922084, 0.0922084, 0.0922084, 0.0922084, 0.0922084, 0.0922084, 
0.0841207, 0.0841207, 0.0841217, 0.0841239, 0.0841275, 0.0841328, 0.0841399, 0.0841493, 0.0841613, 0.0841763, 0.0841949, 0.0842177, 0.0842453, 0.0842787, 0.0843187, 0.0843665, 0.0844224, 0.0844878, 0.0845644, 0.084654, 0.0847589, 0.0848818, 0.0850259, 0.0851948, 0.085393, 0.0856256, 0.0858991, 0.0862207, 0.0865996, 0.0870464, 0.0875743, 0.0881991, 0.0889405, 0.0898225, 0.0908753, 0.092137, 0.0922046, 0.0922082, 0.0922084, 0.0922084, 0.0922084, 0.0922084, 0.0922084, 0.0922084, 0.0922084, 0.0922084, 0.0922084, 0.0922084, 0.0922084, 0.0922084, 
0.0841207, 0.0841207, 0.0841217, 0.0841239, 0.0841275, 0.0841328, 0.0841399, 0.0841493, 0.0841613, 0.0841763, 0.0841949, 0.0842177, 0.0842453, 0.0842787, 0.0843187, 0.0843665, 0.0844224, 0.0844878, 0.0845644, 0.084654, 0.0847589, 0.0848818, 0.0850259, 0.0851948, 0.0853929, 0.0856256, 0.0858991, 0.0862207, 0.0865996, 0.0870464, 0.0875743, 0.0881991, 0.0889405, 0.0898225, 0.0908753, 0.092137, 0.0922046, 0.0922082, 0.0922084, 0.0922084, 0.0922084, 0.0922084, 0.0922084, 0.0922084, 0.0922084, 0.0922084, 0.0922084, 0.0922084, 0.0922084, 0.0922084, 
0.0841207, 0.0841207, 0.0841217, 0.0841239, 0.0841275, 0.0841328, 0.0841399, 0.0841493, 0.0841613, 0.0841763, 0.0841949, 0.0842177, 0.0842453, 0.0842786, 0.0843186, 0.0843665, 0.0844224, 0.0844878, 0.0845644, 0.084654, 0.0847589, 0.0848818, 0.0850259, 0.0851948, 0.0853929, 0.0856256, 0.0858991, 0.0862207, 0.0865996, 0.0870464, 0.0875743, 0.0881991, 0.0889405, 0.0898225, 0.0908753, 0.092137, 0.0922046, 0.0922082, 0.0922084, 0.0922084, 0.0922084, 0.0922084, 0.0922084, 0.0922084, 0.0922084, 0.0922084, 0.0922084, 0.0922084, 0.0922084, 0.0922084, 
0.0841206, 0.0841206, 0.0841217, 0.0841239, 0.0841275, 0.0841327, 0.0841399, 0.0841493, 0.0841613, 0.0841763, 0.0841949, 0.0842177, 0.0842453, 0.0842786, 0.0843186, 0.0843664, 0.0844224, 0.0844878, 0.0845643, 0.084654, 0.0847589, 0.0848818, 0.0850259, 0.0851948, 0.0853929, 0.0856256, 0.085899, 0.0862207, 0.0865996, 0.0870464, 0.0875742, 0.0881991, 0.0889405, 0.0898225, 0.0908753, 0.092137, 0.0922046, 0.0922082, 0.0922084, 0.0922084, 0.0922084, 0.0922084, 0.0922084, 0.0922084, 0.0922084, 0.0922084, 0.0922084, 0.0922084, 0.0922084, 0.0922084, 
0.0841206, 0.0841206, 0.0841216, 0.0841239, 0.0841275, 0.0841327, 0.0841399, 0.0841493, 0.0841613, 0.0841763, 0.0841949, 0.0842177, 0.0842453, 0.0842786, 0.0843186, 0.0843664, 0.0844223, 0.0844878, 0.0845643, 0.0846539, 0.0847589, 0.0848818, 0.0850258, 0.0851947, 0.0853929, 0.0856256, 0.085899, 0.0862207, 0.0865995, 0.0870464, 0.0875742, 0.0881991, 0.0889405, 0.0898225, 0.0908753, 0.092137, 0.0922046, 0.0922082, 0.0922084, 0.0922084, 0.0922084, 0.0922084, 0.0922084, 0.0922084, 0.0922084, 0.0922084, 0.0922084, 0.0922084, 0.0922084, 0.0922084, 
0.0841206, 0.0841206, 0.0841216, 0.0841239, 0.0841275, 0.0841327, 0.0841399, 0.0841493, 0.0841612, 0.0841763, 0.0841949, 0.0842176, 0.0842453, 0.0842786, 0.0843186, 0.0843664, 0.0844223, 0.0844878, 0.0845643, 0.0846539, 0.0847589, 0.0848818, 0.0850258, 0.0851947, 0.0853929, 0.0856256, 0.085899, 0.0862207, 0.0865995, 0.0870464, 0.0875742, 0.0881991, 0.0889404, 0.0898225, 0.0908753, 0.092137, 0.0922046, 0.0922082, 0.0922084, 0.0922084, 0.0922084, 0.0922084, 0.0922084, 0.0922084, 0.0922084, 0.0922084, 0.0922084, 0.0922084, 0.0922084, 0.0922084, 
0.0841206, 0.0841206, 0.0841216, 0.0841238, 0.0841275, 0.0841327, 0.0841399, 0.0841492, 0.0841612, 0.0841763, 0.0841949, 0.0842176, 0.0842453, 0.0842786, 0.0843186, 0.0843664, 0.0844223, 0.0844877, 0.0845643, 0.0846539, 0.0847589, 0.0848818, 0.0850258, 0.0851947, 0.0853929, 0.0856256, 0.085899, 0.0862207, 0.0865995, 0.0870464, 0.0875742, 0.0881991, 0.0889404, 0.0898225, 0.0908753, 0.092137, 0.0922046, 0.0922082, 0.0922084, 0.0922084, 0.0922084, 0.0922084, 0.0922084, 0.0922084, 0.0922084, 0.0922084, 0.0922084, 0.0922084, 0.0922084, 0.0922084, 
0.0841206, 0.0841206, 0.0841216, 0.0841238, 0.0841274, 0.0841327, 0.0841398, 0.0841492, 0.0841612, 0.0841763, 0.0841949, 0.0842176, 0.0842453, 0.0842786, 0.0843186, 0.0843664, 0.0844223, 0.0844877, 0.0845643, 0.0846539, 0.0847588, 0.0848818, 0.0850258, 0.0851947, 0.0853929, 0.0856256, 0.085899, 0.0862207, 0.0865995, 0.0870463, 0.0875742, 0.0881991, 0.0889404, 0.0898225, 0.0908753, 0.092137, 0.0922046, 0.0922082, 0.0922084, 0.0922084, 0.0922084, 0.0922084, 0.0922084, 0.0922084, 0.0922084, 0.0922084, 0.0922084, 0.0922084, 0.0922084, 0.0922084, 
0.0841206, 0.0841206, 0.0841216, 0.0841238, 0.0841274, 0.0841327, 0.0841398, 0.0841492, 0.0841612, 0.0841762, 0.0841948, 0.0842176, 0.0842452, 0.0842786, 0.0843186, 0.0843664, 0.0844223, 0.0844877, 0.0845643, 0.0846539, 0.0847588, 0.0848817, 0.0850258, 0.0851947, 0.0853929, 0.0856256, 0.085899, 0.0862207, 0.0865995, 0.0870463, 0.0875742, 0.0881991, 0.0889404, 0.0898225, 0.0908753, 0.092137, 0.0922046, 0.0922082, 0.0922084, 0.0922084, 0.0922084, 0.0922084, 0.0922084, 0.0922084, 0.0922084, 0.0922084, 0.0922084, 0.0922084, 0.0922084, 0.0922084, 
0.0841206, 0.0841206, 0.0841216, 0.0841238, 0.0841274, 0.0841327, 0.0841398, 0.0841492, 0.0841612, 0.0841762, 0.0841948, 0.0842176, 0.0842452, 0.0842786, 0.0843186, 0.0843664, 0.0844223, 0.0844877, 0.0845643, 0.0846539, 0.0847588, 0.0848817, 0.0850258, 0.0851947, 0.0853929, 0.0856255, 0.085899, 0.0862207, 0.0865995, 0.0870463, 0.0875742, 0.0881991, 0.0889404, 0.0898225, 0.0908753, 0.092137, 0.0922046, 0.0922082, 0.0922084, 0.0922084, 0.0922084, 0.0922084, 0.0922084, 0.0922084, 0.0922084, 0.0922084, 0.0922084, 0.0922084, 0.0922084, 0.0922084, 
0.0841206, 0.0841206, 0.0841216, 0.0841238, 0.0841274, 0.0841327, 0.0841398, 0.0841492, 0.0841612, 0.0841762, 0.0841948, 0.0842176, 0.0842452, 0.0842786, 0.0843186, 0.0843664, 0.0844223, 0.0844877, 0.0845643, 0.0846539, 0.0847588, 0.0848817, 0.0850258, 0.0851947, 0.0853929, 0.0856255, 0.085899, 0.0862207, 0.0865995, 0.0870463, 0.0875742, 0.0881991, 0.0889404, 0.0898225, 0.0908753, 0.092137, 0.0922046, 0.0922082, 0.0922084, 0.0922084, 0.0922084, 0.0922084, 0.0922084, 0.0922084, 0.0922084, 0.0922084, 0.0922084, 0.0922084, 0.0922084, 0.0922084, 
0.0841205, 0.0841205, 0.0841216, 0.0841238, 0.0841274, 0.0841327, 0.0841398, 0.0841492, 0.0841612, 0.0841762, 0.0841948, 0.0842176, 0.0842452, 0.0842785, 0.0843185, 0.0843664, 0.0844223, 0.0844877, 0.0845643, 0.0846539, 0.0847588, 0.0848817, 0.0850258, 0.0851947, 0.0853928, 0.0856255, 0.085899, 0.0862206, 0.0865995, 0.0870463, 0.0875742, 0.0881991, 0.0889404, 0.0898225, 0.0908753, 0.092137, 0.0922046, 0.0922082, 0.0922084, 0.0922084, 0.0922084, 0.0922084, 0.0922084, 0.0922084, 0.0922084, 0.0922084, 0.0922084, 0.0922084, 0.0922084, 0.0922084, 
0.0841205, 0.0841205, 0.0841216, 0.0841238, 0.0841274, 0.0841326, 0.0841398, 0.0841492, 0.0841612, 0.0841762, 0.0841948, 0.0842176, 0.0842452, 0.0842785, 0.0843185, 0.0843663, 0.0844223, 0.0844877, 0.0845642, 0.0846539, 0.0847588, 0.0848817, 0.0850258, 0.0851947, 0.0853928, 0.0856255, 0.085899, 0.0862206, 0.0865995, 0.0870463, 0.0875742, 0.088199, 0.0889404, 0.0898225, 0.0908753, 0.092137, 0.0922046, 0.0922082, 0.0922084, 0.0922084, 0.0922084, 0.0922084, 0.0922084, 0.0922084, 0.0922084, 0.0922084, 0.0922084, 0.0922084, 0.0922084, 0.0922084, 
0.0841205, 0.0841205, 0.0841216, 0.0841238, 0.0841274, 0.0841326, 0.0841398, 0.0841492, 0.0841612, 0.0841762, 0.0841948, 0.0842176, 0.0842452, 0.0842785, 0.0843185, 0.0843663, 0.0844223, 0.0844877, 0.0845642, 0.0846539, 0.0847588, 0.0848817, 0.0850258, 0.0851947, 0.0853928, 0.0856255, 0.085899, 0.0862206, 0.0865995, 0.0870463, 0.0875742, 0.088199, 0.0889404, 0.0898225, 0.0908753, 0.092137, 0.0922046, 0.0922082, 0.0922084, 0.0922084, 0.0922084, 0.0922084, 0.0922084, 0.0922084, 0.0922084, 0.0922084, 0.0922084, 0.0922084, 0.0922084, 0.0922084, 
0.0841205, 0.0841205, 0.0841215, 0.0841238, 0.0841274, 0.0841326, 0.0841398, 0.0841492, 0.0841612, 0.0841762, 0.0841948, 0.0842176, 0.0842452, 0.0842785, 0.0843185, 0.0843663, 0.0844223, 0.0844877, 0.0845642, 0.0846538, 0.0847588, 0.0848817, 0.0850257, 0.0851947, 0.0853928, 0.0856255, 0.085899, 0.0862206, 0.0865995, 0.0870463, 0.0875742, 0.088199, 0.0889404, 0.0898224, 0.0908753, 0.092137, 0.0922046, 0.0922082, 0.0922084, 0.0922084, 0.0922084, 0.0922084, 0.0922084, 0.0922084, 0.0922084, 0.0922084, 0.0922084, 0.0922084, 0.0922084, 0.0922084, 
0.0841205, 0.0841205, 0.0841215, 0.0841238, 0.0841274, 0.0841326, 0.0841398, 0.0841492, 0.0841611, 0.0841762, 0.0841948, 0.0842175, 0.0842452, 0.0842785, 0.0843185, 0.0843663, 0.0844222, 0.0844877, 0.0845642, 0.0846538, 0.0847588, 0.0848817, 0.0850257, 0.0851946, 0.0853928, 0.0856255, 0.085899, 0.0862206, 0.0865995, 0.0870463, 0.0875742, 0.088199, 0.0889404, 0.0898224, 0.0908753, 0.092137, 0.0922046, 0.0922082, 0.0922084, 0.0922084, 0.0922084, 0.0922084, 0.0922084, 0.0922084, 0.0922084, 0.0922084, 0.0922084, 0.0922084, 0.0922084, 0.0922084, 
0.0841205, 0.0841205, 0.0841215, 0.0841237, 0.0841274, 0.0841326, 0.0841398, 0.0841492, 0.0841611, 0.0841762, 0.0841948, 0.0842175, 0.0842452, 0.0842785, 0.0843185, 0.0843663, 0.0844222, 0.0844877, 0.0845642, 0.0846538, 0.0847588, 0.0848817, 0.0850257, 0.0851946, 0.0853928, 0.0856255, 0.0858989, 0.0862206, 0.0865995, 0.0870463, 0.0875742, 0.088199, 0.0889404, 0.0898224, 0.0908753, 0.092137, 0.0922046, 0.0922082, 0.0922084, 0.0922084, 0.0922084, 0.0922084, 0.0922084, 0.0922084, 0.0922084, 0.0922084, 0.0922084, 0.0922084, 0.0922084, 0.0922084, 
0.0841205, 0.0841205, 0.0841215, 0.0841237, 0.0841274, 0.0841326, 0.0841398, 0.0841491, 0.0841611, 0.0841762, 0.0841948, 0.0842175, 0.0842452, 0.0842785, 0.0843185, 0.0843663, 0.0844222, 0.0844877, 0.0845642, 0.0846538, 0.0847588, 0.0848817, 0.0850257, 0.0851946, 0.0853928, 0.0856255, 0.0858989, 0.0862206, 0.0865995, 0.0870463, 0.0875742, 0.088199, 0.0889404, 0.0898224, 0.0908753, 0.092137, 0.0922046, 0.0922082, 0.0922084, 0.0922084, 0.0922084, 0.0922084, 0.0922084, 0.0922084, 0.0922084, 0.0922084, 0.0922084, 0.0922084, 0.0922084, 0.0922084, 
0.0841205, 0.0841205, 0.0841215, 0.0841237, 0.0841274, 0.0841326, 0.0841398, 0.0841491, 0.0841611, 0.0841762, 0.0841948, 0.0842175, 0.0842452, 0.0842785, 0.0843185, 0.0843663, 0.0844222, 0.0844876, 0.0845642, 0.0846538, 0.0847588, 0.0848817, 0.0850257, 0.0851946, 0.0853928, 0.0856255, 0.0858989, 0.0862206, 0.0865995, 0.0870463, 0.0875742, 0.088199, 0.0889404, 0.0898224, 0.0908753, 0.092137, 0.0922046, 0.0922082, 0.0922084, 0.0922084, 0.0922084, 0.0922084, 0.0922084, 0.0922084, 0.0922084, 0.0922084, 0.0922084, 0.0922084, 0.0922084, 0.0922084, 
0.0841205, 0.0841205, 0.0841215, 0.0841237, 0.0841273, 0.0841326, 0.0841397, 0.0841491, 0.0841611, 0.0841762, 0.0841948, 0.0842175, 0.0842452, 0.0842785, 0.0843185, 0.0843663, 0.0844222, 0.0844876, 0.0845642, 0.0846538, 0.0847588, 0.0848817, 0.0850257, 0.0851946, 0.0853928, 0.0856255, 0.0858989, 0.0862206, 0.0865995, 0.0870463, 0.0875742, 0.088199, 0.0889404, 0.0898224, 0.0908753, 0.092137, 0.0922046, 0.0922082, 0.0922084, 0.0922084, 0.0922084, 0.0922084, 0.0922084, 0.0922084, 0.0922084, 0.0922084, 0.0922084, 0.0922084, 0.0922084, 0.0922084, 
0.0841205, 0.0841205, 0.0841215, 0.0841237, 0.0841273, 0.0841326, 0.0841397, 0.0841491, 0.0841611, 0.0841762, 0.0841947, 0.0842175, 0.0842451, 0.0842785, 0.0843185, 0.0843663, 0.0844222, 0.0844876, 0.0845642, 0.0846538, 0.0847587, 0.0848817, 0.0850257, 0.0851946, 0.0853928, 0.0856255, 0.0858989, 0.0862206, 0.0865994, 0.0870463, 0.0875742, 0.088199, 0.0889404, 0.0898224, 0.0908753, 0.092137, 0.0922046, 0.0922082, 0.0922084, 0.0922084, 0.0922084, 0.0922084, 0.0922084, 0.0922084, 0.0922084, 0.0922084, 0.0922084, 0.0922084, 0.0922084, 0.0922084, 
0.0841205, 0.0841205, 0.0841215, 0.0841237, 0.0841273, 0.0841326, 0.0841397, 0.0841491, 0.0841611, 0.0841761, 0.0841947, 0.0842175, 0.0842451, 0.0842785, 0.0843185, 0.0843663, 0.0844222, 0.0844876, 0.0845642, 0.0846538, 0.0847587, 0.0848817, 0.0850257, 0.0851946, 0.0853928, 0.0856255, 0.0858989, 0.0862206, 0.0865994, 0.0870463, 0.0875742, 0.088199, 0.0889404, 0.0898224, 0.0908753, 0.092137, 0.0922046, 0.0922082, 0.0922084, 0.0922084, 0.0922084, 0.0922084, 0.0922084, 0.0922084, 0.0922084, 0.0922084, 0.0922084, 0.0922084, 0.0922084, 0.0922084, 
0.0841205, 0.0841205, 0.0841215, 0.0841237, 0.0841273, 0.0841326, 0.0841397, 0.0841491, 0.0841611, 0.0841761, 0.0841947, 0.0842175, 0.0842451, 0.0842785, 0.0843185, 0.0843663, 0.0844222, 0.0844876, 0.0845642, 0.0846538, 0.0847587, 0.0848817, 0.0850257, 0.0851946, 0.0853928, 0.0856255, 0.0858989, 0.0862206, 0.0865994, 0.0870463, 0.0875742, 0.088199, 0.0889404, 0.0898224, 0.0908753, 0.092137, 0.0922046, 0.0922082, 0.0922084, 0.0922084, 0.0922084, 0.0922084, 0.0922084, 0.0922084, 0.0922084, 0.0922084, 0.0922084, 0.0922084, 0.0922084, 0.0922084, 
0.0841205, 0.0841205, 0.0841215, 0.0841237, 0.0841273, 0.0841326, 0.0841397, 0.0841491, 0.0841611, 0.0841761, 0.0841947, 0.0842175, 0.0842451, 0.0842785, 0.0843185, 0.0843663, 0.0844222, 0.0844876, 0.0845642, 0.0846538, 0.0847587, 0.0848816, 0.0850257, 0.0851946, 0.0853928, 0.0856255, 0.0858989, 0.0862206, 0.0865994, 0.0870463, 0.0875742, 0.088199, 0.0889404, 0.0898224, 0.0908753, 0.092137, 0.0922046, 0.0922082, 0.0922084, 0.0922084, 0.0922084, 0.0922084, 0.0922084, 0.0922084, 0.0922084, 0.0922084, 0.0922084, 0.0922084, 0.0922084, 0.0922084, 
0.0841205, 0.0841205, 0.0841215, 0.0841237, 0.0841273, 0.0841326, 0.0841397, 0.0841491, 0.0841611, 0.0841761, 0.0841947, 0.0842175, 0.0842451, 0.0842785, 0.0843185, 0.0843663, 0.0844222, 0.0844876, 0.0845642, 0.0846538, 0.0847587, 0.0848816, 0.0850257, 0.0851946, 0.0853928, 0.0856255, 0.0858989, 0.0862206, 0.0865994, 0.0870463, 0.0875741, 0.088199, 0.0889404, 0.0898224, 0.0908753, 0.092137, 0.0922046, 0.0922082, 0.0922084, 0.0922084, 0.0922084, 0.0922084, 0.0922084, 0.0922084, 0.0922084, 0.0922084, 0.0922084, 0.0922084, 0.0922084, 0.0922084, 
0.0841205, 0.0841205, 0.0841215, 0.0841237, 0.0841273, 0.0841326, 0.0841397, 0.0841491, 0.0841611, 0.0841761, 0.0841947, 0.0842175, 0.0842451, 0.0842785, 0.0843185, 0.0843663, 0.0844222, 0.0844876, 0.0845642, 0.0846538, 0.0847587, 0.0848816, 0.0850257, 0.0851946, 0.0853928, 0.0856255, 0.0858989, 0.0862206, 0.0865994, 0.0870463, 0.0875741, 0.088199, 0.0889404, 0.0898224, 0.0908753, 0.092137, 0.0922046, 0.0922082, 0.0922084, 0.0922084, 0.0922084, 0.0922084, 0.0922084, 0.0922084, 0.0922084, 0.0922084, 0.0922084, 0.0922084, 0.0922084, 0.0922084, 
0.0841205, 0.0841205, 0.0841215, 0.0841237, 0.0841273, 0.0841326, 0.0841397, 0.0841491, 0.0841611, 0.0841761, 0.0841947, 0.0842175, 0.0842451, 0.0842784, 0.0843185, 0.0843663, 0.0844222, 0.0844876, 0.0845642, 0.0846538, 0.0847587, 0.0848816, 0.0850257, 0.0851946, 0.0853928, 0.0856255, 0.0858989, 0.0862206, 0.0865994, 0.0870463, 0.0875741, 0.088199, 0.0889404, 0.0898224, 0.0908753, 0.092137, 0.0922046, 0.0922082, 0.0922084, 0.0922084, 0.0922084, 0.0922084, 0.0922084, 0.0922084, 0.0922084, 0.0922084, 0.0922084, 0.0922084, 0.0922084, 0.0922084, 
0.0841204, 0.0841204, 0.0841215, 0.0841237, 0.0841273, 0.0841326, 0.0841397, 0.0841491, 0.0841611, 0.0841761, 0.0841947, 0.0842175, 0.0842451, 0.0842784, 0.0843184, 0.0843663, 0.0844222, 0.0844876, 0.0845642, 0.0846538, 0.0847587, 0.0848816, 0.0850257, 0.0851946, 0.0853928, 0.0856255, 0.0858989, 0.0862206, 0.0865994, 0.0870463, 0.0875741, 0.088199, 0.0889404, 0.0898224, 0.0908753, 0.092137, 0.0922046, 0.0922082, 0.0922084, 0.0922084, 0.0922084, 0.0922084, 0.0922084, 0.0922084, 0.0922084, 0.0922084, 0.0922084, 0.0922084, 0.0922084, 0.0922084, 
0.0841204, 0.0841204, 0.0841215, 0.0841237, 0.0841273, 0.0841325, 0.0841397, 0.0841491, 0.0841611, 0.0841761, 0.0841947, 0.0842175, 0.0842451, 0.0842784, 0.0843184, 0.0843663, 0.0844222, 0.0844876, 0.0845642, 0.0846538, 0.0847587, 0.0848816, 0.0850257, 0.0851946, 0.0853928, 0.0856254, 0.0858989, 0.0862206, 0.0865994, 0.0870463, 0.0875741, 0.088199, 0.0889404, 0.0898224, 0.0908753, 0.092137, 0.0922046, 0.0922082, 0.0922084, 0.0922084, 0.0922084, 0.0922084, 0.0922084, 0.0922084, 0.0922084, 0.0922084, 0.0922084, 0.0922084, 0.0922084, 0.0922084, 
0.0841204, 0.0841204, 0.0841215, 0.0841237, 0.0841273, 0.0841325, 0.0841397, 0.0841491, 0.0841611, 0.0841761, 0.0841947, 0.0842175, 0.0842451, 0.0842784, 0.0843184, 0.0843662, 0.0844222, 0.0844876, 0.0845642, 0.0846538, 0.0847587, 0.0848816, 0.0850257, 0.0851946, 0.0853928, 0.0856254, 0.0858989, 0.0862206, 0.0865994, 0.0870463, 0.0875741, 0.088199, 0.0889404, 0.0898224, 0.0908753, 0.092137, 0.0922046, 0.0922082, 0.0922084, 0.0922084, 0.0922084, 0.0922084, 0.0922084, 0.0922084, 0.0922084, 0.0922084, 0.0922084, 0.0922084, 0.0922084, 0.0922084, 
0.0841204, 0.0841204, 0.0841215, 0.0841237, 0.0841273, 0.0841325, 0.0841397, 0.0841491, 0.0841611, 0.0841761, 0.0841947, 0.0842175, 0.0842451, 0.0842784, 0.0843184, 0.0843662, 0.0844222, 0.0844876, 0.0845642, 0.0846538, 0.0847587, 0.0848816, 0.0850257, 0.0851946, 0.0853928, 0.0856254, 0.0858989, 0.0862206, 0.0865994, 0.0870462, 0.0875741, 0.088199, 0.0889404, 0.0898224, 0.0908753, 0.092137, 0.0922046, 0.0922082, 0.0922084, 0.0922084, 0.0922084, 0.0922084, 0.0922084, 0.0922084, 0.0922084, 0.0922084, 0.0922084, 0.0922084, 0.0922084, 0.0922084, 
0.0841204, 0.0841204, 0.0841215, 0.0841237, 0.0841273, 0.0841325, 0.0841397, 0.0841491, 0.0841611, 0.0841761, 0.0841947, 0.0842175, 0.0842451, 0.0842784, 0.0843184, 0.0843662, 0.0844222, 0.0844876, 0.0845641, 0.0846538, 0.0847587, 0.0848816, 0.0850257, 0.0851946, 0.0853928, 0.0856254, 0.0858989, 0.0862206, 0.0865994, 0.0870462, 0.0875741, 0.088199, 0.0889404, 0.0898224, 0.0908753, 0.092137, 0.0922046, 0.0922082, 0.0922084, 0.0922084, 0.0922084, 0.0922084, 0.0922084, 0.0922084, 0.0922084, 0.0922084, 0.0922084, 0.0922084, 0.0922084, 0.0922084, 
0.0841204, 0.0841204, 0.0841215, 0.0841237, 0.0841273, 0.0841325, 0.0841397, 0.0841491, 0.0841611, 0.0841761, 0.0841947, 0.0842175, 0.0842451, 0.0842784, 0.0843184, 0.0843662, 0.0844222, 0.0844876, 0.0845641, 0.0846538, 0.0847587, 0.0848816, 0.0850257, 0.0851946, 0.0853927, 0.0856254, 0.0858989, 0.0862206, 0.0865994, 0.0870462, 0.0875741, 0.088199, 0.0889404, 0.0898224, 0.0908753, 0.092137, 0.0922046, 0.0922082, 0.0922084, 0.0922084, 0.0922084, 0.0922084, 0.0922084, 0.0922084, 0.0922084, 0.0922084, 0.0922084, 0.0922084, 0.0922084, 0.0922084, 
0.0841204, 0.0841204, 0.0841214, 0.0841237, 0.0841273, 0.0841325, 0.0841397, 0.0841491, 0.0841611, 0.0841761, 0.0841947, 0.0842175, 0.0842451, 0.0842784, 0.0843184, 0.0843662, 0.0844222, 0.0844876, 0.0845641, 0.0846538, 0.0847587, 0.0848816, 0.0850257, 0.0851946, 0.0853927, 0.0856254, 0.0858989, 0.0862206, 0.0865994, 0.0870462, 0.0875741, 0.088199, 0.0889404, 0.0898224, 0.0908753, 0.092137, 0.0922046, 0.0922082, 0.0922084, 0.0922084, 0.0922084, 0.0922084, 0.0922084, 0.0922084, 0.0922084, 0.0922084, 0.0922084, 0.0922084, 0.0922084, 0.0922084, 
0.0841204, 0.0841204, 0.0841214, 0.0841237, 0.0841273, 0.0841325, 0.0841397, 0.0841491, 0.0841611, 0.0841761, 0.0841947, 0.0842175, 0.0842451, 0.0842784, 0.0843184, 0.0843662, 0.0844222, 0.0844876, 0.0845641, 0.0846538, 0.0847587, 0.0848816, 0.0850257, 0.0851946, 0.0853927, 0.0856254, 0.0858989, 0.0862206, 0.0865994, 0.0870462, 0.0875741, 0.088199, 0.0889404, 0.0898224, 0.0908753, 0.092137, 0.0922046, 0.0922082, 0.0922084, 0.0922084, 0.0922084, 0.0922084, 0.0922084, 0.0922084, 0.0922084, 0.0922084, 0.0922084, 0.0922084, 0.0922084, 0.0922084, 
0.0841204, 0.0841204, 0.0841214, 0.0841237, 0.0841273, 0.0841325, 0.0841397, 0.0841491, 0.0841611, 0.0841761, 0.0841947, 0.0842174, 0.0842451, 0.0842784, 0.0843184, 0.0843662, 0.0844222, 0.0844876, 0.0845641, 0.0846538, 0.0847587, 0.0848816, 0.0850257, 0.0851946, 0.0853927, 0.0856254, 0.0858989, 0.0862205, 0.0865994, 0.0870462, 0.0875741, 0.088199, 0.0889404, 0.0898224, 0.0908753, 0.092137, 0.0922046, 0.0922082, 0.0922084, 0.0922084, 0.0922084, 0.0922084, 0.0922084, 0.0922084, 0.0922084, 0.0922084, 0.0922084, 0.0922084, 0.0922084, 0.0922084, 
0.0841204, 0.0841204, 0.0841214, 0.0841237, 0.0841273, 0.0841325, 0.0841397, 0.0841491, 0.0841611, 0.0841761, 0.0841947, 0.0842174, 0.0842451, 0.0842784, 0.0843184, 0.0843662, 0.0844221, 0.0844876, 0.0845641, 0.0846538, 0.0847587, 0.0848816, 0.0850257, 0.0851946, 0.0853927, 0.0856254, 0.0858989, 0.0862205, 0.0865994, 0.0870462, 0.0875741, 0.088199, 0.0889404, 0.0898224, 0.0908753, 0.092137, 0.0922046, 0.0922082, 0.0922084, 0.0922084, 0.0922084, 0.0922084, 0.0922084, 0.0922084, 0.0922084, 0.0922084, 0.0922084, 0.0922084, 0.0922084, 0.0922084, 
0.0841204, 0.0841204, 0.0841214, 0.0841237, 0.0841273, 0.0841325, 0.0841397, 0.0841491, 0.084161, 0.0841761, 0.0841947, 0.0842174, 0.0842451, 0.0842784, 0.0843184, 0.0843662, 0.0844221, 0.0844876, 0.0845641, 0.0846537, 0.0847587, 0.0848816, 0.0850257, 0.0851946, 0.0853927, 0.0856254, 0.0858989, 0.0862205, 0.0865994, 0.0870462, 0.0875741, 0.088199, 0.0889404, 0.0898224, 0.0908753, 0.092137, 0.0922046, 0.0922082, 0.0922084, 0.0922084, 0.0922084, 0.0922084, 0.0922084, 0.0922084, 0.0922084, 0.0922084, 0.0922084, 0.0922084, 0.0922084, 0.0922084, 
0.0841204, 0.0841204, 0.0841214, 0.0841237, 0.0841273, 0.0841325, 0.0841397, 0.0841491, 0.084161, 0.0841761, 0.0841947, 0.0842174, 0.0842451, 0.0842784, 0.0843184, 0.0843662, 0.0844221, 0.0844876, 0.0845641, 0.0846537, 0.0847587, 0.0848816, 0.0850257, 0.0851946, 0.0853927, 0.0856254, 0.0858989, 0.0862205, 0.0865994, 0.0870462, 0.0875741, 0.088199, 0.0889404, 0.0898224, 0.0908753, 0.092137, 0.0922046, 0.0922082, 0.0922084, 0.0922084, 0.0922084, 0.0922084, 0.0922084, 0.0922084, 0.0922084, 0.0922084, 0.0922084, 0.0922084, 0.0922084, 0.0922084, 
0.0841204, 0.0841204, 0.0841214, 0.0841237, 0.0841273, 0.0841325, 0.0841397, 0.0841491, 0.084161, 0.0841761, 0.0841947, 0.0842174, 0.0842451, 0.0842784, 0.0843184, 0.0843662, 0.0844221, 0.0844876, 0.0845641, 0.0846537, 0.0847587, 0.0848816, 0.0850256, 0.0851946, 0.0853927, 0.0856254, 0.0858989, 0.0862205, 0.0865994, 0.0870462, 0.0875741, 0.088199, 0.0889404, 0.0898224, 0.0908753, 0.092137, 0.0922046, 0.0922082, 0.0922084, 0.0922084, 0.0922084, 0.0922084, 0.0922084, 0.0922084, 0.0922084, 0.0922084, 0.0922084, 0.0922084, 0.0922084, 0.0922084, 
0.0841204, 0.0841204, 0.0841214, 0.0841236, 0.0841273, 0.0841325, 0.0841397, 0.0841491, 0.084161, 0.0841761, 0.0841947, 0.0842174, 0.0842451, 0.0842784, 0.0843184, 0.0843662, 0.0844221, 0.0844876, 0.0845641, 0.0846537, 0.0847587, 0.0848816, 0.0850256, 0.0851946, 0.0853927, 0.0856254, 0.0858989, 0.0862205, 0.0865994, 0.0870462, 0.0875741, 0.088199, 0.0889404, 0.0898224, 0.0908753, 0.092137, 0.0922046, 0.0922082, 0.0922084, 0.0922084, 0.0922084, 0.0922084, 0.0922084, 0.0922084, 0.0922084, 0.0922084, 0.0922084, 0.0922084, 0.0922084, 0.0922084, 
0.0841204, 0.0841204, 0.0841214, 0.0841236, 0.0841273, 0.0841325, 0.0841397, 0.084149, 0.084161, 0.0841761, 0.0841947, 0.0842174, 0.0842451, 0.0842784, 0.0843184, 0.0843662, 0.0844221, 0.0844876, 0.0845641, 0.0846537, 0.0847587, 0.0848816, 0.0850256, 0.0851946, 0.0853927, 0.0856254, 0.0858989, 0.0862205, 0.0865994, 0.0870462, 0.0875741, 0.088199, 0.0889404, 0.0898224, 0.0908753, 0.092137, 0.0922046, 0.0922082, 0.0922084, 0.0922084, 0.0922084, 0.0922084, 0.0922084, 0.0922084, 0.0922084, 0.0922084, 0.0922084, 0.0922084, 0.0922084, 0.0922084, 
0.0841204, 0.0841204, 0.0841214, 0.0841236, 0.0841273, 0.0841325, 0.0841397, 0.084149, 0.084161, 0.0841761, 0.0841947, 0.0842174, 0.0842451, 0.0842784, 0.0843184, 0.0843662, 0.0844221, 0.0844876, 0.0845641, 0.0846537, 0.0847587, 0.0848816, 0.0850256, 0.0851946, 0.0853927, 0.0856254, 0.0858989, 0.0862205, 0.0865994, 0.0870462, 0.0875741, 0.088199, 0.0889404, 0.0898224, 0.0908753, 0.092137, 0.0922046, 0.0922082, 0.0922084, 0.0922084, 0.0922084, 0.0922084, 0.0922084, 0.0922084, 0.0922084, 0.0922084, 0.0922084, 0.0922084, 0.0922084, 0.0922084, 
0.0841204, 0.0841204, 0.0841214, 0.0841236, 0.0841273, 0.0841325, 0.0841397, 0.084149, 0.084161, 0.0841761, 0.0841947, 0.0842174, 0.0842451, 0.0842784, 0.0843184, 0.0843662, 0.0844221, 0.0844876, 0.0845641, 0.0846537, 0.0847587, 0.0848816, 0.0850256, 0.0851945, 0.0853927, 0.0856254, 0.0858989, 0.0862205, 0.0865994, 0.0870462, 0.0875741, 0.088199, 0.0889404, 0.0898224, 0.0908753, 0.092137, 0.0922046, 0.0922082, 0.0922084, 0.0922084, 0.0922084, 0.0922084, 0.0922084, 0.0922084, 0.0922084, 0.0922084, 0.0922084, 0.0922084, 0.0922084, 0.0922084, 
0.0841204, 0.0841204, 0.0841214, 0.0841236, 0.0841273, 0.0841325, 0.0841397, 0.084149, 0.084161, 0.0841761, 0.0841947, 0.0842174, 0.0842451, 0.0842784, 0.0843184, 0.0843662, 0.0844221, 0.0844876, 0.0845641, 0.0846537, 0.0847587, 0.0848816, 0.0850256, 0.0851945, 0.0853927, 0.0856254, 0.0858989, 0.0862205, 0.0865994, 0.0870462, 0.0875741, 0.088199, 0.0889404, 0.0898224, 0.0908753, 0.092137, 0.0922046, 0.0922082, 0.0922084, 0.0922084, 0.0922084, 0.0922084, 0.0922084, 0.0922084, 0.0922084, 0.0922084, 0.0922084, 0.0922084, 0.0922084, 0.0922084, 
0.0841204, 0.0841204, 0.0841214, 0.0841236, 0.0841273, 0.0841325, 0.0841397, 0.084149, 0.084161, 0.0841761, 0.0841947, 0.0842174, 0.0842451, 0.0842784, 0.0843184, 0.0843662, 0.0844221, 0.0844876, 0.0845641, 0.0846537, 0.0847587, 0.0848816, 0.0850256, 0.0851945, 0.0853927, 0.0856254, 0.0858989, 0.0862205, 0.0865994, 0.0870462, 0.0875741, 0.088199, 0.0889404, 0.0898224, 0.0908753, 0.092137, 0.0922046, 0.0922082, 0.0922084, 0.0922084, 0.0922084, 0.0922084, 0.0922084, 0.0922084, 0.0922084, 0.0922084, 0.0922084, 0.0922084, 0.0922084, 0.0922084, 
0.0841204, 0.0841204, 0.0841214, 0.0841236, 0.0841273, 0.0841325, 0.0841397, 0.084149, 0.084161, 0.0841761, 0.0841947, 0.0842174, 0.0842451, 0.0842784, 0.0843184, 0.0843662, 0.0844221, 0.0844876, 0.0845641, 0.0846537, 0.0847587, 0.0848816, 0.0850256, 0.0851945, 0.0853927, 0.0856254, 0.0858989, 0.0862205, 0.0865994, 0.0870462, 0.0875741, 0.088199, 0.0889404, 0.0898224, 0.0908753, 0.092137, 0.0922046, 0.0922082, 0.0922084, 0.0922084, 0.0922084, 0.0922084, 0.0922084, 0.0922084, 0.0922084, 0.0922084, 0.0922084, 0.0922084, 0.0922084, 0.0922084, 
0.0841204, 0.0841204, 0.0841214, 0.0841236, 0.0841273, 0.0841325, 0.0841397, 0.084149, 0.084161, 0.0841761, 0.0841947, 0.0842174, 0.0842451, 0.0842784, 0.0843184, 0.0843662, 0.0844221, 0.0844876, 0.0845641, 0.0846537, 0.0847587, 0.0848816, 0.0850256, 0.0851945, 0.0853927, 0.0856254, 0.0858989, 0.0862205, 0.0865994, 0.0870462, 0.0875741, 0.088199, 0.0889404, 0.0898224, 0.0908753, 0.092137, 0.0922046, 0.0922082, 0.0922084, 0.0922084, 0.0922084, 0.0922084, 0.0922084, 0.0922084, 0.0922084, 0.0922084, 0.0922084, 0.0922084, 0.0922084, 0.0922084, 
0.0841204, 0.0841204, 0.0841214, 0.0841236, 0.0841272, 0.0841325, 0.0841397, 0.084149, 0.084161, 0.0841761, 0.0841947, 0.0842174, 0.0842451, 0.0842784, 0.0843184, 0.0843662, 0.0844221, 0.0844875, 0.0845641, 0.0846537, 0.0847587, 0.0848816, 0.0850256, 0.0851945, 0.0853927, 0.0856254, 0.0858989, 0.0862205, 0.0865994, 0.0870462, 0.0875741, 0.088199, 0.0889404, 0.0898224, 0.0908753, 0.092137, 0.0922046, 0.0922082, 0.0922084, 0.0922084, 0.0922084, 0.0922084, 0.0922084, 0.0922084, 0.0922084, 0.0922084, 0.0922084, 0.0922084, 0.0922084, 0.0922084, 
0.0841204, 0.0841204, 0.0841214, 0.0841236, 0.0841272, 0.0841325, 0.0841397, 0.084149, 0.084161, 0.0841761, 0.0841947, 0.0842174, 0.0842451, 0.0842784, 0.0843184, 0.0843662, 0.0844221, 0.0844875, 0.0845641, 0.0846537, 0.0847587, 0.0848816, 0.0850256, 0.0851945, 0.0853927, 0.0856254, 0.0858989, 0.0862205, 0.0865994, 0.0870462, 0.0875741, 0.088199, 0.0889404, 0.0898224, 0.0908753, 0.092137, 0.0922046, 0.0922082, 0.0922084, 0.0922084, 0.0922084, 0.0922084, 0.0922084, 0.0922084, 0.0922084, 0.0922084, 0.0922084, 0.0922084, 0.0922084, 0.0922084, 
0.0841204, 0.0841204, 0.0841214, 0.0841236, 0.0841272, 0.0841325, 0.0841396, 0.084149, 0.084161, 0.0841761, 0.0841947, 0.0842174, 0.0842451, 0.0842784, 0.0843184, 0.0843662, 0.0844221, 0.0844875, 0.0845641, 0.0846537, 0.0847587, 0.0848816, 0.0850256, 0.0851945, 0.0853927, 0.0856254, 0.0858989, 0.0862205, 0.0865994, 0.0870462, 0.0875741, 0.088199, 0.0889404, 0.0898224, 0.0908753, 0.092137, 0.0922046, 0.0922082, 0.0922084, 0.0922084, 0.0922084, 0.0922084, 0.0922084, 0.0922084, 0.0922084, 0.0922084, 0.0922084, 0.0922084, 0.0922084, 0.0922084, 
0.0841204, 0.0841204, 0.0841214, 0.0841236, 0.0841272, 0.0841325, 0.0841396, 0.084149, 0.084161, 0.0841761, 0.0841947, 0.0842174, 0.0842451, 0.0842784, 0.0843184, 0.0843662, 0.0844221, 0.0844875, 0.0845641, 0.0846537, 0.0847587, 0.0848816, 0.0850256, 0.0851945, 0.0853927, 0.0856254, 0.0858989, 0.0862205, 0.0865994, 0.0870462, 0.0875741, 0.088199, 0.0889404, 0.0898224, 0.0908753, 0.092137, 0.0922046, 0.0922082, 0.0922084, 0.0922084, 0.0922084, 0.0922084, 0.0922084, 0.0922084, 0.0922084, 0.0922084, 0.0922084, 0.0922084, 0.0922084, 0.0922084, 
0.0841204, 0.0841204, 0.0841214, 0.0841236, 0.0841272, 0.0841325, 0.0841396, 0.084149, 0.084161, 0.0841761, 0.0841947, 0.0842174, 0.0842451, 0.0842784, 0.0843184, 0.0843662, 0.0844221, 0.0844875, 0.0845641, 0.0846537, 0.0847587, 0.0848816, 0.0850256, 0.0851945, 0.0853927, 0.0856254, 0.0858989, 0.0862205, 0.0865994, 0.0870462, 0.0875741, 0.088199, 0.0889404, 0.0898224, 0.0908753, 0.092137, 0.0922046, 0.0922082, 0.0922084, 0.0922084, 0.0922084, 0.0922084, 0.0922084, 0.0922084, 0.0922084, 0.0922084, 0.0922084, 0.0922084, 0.0922084, 0.0922084, 
0.0841204, 0.0841204, 0.0841214, 0.0841236, 0.0841272, 0.0841325, 0.0841396, 0.084149, 0.084161, 0.0841761, 0.0841947, 0.0842174, 0.0842451, 0.0842784, 0.0843184, 0.0843662, 0.0844221, 0.0844875, 0.0845641, 0.0846537, 0.0847587, 0.0848816, 0.0850256, 0.0851945, 0.0853927, 0.0856254, 0.0858989, 0.0862205, 0.0865994, 0.0870462, 0.0875741, 0.088199, 0.0889404, 0.0898224, 0.0908753, 0.092137, 0.0922046, 0.0922082, 0.0922084, 0.0922084, 0.0922084, 0.0922084, 0.0922084, 0.0922084, 0.0922084, 0.0922084, 0.0922084, 0.0922084, 0.0922084, 0.0922084, 
0.0841204, 0.0841204, 0.0841214, 0.0841236, 0.0841272, 0.0841325, 0.0841396, 0.084149, 0.084161, 0.0841761, 0.0841947, 0.0842174, 0.084245, 0.0842784, 0.0843184, 0.0843662, 0.0844221, 0.0844875, 0.0845641, 0.0846537, 0.0847587, 0.0848816, 0.0850256, 0.0851945, 0.0853927, 0.0856254, 0.0858988, 0.0862205, 0.0865994, 0.0870462, 0.0875741, 0.088199, 0.0889404, 0.0898224, 0.0908753, 0.092137, 0.0922046, 0.0922082, 0.0922084, 0.0922084, 0.0922084, 0.0922084, 0.0922084, 0.0922084, 0.0922084, 0.0922084, 0.0922084, 0.0922084, 0.0922084, 0.0922084, 
0.0841204, 0.0841204, 0.0841214, 0.0841236, 0.0841272, 0.0841325, 0.0841396, 0.084149, 0.084161, 0.0841761, 0.0841947, 0.0842174, 0.084245, 0.0842784, 0.0843184, 0.0843662, 0.0844221, 0.0844875, 0.0845641, 0.0846537, 0.0847587, 0.0848816, 0.0850256, 0.0851945, 0.0853927, 0.0856254, 0.0858988, 0.0862205, 0.0865994, 0.0870462, 0.0875741, 0.088199, 0.0889404, 0.0898224, 0.0908753, 0.092137, 0.0922046, 0.0922082, 0.0922084, 0.0922084, 0.0922084, 0.0922084, 0.0922084, 0.0922084, 0.0922084, 0.0922084, 0.0922084, 0.0922084, 0.0922084, 0.0922084, 
0.0841204, 0.0841204, 0.0841214, 0.0841236, 0.0841272, 0.0841325, 0.0841396, 0.084149, 0.084161, 0.0841761, 0.0841947, 0.0842174, 0.084245, 0.0842784, 0.0843184, 0.0843662, 0.0844221, 0.0844875, 0.0845641, 0.0846537, 0.0847587, 0.0848816, 0.0850256, 0.0851945, 0.0853927, 0.0856254, 0.0858988, 0.0862205, 0.0865994, 0.0870462, 0.0875741, 0.088199, 0.0889404, 0.0898224, 0.0908753, 0.092137, 0.0922046, 0.0922082, 0.0922084, 0.0922084, 0.0922084, 0.0922084, 0.0922084, 0.0922084, 0.0922084, 0.0922084, 0.0922084, 0.0922084, 0.0922084, 0.0922084, 
0.0841204, 0.0841204, 0.0841214, 0.0841236, 0.0841272, 0.0841325, 0.0841396, 0.084149, 0.084161, 0.0841761, 0.0841946, 0.0842174, 0.084245, 0.0842784, 0.0843184, 0.0843662, 0.0844221, 0.0844875, 0.0845641, 0.0846537, 0.0847587, 0.0848816, 0.0850256, 0.0851945, 0.0853927, 0.0856254, 0.0858988, 0.0862205, 0.0865994, 0.0870462, 0.0875741, 0.088199, 0.0889404, 0.0898224, 0.0908753, 0.092137, 0.0922046, 0.0922082, 0.0922084, 0.0922084, 0.0922084, 0.0922084, 0.0922084, 0.0922084, 0.0922084, 0.0922084, 0.0922084, 0.0922084, 0.0922084, 0.0922084, 
0.0841204, 0.0841204, 0.0841214, 0.0841236, 0.0841272, 0.0841325, 0.0841396, 0.084149, 0.084161, 0.0841761, 0.0841946, 0.0842174, 0.084245, 0.0842784, 0.0843184, 0.0843662, 0.0844221, 0.0844875, 0.0845641, 0.0846537, 0.0847587, 0.0848816, 0.0850256, 0.0851945, 0.0853927, 0.0856254, 0.0858988, 0.0862205, 0.0865994, 0.0870462, 0.0875741, 0.088199, 0.0889404, 0.0898224, 0.0908753, 0.092137, 0.0922046, 0.0922082, 0.0922084, 0.0922084, 0.0922084, 0.0922084, 0.0922084, 0.0922084, 0.0922084, 0.0922084, 0.0922084, 0.0922084, 0.0922084, 0.0922084, 
0.0841204, 0.0841204, 0.0841214, 0.0841236, 0.0841272, 0.0841325, 0.0841396, 0.084149, 0.084161, 0.0841761, 0.0841946, 0.0842174, 0.084245, 0.0842784, 0.0843184, 0.0843662, 0.0844221, 0.0844875, 0.0845641, 0.0846537, 0.0847587, 0.0848816, 0.0850256, 0.0851945, 0.0853927, 0.0856254, 0.0858988, 0.0862205, 0.0865994, 0.0870462, 0.0875741, 0.088199, 0.0889404, 0.0898224, 0.0908753, 0.092137, 0.0922046, 0.0922082, 0.0922084, 0.0922084, 0.0922084, 0.0922084, 0.0922084, 0.0922084, 0.0922084, 0.0922084, 0.0922084, 0.0922084, 0.0922084, 0.0922084, 
0.0841204, 0.0841204, 0.0841214, 0.0841236, 0.0841272, 0.0841325, 0.0841396, 0.084149, 0.084161, 0.084176, 0.0841946, 0.0842174, 0.084245, 0.0842784, 0.0843184, 0.0843662, 0.0844221, 0.0844875, 0.0845641, 0.0846537, 0.0847586, 0.0848816, 0.0850256, 0.0851945, 0.0853927, 0.0856254, 0.0858988, 0.0862205, 0.0865994, 0.0870462, 0.0875741, 0.088199, 0.0889404, 0.0898224, 0.0908753, 0.092137, 0.0922046, 0.0922082, 0.0922084, 0.0922084, 0.0922084, 0.0922084, 0.0922084, 0.0922084, 0.0922084, 0.0922084, 0.0922084, 0.0922084, 0.0922084, 0.0922084, 
0.0841204, 0.0841204, 0.0841214, 0.0841236, 0.0841272, 0.0841325, 0.0841396, 0.084149, 0.084161, 0.084176, 0.0841946, 0.0842174, 0.084245, 0.0842784, 0.0843184, 0.0843662, 0.0844221, 0.0844875, 0.0845641, 0.0846537, 0.0847586, 0.0848816, 0.0850256, 0.0851945, 0.0853927, 0.0856254, 0.0858988, 0.0862205, 0.0865994, 0.0870462, 0.0875741, 0.088199, 0.0889404, 0.0898224, 0.0908753, 0.092137, 0.0922046, 0.0922082, 0.0922084, 0.0922084, 0.0922084, 0.0922084, 0.0922084, 0.0922084, 0.0922084, 0.0922084, 0.0922084, 0.0922084, 0.0922084, 0.0922084, 
0.0841204, 0.0841204, 0.0841214, 0.0841236, 0.0841272, 0.0841325, 0.0841396, 0.084149, 0.084161, 0.084176, 0.0841946, 0.0842174, 0.084245, 0.0842784, 0.0843184, 0.0843662, 0.0844221, 0.0844875, 0.0845641, 0.0846537, 0.0847586, 0.0848816, 0.0850256, 0.0851945, 0.0853927, 0.0856254, 0.0858988, 0.0862205, 0.0865994, 0.0870462, 0.0875741, 0.088199, 0.0889404, 0.0898224, 0.0908753, 0.092137, 0.0922046, 0.0922082, 0.0922084, 0.0922084, 0.0922084, 0.0922084, 0.0922084, 0.0922084, 0.0922084, 0.0922084, 0.0922084, 0.0922084, 0.0922084, 0.0922084, 
0.0841204, 0.0841204, 0.0841214, 0.0841236, 0.0841272, 0.0841325, 0.0841396, 0.084149, 0.084161, 0.084176, 0.0841946, 0.0842174, 0.084245, 0.0842784, 0.0843184, 0.0843662, 0.0844221, 0.0844875, 0.0845641, 0.0846537, 0.0847586, 0.0848816, 0.0850256, 0.0851945, 0.0853927, 0.0856254, 0.0858988, 0.0862205, 0.0865994, 0.0870462, 0.0875741, 0.088199, 0.0889403, 0.0898224, 0.0908753, 0.092137, 0.0922046, 0.0922082, 0.0922084, 0.0922084, 0.0922084, 0.0922084, 0.0922084, 0.0922084, 0.0922084, 0.0922084, 0.0922084, 0.0922084, 0.0922084, 0.0922084, 
0.0841204, 0.0841204, 0.0841214, 0.0841236, 0.0841272, 0.0841325, 0.0841396, 0.084149, 0.084161, 0.084176, 0.0841946, 0.0842174, 0.084245, 0.0842784, 0.0843184, 0.0843662, 0.0844221, 0.0844875, 0.0845641, 0.0846537, 0.0847586, 0.0848816, 0.0850256, 0.0851945, 0.0853927, 0.0856254, 0.0858988, 0.0862205, 0.0865994, 0.0870462, 0.0875741, 0.088199, 0.0889403, 0.0898224, 0.0908753, 0.092137, 0.0922046, 0.0922082, 0.0922084, 0.0922084, 0.0922084, 0.0922084, 0.0922084, 0.0922084, 0.0922084, 0.0922084, 0.0922084, 0.0922084, 0.0922084, 0.0922084, 
0.0841204, 0.0841204, 0.0841214, 0.0841236, 0.0841272, 0.0841325, 0.0841396, 0.084149, 0.084161, 0.084176, 0.0841946, 0.0842174, 0.084245, 0.0842784, 0.0843184, 0.0843662, 0.0844221, 0.0844875, 0.0845641, 0.0846537, 0.0847586, 0.0848816, 0.0850256, 0.0851945, 0.0853927, 0.0856254, 0.0858988, 0.0862205, 0.0865994, 0.0870462, 0.0875741, 0.088199, 0.0889403, 0.0898224, 0.0908753, 0.092137, 0.0922046, 0.0922082, 0.0922084, 0.0922084, 0.0922084, 0.0922084, 0.0922084, 0.0922084, 0.0922084, 0.0922084, 0.0922084, 0.0922084, 0.0922084, 0.0922084, 
0.0841204, 0.0841204, 0.0841214, 0.0841236, 0.0841272, 0.0841325, 0.0841396, 0.084149, 0.084161, 0.084176, 0.0841946, 0.0842174, 0.084245, 0.0842784, 0.0843184, 0.0843662, 0.0844221, 0.0844875, 0.0845641, 0.0846537, 0.0847586, 0.0848816, 0.0850256, 0.0851945, 0.0853927, 0.0856254, 0.0858988, 0.0862205, 0.0865994, 0.0870462, 0.0875741, 0.088199, 0.0889403, 0.0898224, 0.0908753, 0.092137, 0.0922046, 0.0922082, 0.0922084, 0.0922084, 0.0922084, 0.0922084, 0.0922084, 0.0922084, 0.0922084, 0.0922084, 0.0922084, 0.0922084, 0.0922084, 0.0922084, 
0.0841204, 0.0841204, 0.0841214, 0.0841236, 0.0841272, 0.0841325, 0.0841396, 0.084149, 0.084161, 0.084176, 0.0841946, 0.0842174, 0.084245, 0.0842784, 0.0843184, 0.0843662, 0.0844221, 0.0844875, 0.0845641, 0.0846537, 0.0847586, 0.0848816, 0.0850256, 0.0851945, 0.0853927, 0.0856254, 0.0858988, 0.0862205, 0.0865994, 0.0870462, 0.0875741, 0.088199, 0.0889403, 0.0898224, 0.0908753, 0.092137, 0.0922046, 0.0922082, 0.0922084, 0.0922084, 0.0922084, 0.0922084, 0.0922084, 0.0922084, 0.0922084, 0.0922084, 0.0922084, 0.0922084, 0.0922084, 0.0922084, 
0.0841204, 0.0841204, 0.0841214, 0.0841236, 0.0841272, 0.0841325, 0.0841396, 0.084149, 0.084161, 0.084176, 0.0841946, 0.0842174, 0.084245, 0.0842784, 0.0843184, 0.0843662, 0.0844221, 0.0844875, 0.0845641, 0.0846537, 0.0847586, 0.0848816, 0.0850256, 0.0851945, 0.0853927, 0.0856254, 0.0858988, 0.0862205, 0.0865994, 0.0870462, 0.0875741, 0.088199, 0.0889403, 0.0898224, 0.0908753, 0.092137, 0.0922046, 0.0922082, 0.0922084, 0.0922084, 0.0922084, 0.0922084, 0.0922084, 0.0922084, 0.0922084, 0.0922084, 0.0922084, 0.0922084, 0.0922084, 0.0922084, 
0.0841204, 0.0841204, 0.0841214, 0.0841236, 0.0841272, 0.0841325, 0.0841396, 0.084149, 0.084161, 0.084176, 0.0841946, 0.0842174, 0.084245, 0.0842784, 0.0843184, 0.0843662, 0.0844221, 0.0844875, 0.0845641, 0.0846537, 0.0847586, 0.0848816, 0.0850256, 0.0851945, 0.0853927, 0.0856254, 0.0858988, 0.0862205, 0.0865994, 0.0870462, 0.0875741, 0.088199, 0.0889403, 0.0898224, 0.0908753, 0.092137, 0.0922046, 0.0922082, 0.0922084, 0.0922084, 0.0922084, 0.0922084, 0.0922084, 0.0922084, 0.0922084, 0.0922084, 0.0922084, 0.0922084, 0.0922084, 0.0922084, 
0.0841204, 0.0841204, 0.0841214, 0.0841236, 0.0841272, 0.0841325, 0.0841396, 0.084149, 0.084161, 0.084176, 0.0841946, 0.0842174, 0.084245, 0.0842784, 0.0843184, 0.0843662, 0.0844221, 0.0844875, 0.0845641, 0.0846537, 0.0847586, 0.0848816, 0.0850256, 0.0851945, 0.0853927, 0.0856254, 0.0858988, 0.0862205, 0.0865994, 0.0870462, 0.0875741, 0.088199, 0.0889403, 0.0898224, 0.0908753, 0.092137, 0.0922046, 0.0922082, 0.0922084, 0.0922084, 0.0922084, 0.0922084, 0.0922084, 0.0922084, 0.0922084, 0.0922084, 0.0922084, 0.0922084, 0.0922084, 0.0922084, 
0.0841204, 0.0841204, 0.0841214, 0.0841236, 0.0841272, 0.0841325, 0.0841396, 0.084149, 0.084161, 0.084176, 0.0841946, 0.0842174, 0.084245, 0.0842784, 0.0843184, 0.0843662, 0.0844221, 0.0844875, 0.0845641, 0.0846537, 0.0847586, 0.0848816, 0.0850256, 0.0851945, 0.0853927, 0.0856254, 0.0858988, 0.0862205, 0.0865994, 0.0870462, 0.0875741, 0.088199, 0.0889403, 0.0898224, 0.0908753, 0.092137, 0.0922046, 0.0922082, 0.0922084, 0.0922084, 0.0922084, 0.0922084, 0.0922084, 0.0922084, 0.0922084, 0.0922084, 0.0922084, 0.0922084, 0.0922084, 0.0922084, 
0.0841204, 0.0841204, 0.0841214, 0.0841236, 0.0841272, 0.0841325, 0.0841396, 0.084149, 0.084161, 0.084176, 0.0841946, 0.0842174, 0.084245, 0.0842784, 0.0843184, 0.0843662, 0.0844221, 0.0844875, 0.0845641, 0.0846537, 0.0847586, 0.0848816, 0.0850256, 0.0851945, 0.0853927, 0.0856254, 0.0858988, 0.0862205, 0.0865994, 0.0870462, 0.0875741, 0.088199, 0.0889403, 0.0898224, 0.0908753, 0.092137, 0.0922046, 0.0922082, 0.0922084, 0.0922084, 0.0922084, 0.0922084, 0.0922084, 0.0922084, 0.0922084, 0.0922084, 0.0922084, 0.0922084, 0.0922084, 0.0922084, 
0.0841204, 0.0841204, 0.0841214, 0.0841236, 0.0841272, 0.0841325, 0.0841396, 0.084149, 0.084161, 0.084176, 0.0841946, 0.0842174, 0.084245, 0.0842784, 0.0843184, 0.0843662, 0.0844221, 0.0844875, 0.0845641, 0.0846537, 0.0847586, 0.0848816, 0.0850256, 0.0851945, 0.0853927, 0.0856254, 0.0858988, 0.0862205, 0.0865994, 0.0870462, 0.0875741, 0.088199, 0.0889403, 0.0898224, 0.0908753, 0.092137, 0.0922046, 0.0922082, 0.0922084, 0.0922084, 0.0922084, 0.0922084, 0.0922084, 0.0922084, 0.0922084, 0.0922084, 0.0922084, 0.0922084, 0.0922084, 0.0922084, 
0.0841204, 0.0841204, 0.0841214, 0.0841236, 0.0841272, 0.0841325, 0.0841396, 0.084149, 0.084161, 0.084176, 0.0841946, 0.0842174, 0.084245, 0.0842784, 0.0843184, 0.0843662, 0.0844221, 0.0844875, 0.0845641, 0.0846537, 0.0847586, 0.0848816, 0.0850256, 0.0851945, 0.0853927, 0.0856254, 0.0858988, 0.0862205, 0.0865994, 0.0870462, 0.0875741, 0.088199, 0.0889403, 0.0898224, 0.0908753, 0.092137, 0.0922046, 0.0922082, 0.0922084, 0.0922084, 0.0922084, 0.0922084, 0.0922084, 0.0922084, 0.0922084, 0.0922084, 0.0922084, 0.0922084, 0.0922084, 0.0922084, 
0.0841204, 0.0841204, 0.0841214, 0.0841236, 0.0841272, 0.0841325, 0.0841396, 0.084149, 0.084161, 0.084176, 0.0841946, 0.0842174, 0.084245, 0.0842784, 0.0843184, 0.0843662, 0.0844221, 0.0844875, 0.0845641, 0.0846537, 0.0847586, 0.0848816, 0.0850256, 0.0851945, 0.0853927, 0.0856254, 0.0858988, 0.0862205, 0.0865994, 0.0870462, 0.0875741, 0.088199, 0.0889403, 0.0898224, 0.0908753, 0.092137, 0.0922046, 0.0922082, 0.0922084, 0.0922084, 0.0922084, 0.0922084, 0.0922084, 0.0922084, 0.0922084, 0.0922084, 0.0922084, 0.0922084, 0.0922084, 0.0922084, 
0.0841204, 0.0841204, 0.0841214, 0.0841236, 0.0841272, 0.0841325, 0.0841396, 0.084149, 0.084161, 0.084176, 0.0841946, 0.0842174, 0.084245, 0.0842784, 0.0843184, 0.0843662, 0.0844221, 0.0844875, 0.0845641, 0.0846537, 0.0847586, 0.0848816, 0.0850256, 0.0851945, 0.0853927, 0.0856254, 0.0858988, 0.0862205, 0.0865994, 0.0870462, 0.0875741, 0.088199, 0.0889403, 0.0898224, 0.0908753, 0.092137, 0.0922046, 0.0922082, 0.0922084, 0.0922084, 0.0922084, 0.0922084, 0.0922084, 0.0922084, 0.0922084, 0.0922084, 0.0922084, 0.0922084, 0.0922084, 0.0922084, 
0.0841204, 0.0841204, 0.0841214, 0.0841236, 0.0841272, 0.0841325, 0.0841396, 0.084149, 0.084161, 0.084176, 0.0841946, 0.0842174, 0.084245, 0.0842784, 0.0843184, 0.0843662, 0.0844221, 0.0844875, 0.0845641, 0.0846537, 0.0847586, 0.0848816, 0.0850256, 0.0851945, 0.0853927, 0.0856254, 0.0858988, 0.0862205, 0.0865994, 0.0870462, 0.0875741, 0.088199, 0.0889403, 0.0898224, 0.0908753, 0.092137, 0.0922046, 0.0922082, 0.0922084, 0.0922084, 0.0922084, 0.0922084, 0.0922084, 0.0922084, 0.0922084, 0.0922084, 0.0922084, 0.0922084, 0.0922084, 0.0922084, 
0.0841204, 0.0841204, 0.0841214, 0.0841236, 0.0841272, 0.0841325, 0.0841396, 0.084149, 0.084161, 0.084176, 0.0841946, 0.0842174, 0.084245, 0.0842784, 0.0843184, 0.0843662, 0.0844221, 0.0844875, 0.0845641, 0.0846537, 0.0847586, 0.0848816, 0.0850256, 0.0851945, 0.0853927, 0.0856254, 0.0858988, 0.0862205, 0.0865994, 0.0870462, 0.0875741, 0.088199, 0.0889403, 0.0898224, 0.0908753, 0.092137, 0.0922046, 0.0922082, 0.0922084, 0.0922084, 0.0922084, 0.0922084, 0.0922084, 0.0922084, 0.0922084, 0.0922084, 0.0922084, 0.0922084, 0.0922084, 0.0922084, 
0.0841204, 0.0841204, 0.0841214, 0.0841236, 0.0841272, 0.0841325, 0.0841396, 0.084149, 0.084161, 0.084176, 0.0841946, 0.0842174, 0.084245, 0.0842784, 0.0843184, 0.0843662, 0.0844221, 0.0844875, 0.0845641, 0.0846537, 0.0847586, 0.0848816, 0.0850256, 0.0851945, 0.0853927, 0.0856254, 0.0858988, 0.0862205, 0.0865994, 0.0870462, 0.0875741, 0.088199, 0.0889403, 0.0898224, 0.0908753, 0.092137, 0.0922046, 0.0922082, 0.0922084, 0.0922084, 0.0922084, 0.0922084, 0.0922084, 0.0922084, 0.0922084, 0.0922084, 0.0922084, 0.0922084, 0.0922084, 0.0922084, 
0.0841204, 0.0841204, 0.0841214, 0.0841236, 0.0841272, 0.0841325, 0.0841396, 0.084149, 0.084161, 0.084176, 0.0841946, 0.0842174, 0.084245, 0.0842784, 0.0843184, 0.0843662, 0.0844221, 0.0844875, 0.0845641, 0.0846537, 0.0847586, 0.0848816, 0.0850256, 0.0851945, 0.0853927, 0.0856254, 0.0858988, 0.0862205, 0.0865994, 0.0870462, 0.0875741, 0.088199, 0.0889403, 0.0898224, 0.0908753, 0.092137, 0.0922046, 0.0922082, 0.0922084, 0.0922084, 0.0922084, 0.0922084, 0.0922084, 0.0922084, 0.0922084, 0.0922084, 0.0922084, 0.0922084, 0.0922084, 0.0922084, 
0.0841204, 0.0841204, 0.0841214, 0.0841236, 0.0841272, 0.0841325, 0.0841396, 0.084149, 0.084161, 0.084176, 0.0841946, 0.0842174, 0.084245, 0.0842784, 0.0843184, 0.0843662, 0.0844221, 0.0844875, 0.0845641, 0.0846537, 0.0847586, 0.0848816, 0.0850256, 0.0851945, 0.0853927, 0.0856254, 0.0858988, 0.0862205, 0.0865994, 0.0870462, 0.0875741, 0.088199, 0.0889403, 0.0898224, 0.0908753, 0.092137, 0.0922046, 0.0922082, 0.0922084, 0.0922084, 0.0922084, 0.0922084, 0.0922084, 0.0922084, 0.0922084, 0.0922084, 0.0922084, 0.0922084, 0.0922084, 0.0922084, 
0.0841204, 0.0841204, 0.0841214, 0.0841236, 0.0841272, 0.0841325, 0.0841396, 0.084149, 0.084161, 0.084176, 0.0841946, 0.0842174, 0.084245, 0.0842784, 0.0843184, 0.0843662, 0.0844221, 0.0844875, 0.0845641, 0.0846537, 0.0847586, 0.0848816, 0.0850256, 0.0851945, 0.0853927, 0.0856254, 0.0858988, 0.0862205, 0.0865994, 0.0870462, 0.0875741, 0.088199, 0.0889403, 0.0898224, 0.0908753, 0.092137, 0.0922046, 0.0922082, 0.0922084, 0.0922084, 0.0922084, 0.0922084, 0.0922084, 0.0922084, 0.0922084, 0.0922084, 0.0922084, 0.0922084, 0.0922084, 0.0922084, 
0.0841204, 0.0841204, 0.0841214, 0.0841236, 0.0841272, 0.0841325, 0.0841396, 0.084149, 0.084161, 0.084176, 0.0841946, 0.0842174, 0.084245, 0.0842784, 0.0843184, 0.0843662, 0.0844221, 0.0844875, 0.0845641, 0.0846537, 0.0847586, 0.0848816, 0.0850256, 0.0851945, 0.0853927, 0.0856254, 0.0858988, 0.0862205, 0.0865994, 0.0870462, 0.0875741, 0.088199, 0.0889403, 0.0898224, 0.0908753, 0.092137, 0.0922046, 0.0922082, 0.0922084, 0.0922084, 0.0922084, 0.0922084, 0.0922084, 0.0922084, 0.0922084, 0.0922084, 0.0922084, 0.0922084, 0.0922084, 0.0922084, 
0.0841204, 0.0841204, 0.0841214, 0.0841236, 0.0841272, 0.0841325, 0.0841396, 0.084149, 0.084161, 0.084176, 0.0841946, 0.0842174, 0.084245, 0.0842784, 0.0843184, 0.0843662, 0.0844221, 0.0844875, 0.0845641, 0.0846537, 0.0847586, 0.0848816, 0.0850256, 0.0851945, 0.0853927, 0.0856254, 0.0858988, 0.0862205, 0.0865994, 0.0870462, 0.0875741, 0.088199, 0.0889403, 0.0898224, 0.0908753, 0.092137, 0.0922046, 0.0922082, 0.0922084, 0.0922084, 0.0922084, 0.0922084, 0.0922084, 0.0922084, 0.0922084, 0.0922084, 0.0922084, 0.0922084, 0.0922084, 0.0922084, 
0.0841204, 0.0841204, 0.0841214, 0.0841236, 0.0841272, 0.0841325, 0.0841396, 0.084149, 0.084161, 0.084176, 0.0841946, 0.0842174, 0.084245, 0.0842784, 0.0843184, 0.0843662, 0.0844221, 0.0844875, 0.0845641, 0.0846537, 0.0847586, 0.0848816, 0.0850256, 0.0851945, 0.0853927, 0.0856254, 0.0858988, 0.0862205, 0.0865994, 0.0870462, 0.0875741, 0.088199, 0.0889403, 0.0898224, 0.0908753, 0.092137, 0.0922046, 0.0922082, 0.0922084, 0.0922084, 0.0922084, 0.0922084, 0.0922084, 0.0922084, 0.0922084, 0.0922084, 0.0922084, 0.0922084, 0.0922084, 0.0922084, 
0.0841204, 0.0841204, 0.0841214, 0.0841236, 0.0841272, 0.0841325, 0.0841396, 0.084149, 0.084161, 0.084176, 0.0841946, 0.0842174, 0.084245, 0.0842784, 0.0843184, 0.0843662, 0.0844221, 0.0844875, 0.0845641, 0.0846537, 0.0847586, 0.0848816, 0.0850256, 0.0851945, 0.0853927, 0.0856254, 0.0858988, 0.0862205, 0.0865994, 0.0870462, 0.0875741, 0.088199, 0.0889403, 0.0898224, 0.0908753, 0.092137, 0.0922046, 0.0922082, 0.0922084, 0.0922084, 0.0922084, 0.0922084, 0.0922084, 0.0922084, 0.0922084, 0.0922084, 0.0922084, 0.0922084, 0.0922084, 0.0922084, 
0.0841204, 0.0841204, 0.0841214, 0.0841236, 0.0841272, 0.0841325, 0.0841396, 0.084149, 0.084161, 0.084176, 0.0841946, 0.0842174, 0.084245, 0.0842784, 0.0843184, 0.0843662, 0.0844221, 0.0844875, 0.0845641, 0.0846537, 0.0847586, 0.0848816, 0.0850256, 0.0851945, 0.0853927, 0.0856254, 0.0858988, 0.0862205, 0.0865994, 0.0870462, 0.0875741, 0.088199, 0.0889403, 0.0898224, 0.0908753, 0.092137, 0.0922046, 0.0922082, 0.0922084, 0.0922084, 0.0922084, 0.0922084, 0.0922084, 0.0922084, 0.0922084, 0.0922084, 0.0922084, 0.0922084, 0.0922084, 0.0922084, 
0.0841204, 0.0841204, 0.0841214, 0.0841236, 0.0841272, 0.0841325, 0.0841396, 0.084149, 0.084161, 0.084176, 0.0841946, 0.0842174, 0.084245, 0.0842784, 0.0843184, 0.0843662, 0.0844221, 0.0844875, 0.0845641, 0.0846537, 0.0847586, 0.0848816, 0.0850256, 0.0851945, 0.0853927, 0.0856254, 0.0858988, 0.0862205, 0.0865994, 0.0870462, 0.0875741, 0.088199, 0.0889403, 0.0898224, 0.0908753, 0.092137, 0.0922046, 0.0922082, 0.0922084, 0.0922084, 0.0922084, 0.0922084, 0.0922084, 0.0922084, 0.0922084, 0.0922084, 0.0922084, 0.0922084, 0.0922084, 0.0922084, 
0.0841204, 0.0841204, 0.0841214, 0.0841236, 0.0841272, 0.0841325, 0.0841396, 0.084149, 0.084161, 0.084176, 0.0841946, 0.0842174, 0.084245, 0.0842784, 0.0843184, 0.0843662, 0.0844221, 0.0844875, 0.0845641, 0.0846537, 0.0847586, 0.0848816, 0.0850256, 0.0851945, 0.0853927, 0.0856254, 0.0858988, 0.0862205, 0.0865994, 0.0870462, 0.0875741, 0.088199, 0.0889403, 0.0898224, 0.0908753, 0.092137, 0.0922046, 0.0922082, 0.0922084, 0.0922084, 0.0922084, 0.0922084, 0.0922084, 0.0922084, 0.0922084, 0.0922084, 0.0922084, 0.0922084, 0.0922084, 0.0922084, 
0.0841204, 0.0841204, 0.0841214, 0.0841236, 0.0841272, 0.0841325, 0.0841396, 0.084149, 0.084161, 0.084176, 0.0841946, 0.0842174, 0.084245, 0.0842784, 0.0843184, 0.0843662, 0.0844221, 0.0844875, 0.0845641, 0.0846537, 0.0847586, 0.0848816, 0.0850256, 0.0851945, 0.0853927, 0.0856254, 0.0858988, 0.0862205, 0.0865994, 0.0870462, 0.0875741, 0.088199, 0.0889403, 0.0898224, 0.0908753, 0.092137, 0.0922046, 0.0922082, 0.0922084, 0.0922084, 0.0922084, 0.0922084, 0.0922084, 0.0922084, 0.0922084, 0.0922084, 0.0922084, 0.0922084, 0.0922084, 0.0922084, 
0.0841204, 0.0841204, 0.0841214, 0.0841236, 0.0841272, 0.0841325, 0.0841396, 0.084149, 0.084161, 0.084176, 0.0841946, 0.0842174, 0.084245, 0.0842784, 0.0843184, 0.0843662, 0.0844221, 0.0844875, 0.0845641, 0.0846537, 0.0847586, 0.0848816, 0.0850256, 0.0851945, 0.0853927, 0.0856254, 0.0858988, 0.0862205, 0.0865994, 0.0870462, 0.0875741, 0.088199, 0.0889403, 0.0898224, 0.0908753, 0.092137, 0.0922046, 0.0922082, 0.0922084, 0.0922084, 0.0922084, 0.0922084, 0.0922084, 0.0922084, 0.0922084, 0.0922084, 0.0922084, 0.0922084, 0.0922084, 0.0922084, 
0.0841204, 0.0841204, 0.0841214, 0.0841236, 0.0841272, 0.0841325, 0.0841396, 0.084149, 0.084161, 0.084176, 0.0841946, 0.0842174, 0.084245, 0.0842784, 0.0843184, 0.0843662, 0.0844221, 0.0844875, 0.0845641, 0.0846537, 0.0847586, 0.0848816, 0.0850256, 0.0851945, 0.0853927, 0.0856254, 0.0858988, 0.0862205, 0.0865994, 0.0870462, 0.0875741, 0.088199, 0.0889403, 0.0898224, 0.0908753, 0.092137, 0.0922046, 0.0922082, 0.0922084, 0.0922084, 0.0922084, 0.0922084, 0.0922084, 0.0922084, 0.0922084, 0.0922084, 0.0922084, 0.0922084, 0.0922084, 0.0922084, 
0.0841204, 0.0841204, 0.0841214, 0.0841236, 0.0841272, 0.0841325, 0.0841396, 0.084149, 0.084161, 0.084176, 0.0841946, 0.0842174, 0.084245, 0.0842784, 0.0843184, 0.0843662, 0.0844221, 0.0844875, 0.0845641, 0.0846537, 0.0847586, 0.0848816, 0.0850256, 0.0851945, 0.0853927, 0.0856254, 0.0858988, 0.0862205, 0.0865994, 0.0870462, 0.0875741, 0.088199, 0.0889403, 0.0898224, 0.0908753, 0.092137, 0.0922046, 0.0922082, 0.0922084, 0.0922084, 0.0922084, 0.0922084, 0.0922084, 0.0922084, 0.0922084, 0.0922084, 0.0922084, 0.0922084, 0.0922084, 0.0922084, 
0.0841204, 0.0841204, 0.0841214, 0.0841236, 0.0841272, 0.0841325, 0.0841396, 0.084149, 0.084161, 0.084176, 0.0841946, 0.0842174, 0.084245, 0.0842784, 0.0843184, 0.0843662, 0.0844221, 0.0844875, 0.0845641, 0.0846537, 0.0847586, 0.0848816, 0.0850256, 0.0851945, 0.0853927, 0.0856254, 0.0858988, 0.0862205, 0.0865994, 0.0870462, 0.0875741, 0.088199, 0.0889403, 0.0898224, 0.0908753, 0.092137, 0.0922046, 0.0922082, 0.0922084, 0.0922084, 0.0922084, 0.0922084, 0.0922084, 0.0922084, 0.0922084, 0.0922084, 0.0922084, 0.0922084, 0.0922084, 0.0922084, 
0.0841204, 0.0841204, 0.0841214, 0.0841236, 0.0841272, 0.0841325, 0.0841396, 0.084149, 0.084161, 0.084176, 0.0841946, 0.0842174, 0.084245, 0.0842784, 0.0843184, 0.0843662, 0.0844221, 0.0844875, 0.0845641, 0.0846537, 0.0847586, 0.0848816, 0.0850256, 0.0851945, 0.0853927, 0.0856254, 0.0858988, 0.0862205, 0.0865994, 0.0870462, 0.0875741, 0.088199, 0.0889403, 0.0898224, 0.0908753, 0.092137, 0.0922046, 0.0922082, 0.0922084, 0.0922084, 0.0922084, 0.0922084, 0.0922084, 0.0922084, 0.0922084, 0.0922084, 0.0922084, 0.0922084, 0.0922084, 0.0922084, 
0.0841204, 0.0841204, 0.0841214, 0.0841236, 0.0841272, 0.0841325, 0.0841396, 0.084149, 0.084161, 0.084176, 0.0841946, 0.0842174, 0.084245, 0.0842784, 0.0843184, 0.0843662, 0.0844221, 0.0844875, 0.0845641, 0.0846537, 0.0847586, 0.0848816, 0.0850256, 0.0851945, 0.0853927, 0.0856254, 0.0858988, 0.0862205, 0.0865994, 0.0870462, 0.0875741, 0.088199, 0.0889403, 0.0898224, 0.0908753, 0.092137, 0.0922046, 0.0922082, 0.0922084, 0.0922084, 0.0922084, 0.0922084, 0.0922084, 0.0922084, 0.0922084, 0.0922084, 0.0922084, 0.0922084, 0.0922084, 0.0922084, 
0.0841204, 0.0841204, 0.0841214, 0.0841236, 0.0841272, 0.0841325, 0.0841396, 0.084149, 0.084161, 0.084176, 0.0841946, 0.0842174, 0.084245, 0.0842784, 0.0843184, 0.0843662, 0.0844221, 0.0844875, 0.0845641, 0.0846537, 0.0847586, 0.0848816, 0.0850256, 0.0851945, 0.0853927, 0.0856254, 0.0858988, 0.0862205, 0.0865994, 0.0870462, 0.0875741, 0.088199, 0.0889403, 0.0898224, 0.0908753, 0.092137, 0.0922046, 0.0922082, 0.0922084, 0.0922084, 0.0922084, 0.0922084, 0.0922084, 0.0922084, 0.0922084, 0.0922084, 0.0922084, 0.0922084, 0.0922084, 0.0922084, 
0.0841204, 0.0841204, 0.0841214, 0.0841236, 0.0841272, 0.0841325, 0.0841396, 0.084149, 0.084161, 0.084176, 0.0841946, 0.0842174, 0.084245, 0.0842784, 0.0843184, 0.0843662, 0.0844221, 0.0844875, 0.0845641, 0.0846537, 0.0847586, 0.0848816, 0.0850256, 0.0851945, 0.0853927, 0.0856254, 0.0858988, 0.0862205, 0.0865994, 0.0870462, 0.0875741, 0.088199, 0.0889403, 0.0898224, 0.0908753, 0.092137, 0.0922046, 0.0922082, 0.0922084, 0.0922084, 0.0922084, 0.0922084, 0.0922084, 0.0922084, 0.0922084, 0.0922084, 0.0922084, 0.0922084, 0.0922084, 0.0922084, 
0.0841204, 0.0841204, 0.0841214, 0.0841236, 0.0841272, 0.0841325, 0.0841396, 0.084149, 0.084161, 0.084176, 0.0841946, 0.0842174, 0.084245, 0.0842784, 0.0843184, 0.0843662, 0.0844221, 0.0844875, 0.0845641, 0.0846537, 0.0847586, 0.0848816, 0.0850256, 0.0851945, 0.0853927, 0.0856254, 0.0858988, 0.0862205, 0.0865994, 0.0870462, 0.0875741, 0.088199, 0.0889403, 0.0898224, 0.0908753, 0.092137, 0.0922046, 0.0922082, 0.0922084, 0.0922084, 0.0922084, 0.0922084, 0.0922084, 0.0922084, 0.0922084, 0.0922084, 0.0922084, 0.0922084, 0.0922084, 0.0922084, 
0.0841204, 0.0841204, 0.0841214, 0.0841236, 0.0841272, 0.0841325, 0.0841396, 0.084149, 0.084161, 0.084176, 0.0841946, 0.0842174, 0.084245, 0.0842784, 0.0843184, 0.0843662, 0.0844221, 0.0844875, 0.0845641, 0.0846537, 0.0847586, 0.0848816, 0.0850256, 0.0851945, 0.0853927, 0.0856254, 0.0858988, 0.0862205, 0.0865994, 0.0870462, 0.0875741, 0.088199, 0.0889403, 0.0898224, 0.0908753, 0.092137, 0.0922046, 0.0922082, 0.0922084, 0.0922084, 0.0922084, 0.0922084, 0.0922084, 0.0922084, 0.0922084, 0.0922084, 0.0922084, 0.0922084, 0.0922084, 0.0922084, 
0.0841204, 0.0841204, 0.0841214, 0.0841236, 0.0841272, 0.0841325, 0.0841396, 0.084149, 0.084161, 0.084176, 0.0841946, 0.0842174, 0.084245, 0.0842784, 0.0843184, 0.0843662, 0.0844221, 0.0844875, 0.0845641, 0.0846537, 0.0847586, 0.0848816, 0.0850256, 0.0851945, 0.0853927, 0.0856254, 0.0858988, 0.0862205, 0.0865994, 0.0870462, 0.0875741, 0.088199, 0.0889403, 0.0898224, 0.0908753, 0.092137, 0.0922046, 0.0922082, 0.0922084, 0.0922084, 0.0922084, 0.0922084, 0.0922084, 0.0922084, 0.0922084, 0.0922084, 0.0922084, 0.0922084, 0.0922084, 0.0922084, 
0.0841204, 0.0841204, 0.0841214, 0.0841236, 0.0841272, 0.0841325, 0.0841396, 0.084149, 0.084161, 0.084176, 0.0841946, 0.0842174, 0.084245, 0.0842784, 0.0843184, 0.0843662, 0.0844221, 0.0844875, 0.0845641, 0.0846537, 0.0847586, 0.0848816, 0.0850256, 0.0851945, 0.0853927, 0.0856254, 0.0858988, 0.0862205, 0.0865994, 0.0870462, 0.0875741, 0.088199, 0.0889403, 0.0898224, 0.0908753, 0.092137, 0.0922046, 0.0922082, 0.0922084, 0.0922084, 0.0922084, 0.0922084, 0.0922084, 0.0922084, 0.0922084, 0.0922084, 0.0922084, 0.0922084, 0.0922084, 0.0922084, 
0.0841204, 0.0841204, 0.0841214, 0.0841236, 0.0841272, 0.0841325, 0.0841396, 0.084149, 0.084161, 0.084176, 0.0841946, 0.0842174, 0.084245, 0.0842784, 0.0843184, 0.0843662, 0.0844221, 0.0844875, 0.0845641, 0.0846537, 0.0847586, 0.0848816, 0.0850256, 0.0851945, 0.0853927, 0.0856254, 0.0858988, 0.0862205, 0.0865994, 0.0870462, 0.0875741, 0.088199, 0.0889403, 0.0898224, 0.0908753, 0.092137, 0.0922046, 0.0922082, 0.0922084, 0.0922084, 0.0922084, 0.0922084, 0.0922084, 0.0922084, 0.0922084, 0.0922084, 0.0922084, 0.0922084, 0.0922084, 0.0922084, 
0.0841204, 0.0841204, 0.0841214, 0.0841236, 0.0841272, 0.0841325, 0.0841396, 0.084149, 0.084161, 0.084176, 0.0841946, 0.0842174, 0.084245, 0.0842784, 0.0843184, 0.0843662, 0.0844221, 0.0844875, 0.0845641, 0.0846537, 0.0847586, 0.0848816, 0.0850256, 0.0851945, 0.0853927, 0.0856254, 0.0858988, 0.0862205, 0.0865994, 0.0870462, 0.0875741, 0.088199, 0.0889403, 0.0898224, 0.0908753, 0.092137, 0.0922046, 0.0922082, 0.0922084, 0.0922084, 0.0922084, 0.0922084, 0.0922084, 0.0922084, 0.0922084, 0.0922084, 0.0922084, 0.0922084, 0.0922084, 0.0922084, 
0.0841204, 0.0841204, 0.0841214, 0.0841236, 0.0841272, 0.0841325, 0.0841396, 0.084149, 0.084161, 0.084176, 0.0841946, 0.0842174, 0.084245, 0.0842784, 0.0843184, 0.0843662, 0.0844221, 0.0844875, 0.0845641, 0.0846537, 0.0847586, 0.0848816, 0.0850256, 0.0851945, 0.0853927, 0.0856254, 0.0858988, 0.0862205, 0.0865994, 0.0870462, 0.0875741, 0.088199, 0.0889403, 0.0898224, 0.0908753, 0.092137, 0.0922046, 0.0922082, 0.0922084, 0.0922084, 0.0922084, 0.0922084, 0.0922084, 0.0922084, 0.0922084, 0.0922084, 0.0922084, 0.0922084, 0.0922084, 0.0922084, 
0.0841204, 0.0841204, 0.0841214, 0.0841236, 0.0841272, 0.0841325, 0.0841396, 0.084149, 0.084161, 0.084176, 0.0841946, 0.0842174, 0.084245, 0.0842784, 0.0843184, 0.0843662, 0.0844221, 0.0844875, 0.0845641, 0.0846537, 0.0847586, 0.0848816, 0.0850256, 0.0851945, 0.0853927, 0.0856254, 0.0858988, 0.0862205, 0.0865994, 0.0870462, 0.0875741, 0.088199, 0.0889403, 0.0898224, 0.0908753, 0.092137, 0.0922046, 0.0922082, 0.0922084, 0.0922084, 0.0922084, 0.0922084, 0.0922084, 0.0922084, 0.0922084, 0.0922084, 0.0922084, 0.0922084, 0.0922084, 0.0922084, 
0.0841204, 0.0841204, 0.0841214, 0.0841236, 0.0841272, 0.0841325, 0.0841396, 0.084149, 0.084161, 0.084176, 0.0841946, 0.0842174, 0.084245, 0.0842784, 0.0843184, 0.0843662, 0.0844221, 0.0844875, 0.0845641, 0.0846537, 0.0847586, 0.0848816, 0.0850256, 0.0851945, 0.0853927, 0.0856254, 0.0858988, 0.0862205, 0.0865994, 0.0870462, 0.0875741, 0.088199, 0.0889403, 0.0898224, 0.0908753, 0.092137, 0.0922046, 0.0922082, 0.0922084, 0.0922084, 0.0922084, 0.0922084, 0.0922084, 0.0922084, 0.0922084, 0.0922084, 0.0922084, 0.0922084, 0.0922084, 0.0922084, 
0.0841204, 0.0841204, 0.0841214, 0.0841236, 0.0841272, 0.0841325, 0.0841396, 0.084149, 0.084161, 0.084176, 0.0841946, 0.0842174, 0.084245, 0.0842784, 0.0843184, 0.0843662, 0.0844221, 0.0844875, 0.0845641, 0.0846537, 0.0847586, 0.0848816, 0.0850256, 0.0851945, 0.0853927, 0.0856254, 0.0858988, 0.0862205, 0.0865994, 0.0870462, 0.0875741, 0.088199, 0.0889403, 0.0898224, 0.0908753, 0.092137, 0.0922046, 0.0922082, 0.0922084, 0.0922084, 0.0922084, 0.0922084, 0.0922084, 0.0922084, 0.0922084, 0.0922084, 0.0922084, 0.0922084, 0.0922084, 0.0922084, 
0.0841204, 0.0841204, 0.0841214, 0.0841236, 0.0841272, 0.0841325, 0.0841396, 0.084149, 0.084161, 0.084176, 0.0841946, 0.0842174, 0.084245, 0.0842784, 0.0843184, 0.0843662, 0.0844221, 0.0844875, 0.0845641, 0.0846537, 0.0847586, 0.0848816, 0.0850256, 0.0851945, 0.0853927, 0.0856254, 0.0858988, 0.0862205, 0.0865994, 0.0870462, 0.0875741, 0.088199, 0.0889403, 0.0898224, 0.0908753, 0.092137, 0.0922046, 0.0922082, 0.0922084, 0.0922084, 0.0922084, 0.0922084, 0.0922084, 0.0922084, 0.0922084, 0.0922084, 0.0922084, 0.0922084, 0.0922084, 0.0922084, 
0.0841204, 0.0841204, 0.0841214, 0.0841236, 0.0841272, 0.0841325, 0.0841396, 0.084149, 0.084161, 0.084176, 0.0841946, 0.0842174, 0.084245, 0.0842784, 0.0843184, 0.0843662, 0.0844221, 0.0844875, 0.0845641, 0.0846537, 0.0847586, 0.0848816, 0.0850256, 0.0851945, 0.0853927, 0.0856254, 0.0858988, 0.0862205, 0.0865994, 0.0870462, 0.0875741, 0.088199, 0.0889403, 0.0898224, 0.0908753, 0.092137, 0.0922046, 0.0922082, 0.0922084, 0.0922084, 0.0922084, 0.0922084, 0.0922084, 0.0922084, 0.0922084, 0.0922084, 0.0922084, 0.0922084, 0.0922084, 0.0922084, 
0.0841204, 0.0841204, 0.0841214, 0.0841236, 0.0841272, 0.0841325, 0.0841396, 0.084149, 0.084161, 0.084176, 0.0841946, 0.0842174, 0.084245, 0.0842784, 0.0843184, 0.0843662, 0.0844221, 0.0844875, 0.0845641, 0.0846537, 0.0847586, 0.0848816, 0.0850256, 0.0851945, 0.0853927, 0.0856254, 0.0858988, 0.0862205, 0.0865994, 0.0870462, 0.0875741, 0.088199, 0.0889403, 0.0898224, 0.0908753, 0.092137, 0.0922046, 0.0922082, 0.0922084, 0.0922084, 0.0922084, 0.0922084, 0.0922084, 0.0922084, 0.0922084, 0.0922084, 0.0922084, 0.0922084, 0.0922084, 0.0922084, 
0.0841204, 0.0841204, 0.0841214, 0.0841236, 0.0841272, 0.0841325, 0.0841396, 0.084149, 0.084161, 0.084176, 0.0841946, 0.0842174, 0.084245, 0.0842784, 0.0843184, 0.0843662, 0.0844221, 0.0844875, 0.0845641, 0.0846537, 0.0847586, 0.0848816, 0.0850256, 0.0851945, 0.0853927, 0.0856254, 0.0858988, 0.0862205, 0.0865994, 0.0870462, 0.0875741, 0.088199, 0.0889403, 0.0898224, 0.0908753, 0.092137, 0.0922046, 0.0922082, 0.0922084, 0.0922084, 0.0922084, 0.0922084, 0.0922084, 0.0922084, 0.0922084, 0.0922084, 0.0922084, 0.0922084, 0.0922084, 0.0922084, 
0.0841204, 0.0841204, 0.0841214, 0.0841236, 0.0841272, 0.0841325, 0.0841396, 0.084149, 0.084161, 0.084176, 0.0841946, 0.0842174, 0.084245, 0.0842784, 0.0843184, 0.0843662, 0.0844221, 0.0844875, 0.0845641, 0.0846537, 0.0847586, 0.0848816, 0.0850256, 0.0851945, 0.0853927, 0.0856254, 0.0858988, 0.0862205, 0.0865994, 0.0870462, 0.0875741, 0.088199, 0.0889403, 0.0898224, 0.0908753, 0.092137, 0.0922046, 0.0922082, 0.0922084, 0.0922084, 0.0922084, 0.0922084, 0.0922084, 0.0922084, 0.0922084, 0.0922084, 0.0922084, 0.0922084, 0.0922084, 0.0922084, 
0.0841204, 0.0841204, 0.0841214, 0.0841236, 0.0841272, 0.0841325, 0.0841396, 0.084149, 0.084161, 0.084176, 0.0841946, 0.0842174, 0.084245, 0.0842784, 0.0843184, 0.0843662, 0.0844221, 0.0844875, 0.0845641, 0.0846537, 0.0847586, 0.0848816, 0.0850256, 0.0851945, 0.0853927, 0.0856254, 0.0858988, 0.0862205, 0.0865994, 0.0870462, 0.0875741, 0.088199, 0.0889403, 0.0898224, 0.0908753, 0.092137, 0.0922046, 0.0922082, 0.0922084, 0.0922084, 0.0922084, 0.0922084, 0.0922084, 0.0922084, 0.0922084, 0.0922084, 0.0922084, 0.0922084, 0.0922084, 0.0922084, 
0.0841204, 0.0841204, 0.0841214, 0.0841236, 0.0841272, 0.0841325, 0.0841396, 0.084149, 0.084161, 0.084176, 0.0841946, 0.0842174, 0.084245, 0.0842784, 0.0843184, 0.0843662, 0.0844221, 0.0844875, 0.0845641, 0.0846537, 0.0847586, 0.0848816, 0.0850256, 0.0851945, 0.0853927, 0.0856254, 0.0858988, 0.0862205, 0.0865994, 0.0870462, 0.0875741, 0.088199, 0.0889403, 0.0898224, 0.0908753, 0.092137, 0.0922046, 0.0922082, 0.0922084, 0.0922084, 0.0922084, 0.0922084, 0.0922084, 0.0922084, 0.0922084, 0.0922084, 0.0922084, 0.0922084, 0.0922084, 0.0922084, 
0.0841204, 0.0841204, 0.0841214, 0.0841236, 0.0841272, 0.0841325, 0.0841396, 0.084149, 0.084161, 0.084176, 0.0841946, 0.0842174, 0.084245, 0.0842784, 0.0843184, 0.0843662, 0.0844221, 0.0844875, 0.0845641, 0.0846537, 0.0847586, 0.0848816, 0.0850256, 0.0851945, 0.0853927, 0.0856254, 0.0858988, 0.0862205, 0.0865994, 0.0870462, 0.0875741, 0.088199, 0.0889403, 0.0898224, 0.0908753, 0.092137, 0.0922046, 0.0922082, 0.0922084, 0.0922084, 0.0922084, 0.0922084, 0.0922084, 0.0922084, 0.0922084, 0.0922084, 0.0922084, 0.0922084, 0.0922084, 0.0922084, 
0.0841204, 0.0841204, 0.0841214, 0.0841236, 0.0841272, 0.0841325, 0.0841396, 0.084149, 0.084161, 0.084176, 0.0841946, 0.0842174, 0.084245, 0.0842784, 0.0843184, 0.0843662, 0.0844221, 0.0844875, 0.0845641, 0.0846537, 0.0847586, 0.0848816, 0.0850256, 0.0851945, 0.0853927, 0.0856254, 0.0858988, 0.0862205, 0.0865994, 0.0870462, 0.0875741, 0.088199, 0.0889403, 0.0898224, 0.0908753, 0.092137, 0.0922046, 0.0922082, 0.0922084, 0.0922084, 0.0922084, 0.0922084, 0.0922084, 0.0922084, 0.0922084, 0.0922084, 0.0922084, 0.0922084, 0.0922084, 0.0922084, 
0.0841204, 0.0841204, 0.0841214, 0.0841236, 0.0841272, 0.0841325, 0.0841396, 0.084149, 0.084161, 0.084176, 0.0841946, 0.0842174, 0.084245, 0.0842784, 0.0843184, 0.0843662, 0.0844221, 0.0844875, 0.0845641, 0.0846537, 0.0847586, 0.0848816, 0.0850256, 0.0851945, 0.0853927, 0.0856254, 0.0858988, 0.0862205, 0.0865994, 0.0870462, 0.0875741, 0.088199, 0.0889403, 0.0898224, 0.0908753, 0.092137, 0.0922046, 0.0922082, 0.0922084, 0.0922084, 0.0922084, 0.0922084, 0.0922084, 0.0922084, 0.0922084, 0.0922084, 0.0922084, 0.0922084, 0.0922084, 0.0922084, 
0.0841204, 0.0841204, 0.0841214, 0.0841236, 0.0841272, 0.0841325, 0.0841396, 0.084149, 0.084161, 0.084176, 0.0841946, 0.0842174, 0.084245, 0.0842784, 0.0843184, 0.0843662, 0.0844221, 0.0844875, 0.0845641, 0.0846537, 0.0847586, 0.0848816, 0.0850256, 0.0851945, 0.0853927, 0.0856254, 0.0858988, 0.0862205, 0.0865994, 0.0870462, 0.0875741, 0.088199, 0.0889403, 0.0898224, 0.0908753, 0.092137, 0.0922046, 0.0922082, 0.0922084, 0.0922084, 0.0922084, 0.0922084, 0.0922084, 0.0922084, 0.0922084, 0.0922084, 0.0922084, 0.0922084, 0.0922084, 0.0922084, 
0.0841204, 0.0841204, 0.0841214, 0.0841236, 0.0841272, 0.0841325, 0.0841396, 0.084149, 0.084161, 0.084176, 0.0841946, 0.0842174, 0.084245, 0.0842784, 0.0843184, 0.0843662, 0.0844221, 0.0844875, 0.0845641, 0.0846537, 0.0847586, 0.0848816, 0.0850256, 0.0851945, 0.0853927, 0.0856254, 0.0858988, 0.0862205, 0.0865994, 0.0870462, 0.0875741, 0.088199, 0.0889403, 0.0898224, 0.0908753, 0.092137, 0.0922046, 0.0922082, 0.0922084, 0.0922084, 0.0922084, 0.0922084, 0.0922084, 0.0922084, 0.0922084, 0.0922084, 0.0922084, 0.0922084, 0.0922084, 0.0922084, 
0.0841204, 0.0841204, 0.0841214, 0.0841236, 0.0841272, 0.0841325, 0.0841396, 0.084149, 0.084161, 0.084176, 0.0841946, 0.0842174, 0.084245, 0.0842784, 0.0843184, 0.0843662, 0.0844221, 0.0844875, 0.0845641, 0.0846537, 0.0847586, 0.0848816, 0.0850256, 0.0851945, 0.0853927, 0.0856254, 0.0858988, 0.0862205, 0.0865994, 0.0870462, 0.0875741, 0.088199, 0.0889403, 0.0898224, 0.0908753, 0.092137, 0.0922046, 0.0922082, 0.0922084, 0.0922084, 0.0922084, 0.0922084, 0.0922084, 0.0922084, 0.0922084, 0.0922084, 0.0922084, 0.0922084, 0.0922084, 0.0922084, 
0.0841204, 0.0841204, 0.0841214, 0.0841236, 0.0841272, 0.0841325, 0.0841396, 0.084149, 0.084161, 0.084176, 0.0841946, 0.0842174, 0.084245, 0.0842784, 0.0843184, 0.0843662, 0.0844221, 0.0844875, 0.0845641, 0.0846537, 0.0847586, 0.0848816, 0.0850256, 0.0851945, 0.0853927, 0.0856254, 0.0858988, 0.0862205, 0.0865994, 0.0870462, 0.0875741, 0.088199, 0.0889403, 0.0898224, 0.0908753, 0.092137, 0.0922046, 0.0922082, 0.0922084, 0.0922084, 0.0922084, 0.0922084, 0.0922084, 0.0922084, 0.0922084, 0.0922084, 0.0922084, 0.0922084, 0.0922084, 0.0922084, 
0.0841204, 0.0841204, 0.0841214, 0.0841236, 0.0841272, 0.0841325, 0.0841396, 0.084149, 0.084161, 0.084176, 0.0841946, 0.0842174, 0.084245, 0.0842784, 0.0843184, 0.0843662, 0.0844221, 0.0844875, 0.0845641, 0.0846537, 0.0847586, 0.0848816, 0.0850256, 0.0851945, 0.0853927, 0.0856254, 0.0858988, 0.0862205, 0.0865994, 0.0870462, 0.0875741, 0.088199, 0.0889403, 0.0898224, 0.0908753, 0.092137, 0.0922046, 0.0922082, 0.0922084, 0.0922084, 0.0922084, 0.0922084, 0.0922084, 0.0922084, 0.0922084, 0.0922084, 0.0922084, 0.0922084, 0.0922084, 0.0922084, 
0.0841204, 0.0841204, 0.0841214, 0.0841236, 0.0841272, 0.0841325, 0.0841396, 0.084149, 0.084161, 0.084176, 0.0841946, 0.0842174, 0.084245, 0.0842784, 0.0843184, 0.0843662, 0.0844221, 0.0844875, 0.0845641, 0.0846537, 0.0847586, 0.0848816, 0.0850256, 0.0851945, 0.0853927, 0.0856254, 0.0858988, 0.0862205, 0.0865994, 0.0870462, 0.0875741, 0.088199, 0.0889403, 0.0898224, 0.0908753, 0.092137, 0.0922046, 0.0922082, 0.0922084, 0.0922084, 0.0922084, 0.0922084, 0.0922084, 0.0922084, 0.0922084, 0.0922084, 0.0922084, 0.0922084, 0.0922084, 0.0922084, 
0.0841204, 0.0841204, 0.0841214, 0.0841236, 0.0841272, 0.0841325, 0.0841396, 0.084149, 0.084161, 0.084176, 0.0841946, 0.0842174, 0.084245, 0.0842784, 0.0843184, 0.0843662, 0.0844221, 0.0844875, 0.0845641, 0.0846537, 0.0847586, 0.0848816, 0.0850256, 0.0851945, 0.0853927, 0.0856254, 0.0858988, 0.0862205, 0.0865994, 0.0870462, 0.0875741, 0.088199, 0.0889403, 0.0898224, 0.0908753, 0.092137, 0.0922046, 0.0922082, 0.0922084, 0.0922084, 0.0922084, 0.0922084, 0.0922084, 0.0922084, 0.0922084, 0.0922084, 0.0922084, 0.0922084, 0.0922084, 0.0922084, 
0.0841204, 0.0841204, 0.0841214, 0.0841236, 0.0841272, 0.0841325, 0.0841396, 0.084149, 0.084161, 0.084176, 0.0841946, 0.0842174, 0.084245, 0.0842784, 0.0843184, 0.0843662, 0.0844221, 0.0844875, 0.0845641, 0.0846537, 0.0847586, 0.0848816, 0.0850256, 0.0851945, 0.0853927, 0.0856254, 0.0858988, 0.0862205, 0.0865994, 0.0870462, 0.0875741, 0.088199, 0.0889403, 0.0898224, 0.0908753, 0.092137, 0.0922046, 0.0922082, 0.0922084, 0.0922084, 0.0922084, 0.0922084, 0.0922084, 0.0922084, 0.0922084, 0.0922084, 0.0922084, 0.0922084, 0.0922084, 0.0922084, 
0.0841204, 0.0841204, 0.0841214, 0.0841236, 0.0841272, 0.0841325, 0.0841396, 0.084149, 0.084161, 0.084176, 0.0841946, 0.0842174, 0.084245, 0.0842784, 0.0843184, 0.0843662, 0.0844221, 0.0844875, 0.0845641, 0.0846537, 0.0847586, 0.0848816, 0.0850256, 0.0851945, 0.0853927, 0.0856254, 0.0858988, 0.0862205, 0.0865994, 0.0870462, 0.0875741, 0.088199, 0.0889403, 0.0898224, 0.0908753, 0.092137, 0.0922046, 0.0922082, 0.0922084, 0.0922084, 0.0922084, 0.0922084, 0.0922084, 0.0922084, 0.0922084, 0.0922084, 0.0922084, 0.0922084, 0.0922084, 0.0922084, 
0.0841204, 0.0841204, 0.0841214, 0.0841236, 0.0841272, 0.0841325, 0.0841396, 0.084149, 0.084161, 0.084176, 0.0841946, 0.0842174, 0.084245, 0.0842784, 0.0843184, 0.0843662, 0.0844221, 0.0844875, 0.0845641, 0.0846537, 0.0847586, 0.0848816, 0.0850256, 0.0851945, 0.0853927, 0.0856254, 0.0858988, 0.0862205, 0.0865994, 0.0870462, 0.0875741, 0.088199, 0.0889403, 0.0898224, 0.0908753, 0.092137, 0.0922046, 0.0922082, 0.0922084, 0.0922084, 0.0922084, 0.0922084, 0.0922084, 0.0922084, 0.0922084, 0.0922084, 0.0922084, 0.0922084, 0.0922084, 0.0922084, 
0.0841204, 0.0841204, 0.0841214, 0.0841236, 0.0841272, 0.0841325, 0.0841396, 0.084149, 0.084161, 0.084176, 0.0841946, 0.0842174, 0.084245, 0.0842784, 0.0843184, 0.0843662, 0.0844221, 0.0844875, 0.0845641, 0.0846537, 0.0847586, 0.0848816, 0.0850256, 0.0851945, 0.0853927, 0.0856254, 0.0858988, 0.0862205, 0.0865994, 0.0870462, 0.0875741, 0.088199, 0.0889403, 0.0898224, 0.0908753, 0.092137, 0.0922046, 0.0922082, 0.0922084, 0.0922084, 0.0922084, 0.0922084, 0.0922084, 0.0922084, 0.0922084, 0.0922084, 0.0922084, 0.0922084, 0.0922084, 0.0922084, 
0.0841204, 0.0841204, 0.0841214, 0.0841236, 0.0841272, 0.0841325, 0.0841396, 0.084149, 0.084161, 0.084176, 0.0841946, 0.0842174, 0.084245, 0.0842784, 0.0843184, 0.0843662, 0.0844221, 0.0844875, 0.0845641, 0.0846537, 0.0847586, 0.0848816, 0.0850256, 0.0851945, 0.0853927, 0.0856254, 0.0858988, 0.0862205, 0.0865994, 0.0870462, 0.0875741, 0.088199, 0.0889403, 0.0898224, 0.0908753, 0.092137, 0.0922046, 0.0922082, 0.0922084, 0.0922084, 0.0922084, 0.0922084, 0.0922084, 0.0922084, 0.0922084, 0.0922084, 0.0922084, 0.0922084, 0.0922084, 0.0922084, 
0.0841204, 0.0841204, 0.0841214, 0.0841236, 0.0841272, 0.0841325, 0.0841396, 0.084149, 0.084161, 0.084176, 0.0841946, 0.0842174, 0.084245, 0.0842784, 0.0843184, 0.0843662, 0.0844221, 0.0844875, 0.0845641, 0.0846537, 0.0847586, 0.0848816, 0.0850256, 0.0851945, 0.0853927, 0.0856254, 0.0858988, 0.0862205, 0.0865994, 0.0870462, 0.0875741, 0.088199, 0.0889403, 0.0898224, 0.0908753, 0.092137, 0.0922046, 0.0922082, 0.0922084, 0.0922084, 0.0922084, 0.0922084, 0.0922084, 0.0922084, 0.0922084, 0.0922084, 0.0922084, 0.0922084, 0.0922084, 0.0922084, 
0.0841204, 0.0841204, 0.0841214, 0.0841236, 0.0841272, 0.0841325, 0.0841396, 0.084149, 0.084161, 0.084176, 0.0841946, 0.0842174, 0.084245, 0.0842784, 0.0843184, 0.0843662, 0.0844221, 0.0844875, 0.0845641, 0.0846537, 0.0847586, 0.0848816, 0.0850256, 0.0851945, 0.0853927, 0.0856254, 0.0858988, 0.0862205, 0.0865994, 0.0870462, 0.0875741, 0.088199, 0.0889403, 0.0898224, 0.0908753, 0.092137, 0.0922046, 0.0922082, 0.0922084, 0.0922084, 0.0922084, 0.0922084, 0.0922084, 0.0922084, 0.0922084, 0.0922084, 0.0922084, 0.0922084, 0.0922084, 0.0922084, 
0.0841204, 0.0841204, 0.0841214, 0.0841236, 0.0841272, 0.0841325, 0.0841396, 0.084149, 0.084161, 0.084176, 0.0841946, 0.0842174, 0.084245, 0.0842784, 0.0843184, 0.0843662, 0.0844221, 0.0844875, 0.0845641, 0.0846537, 0.0847586, 0.0848816, 0.0850256, 0.0851945, 0.0853927, 0.0856254, 0.0858988, 0.0862205, 0.0865994, 0.0870462, 0.0875741, 0.088199, 0.0889403, 0.0898224, 0.0908753, 0.092137, 0.0922046, 0.0922082, 0.0922084, 0.0922084, 0.0922084, 0.0922084, 0.0922084, 0.0922084, 0.0922084, 0.0922084, 0.0922084, 0.0922084, 0.0922084, 0.0922084, 
0.0841204, 0.0841204, 0.0841214, 0.0841236, 0.0841272, 0.0841325, 0.0841396, 0.084149, 0.084161, 0.084176, 0.0841946, 0.0842174, 0.084245, 0.0842784, 0.0843184, 0.0843662, 0.0844221, 0.0844875, 0.0845641, 0.0846537, 0.0847586, 0.0848816, 0.0850256, 0.0851945, 0.0853927, 0.0856254, 0.0858988, 0.0862205, 0.0865994, 0.0870462, 0.0875741, 0.088199, 0.0889403, 0.0898224, 0.0908753, 0.092137, 0.0922046, 0.0922082, 0.0922084, 0.0922084, 0.0922084, 0.0922084, 0.0922084, 0.0922084, 0.0922084, 0.0922084, 0.0922084, 0.0922084, 0.0922084, 0.0922084, 
0.0841204, 0.0841204, 0.0841214, 0.0841236, 0.0841272, 0.0841325, 0.0841396, 0.084149, 0.084161, 0.084176, 0.0841946, 0.0842174, 0.084245, 0.0842784, 0.0843184, 0.0843662, 0.0844221, 0.0844875, 0.0845641, 0.0846537, 0.0847586, 0.0848816, 0.0850256, 0.0851945, 0.0853927, 0.0856254, 0.0858988, 0.0862205, 0.0865994, 0.0870462, 0.0875741, 0.088199, 0.0889403, 0.0898224, 0.0908753, 0.092137, 0.0922046, 0.0922082, 0.0922084, 0.0922084, 0.0922084, 0.0922084, 0.0922084, 0.0922084, 0.0922084, 0.0922084, 0.0922084, 0.0922084, 0.0922084, 0.0922084, 
0.0841204, 0.0841204, 0.0841214, 0.0841236, 0.0841272, 0.0841325, 0.0841396, 0.084149, 0.084161, 0.084176, 0.0841946, 0.0842174, 0.084245, 0.0842784, 0.0843184, 0.0843662, 0.0844221, 0.0844875, 0.0845641, 0.0846537, 0.0847586, 0.0848816, 0.0850256, 0.0851945, 0.0853927, 0.0856254, 0.0858988, 0.0862205, 0.0865994, 0.0870462, 0.0875741, 0.088199, 0.0889403, 0.0898224, 0.0908753, 0.092137, 0.0922046, 0.0922082, 0.0922084, 0.0922084, 0.0922084, 0.0922084, 0.0922084, 0.0922084, 0.0922084, 0.0922084, 0.0922084, 0.0922084, 0.0922084, 0.0922084, 
0.0841204, 0.0841204, 0.0841214, 0.0841236, 0.0841272, 0.0841325, 0.0841396, 0.084149, 0.084161, 0.084176, 0.0841946, 0.0842174, 0.084245, 0.0842784, 0.0843184, 0.0843662, 0.0844221, 0.0844875, 0.0845641, 0.0846537, 0.0847586, 0.0848816, 0.0850256, 0.0851945, 0.0853927, 0.0856254, 0.0858988, 0.0862205, 0.0865994, 0.0870462, 0.0875741, 0.088199, 0.0889403, 0.0898224, 0.0908753, 0.092137, 0.0922046, 0.0922082, 0.0922084, 0.0922084, 0.0922084, 0.0922084, 0.0922084, 0.0922084, 0.0922084, 0.0922084, 0.0922084, 0.0922084, 0.0922084, 0.0922084, 
0.0841204, 0.0841204, 0.0841214, 0.0841236, 0.0841272, 0.0841325, 0.0841396, 0.084149, 0.084161, 0.084176, 0.0841946, 0.0842174, 0.084245, 0.0842784, 0.0843184, 0.0843662, 0.0844221, 0.0844875, 0.0845641, 0.0846537, 0.0847586, 0.0848816, 0.0850256, 0.0851945, 0.0853927, 0.0856254, 0.0858988, 0.0862205, 0.0865994, 0.0870462, 0.0875741, 0.088199, 0.0889403, 0.0898224, 0.0908753, 0.092137, 0.0922046, 0.0922082, 0.0922084, 0.0922084, 0.0922084, 0.0922084, 0.0922084, 0.0922084, 0.0922084, 0.0922084, 0.0922084, 0.0922084, 0.0922084, 0.0922084, 
0.0841204, 0.0841204, 0.0841214, 0.0841236, 0.0841272, 0.0841325, 0.0841396, 0.084149, 0.084161, 0.084176, 0.0841946, 0.0842174, 0.084245, 0.0842784, 0.0843184, 0.0843662, 0.0844221, 0.0844875, 0.0845641, 0.0846537, 0.0847586, 0.0848816, 0.0850256, 0.0851945, 0.0853927, 0.0856254, 0.0858988, 0.0862205, 0.0865994, 0.0870462, 0.0875741, 0.088199, 0.0889403, 0.0898224, 0.0908753, 0.092137, 0.0922046, 0.0922082, 0.0922084, 0.0922084, 0.0922084, 0.0922084, 0.0922084, 0.0922084, 0.0922084, 0.0922084, 0.0922084, 0.0922084, 0.0922084, 0.0922084, 
0.0841204, 0.0841204, 0.0841214, 0.0841236, 0.0841272, 0.0841325, 0.0841396, 0.084149, 0.084161, 0.084176, 0.0841946, 0.0842174, 0.084245, 0.0842784, 0.0843184, 0.0843662, 0.0844221, 0.0844875, 0.0845641, 0.0846537, 0.0847586, 0.0848816, 0.0850256, 0.0851945, 0.0853927, 0.0856254, 0.0858988, 0.0862205, 0.0865994, 0.0870462, 0.0875741, 0.088199, 0.0889403, 0.0898224, 0.0908753, 0.092137, 0.0922046, 0.0922082, 0.0922084, 0.0922084, 0.0922084, 0.0922084, 0.0922084, 0.0922084, 0.0922084, 0.0922084, 0.0922084, 0.0922084, 0.0922084, 0.0922084, 
0.0841204, 0.0841204, 0.0841214, 0.0841236, 0.0841272, 0.0841325, 0.0841396, 0.084149, 0.084161, 0.084176, 0.0841946, 0.0842174, 0.084245, 0.0842784, 0.0843184, 0.0843662, 0.0844221, 0.0844875, 0.0845641, 0.0846537, 0.0847586, 0.0848816, 0.0850256, 0.0851945, 0.0853927, 0.0856254, 0.0858988, 0.0862205, 0.0865994, 0.0870462, 0.0875741, 0.088199, 0.0889403, 0.0898224, 0.0908753, 0.092137, 0.0922046, 0.0922082, 0.0922084, 0.0922084, 0.0922084, 0.0922084, 0.0922084, 0.0922084, 0.0922084, 0.0922084, 0.0922084, 0.0922084, 0.0922084, 0.0922084, 
0.0841204, 0.0841204, 0.0841214, 0.0841236, 0.0841272, 0.0841325, 0.0841396, 0.084149, 0.084161, 0.084176, 0.0841946, 0.0842174, 0.084245, 0.0842784, 0.0843184, 0.0843662, 0.0844221, 0.0844875, 0.0845641, 0.0846537, 0.0847586, 0.0848816, 0.0850256, 0.0851945, 0.0853927, 0.0856254, 0.0858988, 0.0862205, 0.0865994, 0.0870462, 0.0875741, 0.088199, 0.0889403, 0.0898224, 0.0908753, 0.092137, 0.0922046, 0.0922082, 0.0922084, 0.0922084, 0.0922084, 0.0922084, 0.0922084, 0.0922084, 0.0922084, 0.0922084, 0.0922084, 0.0922084, 0.0922084, 0.0922084, 
0.0841204, 0.0841204, 0.0841214, 0.0841236, 0.0841272, 0.0841325, 0.0841396, 0.084149, 0.084161, 0.084176, 0.0841946, 0.0842174, 0.084245, 0.0842784, 0.0843184, 0.0843662, 0.0844221, 0.0844875, 0.0845641, 0.0846537, 0.0847586, 0.0848816, 0.0850256, 0.0851945, 0.0853927, 0.0856254, 0.0858988, 0.0862205, 0.0865994, 0.0870462, 0.0875741, 0.088199, 0.0889403, 0.0898224, 0.0908753, 0.092137, 0.0922046, 0.0922082, 0.0922084, 0.0922084, 0.0922084, 0.0922084, 0.0922084, 0.0922084, 0.0922084, 0.0922084, 0.0922084, 0.0922084, 0.0922084, 0.0922084, 
0.0841204, 0.0841204, 0.0841214, 0.0841236, 0.0841272, 0.0841325, 0.0841396, 0.084149, 0.084161, 0.084176, 0.0841946, 0.0842174, 0.084245, 0.0842784, 0.0843184, 0.0843662, 0.0844221, 0.0844875, 0.0845641, 0.0846537, 0.0847586, 0.0848816, 0.0850256, 0.0851945, 0.0853927, 0.0856254, 0.0858988, 0.0862205, 0.0865994, 0.0870462, 0.0875741, 0.088199, 0.0889403, 0.0898224, 0.0908753, 0.092137, 0.0922046, 0.0922082, 0.0922084, 0.0922084, 0.0922084, 0.0922084, 0.0922084, 0.0922084, 0.0922084, 0.0922084, 0.0922084, 0.0922084, 0.0922084, 0.0922084, 
0.0841204, 0.0841204, 0.0841214, 0.0841236, 0.0841272, 0.0841325, 0.0841396, 0.084149, 0.084161, 0.084176, 0.0841946, 0.0842174, 0.084245, 0.0842784, 0.0843184, 0.0843662, 0.0844221, 0.0844875, 0.0845641, 0.0846537, 0.0847586, 0.0848816, 0.0850256, 0.0851945, 0.0853927, 0.0856254, 0.0858988, 0.0862205, 0.0865994, 0.0870462, 0.0875741, 0.088199, 0.0889403, 0.0898224, 0.0908753, 0.092137, 0.0922046, 0.0922082, 0.0922084, 0.0922084, 0.0922084, 0.0922084, 0.0922084, 0.0922084, 0.0922084, 0.0922084, 0.0922084, 0.0922084, 0.0922084, 0.0922084, 
0.0841204, 0.0841204, 0.0841214, 0.0841236, 0.0841272, 0.0841325, 0.0841396, 0.084149, 0.084161, 0.084176, 0.0841946, 0.0842174, 0.084245, 0.0842784, 0.0843184, 0.0843662, 0.0844221, 0.0844875, 0.0845641, 0.0846537, 0.0847586, 0.0848816, 0.0850256, 0.0851945, 0.0853927, 0.0856254, 0.0858988, 0.0862205, 0.0865994, 0.0870462, 0.0875741, 0.088199, 0.0889403, 0.0898224, 0.0908753, 0.092137, 0.0922046, 0.0922082, 0.0922084, 0.0922084, 0.0922084, 0.0922084, 0.0922084, 0.0922084, 0.0922084, 0.0922084, 0.0922084, 0.0922084, 0.0922084, 0.0922084, 
0.0841204, 0.0841204, 0.0841214, 0.0841236, 0.0841272, 0.0841325, 0.0841396, 0.084149, 0.084161, 0.084176, 0.0841946, 0.0842174, 0.084245, 0.0842784, 0.0843184, 0.0843662, 0.0844221, 0.0844875, 0.0845641, 0.0846537, 0.0847586, 0.0848816, 0.0850256, 0.0851945, 0.0853927, 0.0856254, 0.0858988, 0.0862205, 0.0865994, 0.0870462, 0.0875741, 0.088199, 0.0889403, 0.0898224, 0.0908753, 0.092137, 0.0922046, 0.0922082, 0.0922084, 0.0922084, 0.0922084, 0.0922084, 0.0922084, 0.0922084, 0.0922084, 0.0922084, 0.0922084, 0.0922084, 0.0922084, 0.0922084, 
0.0841204, 0.0841204, 0.0841214, 0.0841236, 0.0841272, 0.0841325, 0.0841396, 0.084149, 0.084161, 0.084176, 0.0841946, 0.0842174, 0.084245, 0.0842784, 0.0843184, 0.0843662, 0.0844221, 0.0844875, 0.0845641, 0.0846537, 0.0847586, 0.0848816, 0.0850256, 0.0851945, 0.0853927, 0.0856254, 0.0858988, 0.0862205, 0.0865994, 0.0870462, 0.0875741, 0.088199, 0.0889403, 0.0898224, 0.0908753, 0.092137, 0.0922046, 0.0922082, 0.0922084, 0.0922084, 0.0922084, 0.0922084, 0.0922084, 0.0922084, 0.0922084, 0.0922084, 0.0922084, 0.0922084, 0.0922084, 0.0922084, 
0.0841204, 0.0841204, 0.0841214, 0.0841236, 0.0841272, 0.0841325, 0.0841396, 0.084149, 0.084161, 0.084176, 0.0841946, 0.0842174, 0.084245, 0.0842784, 0.0843184, 0.0843662, 0.0844221, 0.0844875, 0.0845641, 0.0846537, 0.0847586, 0.0848816, 0.0850256, 0.0851945, 0.0853927, 0.0856254, 0.0858988, 0.0862205, 0.0865994, 0.0870462, 0.0875741, 0.088199, 0.0889403, 0.0898224, 0.0908753, 0.092137, 0.0922046, 0.0922082, 0.0922084, 0.0922084, 0.0922084, 0.0922084, 0.0922084, 0.0922084, 0.0922084, 0.0922084, 0.0922084, 0.0922084, 0.0922084, 0.0922084, 
0.0841204, 0.0841204, 0.0841214, 0.0841236, 0.0841272, 0.0841325, 0.0841396, 0.084149, 0.084161, 0.084176, 0.0841946, 0.0842174, 0.084245, 0.0842784, 0.0843184, 0.0843662, 0.0844221, 0.0844875, 0.0845641, 0.0846537, 0.0847586, 0.0848816, 0.0850256, 0.0851945, 0.0853927, 0.0856254, 0.0858988, 0.0862205, 0.0865994, 0.0870462, 0.0875741, 0.088199, 0.0889403, 0.0898224, 0.0908753, 0.092137, 0.0922046, 0.0922082, 0.0922084, 0.0922084, 0.0922084, 0.0922084, 0.0922084, 0.0922084, 0.0922084, 0.0922084, 0.0922084, 0.0922084, 0.0922084, 0.0922084, 
0.0841204, 0.0841204, 0.0841214, 0.0841236, 0.0841272, 0.0841325, 0.0841396, 0.084149, 0.084161, 0.084176, 0.0841946, 0.0842174, 0.084245, 0.0842784, 0.0843184, 0.0843662, 0.0844221, 0.0844875, 0.0845641, 0.0846537, 0.0847586, 0.0848816, 0.0850256, 0.0851945, 0.0853927, 0.0856254, 0.0858988, 0.0862205, 0.0865994, 0.0870462, 0.0875741, 0.088199, 0.0889403, 0.0898224, 0.0908753, 0.092137, 0.0922046, 0.0922082, 0.0922084, 0.0922084, 0.0922084, 0.0922084, 0.0922084, 0.0922084, 0.0922084, 0.0922084, 0.0922084, 0.0922084, 0.0922084, 0.0922084, 
0.0841204, 0.0841204, 0.0841214, 0.0841236, 0.0841272, 0.0841325, 0.0841396, 0.084149, 0.084161, 0.084176, 0.0841946, 0.0842174, 0.084245, 0.0842784, 0.0843184, 0.0843662, 0.0844221, 0.0844875, 0.0845641, 0.0846537, 0.0847586, 0.0848816, 0.0850256, 0.0851945, 0.0853927, 0.0856254, 0.0858988, 0.0862205, 0.0865994, 0.0870462, 0.0875741, 0.088199, 0.0889403, 0.0898224, 0.0908753, 0.092137, 0.0922046, 0.0922082, 0.0922084, 0.0922084, 0.0922084, 0.0922084, 0.0922084, 0.0922084, 0.0922084, 0.0922084, 0.0922084, 0.0922084, 0.0922084, 0.0922084, 
0.0841204, 0.0841204, 0.0841214, 0.0841236, 0.0841272, 0.0841325, 0.0841396, 0.084149, 0.084161, 0.084176, 0.0841946, 0.0842174, 0.084245, 0.0842784, 0.0843184, 0.0843662, 0.0844221, 0.0844875, 0.0845641, 0.0846537, 0.0847586, 0.0848816, 0.0850256, 0.0851945, 0.0853927, 0.0856254, 0.0858988, 0.0862205, 0.0865994, 0.0870462, 0.0875741, 0.088199, 0.0889403, 0.0898224, 0.0908753, 0.092137, 0.0922046, 0.0922082, 0.0922084, 0.0922084, 0.0922084, 0.0922084, 0.0922084, 0.0922084, 0.0922084, 0.0922084, 0.0922084, 0.0922084, 0.0922084, 0.0922084, 
0.0841204, 0.0841204, 0.0841214, 0.0841236, 0.0841272, 0.0841325, 0.0841396, 0.084149, 0.084161, 0.084176, 0.0841946, 0.0842174, 0.084245, 0.0842784, 0.0843184, 0.0843662, 0.0844221, 0.0844875, 0.0845641, 0.0846537, 0.0847586, 0.0848816, 0.0850256, 0.0851945, 0.0853927, 0.0856254, 0.0858988, 0.0862205, 0.0865994, 0.0870462, 0.0875741, 0.088199, 0.0889403, 0.0898224, 0.0908753, 0.092137, 0.0922046, 0.0922082, 0.0922084, 0.0922084, 0.0922084, 0.0922084, 0.0922084, 0.0922084, 0.0922084, 0.0922084, 0.0922084, 0.0922084, 0.0922084, 0.0922084, 
0.0841204, 0.0841204, 0.0841214, 0.0841236, 0.0841272, 0.0841325, 0.0841396, 0.084149, 0.084161, 0.084176, 0.0841946, 0.0842174, 0.084245, 0.0842784, 0.0843184, 0.0843662, 0.0844221, 0.0844875, 0.0845641, 0.0846537, 0.0847586, 0.0848816, 0.0850256, 0.0851945, 0.0853927, 0.0856254, 0.0858988, 0.0862205, 0.0865994, 0.0870462, 0.0875741, 0.088199, 0.0889403, 0.0898224, 0.0908753, 0.092137, 0.0922046, 0.0922082, 0.0922084, 0.0922084, 0.0922084, 0.0922084, 0.0922084, 0.0922084, 0.0922084, 0.0922084, 0.0922084, 0.0922084, 0.0922084, 0.0922084, 
0.0841204, 0.0841204, 0.0841214, 0.0841236, 0.0841272, 0.0841325, 0.0841396, 0.084149, 0.084161, 0.084176, 0.0841946, 0.0842174, 0.084245, 0.0842784, 0.0843184, 0.0843662, 0.0844221, 0.0844875, 0.0845641, 0.0846537, 0.0847586, 0.0848816, 0.0850256, 0.0851945, 0.0853927, 0.0856254, 0.0858988, 0.0862205, 0.0865994, 0.0870462, 0.0875741, 0.088199, 0.0889403, 0.0898224, 0.0908753, 0.092137, 0.0922046, 0.0922082, 0.0922084, 0.0922084, 0.0922084, 0.0922084, 0.0922084, 0.0922084, 0.0922084, 0.0922084, 0.0922084, 0.0922084, 0.0922084, 0.0922084, 
0.0841204, 0.0841204, 0.0841214, 0.0841236, 0.0841272, 0.0841325, 0.0841396, 0.084149, 0.084161, 0.084176, 0.0841946, 0.0842174, 0.084245, 0.0842784, 0.0843184, 0.0843662, 0.0844221, 0.0844875, 0.0845641, 0.0846537, 0.0847586, 0.0848816, 0.0850256, 0.0851945, 0.0853927, 0.0856254, 0.0858988, 0.0862205, 0.0865994, 0.0870462, 0.0875741, 0.088199, 0.0889403, 0.0898224, 0.0908753, 0.092137, 0.0922046, 0.0922082, 0.0922084, 0.0922084, 0.0922084, 0.0922084, 0.0922084, 0.0922084, 0.0922084, 0.0922084, 0.0922084, 0.0922084, 0.0922084, 0.0922084, 
0.0841204, 0.0841204, 0.0841214, 0.0841236, 0.0841272, 0.0841325, 0.0841396, 0.084149, 0.084161, 0.084176, 0.0841946, 0.0842174, 0.084245, 0.0842784, 0.0843184, 0.0843662, 0.0844221, 0.0844875, 0.0845641, 0.0846537, 0.0847586, 0.0848816, 0.0850256, 0.0851945, 0.0853927, 0.0856254, 0.0858988, 0.0862205, 0.0865994, 0.0870462, 0.0875741, 0.088199, 0.0889403, 0.0898224, 0.0908753, 0.092137, 0.0922046, 0.0922082, 0.0922084, 0.0922084, 0.0922084, 0.0922084, 0.0922084, 0.0922084, 0.0922084, 0.0922084, 0.0922084, 0.0922084, 0.0922084, 0.0922084, 
0.0841204, 0.0841204, 0.0841214, 0.0841236, 0.0841272, 0.0841325, 0.0841396, 0.084149, 0.084161, 0.084176, 0.0841946, 0.0842174, 0.084245, 0.0842784, 0.0843184, 0.0843662, 0.0844221, 0.0844875, 0.0845641, 0.0846537, 0.0847586, 0.0848816, 0.0850256, 0.0851945, 0.0853927, 0.0856254, 0.0858988, 0.0862205, 0.0865994, 0.0870462, 0.0875741, 0.088199, 0.0889403, 0.0898224, 0.0908753, 0.092137, 0.0922046, 0.0922082, 0.0922084, 0.0922084, 0.0922084, 0.0922084, 0.0922084, 0.0922084, 0.0922084, 0.0922084, 0.0922084, 0.0922084, 0.0922084, 0.0922084, 
0.0841204, 0.0841204, 0.0841214, 0.0841236, 0.0841272, 0.0841325, 0.0841396, 0.084149, 0.084161, 0.084176, 0.0841946, 0.0842174, 0.084245, 0.0842784, 0.0843184, 0.0843662, 0.0844221, 0.0844875, 0.0845641, 0.0846537, 0.0847586, 0.0848816, 0.0850256, 0.0851945, 0.0853927, 0.0856254, 0.0858988, 0.0862205, 0.0865994, 0.0870462, 0.0875741, 0.088199, 0.0889403, 0.0898224, 0.0908753, 0.092137, 0.0922046, 0.0922082, 0.0922084, 0.0922084, 0.0922084, 0.0922084, 0.0922084, 0.0922084, 0.0922084, 0.0922084, 0.0922084, 0.0922084, 0.0922084, 0.0922084, 
0.0841204, 0.0841204, 0.0841214, 0.0841236, 0.0841272, 0.0841325, 0.0841396, 0.084149, 0.084161, 0.084176, 0.0841946, 0.0842174, 0.084245, 0.0842784, 0.0843184, 0.0843662, 0.0844221, 0.0844875, 0.0845641, 0.0846537, 0.0847586, 0.0848816, 0.0850256, 0.0851945, 0.0853927, 0.0856254, 0.0858988, 0.0862205, 0.0865994, 0.0870462, 0.0875741, 0.088199, 0.0889403, 0.0898224, 0.0908753, 0.092137, 0.0922046, 0.0922082, 0.0922084, 0.0922084, 0.0922084, 0.0922084, 0.0922084, 0.0922084, 0.0922084, 0.0922084, 0.0922084, 0.0922084, 0.0922084, 0.0922084, 
0.0841204, 0.0841204, 0.0841214, 0.0841236, 0.0841272, 0.0841325, 0.0841396, 0.084149, 0.084161, 0.084176, 0.0841946, 0.0842174, 0.084245, 0.0842784, 0.0843184, 0.0843662, 0.0844221, 0.0844875, 0.0845641, 0.0846537, 0.0847586, 0.0848816, 0.0850256, 0.0851945, 0.0853927, 0.0856254, 0.0858988, 0.0862205, 0.0865994, 0.0870462, 0.0875741, 0.088199, 0.0889403, 0.0898224, 0.0908753, 0.092137, 0.0922046, 0.0922082, 0.0922084, 0.0922084, 0.0922084, 0.0922084, 0.0922084, 0.0922084, 0.0922084, 0.0922084, 0.0922084, 0.0922084, 0.0922084, 0.0922084, 
0.0841204, 0.0841204, 0.0841214, 0.0841236, 0.0841272, 0.0841325, 0.0841396, 0.084149, 0.084161, 0.084176, 0.0841946, 0.0842174, 0.084245, 0.0842784, 0.0843184, 0.0843662, 0.0844221, 0.0844875, 0.0845641, 0.0846537, 0.0847586, 0.0848816, 0.0850256, 0.0851945, 0.0853927, 0.0856254, 0.0858988, 0.0862205, 0.0865994, 0.0870462, 0.0875741, 0.088199, 0.0889403, 0.0898224, 0.0908753, 0.092137, 0.0922046, 0.0922082, 0.0922084, 0.0922084, 0.0922084, 0.0922084, 0.0922084, 0.0922084, 0.0922084, 0.0922084, 0.0922084, 0.0922084, 0.0922084, 0.0922084, 
0.0841204, 0.0841204, 0.0841214, 0.0841236, 0.0841272, 0.0841325, 0.0841396, 0.084149, 0.084161, 0.084176, 0.0841946, 0.0842174, 0.084245, 0.0842784, 0.0843184, 0.0843662, 0.0844221, 0.0844875, 0.0845641, 0.0846537, 0.0847586, 0.0848816, 0.0850256, 0.0851945, 0.0853927, 0.0856254, 0.0858988, 0.0862205, 0.0865994, 0.0870462, 0.0875741, 0.088199, 0.0889403, 0.0898224, 0.0908753, 0.092137, 0.0922046, 0.0922082, 0.0922084, 0.0922084, 0.0922084, 0.0922084, 0.0922084, 0.0922084, 0.0922084, 0.0922084, 0.0922084, 0.0922084, 0.0922084, 0.0922084, 
0.0841204, 0.0841204, 0.0841214, 0.0841236, 0.0841272, 0.0841325, 0.0841396, 0.084149, 0.084161, 0.084176, 0.0841946, 0.0842174, 0.084245, 0.0842784, 0.0843184, 0.0843662, 0.0844221, 0.0844875, 0.0845641, 0.0846537, 0.0847586, 0.0848816, 0.0850256, 0.0851945, 0.0853927, 0.0856254, 0.0858988, 0.0862205, 0.0865994, 0.0870462, 0.0875741, 0.088199, 0.0889403, 0.0898224, 0.0908753, 0.092137, 0.0922046, 0.0922082, 0.0922084, 0.0922084, 0.0922084, 0.0922084, 0.0922084, 0.0922084, 0.0922084, 0.0922084, 0.0922084, 0.0922084, 0.0922084, 0.0922084, 
0.0841204, 0.0841204, 0.0841214, 0.0841236, 0.0841272, 0.0841325, 0.0841396, 0.084149, 0.084161, 0.084176, 0.0841946, 0.0842174, 0.084245, 0.0842784, 0.0843184, 0.0843662, 0.0844221, 0.0844875, 0.0845641, 0.0846537, 0.0847586, 0.0848816, 0.0850256, 0.0851945, 0.0853927, 0.0856254, 0.0858988, 0.0862205, 0.0865994, 0.0870462, 0.0875741, 0.088199, 0.0889403, 0.0898224, 0.0908753, 0.092137, 0.0922046, 0.0922082, 0.0922084, 0.0922084, 0.0922084, 0.0922084, 0.0922084, 0.0922084, 0.0922084, 0.0922084, 0.0922084, 0.0922084, 0.0922084, 0.0922084, 
0.0841204, 0.0841204, 0.0841214, 0.0841236, 0.0841272, 0.0841325, 0.0841396, 0.084149, 0.084161, 0.084176, 0.0841946, 0.0842174, 0.084245, 0.0842784, 0.0843184, 0.0843662, 0.0844221, 0.0844875, 0.0845641, 0.0846537, 0.0847586, 0.0848816, 0.0850256, 0.0851945, 0.0853927, 0.0856254, 0.0858988, 0.0862205, 0.0865994, 0.0870462, 0.0875741, 0.088199, 0.0889403, 0.0898224, 0.0908753, 0.092137, 0.0922046, 0.0922082, 0.0922084, 0.0922084, 0.0922084, 0.0922084, 0.0922084, 0.0922084, 0.0922084, 0.0922084, 0.0922084, 0.0922084, 0.0922084, 0.0922084, 
0.0841204, 0.0841204, 0.0841214, 0.0841236, 0.0841272, 0.0841325, 0.0841396, 0.084149, 0.084161, 0.084176, 0.0841946, 0.0842174, 0.084245, 0.0842784, 0.0843184, 0.0843662, 0.0844221, 0.0844875, 0.0845641, 0.0846537, 0.0847586, 0.0848816, 0.0850256, 0.0851945, 0.0853927, 0.0856254, 0.0858988, 0.0862205, 0.0865994, 0.0870462, 0.0875741, 0.088199, 0.0889403, 0.0898224, 0.0908753, 0.092137, 0.0922046, 0.0922082, 0.0922084, 0.0922084, 0.0922084, 0.0922084, 0.0922084, 0.0922084, 0.0922084, 0.0922084, 0.0922084, 0.0922084, 0.0922084, 0.0922084, 
0.0841204, 0.0841204, 0.0841214, 0.0841236, 0.0841272, 0.0841325, 0.0841396, 0.084149, 0.084161, 0.084176, 0.0841946, 0.0842174, 0.084245, 0.0842784, 0.0843184, 0.0843662, 0.0844221, 0.0844875, 0.0845641, 0.0846537, 0.0847586, 0.0848816, 0.0850256, 0.0851945, 0.0853927, 0.0856254, 0.0858988, 0.0862205, 0.0865994, 0.0870462, 0.0875741, 0.088199, 0.0889403, 0.0898224, 0.0908753, 0.092137, 0.0922046, 0.0922082, 0.0922084, 0.0922084, 0.0922084, 0.0922084, 0.0922084, 0.0922084, 0.0922084, 0.0922084, 0.0922084, 0.0922084, 0.0922084, 0.0922084, 
0.0841204, 0.0841204, 0.0841214, 0.0841236, 0.0841272, 0.0841325, 0.0841396, 0.084149, 0.084161, 0.084176, 0.0841946, 0.0842174, 0.084245, 0.0842784, 0.0843184, 0.0843662, 0.0844221, 0.0844875, 0.0845641, 0.0846537, 0.0847586, 0.0848816, 0.0850256, 0.0851945, 0.0853927, 0.0856254, 0.0858988, 0.0862205, 0.0865994, 0.0870462, 0.0875741, 0.088199, 0.0889403, 0.0898224, 0.0908753, 0.092137, 0.0922046, 0.0922082, 0.0922084, 0.0922084, 0.0922084, 0.0922084, 0.0922084, 0.0922084, 0.0922084, 0.0922084, 0.0922084, 0.0922084, 0.0922084, 0.0922084, 
0.0841204, 0.0841204, 0.0841214, 0.0841236, 0.0841272, 0.0841325, 0.0841396, 0.084149, 0.084161, 0.084176, 0.0841946, 0.0842174, 0.084245, 0.0842784, 0.0843184, 0.0843662, 0.0844221, 0.0844875, 0.0845641, 0.0846537, 0.0847586, 0.0848816, 0.0850256, 0.0851945, 0.0853927, 0.0856254, 0.0858988, 0.0862205, 0.0865994, 0.0870462, 0.0875741, 0.088199, 0.0889403, 0.0898224, 0.0908753, 0.092137, 0.0922046, 0.0922082, 0.0922084, 0.0922084, 0.0922084, 0.0922084, 0.0922084, 0.0922084, 0.0922084, 0.0922084, 0.0922084, 0.0922084, 0.0922084, 0.0922084, 
0.0841204, 0.0841204, 0.0841214, 0.0841236, 0.0841272, 0.0841325, 0.0841396, 0.084149, 0.084161, 0.084176, 0.0841946, 0.0842174, 0.084245, 0.0842784, 0.0843184, 0.0843662, 0.0844221, 0.0844875, 0.0845641, 0.0846537, 0.0847586, 0.0848816, 0.0850256, 0.0851945, 0.0853927, 0.0856254, 0.0858988, 0.0862205, 0.0865994, 0.0870462, 0.0875741, 0.088199, 0.0889403, 0.0898224, 0.0908753, 0.092137, 0.0922046, 0.0922082, 0.0922084, 0.0922084, 0.0922084, 0.0922084, 0.0922084, 0.0922084, 0.0922084, 0.0922084, 0.0922084, 0.0922084, 0.0922084, 0.0922084, 
0.0841204, 0.0841204, 0.0841214, 0.0841236, 0.0841272, 0.0841325, 0.0841396, 0.084149, 0.084161, 0.084176, 0.0841946, 0.0842174, 0.084245, 0.0842784, 0.0843184, 0.0843662, 0.0844221, 0.0844875, 0.0845641, 0.0846537, 0.0847586, 0.0848816, 0.0850256, 0.0851945, 0.0853927, 0.0856254, 0.0858988, 0.0862205, 0.0865994, 0.0870462, 0.0875741, 0.088199, 0.0889403, 0.0898224, 0.0908753, 0.092137, 0.0922046, 0.0922082, 0.0922084, 0.0922084, 0.0922084, 0.0922084, 0.0922084, 0.0922084, 0.0922084, 0.0922084, 0.0922084, 0.0922084, 0.0922084, 0.0922084, 
0.0841204, 0.0841204, 0.0841214, 0.0841236, 0.0841272, 0.0841325, 0.0841396, 0.084149, 0.084161, 0.084176, 0.0841946, 0.0842174, 0.084245, 0.0842784, 0.0843184, 0.0843662, 0.0844221, 0.0844875, 0.0845641, 0.0846537, 0.0847586, 0.0848816, 0.0850256, 0.0851945, 0.0853927, 0.0856254, 0.0858988, 0.0862205, 0.0865994, 0.0870462, 0.0875741, 0.088199, 0.0889403, 0.0898224, 0.0908753, 0.092137, 0.0922046, 0.0922082, 0.0922084, 0.0922084, 0.0922084, 0.0922084, 0.0922084, 0.0922084, 0.0922084, 0.0922084, 0.0922084, 0.0922084, 0.0922084, 0.0922084, 
0.0841204, 0.0841204, 0.0841214, 0.0841236, 0.0841272, 0.0841325, 0.0841396, 0.084149, 0.084161, 0.084176, 0.0841946, 0.0842174, 0.084245, 0.0842784, 0.0843184, 0.0843662, 0.0844221, 0.0844875, 0.0845641, 0.0846537, 0.0847586, 0.0848816, 0.0850256, 0.0851945, 0.0853927, 0.0856254, 0.0858988, 0.0862205, 0.0865994, 0.0870462, 0.0875741, 0.088199, 0.0889403, 0.0898224, 0.0908753, 0.092137, 0.0922046, 0.0922082, 0.0922084, 0.0922084, 0.0922084, 0.0922084, 0.0922084, 0.0922084, 0.0922084, 0.0922084, 0.0922084, 0.0922084, 0.0922084, 0.0922084, 
0.0841204, 0.0841204, 0.0841214, 0.0841236, 0.0841272, 0.0841325, 0.0841396, 0.084149, 0.084161, 0.084176, 0.0841946, 0.0842174, 0.084245, 0.0842784, 0.0843184, 0.0843662, 0.0844221, 0.0844875, 0.0845641, 0.0846537, 0.0847586, 0.0848816, 0.0850256, 0.0851945, 0.0853927, 0.0856254, 0.0858988, 0.0862205, 0.0865994, 0.0870462, 0.0875741, 0.088199, 0.0889403, 0.0898224, 0.0908753, 0.092137, 0.0922046, 0.0922082, 0.0922084, 0.0922084, 0.0922084, 0.0922084, 0.0922084, 0.0922084, 0.0922084, 0.0922084, 0.0922084, 0.0922084, 0.0922084, 0.0922084, 
0.0841204, 0.0841204, 0.0841214, 0.0841236, 0.0841272, 0.0841325, 0.0841396, 0.084149, 0.084161, 0.084176, 0.0841946, 0.0842174, 0.084245, 0.0842784, 0.0843184, 0.0843662, 0.0844221, 0.0844875, 0.0845641, 0.0846537, 0.0847586, 0.0848816, 0.0850256, 0.0851945, 0.0853927, 0.0856254, 0.0858988, 0.0862205, 0.0865994, 0.0870462, 0.0875741, 0.088199, 0.0889403, 0.0898224, 0.0908753, 0.092137, 0.0922046, 0.0922082, 0.0922084, 0.0922084, 0.0922084, 0.0922084, 0.0922084, 0.0922084, 0.0922084, 0.0922084, 0.0922084, 0.0922084, 0.0922084, 0.0922084, 
0.0841204, 0.0841204, 0.0841214, 0.0841236, 0.0841272, 0.0841325, 0.0841396, 0.084149, 0.084161, 0.084176, 0.0841946, 0.0842174, 0.084245, 0.0842784, 0.0843184, 0.0843662, 0.0844221, 0.0844875, 0.0845641, 0.0846537, 0.0847586, 0.0848816, 0.0850256, 0.0851945, 0.0853927, 0.0856254, 0.0858988, 0.0862205, 0.0865994, 0.0870462, 0.0875741, 0.088199, 0.0889403, 0.0898224, 0.0908753, 0.092137, 0.0922046, 0.0922082, 0.0922084, 0.0922084, 0.0922084, 0.0922084, 0.0922084, 0.0922084, 0.0922084, 0.0922084, 0.0922084, 0.0922084, 0.0922084, 0.0922084, 
0.0841204, 0.0841204, 0.0841214, 0.0841236, 0.0841272, 0.0841325, 0.0841396, 0.084149, 0.084161, 0.084176, 0.0841946, 0.0842174, 0.084245, 0.0842784, 0.0843184, 0.0843662, 0.0844221, 0.0844875, 0.0845641, 0.0846537, 0.0847586, 0.0848816, 0.0850256, 0.0851945, 0.0853927, 0.0856254, 0.0858988, 0.0862205, 0.0865994, 0.0870462, 0.0875741, 0.088199, 0.0889403, 0.0898224, 0.0908753, 0.092137, 0.0922046, 0.0922082, 0.0922084, 0.0922084, 0.0922084, 0.0922084, 0.0922084, 0.0922084, 0.0922084, 0.0922084, 0.0922084, 0.0922084, 0.0922084, 0.0922084, 
0.0841204, 0.0841204, 0.0841214, 0.0841236, 0.0841272, 0.0841325, 0.0841396, 0.084149, 0.084161, 0.084176, 0.0841946, 0.0842174, 0.084245, 0.0842784, 0.0843184, 0.0843662, 0.0844221, 0.0844875, 0.0845641, 0.0846537, 0.0847586, 0.0848816, 0.0850256, 0.0851945, 0.0853927, 0.0856254, 0.0858988, 0.0862205, 0.0865994, 0.0870462, 0.0875741, 0.088199, 0.0889403, 0.0898224, 0.0908753, 0.092137, 0.0922046, 0.0922082, 0.0922084, 0.0922084, 0.0922084, 0.0922084, 0.0922084, 0.0922084, 0.0922084, 0.0922084, 0.0922084, 0.0922084, 0.0922084, 0.0922084, 
0.0841204, 0.0841204, 0.0841214, 0.0841236, 0.0841272, 0.0841325, 0.0841396, 0.084149, 0.084161, 0.084176, 0.0841946, 0.0842174, 0.084245, 0.0842784, 0.0843184, 0.0843662, 0.0844221, 0.0844875, 0.0845641, 0.0846537, 0.0847586, 0.0848816, 0.0850256, 0.0851945, 0.0853927, 0.0856254, 0.0858988, 0.0862205, 0.0865994, 0.0870462, 0.0875741, 0.088199, 0.0889403, 0.0898224, 0.0908753, 0.092137, 0.0922046, 0.0922082, 0.0922084, 0.0922084, 0.0922084, 0.0922084, 0.0922084, 0.0922084, 0.0922084, 0.0922084, 0.0922084, 0.0922084, 0.0922084, 0.0922084, 
0.0841204, 0.0841204, 0.0841214, 0.0841236, 0.0841272, 0.0841325, 0.0841396, 0.084149, 0.084161, 0.084176, 0.0841946, 0.0842174, 0.084245, 0.0842784, 0.0843184, 0.0843662, 0.0844221, 0.0844875, 0.0845641, 0.0846537, 0.0847586, 0.0848816, 0.0850256, 0.0851945, 0.0853927, 0.0856254, 0.0858988, 0.0862205, 0.0865994, 0.0870462, 0.0875741, 0.088199, 0.0889403, 0.0898224, 0.0908753, 0.092137, 0.0922046, 0.0922082, 0.0922084, 0.0922084, 0.0922084, 0.0922084, 0.0922084, 0.0922084, 0.0922084, 0.0922084, 0.0922084, 0.0922084, 0.0922084, 0.0922084, 
0.0841204, 0.0841204, 0.0841214, 0.0841236, 0.0841272, 0.0841325, 0.0841396, 0.084149, 0.084161, 0.084176, 0.0841946, 0.0842174, 0.084245, 0.0842784, 0.0843184, 0.0843662, 0.0844221, 0.0844875, 0.0845641, 0.0846537, 0.0847586, 0.0848816, 0.0850256, 0.0851945, 0.0853927, 0.0856254, 0.0858988, 0.0862205, 0.0865994, 0.0870462, 0.0875741, 0.088199, 0.0889403, 0.0898224, 0.0908753, 0.092137, 0.0922046, 0.0922082, 0.0922084, 0.0922084, 0.0922084, 0.0922084, 0.0922084, 0.0922084, 0.0922084, 0.0922084, 0.0922084, 0.0922084, 0.0922084, 0.0922084, 
0.0841204, 0.0841204, 0.0841214, 0.0841236, 0.0841272, 0.0841325, 0.0841396, 0.084149, 0.084161, 0.084176, 0.0841946, 0.0842174, 0.084245, 0.0842784, 0.0843184, 0.0843662, 0.0844221, 0.0844875, 0.0845641, 0.0846537, 0.0847586, 0.0848816, 0.0850256, 0.0851945, 0.0853927, 0.0856254, 0.0858988, 0.0862205, 0.0865994, 0.0870462, 0.0875741, 0.088199, 0.0889403, 0.0898224, 0.0908753, 0.092137, 0.0922046, 0.0922082, 0.0922084, 0.0922084, 0.0922084, 0.0922084, 0.0922084, 0.0922084, 0.0922084, 0.0922084, 0.0922084, 0.0922084, 0.0922084, 0.0922084, 
0.0841204, 0.0841204, 0.0841214, 0.0841236, 0.0841272, 0.0841325, 0.0841396, 0.084149, 0.084161, 0.084176, 0.0841946, 0.0842174, 0.084245, 0.0842784, 0.0843184, 0.0843662, 0.0844221, 0.0844875, 0.0845641, 0.0846537, 0.0847586, 0.0848816, 0.0850256, 0.0851945, 0.0853927, 0.0856254, 0.0858988, 0.0862205, 0.0865994, 0.0870462, 0.0875741, 0.088199, 0.0889403, 0.0898224, 0.0908753, 0.092137, 0.0922046, 0.0922082, 0.0922084, 0.0922084, 0.0922084, 0.0922084, 0.0922084, 0.0922084, 0.0922084, 0.0922084, 0.0922084, 0.0922084, 0.0922084, 0.0922084, 
0.0841204, 0.0841204, 0.0841214, 0.0841236, 0.0841272, 0.0841325, 0.0841396, 0.084149, 0.084161, 0.084176, 0.0841946, 0.0842174, 0.084245, 0.0842784, 0.0843184, 0.0843662, 0.0844221, 0.0844875, 0.0845641, 0.0846537, 0.0847586, 0.0848816, 0.0850256, 0.0851945, 0.0853927, 0.0856254, 0.0858988, 0.0862205, 0.0865994, 0.0870462, 0.0875741, 0.088199, 0.0889403, 0.0898224, 0.0908753, 0.092137, 0.0922046, 0.0922082, 0.0922084, 0.0922084, 0.0922084, 0.0922084, 0.0922084, 0.0922084, 0.0922084, 0.0922084, 0.0922084, 0.0922084, 0.0922084, 0.0922084, 
0.0841204, 0.0841204, 0.0841214, 0.0841236, 0.0841272, 0.0841325, 0.0841396, 0.084149, 0.084161, 0.084176, 0.0841946, 0.0842174, 0.084245, 0.0842784, 0.0843184, 0.0843662, 0.0844221, 0.0844875, 0.0845641, 0.0846537, 0.0847586, 0.0848816, 0.0850256, 0.0851945, 0.0853927, 0.0856254, 0.0858988, 0.0862205, 0.0865994, 0.0870462, 0.0875741, 0.088199, 0.0889403, 0.0898224, 0.0908753, 0.092137, 0.0922046, 0.0922082, 0.0922084, 0.0922084, 0.0922084, 0.0922084, 0.0922084, 0.0922084, 0.0922084, 0.0922084, 0.0922084, 0.0922084, 0.0922084, 0.0922084, 
0.0841204, 0.0841204, 0.0841214, 0.0841236, 0.0841272, 0.0841325, 0.0841396, 0.084149, 0.084161, 0.084176, 0.0841946, 0.0842174, 0.084245, 0.0842784, 0.0843184, 0.0843662, 0.0844221, 0.0844875, 0.0845641, 0.0846537, 0.0847586, 0.0848816, 0.0850256, 0.0851945, 0.0853927, 0.0856254, 0.0858988, 0.0862205, 0.0865994, 0.0870462, 0.0875741, 0.088199, 0.0889403, 0.0898224, 0.0908753, 0.092137, 0.0922046, 0.0922082, 0.0922084, 0.0922084, 0.0922084, 0.0922084, 0.0922084, 0.0922084, 0.0922084, 0.0922084, 0.0922084, 0.0922084, 0.0922084, 0.0922084, 
0.0841204, 0.0841204, 0.0841214, 0.0841236, 0.0841272, 0.0841325, 0.0841396, 0.084149, 0.084161, 0.084176, 0.0841946, 0.0842174, 0.084245, 0.0842784, 0.0843184, 0.0843662, 0.0844221, 0.0844875, 0.0845641, 0.0846537, 0.0847586, 0.0848816, 0.0850256, 0.0851945, 0.0853927, 0.0856254, 0.0858988, 0.0862205, 0.0865994, 0.0870462, 0.0875741, 0.088199, 0.0889403, 0.0898224, 0.0908753, 0.092137, 0.0922046, 0.0922082, 0.0922084, 0.0922084, 0.0922084, 0.0922084, 0.0922084, 0.0922084, 0.0922084, 0.0922084, 0.0922084, 0.0922084, 0.0922084, 0.0922084, 
0.0841204, 0.0841204, 0.0841214, 0.0841236, 0.0841272, 0.0841325, 0.0841396, 0.084149, 0.084161, 0.084176, 0.0841946, 0.0842174, 0.084245, 0.0842784, 0.0843184, 0.0843662, 0.0844221, 0.0844875, 0.0845641, 0.0846537, 0.0847586, 0.0848816, 0.0850256, 0.0851945, 0.0853927, 0.0856254, 0.0858988, 0.0862205, 0.0865994, 0.0870462, 0.0875741, 0.088199, 0.0889403, 0.0898224, 0.0908753, 0.092137, 0.0922046, 0.0922082, 0.0922084, 0.0922084, 0.0922084, 0.0922084, 0.0922084, 0.0922084, 0.0922084, 0.0922084, 0.0922084, 0.0922084, 0.0922084, 0.0922084, 
0.0841204, 0.0841204, 0.0841214, 0.0841236, 0.0841272, 0.0841325, 0.0841396, 0.084149, 0.084161, 0.084176, 0.0841946, 0.0842174, 0.084245, 0.0842784, 0.0843184, 0.0843662, 0.0844221, 0.0844875, 0.0845641, 0.0846537, 0.0847586, 0.0848816, 0.0850256, 0.0851945, 0.0853927, 0.0856254, 0.0858988, 0.0862205, 0.0865994, 0.0870462, 0.0875741, 0.088199, 0.0889403, 0.0898224, 0.0908753, 0.092137, 0.0922046, 0.0922082, 0.0922084, 0.0922084, 0.0922084, 0.0922084, 0.0922084, 0.0922084, 0.0922084, 0.0922084, 0.0922084, 0.0922084, 0.0922084, 0.0922084, 
0.0841204, 0.0841204, 0.0841214, 0.0841236, 0.0841272, 0.0841325, 0.0841396, 0.084149, 0.084161, 0.084176, 0.0841946, 0.0842174, 0.084245, 0.0842784, 0.0843184, 0.0843662, 0.0844221, 0.0844875, 0.0845641, 0.0846537, 0.0847586, 0.0848816, 0.0850256, 0.0851945, 0.0853927, 0.0856254, 0.0858988, 0.0862205, 0.0865994, 0.0870462, 0.0875741, 0.088199, 0.0889403, 0.0898224, 0.0908753, 0.092137, 0.0922046, 0.0922082, 0.0922084, 0.0922084, 0.0922084, 0.0922084, 0.0922084, 0.0922084, 0.0922084, 0.0922084, 0.0922084, 0.0922084, 0.0922084, 0.0922084, 
0.0841204, 0.0841204, 0.0841214, 0.0841236, 0.0841272, 0.0841325, 0.0841396, 0.084149, 0.084161, 0.084176, 0.0841946, 0.0842174, 0.084245, 0.0842784, 0.0843184, 0.0843662, 0.0844221, 0.0844875, 0.0845641, 0.0846537, 0.0847586, 0.0848816, 0.0850256, 0.0851945, 0.0853927, 0.0856254, 0.0858988, 0.0862205, 0.0865994, 0.0870462, 0.0875741, 0.088199, 0.0889403, 0.0898224, 0.0908753, 0.092137, 0.0922046, 0.0922082, 0.0922084, 0.0922084, 0.0922084, 0.0922084, 0.0922084, 0.0922084, 0.0922084, 0.0922084, 0.0922084, 0.0922084, 0.0922084, 0.0922084, 
0.0841204, 0.0841204, 0.0841214, 0.0841236, 0.0841272, 0.0841325, 0.0841396, 0.084149, 0.084161, 0.084176, 0.0841946, 0.0842174, 0.084245, 0.0842784, 0.0843184, 0.0843662, 0.0844221, 0.0844875, 0.0845641, 0.0846537, 0.0847586, 0.0848816, 0.0850256, 0.0851945, 0.0853927, 0.0856254, 0.0858988, 0.0862205, 0.0865994, 0.0870462, 0.0875741, 0.088199, 0.0889403, 0.0898224, 0.0908753, 0.092137, 0.0922046, 0.0922082, 0.0922084, 0.0922084, 0.0922084, 0.0922084, 0.0922084, 0.0922084, 0.0922084, 0.0922084, 0.0922084, 0.0922084, 0.0922084, 0.0922084, 
0.0841204, 0.0841204, 0.0841214, 0.0841236, 0.0841272, 0.0841325, 0.0841396, 0.084149, 0.084161, 0.084176, 0.0841946, 0.0842174, 0.084245, 0.0842784, 0.0843184, 0.0843662, 0.0844221, 0.0844875, 0.0845641, 0.0846537, 0.0847586, 0.0848816, 0.0850256, 0.0851945, 0.0853927, 0.0856254, 0.0858988, 0.0862205, 0.0865994, 0.0870462, 0.0875741, 0.088199, 0.0889403, 0.0898224, 0.0908753, 0.092137, 0.0922046, 0.0922082, 0.0922084, 0.0922084, 0.0922084, 0.0922084, 0.0922084, 0.0922084, 0.0922084, 0.0922084, 0.0922084, 0.0922084, 0.0922084, 0.0922084, 
0.0841204, 0.0841204, 0.0841214, 0.0841236, 0.0841272, 0.0841325, 0.0841396, 0.084149, 0.084161, 0.084176, 0.0841946, 0.0842174, 0.084245, 0.0842784, 0.0843184, 0.0843662, 0.0844221, 0.0844875, 0.0845641, 0.0846537, 0.0847586, 0.0848816, 0.0850256, 0.0851945, 0.0853927, 0.0856254, 0.0858988, 0.0862205, 0.0865994, 0.0870462, 0.0875741, 0.088199, 0.0889403, 0.0898224, 0.0908753, 0.092137, 0.0922046, 0.0922082, 0.0922084, 0.0922084, 0.0922084, 0.0922084, 0.0922084, 0.0922084, 0.0922084, 0.0922084, 0.0922084, 0.0922084, 0.0922084, 0.0922084, 
0.0841204, 0.0841204, 0.0841214, 0.0841236, 0.0841272, 0.0841325, 0.0841396, 0.084149, 0.084161, 0.084176, 0.0841946, 0.0842174, 0.084245, 0.0842784, 0.0843184, 0.0843662, 0.0844221, 0.0844875, 0.0845641, 0.0846537, 0.0847586, 0.0848816, 0.0850256, 0.0851945, 0.0853927, 0.0856254, 0.0858988, 0.0862205, 0.0865994, 0.0870462, 0.0875741, 0.088199, 0.0889403, 0.0898224, 0.0908753, 0.092137, 0.0922046, 0.0922082, 0.0922084, 0.0922084, 0.0922084, 0.0922084, 0.0922084, 0.0922084, 0.0922084, 0.0922084, 0.0922084, 0.0922084, 0.0922084, 0.0922084, 
0.0841204, 0.0841204, 0.0841214, 0.0841236, 0.0841272, 0.0841325, 0.0841396, 0.084149, 0.084161, 0.084176, 0.0841946, 0.0842174, 0.084245, 0.0842784, 0.0843184, 0.0843662, 0.0844221, 0.0844875, 0.0845641, 0.0846537, 0.0847586, 0.0848816, 0.0850256, 0.0851945, 0.0853927, 0.0856254, 0.0858988, 0.0862205, 0.0865994, 0.0870462, 0.0875741, 0.088199, 0.0889403, 0.0898224, 0.0908753, 0.092137, 0.0922046, 0.0922082, 0.0922084, 0.0922084, 0.0922084, 0.0922084, 0.0922084, 0.0922084, 0.0922084, 0.0922084, 0.0922084, 0.0922084, 0.0922084, 0.0922084, 
0.0841204, 0.0841204, 0.0841214, 0.0841236, 0.0841272, 0.0841325, 0.0841396, 0.084149, 0.084161, 0.084176, 0.0841946, 0.0842174, 0.084245, 0.0842784, 0.0843184, 0.0843662, 0.0844221, 0.0844875, 0.0845641, 0.0846537, 0.0847586, 0.0848816, 0.0850256, 0.0851945, 0.0853927, 0.0856254, 0.0858988, 0.0862205, 0.0865994, 0.0870462, 0.0875741, 0.088199, 0.0889403, 0.0898224, 0.0908753, 0.092137, 0.0922046, 0.0922082, 0.0922084, 0.0922084, 0.0922084, 0.0922084, 0.0922084, 0.0922084, 0.0922084, 0.0922084, 0.0922084, 0.0922084, 0.0922084, 0.0922084, 
0.0841204, 0.0841204, 0.0841214, 0.0841236, 0.0841272, 0.0841325, 0.0841396, 0.084149, 0.084161, 0.084176, 0.0841946, 0.0842174, 0.084245, 0.0842784, 0.0843184, 0.0843662, 0.0844221, 0.0844875, 0.0845641, 0.0846537, 0.0847586, 0.0848816, 0.0850256, 0.0851945, 0.0853927, 0.0856254, 0.0858988, 0.0862205, 0.0865994, 0.0870462, 0.0875741, 0.088199, 0.0889403, 0.0898224, 0.0908753, 0.092137, 0.0922046, 0.0922082, 0.0922084, 0.0922084, 0.0922084, 0.0922084, 0.0922084, 0.0922084, 0.0922084, 0.0922084, 0.0922084, 0.0922084, 0.0922084, 0.0922084, 
0.0841204, 0.0841204, 0.0841214, 0.0841236, 0.0841272, 0.0841325, 0.0841396, 0.084149, 0.084161, 0.084176, 0.0841946, 0.0842174, 0.084245, 0.0842784, 0.0843184, 0.0843662, 0.0844221, 0.0844875, 0.0845641, 0.0846537, 0.0847586, 0.0848816, 0.0850256, 0.0851945, 0.0853927, 0.0856254, 0.0858988, 0.0862205, 0.0865994, 0.0870462, 0.0875741, 0.088199, 0.0889403, 0.0898224, 0.0908753, 0.092137, 0.0922046, 0.0922082, 0.0922084, 0.0922084, 0.0922084, 0.0922084, 0.0922084, 0.0922084, 0.0922084, 0.0922084, 0.0922084, 0.0922084, 0.0922084, 0.0922084, 
0.0841204, 0.0841204, 0.0841214, 0.0841236, 0.0841272, 0.0841325, 0.0841396, 0.084149, 0.084161, 0.084176, 0.0841946, 0.0842174, 0.084245, 0.0842784, 0.0843184, 0.0843662, 0.0844221, 0.0844875, 0.0845641, 0.0846537, 0.0847586, 0.0848816, 0.0850256, 0.0851945, 0.0853927, 0.0856254, 0.0858988, 0.0862205, 0.0865994, 0.0870462, 0.0875741, 0.088199, 0.0889403, 0.0898224, 0.0908753, 0.092137, 0.0922046, 0.0922082, 0.0922084, 0.0922084, 0.0922084, 0.0922084, 0.0922084, 0.0922084, 0.0922084, 0.0922084, 0.0922084, 0.0922084, 0.0922084, 0.0922084, 
0.0841204, 0.0841204, 0.0841214, 0.0841236, 0.0841272, 0.0841325, 0.0841396, 0.084149, 0.084161, 0.084176, 0.0841946, 0.0842174, 0.084245, 0.0842784, 0.0843184, 0.0843662, 0.0844221, 0.0844875, 0.0845641, 0.0846537, 0.0847586, 0.0848816, 0.0850256, 0.0851945, 0.0853927, 0.0856254, 0.0858988, 0.0862205, 0.0865994, 0.0870462, 0.0875741, 0.088199, 0.0889403, 0.0898224, 0.0908753, 0.092137, 0.0922046, 0.0922082, 0.0922084, 0.0922084, 0.0922084, 0.0922084, 0.0922084, 0.0922084, 0.0922084, 0.0922084, 0.0922084, 0.0922084, 0.0922084, 0.0922084, 
0.0841204, 0.0841204, 0.0841214, 0.0841236, 0.0841272, 0.0841325, 0.0841396, 0.084149, 0.084161, 0.084176, 0.0841946, 0.0842174, 0.084245, 0.0842784, 0.0843184, 0.0843662, 0.0844221, 0.0844875, 0.0845641, 0.0846537, 0.0847586, 0.0848816, 0.0850256, 0.0851945, 0.0853927, 0.0856254, 0.0858988, 0.0862205, 0.0865994, 0.0870462, 0.0875741, 0.088199, 0.0889403, 0.0898224, 0.0908753, 0.092137, 0.0922046, 0.0922082, 0.0922084, 0.0922084, 0.0922084, 0.0922084, 0.0922084, 0.0922084, 0.0922084, 0.0922084, 0.0922084, 0.0922084, 0.0922084, 0.0922084, 
0.0841204, 0.0841204, 0.0841214, 0.0841236, 0.0841272, 0.0841325, 0.0841396, 0.084149, 0.084161, 0.084176, 0.0841946, 0.0842174, 0.084245, 0.0842784, 0.0843184, 0.0843662, 0.0844221, 0.0844875, 0.0845641, 0.0846537, 0.0847586, 0.0848816, 0.0850256, 0.0851945, 0.0853927, 0.0856254, 0.0858988, 0.0862205, 0.0865994, 0.0870462, 0.0875741, 0.088199, 0.0889403, 0.0898224, 0.0908753, 0.092137, 0.0922046, 0.0922082, 0.0922084, 0.0922084, 0.0922084, 0.0922084, 0.0922084, 0.0922084, 0.0922084, 0.0922084, 0.0922084, 0.0922084, 0.0922084, 0.0922084, 
0.0841204, 0.0841204, 0.0841214, 0.0841236, 0.0841272, 0.0841325, 0.0841396, 0.084149, 0.084161, 0.084176, 0.0841946, 0.0842174, 0.084245, 0.0842784, 0.0843184, 0.0843662, 0.0844221, 0.0844875, 0.0845641, 0.0846537, 0.0847586, 0.0848816, 0.0850256, 0.0851945, 0.0853927, 0.0856254, 0.0858988, 0.0862205, 0.0865994, 0.0870462, 0.0875741, 0.088199, 0.0889403, 0.0898224, 0.0908753, 0.092137, 0.0922046, 0.0922082, 0.0922084, 0.0922084, 0.0922084, 0.0922084, 0.0922084, 0.0922084, 0.0922084, 0.0922084, 0.0922084, 0.0922084, 0.0922084, 0.0922084, 
0.0841204, 0.0841204, 0.0841214, 0.0841236, 0.0841272, 0.0841325, 0.0841396, 0.084149, 0.084161, 0.084176, 0.0841946, 0.0842174, 0.084245, 0.0842784, 0.0843184, 0.0843662, 0.0844221, 0.0844875, 0.0845641, 0.0846537, 0.0847586, 0.0848816, 0.0850256, 0.0851945, 0.0853927, 0.0856254, 0.0858988, 0.0862205, 0.0865994, 0.0870462, 0.0875741, 0.088199, 0.0889403, 0.0898224, 0.0908753, 0.092137, 0.0922046, 0.0922082, 0.0922084, 0.0922084, 0.0922084, 0.0922084, 0.0922084, 0.0922084, 0.0922084, 0.0922084, 0.0922084, 0.0922084, 0.0922084, 0.0922084, 
0.0841204, 0.0841204, 0.0841214, 0.0841236, 0.0841272, 0.0841325, 0.0841396, 0.084149, 0.084161, 0.084176, 0.0841946, 0.0842174, 0.084245, 0.0842784, 0.0843184, 0.0843662, 0.0844221, 0.0844875, 0.0845641, 0.0846537, 0.0847586, 0.0848816, 0.0850256, 0.0851945, 0.0853927, 0.0856254, 0.0858988, 0.0862205, 0.0865994, 0.0870462, 0.0875741, 0.088199, 0.0889403, 0.0898224, 0.0908753, 0.092137, 0.0922046, 0.0922082, 0.0922084, 0.0922084, 0.0922084, 0.0922084, 0.0922084, 0.0922084, 0.0922084, 0.0922084, 0.0922084, 0.0922084, 0.0922084, 0.0922084, 
0.0841204, 0.0841204, 0.0841214, 0.0841236, 0.0841272, 0.0841325, 0.0841396, 0.084149, 0.084161, 0.084176, 0.0841946, 0.0842174, 0.084245, 0.0842784, 0.0843184, 0.0843662, 0.0844221, 0.0844875, 0.0845641, 0.0846537, 0.0847586, 0.0848816, 0.0850256, 0.0851945, 0.0853927, 0.0856254, 0.0858988, 0.0862205, 0.0865994, 0.0870462, 0.0875741, 0.088199, 0.0889403, 0.0898224, 0.0908753, 0.092137, 0.0922046, 0.0922082, 0.0922084, 0.0922084, 0.0922084, 0.0922084, 0.0922084, 0.0922084, 0.0922084, 0.0922084, 0.0922084, 0.0922084, 0.0922084, 0.0922084, 
0.0841204, 0.0841204, 0.0841214, 0.0841236, 0.0841272, 0.0841325, 0.0841396, 0.084149, 0.084161, 0.084176, 0.0841946, 0.0842174, 0.084245, 0.0842784, 0.0843184, 0.0843662, 0.0844221, 0.0844875, 0.0845641, 0.0846537, 0.0847586, 0.0848816, 0.0850256, 0.0851945, 0.0853927, 0.0856254, 0.0858988, 0.0862205, 0.0865994, 0.0870462, 0.0875741, 0.088199, 0.0889403, 0.0898224, 0.0908753, 0.092137, 0.0922046, 0.0922082, 0.0922084, 0.0922084, 0.0922084, 0.0922084, 0.0922084, 0.0922084, 0.0922084, 0.0922084, 0.0922084, 0.0922084, 0.0922084, 0.0922084, 
0.0841204, 0.0841204, 0.0841214, 0.0841236, 0.0841272, 0.0841325, 0.0841396, 0.084149, 0.084161, 0.084176, 0.0841946, 0.0842174, 0.084245, 0.0842784, 0.0843184, 0.0843662, 0.0844221, 0.0844875, 0.0845641, 0.0846537, 0.0847586, 0.0848816, 0.0850256, 0.0851945, 0.0853927, 0.0856254, 0.0858988, 0.0862205, 0.0865994, 0.0870462, 0.0875741, 0.088199, 0.0889403, 0.0898224, 0.0908753, 0.092137, 0.0922046, 0.0922082, 0.0922084, 0.0922084, 0.0922084, 0.0922084, 0.0922084, 0.0922084, 0.0922084, 0.0922084, 0.0922084, 0.0922084, 0.0922084, 0.0922084, 
0.0841204, 0.0841204, 0.0841214, 0.0841236, 0.0841272, 0.0841325, 0.0841396, 0.084149, 0.084161, 0.084176, 0.0841946, 0.0842174, 0.084245, 0.0842784, 0.0843184, 0.0843662, 0.0844221, 0.0844875, 0.0845641, 0.0846537, 0.0847586, 0.0848816, 0.0850256, 0.0851945, 0.0853927, 0.0856254, 0.0858988, 0.0862205, 0.0865994, 0.0870462, 0.0875741, 0.088199, 0.0889403, 0.0898224, 0.0908753, 0.092137, 0.0922046, 0.0922082, 0.0922084, 0.0922084, 0.0922084, 0.0922084, 0.0922084, 0.0922084, 0.0922084, 0.0922084, 0.0922084, 0.0922084, 0.0922084, 0.0922084, 
0.0841204, 0.0841204, 0.0841214, 0.0841236, 0.0841272, 0.0841325, 0.0841396, 0.084149, 0.084161, 0.084176, 0.0841946, 0.0842174, 0.084245, 0.0842784, 0.0843184, 0.0843662, 0.0844221, 0.0844875, 0.0845641, 0.0846537, 0.0847586, 0.0848816, 0.0850256, 0.0851945, 0.0853927, 0.0856254, 0.0858988, 0.0862205, 0.0865994, 0.0870462, 0.0875741, 0.088199, 0.0889403, 0.0898224, 0.0908753, 0.092137, 0.0922046, 0.0922082, 0.0922084, 0.0922084, 0.0922084, 0.0922084, 0.0922084, 0.0922084, 0.0922084, 0.0922084, 0.0922084, 0.0922084, 0.0922084, 0.0922084, 
0.0841204, 0.0841204, 0.0841214, 0.0841236, 0.0841272, 0.0841325, 0.0841396, 0.084149, 0.084161, 0.084176, 0.0841946, 0.0842174, 0.084245, 0.0842784, 0.0843184, 0.0843662, 0.0844221, 0.0844875, 0.0845641, 0.0846537, 0.0847586, 0.0848816, 0.0850256, 0.0851945, 0.0853927, 0.0856254, 0.0858988, 0.0862205, 0.0865994, 0.0870462, 0.0875741, 0.088199, 0.0889403, 0.0898224, 0.0908753, 0.092137, 0.0922046, 0.0922082, 0.0922084, 0.0922084, 0.0922084, 0.0922084, 0.0922084, 0.0922084, 0.0922084, 0.0922084, 0.0922084, 0.0922084, 0.0922084, 0.0922084, 
0.0841204, 0.0841204, 0.0841214, 0.0841236, 0.0841272, 0.0841325, 0.0841396, 0.084149, 0.084161, 0.084176, 0.0841946, 0.0842174, 0.084245, 0.0842784, 0.0843184, 0.0843662, 0.0844221, 0.0844875, 0.0845641, 0.0846537, 0.0847586, 0.0848816, 0.0850256, 0.0851945, 0.0853927, 0.0856254, 0.0858988, 0.0862205, 0.0865994, 0.0870462, 0.0875741, 0.088199, 0.0889403, 0.0898224, 0.0908753, 0.092137, 0.0922046, 0.0922082, 0.0922084, 0.0922084, 0.0922084, 0.0922084, 0.0922084, 0.0922084, 0.0922084, 0.0922084, 0.0922084, 0.0922084, 0.0922084, 0.0922084, 
0.0841204, 0.0841204, 0.0841214, 0.0841236, 0.0841272, 0.0841325, 0.0841396, 0.084149, 0.084161, 0.084176, 0.0841946, 0.0842174, 0.084245, 0.0842784, 0.0843184, 0.0843662, 0.0844221, 0.0844875, 0.0845641, 0.0846537, 0.0847586, 0.0848816, 0.0850256, 0.0851945, 0.0853927, 0.0856254, 0.0858988, 0.0862205, 0.0865994, 0.0870462, 0.0875741, 0.088199, 0.0889403, 0.0898224, 0.0908753, 0.092137, 0.0922046, 0.0922082, 0.0922084, 0.0922084, 0.0922084, 0.0922084, 0.0922084, 0.0922084, 0.0922084, 0.0922084, 0.0922084, 0.0922084, 0.0922084, 0.0922084, 
0.0841204, 0.0841204, 0.0841214, 0.0841236, 0.0841272, 0.0841325, 0.0841396, 0.084149, 0.084161, 0.084176, 0.0841946, 0.0842174, 0.084245, 0.0842784, 0.0843184, 0.0843662, 0.0844221, 0.0844875, 0.0845641, 0.0846537, 0.0847586, 0.0848816, 0.0850256, 0.0851945, 0.0853927, 0.0856254, 0.0858988, 0.0862205, 0.0865994, 0.0870462, 0.0875741, 0.088199, 0.0889403, 0.0898224, 0.0908753, 0.092137, 0.0922046, 0.0922082, 0.0922084, 0.0922084, 0.0922084, 0.0922084, 0.0922084, 0.0922084, 0.0922084, 0.0922084, 0.0922084, 0.0922084, 0.0922084, 0.0922084, 
0.0841204, 0.0841204, 0.0841214, 0.0841236, 0.0841272, 0.0841325, 0.0841396, 0.084149, 0.084161, 0.084176, 0.0841946, 0.0842174, 0.084245, 0.0842784, 0.0843184, 0.0843662, 0.0844221, 0.0844875, 0.0845641, 0.0846537, 0.0847586, 0.0848816, 0.0850256, 0.0851945, 0.0853927, 0.0856254, 0.0858988, 0.0862205, 0.0865994, 0.0870462, 0.0875741, 0.088199, 0.0889403, 0.0898224, 0.0908753, 0.092137, 0.0922046, 0.0922082, 0.0922084, 0.0922084, 0.0922084, 0.0922084, 0.0922084, 0.0922084, 0.0922084, 0.0922084, 0.0922084, 0.0922084, 0.0922084, 0.0922084, 
0.0841204, 0.0841204, 0.0841214, 0.0841236, 0.0841272, 0.0841325, 0.0841396, 0.084149, 0.084161, 0.084176, 0.0841946, 0.0842174, 0.084245, 0.0842784, 0.0843184, 0.0843662, 0.0844221, 0.0844875, 0.0845641, 0.0846537, 0.0847586, 0.0848816, 0.0850256, 0.0851945, 0.0853927, 0.0856254, 0.0858988, 0.0862205, 0.0865994, 0.0870462, 0.0875741, 0.088199, 0.0889403, 0.0898224, 0.0908753, 0.092137, 0.0922046, 0.0922082, 0.0922084, 0.0922084, 0.0922084, 0.0922084, 0.0922084, 0.0922084, 0.0922084, 0.0922084, 0.0922084, 0.0922084, 0.0922084, 0.0922084, 
0.0841204, 0.0841204, 0.0841214, 0.0841236, 0.0841272, 0.0841325, 0.0841396, 0.084149, 0.084161, 0.084176, 0.0841946, 0.0842174, 0.084245, 0.0842784, 0.0843184, 0.0843662, 0.0844221, 0.0844875, 0.0845641, 0.0846537, 0.0847586, 0.0848816, 0.0850256, 0.0851945, 0.0853927, 0.0856254, 0.0858988, 0.0862205, 0.0865994, 0.0870462, 0.0875741, 0.088199, 0.0889403, 0.0898224, 0.0908753, 0.092137, 0.0922046, 0.0922082, 0.0922084, 0.0922084, 0.0922084, 0.0922084, 0.0922084, 0.0922084, 0.0922084, 0.0922084, 0.0922084, 0.0922084, 0.0922084, 0.0922084, 
0.0841204, 0.0841204, 0.0841214, 0.0841236, 0.0841272, 0.0841325, 0.0841396, 0.084149, 0.084161, 0.084176, 0.0841946, 0.0842174, 0.084245, 0.0842784, 0.0843184, 0.0843662, 0.0844221, 0.0844875, 0.0845641, 0.0846537, 0.0847586, 0.0848816, 0.0850256, 0.0851945, 0.0853927, 0.0856254, 0.0858988, 0.0862205, 0.0865994, 0.0870462, 0.0875741, 0.088199, 0.0889403, 0.0898224, 0.0908753, 0.092137, 0.0922046, 0.0922082, 0.0922084, 0.0922084, 0.0922084, 0.0922084, 0.0922084, 0.0922084, 0.0922084, 0.0922084, 0.0922084, 0.0922084, 0.0922084, 0.0922084, 
0.0841204, 0.0841204, 0.0841214, 0.0841236, 0.0841272, 0.0841325, 0.0841396, 0.084149, 0.084161, 0.084176, 0.0841946, 0.0842174, 0.084245, 0.0842784, 0.0843184, 0.0843662, 0.0844221, 0.0844875, 0.0845641, 0.0846537, 0.0847586, 0.0848816, 0.0850256, 0.0851945, 0.0853927, 0.0856254, 0.0858988, 0.0862205, 0.0865994, 0.0870462, 0.0875741, 0.088199, 0.0889403, 0.0898224, 0.0908753, 0.092137, 0.0922046, 0.0922082, 0.0922084, 0.0922084, 0.0922084, 0.0922084, 0.0922084, 0.0922084, 0.0922084, 0.0922084, 0.0922084, 0.0922084, 0.0922084, 0.0922084, 
0.0841204, 0.0841204, 0.0841214, 0.0841236, 0.0841272, 0.0841325, 0.0841396, 0.084149, 0.084161, 0.084176, 0.0841946, 0.0842174, 0.084245, 0.0842784, 0.0843184, 0.0843662, 0.0844221, 0.0844875, 0.0845641, 0.0846537, 0.0847586, 0.0848816, 0.0850256, 0.0851945, 0.0853927, 0.0856254, 0.0858988, 0.0862205, 0.0865994, 0.0870462, 0.0875741, 0.088199, 0.0889403, 0.0898224, 0.0908753, 0.092137, 0.0922046, 0.0922082, 0.0922084, 0.0922084, 0.0922084, 0.0922084, 0.0922084, 0.0922084, 0.0922084, 0.0922084, 0.0922084, 0.0922084, 0.0922084, 0.0922084, 
0.0841204, 0.0841204, 0.0841214, 0.0841236, 0.0841272, 0.0841325, 0.0841396, 0.084149, 0.084161, 0.084176, 0.0841946, 0.0842174, 0.084245, 0.0842784, 0.0843184, 0.0843662, 0.0844221, 0.0844875, 0.0845641, 0.0846537, 0.0847586, 0.0848816, 0.0850256, 0.0851945, 0.0853927, 0.0856254, 0.0858988, 0.0862205, 0.0865994, 0.0870462, 0.0875741, 0.088199, 0.0889403, 0.0898224, 0.0908753, 0.092137, 0.0922046, 0.0922082, 0.0922084, 0.0922084, 0.0922084, 0.0922084, 0.0922084, 0.0922084, 0.0922084, 0.0922084, 0.0922084, 0.0922084, 0.0922084, 0.0922084, 
0.0841204, 0.0841204, 0.0841214, 0.0841236, 0.0841272, 0.0841325, 0.0841396, 0.084149, 0.084161, 0.084176, 0.0841946, 0.0842174, 0.084245, 0.0842784, 0.0843184, 0.0843662, 0.0844221, 0.0844875, 0.0845641, 0.0846537, 0.0847586, 0.0848816, 0.0850256, 0.0851945, 0.0853927, 0.0856254, 0.0858988, 0.0862205, 0.0865994, 0.0870462, 0.0875741, 0.088199, 0.0889403, 0.0898224, 0.0908753, 0.092137, 0.0922046, 0.0922082, 0.0922084, 0.0922084, 0.0922084, 0.0922084, 0.0922084, 0.0922084, 0.0922084, 0.0922084, 0.0922084, 0.0922084, 0.0922084, 0.0922084, 
0.0841204, 0.0841204, 0.0841214, 0.0841236, 0.0841272, 0.0841325, 0.0841396, 0.084149, 0.084161, 0.084176, 0.0841946, 0.0842174, 0.084245, 0.0842784, 0.0843184, 0.0843662, 0.0844221, 0.0844875, 0.0845641, 0.0846537, 0.0847586, 0.0848816, 0.0850256, 0.0851945, 0.0853927, 0.0856254, 0.0858988, 0.0862205, 0.0865994, 0.0870462, 0.0875741, 0.088199, 0.0889403, 0.0898224, 0.0908753, 0.092137, 0.0922046, 0.0922082, 0.0922084, 0.0922084, 0.0922084, 0.0922084, 0.0922084, 0.0922084, 0.0922084, 0.0922084, 0.0922084, 0.0922084, 0.0922084, 0.0922084, 
0.0841204, 0.0841204, 0.0841214, 0.0841236, 0.0841272, 0.0841325, 0.0841396, 0.084149, 0.084161, 0.084176, 0.0841946, 0.0842174, 0.084245, 0.0842784, 0.0843184, 0.0843662, 0.0844221, 0.0844875, 0.0845641, 0.0846537, 0.0847586, 0.0848816, 0.0850256, 0.0851945, 0.0853927, 0.0856254, 0.0858988, 0.0862205, 0.0865994, 0.0870462, 0.0875741, 0.088199, 0.0889403, 0.0898224, 0.0908753, 0.092137, 0.0922046, 0.0922082, 0.0922084, 0.0922084, 0.0922084, 0.0922084, 0.0922084, 0.0922084, 0.0922084, 0.0922084, 0.0922084, 0.0922084, 0.0922084, 0.0922084, 
0.0841204, 0.0841204, 0.0841214, 0.0841236, 0.0841272, 0.0841325, 0.0841396, 0.084149, 0.084161, 0.084176, 0.0841946, 0.0842174, 0.084245, 0.0842784, 0.0843184, 0.0843662, 0.0844221, 0.0844875, 0.0845641, 0.0846537, 0.0847586, 0.0848816, 0.0850256, 0.0851945, 0.0853927, 0.0856254, 0.0858988, 0.0862205, 0.0865994, 0.0870462, 0.0875741, 0.088199, 0.0889403, 0.0898224, 0.0908753, 0.092137, 0.0922046, 0.0922082, 0.0922084, 0.0922084, 0.0922084, 0.0922084, 0.0922084, 0.0922084, 0.0922084, 0.0922084, 0.0922084, 0.0922084, 0.0922084, 0.0922084, 
0.0841204, 0.0841204, 0.0841214, 0.0841236, 0.0841272, 0.0841325, 0.0841396, 0.084149, 0.084161, 0.084176, 0.0841946, 0.0842174, 0.084245, 0.0842784, 0.0843184, 0.0843662, 0.0844221, 0.0844875, 0.0845641, 0.0846537, 0.0847586, 0.0848816, 0.0850256, 0.0851945, 0.0853927, 0.0856254, 0.0858988, 0.0862205, 0.0865994, 0.0870462, 0.0875741, 0.088199, 0.0889403, 0.0898224, 0.0908753, 0.092137, 0.0922046, 0.0922082, 0.0922084, 0.0922084, 0.0922084, 0.0922084, 0.0922084, 0.0922084, 0.0922084, 0.0922084, 0.0922084, 0.0922084, 0.0922084, 0.0922084, 
0.0841204, 0.0841204, 0.0841214, 0.0841236, 0.0841272, 0.0841325, 0.0841396, 0.084149, 0.084161, 0.084176, 0.0841946, 0.0842174, 0.084245, 0.0842784, 0.0843184, 0.0843662, 0.0844221, 0.0844875, 0.0845641, 0.0846537, 0.0847586, 0.0848816, 0.0850256, 0.0851945, 0.0853927, 0.0856254, 0.0858988, 0.0862205, 0.0865994, 0.0870462, 0.0875741, 0.088199, 0.0889403, 0.0898224, 0.0908753, 0.092137, 0.0922046, 0.0922082, 0.0922084, 0.0922084, 0.0922084, 0.0922084, 0.0922084, 0.0922084, 0.0922084, 0.0922084, 0.0922084, 0.0922084, 0.0922084, 0.0922084, 
0.0841204, 0.0841204, 0.0841214, 0.0841236, 0.0841272, 0.0841325, 0.0841396, 0.084149, 0.084161, 0.084176, 0.0841946, 0.0842174, 0.084245, 0.0842784, 0.0843184, 0.0843662, 0.0844221, 0.0844875, 0.0845641, 0.0846537, 0.0847586, 0.0848816, 0.0850256, 0.0851945, 0.0853927, 0.0856254, 0.0858988, 0.0862205, 0.0865994, 0.0870462, 0.0875741, 0.088199, 0.0889403, 0.0898224, 0.0908753, 0.092137, 0.0922046, 0.0922082, 0.0922084, 0.0922084, 0.0922084, 0.0922084, 0.0922084, 0.0922084, 0.0922084, 0.0922084, 0.0922084, 0.0922084, 0.0922084, 0.0922084, 
0.0841204, 0.0841204, 0.0841214, 0.0841236, 0.0841272, 0.0841325, 0.0841396, 0.084149, 0.084161, 0.084176, 0.0841946, 0.0842174, 0.084245, 0.0842784, 0.0843184, 0.0843662, 0.0844221, 0.0844875, 0.0845641, 0.0846537, 0.0847586, 0.0848816, 0.0850256, 0.0851945, 0.0853927, 0.0856254, 0.0858988, 0.0862205, 0.0865994, 0.0870462, 0.0875741, 0.088199, 0.0889403, 0.0898224, 0.0908753, 0.092137, 0.0922046, 0.0922082, 0.0922084, 0.0922084, 0.0922084, 0.0922084, 0.0922084, 0.0922084, 0.0922084, 0.0922084, 0.0922084, 0.0922084, 0.0922084, 0.0922084, 
0.0841204, 0.0841204, 0.0841214, 0.0841236, 0.0841272, 0.0841325, 0.0841396, 0.084149, 0.084161, 0.084176, 0.0841946, 0.0842174, 0.084245, 0.0842784, 0.0843184, 0.0843662, 0.0844221, 0.0844875, 0.0845641, 0.0846537, 0.0847586, 0.0848816, 0.0850256, 0.0851945, 0.0853927, 0.0856254, 0.0858988, 0.0862205, 0.0865994, 0.0870462, 0.0875741, 0.088199, 0.0889403, 0.0898224, 0.0908753, 0.092137, 0.0922046, 0.0922082, 0.0922084, 0.0922084, 0.0922084, 0.0922084, 0.0922084, 0.0922084, 0.0922084, 0.0922084, 0.0922084, 0.0922084, 0.0922084, 0.0922084, 
0.0841204, 0.0841204, 0.0841214, 0.0841236, 0.0841272, 0.0841325, 0.0841396, 0.084149, 0.084161, 0.084176, 0.0841946, 0.0842174, 0.084245, 0.0842784, 0.0843184, 0.0843662, 0.0844221, 0.0844875, 0.0845641, 0.0846537, 0.0847586, 0.0848816, 0.0850256, 0.0851945, 0.0853927, 0.0856254, 0.0858988, 0.0862205, 0.0865994, 0.0870462, 0.0875741, 0.088199, 0.0889403, 0.0898224, 0.0908753, 0.092137, 0.0922046, 0.0922082, 0.0922084, 0.0922084, 0.0922084, 0.0922084, 0.0922084, 0.0922084, 0.0922084, 0.0922084, 0.0922084, 0.0922084, 0.0922084, 0.0922084, 
0.0841204, 0.0841204, 0.0841214, 0.0841236, 0.0841272, 0.0841325, 0.0841396, 0.084149, 0.084161, 0.084176, 0.0841946, 0.0842174, 0.084245, 0.0842784, 0.0843184, 0.0843662, 0.0844221, 0.0844875, 0.0845641, 0.0846537, 0.0847586, 0.0848816, 0.0850256, 0.0851945, 0.0853927, 0.0856254, 0.0858988, 0.0862205, 0.0865994, 0.0870462, 0.0875741, 0.088199, 0.0889403, 0.0898224, 0.0908753, 0.092137, 0.0922046, 0.0922082, 0.0922084, 0.0922084, 0.0922084, 0.0922084, 0.0922084, 0.0922084, 0.0922084, 0.0922084, 0.0922084, 0.0922084, 0.0922084, 0.0922084, 
0.0841204, 0.0841204, 0.0841214, 0.0841236, 0.0841272, 0.0841325, 0.0841396, 0.084149, 0.084161, 0.084176, 0.0841946, 0.0842174, 0.084245, 0.0842784, 0.0843184, 0.0843662, 0.0844221, 0.0844875, 0.0845641, 0.0846537, 0.0847586, 0.0848816, 0.0850256, 0.0851945, 0.0853927, 0.0856254, 0.0858988, 0.0862205, 0.0865994, 0.0870462, 0.0875741, 0.088199, 0.0889403, 0.0898224, 0.0908753, 0.092137, 0.0922046, 0.0922082, 0.0922084, 0.0922084, 0.0922084, 0.0922084, 0.0922084, 0.0922084, 0.0922084, 0.0922084, 0.0922084, 0.0922084, 0.0922084, 0.0922084, 
0.0841204, 0.0841204, 0.0841214, 0.0841236, 0.0841272, 0.0841325, 0.0841396, 0.084149, 0.084161, 0.084176, 0.0841946, 0.0842174, 0.084245, 0.0842784, 0.0843184, 0.0843662, 0.0844221, 0.0844875, 0.0845641, 0.0846537, 0.0847586, 0.0848816, 0.0850256, 0.0851945, 0.0853927, 0.0856254, 0.0858988, 0.0862205, 0.0865994, 0.0870462, 0.0875741, 0.088199, 0.0889403, 0.0898224, 0.0908753, 0.092137, 0.0922046, 0.0922082, 0.0922084, 0.0922084, 0.0922084, 0.0922084, 0.0922084, 0.0922084, 0.0922084, 0.0922084, 0.0922084, 0.0922084, 0.0922084, 0.0922084, 
0.0841204, 0.0841204, 0.0841214, 0.0841236, 0.0841272, 0.0841325, 0.0841396, 0.084149, 0.084161, 0.084176, 0.0841946, 0.0842174, 0.084245, 0.0842784, 0.0843184, 0.0843662, 0.0844221, 0.0844875, 0.0845641, 0.0846537, 0.0847586, 0.0848816, 0.0850256, 0.0851945, 0.0853927, 0.0856254, 0.0858988, 0.0862205, 0.0865994, 0.0870462, 0.0875741, 0.088199, 0.0889403, 0.0898224, 0.0908753, 0.092137, 0.0922046, 0.0922082, 0.0922084, 0.0922084, 0.0922084, 0.0922084, 0.0922084, 0.0922084, 0.0922084, 0.0922084, 0.0922084, 0.0922084, 0.0922084, 0.0922084, 
0.0841204, 0.0841204, 0.0841214, 0.0841236, 0.0841272, 0.0841325, 0.0841396, 0.084149, 0.084161, 0.084176, 0.0841946, 0.0842174, 0.084245, 0.0842784, 0.0843184, 0.0843662, 0.0844221, 0.0844875, 0.0845641, 0.0846537, 0.0847586, 0.0848816, 0.0850256, 0.0851945, 0.0853927, 0.0856254, 0.0858988, 0.0862205, 0.0865994, 0.0870462, 0.0875741, 0.088199, 0.0889403, 0.0898224, 0.0908753, 0.092137, 0.0922046, 0.0922082, 0.0922084, 0.0922084, 0.0922084, 0.0922084, 0.0922084, 0.0922084, 0.0922084, 0.0922084, 0.0922084, 0.0922084, 0.0922084, 0.0922084, 
0.0841204, 0.0841204, 0.0841214, 0.0841236, 0.0841272, 0.0841325, 0.0841396, 0.084149, 0.084161, 0.084176, 0.0841946, 0.0842174, 0.084245, 0.0842784, 0.0843184, 0.0843662, 0.0844221, 0.0844875, 0.0845641, 0.0846537, 0.0847586, 0.0848816, 0.0850256, 0.0851945, 0.0853927, 0.0856254, 0.0858988, 0.0862205, 0.0865994, 0.0870462, 0.0875741, 0.088199, 0.0889403, 0.0898224, 0.0908753, 0.092137, 0.0922046, 0.0922082, 0.0922084, 0.0922084, 0.0922084, 0.0922084, 0.0922084, 0.0922084, 0.0922084, 0.0922084, 0.0922084, 0.0922084, 0.0922084, 0.0922084, 
0.0841204, 0.0841204, 0.0841214, 0.0841236, 0.0841272, 0.0841325, 0.0841396, 0.084149, 0.084161, 0.084176, 0.0841946, 0.0842174, 0.084245, 0.0842784, 0.0843184, 0.0843662, 0.0844221, 0.0844875, 0.0845641, 0.0846537, 0.0847586, 0.0848816, 0.0850256, 0.0851945, 0.0853927, 0.0856254, 0.0858988, 0.0862205, 0.0865994, 0.0870462, 0.0875741, 0.088199, 0.0889403, 0.0898224, 0.0908753, 0.092137, 0.0922046, 0.0922082, 0.0922084, 0.0922084, 0.0922084, 0.0922084, 0.0922084, 0.0922084, 0.0922084, 0.0922084, 0.0922084, 0.0922084, 0.0922084, 0.0922084, 
0.0841204, 0.0841204, 0.0841214, 0.0841236, 0.0841272, 0.0841325, 0.0841396, 0.084149, 0.084161, 0.084176, 0.0841946, 0.0842174, 0.084245, 0.0842784, 0.0843184, 0.0843662, 0.0844221, 0.0844875, 0.0845641, 0.0846537, 0.0847586, 0.0848816, 0.0850256, 0.0851945, 0.0853927, 0.0856254, 0.0858988, 0.0862205, 0.0865994, 0.0870462, 0.0875741, 0.088199, 0.0889403, 0.0898224, 0.0908753, 0.092137, 0.0922046, 0.0922082, 0.0922084, 0.0922084, 0.0922084, 0.0922084, 0.0922084, 0.0922084, 0.0922084, 0.0922084, 0.0922084, 0.0922084, 0.0922084, 0.0922084, 
0.0841204, 0.0841204, 0.0841214, 0.0841236, 0.0841272, 0.0841325, 0.0841396, 0.084149, 0.084161, 0.084176, 0.0841946, 0.0842174, 0.084245, 0.0842784, 0.0843184, 0.0843662, 0.0844221, 0.0844875, 0.0845641, 0.0846537, 0.0847586, 0.0848816, 0.0850256, 0.0851945, 0.0853927, 0.0856254, 0.0858988, 0.0862205, 0.0865994, 0.0870462, 0.0875741, 0.088199, 0.0889403, 0.0898224, 0.0908753, 0.092137, 0.0922046, 0.0922082, 0.0922084, 0.0922084, 0.0922084, 0.0922084, 0.0922084, 0.0922084, 0.0922084, 0.0922084, 0.0922084, 0.0922084, 0.0922084, 0.0922084, 
0.0841204, 0.0841204, 0.0841214, 0.0841236, 0.0841272, 0.0841325, 0.0841396, 0.084149, 0.084161, 0.084176, 0.0841946, 0.0842174, 0.084245, 0.0842784, 0.0843184, 0.0843662, 0.0844221, 0.0844875, 0.0845641, 0.0846537, 0.0847586, 0.0848816, 0.0850256, 0.0851945, 0.0853927, 0.0856254, 0.0858988, 0.0862205, 0.0865994, 0.0870462, 0.0875741, 0.088199, 0.0889403, 0.0898224, 0.0908753, 0.092137, 0.0922046, 0.0922082, 0.0922084, 0.0922084, 0.0922084, 0.0922084, 0.0922084, 0.0922084, 0.0922084, 0.0922084, 0.0922084, 0.0922084, 0.0922084, 0.0922084, 
0.0841204, 0.0841204, 0.0841214, 0.0841236, 0.0841272, 0.0841325, 0.0841396, 0.084149, 0.084161, 0.084176, 0.0841946, 0.0842174, 0.084245, 0.0842784, 0.0843184, 0.0843662, 0.0844221, 0.0844875, 0.0845641, 0.0846537, 0.0847586, 0.0848816, 0.0850256, 0.0851945, 0.0853927, 0.0856254, 0.0858988, 0.0862205, 0.0865994, 0.0870462, 0.0875741, 0.088199, 0.0889403, 0.0898224, 0.0908753, 0.092137, 0.0922046, 0.0922082, 0.0922084, 0.0922084, 0.0922084, 0.0922084, 0.0922084, 0.0922084, 0.0922084, 0.0922084, 0.0922084, 0.0922084, 0.0922084, 0.0922084, 
0.0841204, 0.0841204, 0.0841214, 0.0841236, 0.0841272, 0.0841325, 0.0841396, 0.084149, 0.084161, 0.084176, 0.0841946, 0.0842174, 0.084245, 0.0842784, 0.0843184, 0.0843662, 0.0844221, 0.0844875, 0.0845641, 0.0846537, 0.0847586, 0.0848816, 0.0850256, 0.0851945, 0.0853927, 0.0856254, 0.0858988, 0.0862205, 0.0865994, 0.0870462, 0.0875741, 0.088199, 0.0889403, 0.0898224, 0.0908753, 0.092137, 0.0922046, 0.0922082, 0.0922084, 0.0922084, 0.0922084, 0.0922084, 0.0922084, 0.0922084, 0.0922084, 0.0922084, 0.0922084, 0.0922084, 0.0922084, 0.0922084, 
0.0841204, 0.0841204, 0.0841214, 0.0841236, 0.0841272, 0.0841325, 0.0841396, 0.084149, 0.084161, 0.084176, 0.0841946, 0.0842174, 0.084245, 0.0842784, 0.0843184, 0.0843662, 0.0844221, 0.0844875, 0.0845641, 0.0846537, 0.0847586, 0.0848816, 0.0850256, 0.0851945, 0.0853927, 0.0856254, 0.0858988, 0.0862205, 0.0865994, 0.0870462, 0.0875741, 0.088199, 0.0889403, 0.0898224, 0.0908753, 0.092137, 0.0922046, 0.0922082, 0.0922084, 0.0922084, 0.0922084, 0.0922084, 0.0922084, 0.0922084, 0.0922084, 0.0922084, 0.0922084, 0.0922084, 0.0922084, 0.0922084, 
0.0841204, 0.0841204, 0.0841214, 0.0841236, 0.0841272, 0.0841325, 0.0841396, 0.084149, 0.084161, 0.084176, 0.0841946, 0.0842174, 0.084245, 0.0842784, 0.0843184, 0.0843662, 0.0844221, 0.0844875, 0.0845641, 0.0846537, 0.0847586, 0.0848816, 0.0850256, 0.0851945, 0.0853927, 0.0856254, 0.0858988, 0.0862205, 0.0865994, 0.0870462, 0.0875741, 0.088199, 0.0889403, 0.0898224, 0.0908753, 0.092137, 0.0922046, 0.0922082, 0.0922084, 0.0922084, 0.0922084, 0.0922084, 0.0922084, 0.0922084, 0.0922084, 0.0922084, 0.0922084, 0.0922084, 0.0922084, 0.0922084, 
0.0841204, 0.0841204, 0.0841214, 0.0841236, 0.0841272, 0.0841325, 0.0841396, 0.084149, 0.084161, 0.084176, 0.0841946, 0.0842174, 0.084245, 0.0842784, 0.0843184, 0.0843662, 0.0844221, 0.0844875, 0.0845641, 0.0846537, 0.0847586, 0.0848816, 0.0850256, 0.0851945, 0.0853927, 0.0856254, 0.0858988, 0.0862205, 0.0865994, 0.0870462, 0.0875741, 0.088199, 0.0889403, 0.0898224, 0.0908753, 0.092137, 0.0922046, 0.0922082, 0.0922084, 0.0922084, 0.0922084, 0.0922084, 0.0922084, 0.0922084, 0.0922084, 0.0922084, 0.0922084, 0.0922084, 0.0922084, 0.0922084, 
0.0841204, 0.0841204, 0.0841214, 0.0841236, 0.0841272, 0.0841325, 0.0841396, 0.084149, 0.084161, 0.084176, 0.0841946, 0.0842174, 0.084245, 0.0842784, 0.0843184, 0.0843662, 0.0844221, 0.0844875, 0.0845641, 0.0846537, 0.0847586, 0.0848816, 0.0850256, 0.0851945, 0.0853927, 0.0856254, 0.0858988, 0.0862205, 0.0865994, 0.0870462, 0.0875741, 0.088199, 0.0889403, 0.0898224, 0.0908753, 0.092137, 0.0922046, 0.0922082, 0.0922084, 0.0922084, 0.0922084, 0.0922084, 0.0922084, 0.0922084, 0.0922084, 0.0922084, 0.0922084, 0.0922084, 0.0922084, 0.0922084, 
0.0841204, 0.0841204, 0.0841214, 0.0841236, 0.0841272, 0.0841325, 0.0841396, 0.084149, 0.084161, 0.084176, 0.0841946, 0.0842174, 0.084245, 0.0842784, 0.0843184, 0.0843662, 0.0844221, 0.0844875, 0.0845641, 0.0846537, 0.0847586, 0.0848816, 0.0850256, 0.0851945, 0.0853927, 0.0856254, 0.0858988, 0.0862205, 0.0865994, 0.0870462, 0.0875741, 0.088199, 0.0889403, 0.0898224, 0.0908753, 0.092137, 0.0922046, 0.0922082, 0.0922084, 0.0922084, 0.0922084, 0.0922084, 0.0922084, 0.0922084, 0.0922084, 0.0922084, 0.0922084, 0.0922084, 0.0922084, 0.0922084, 
0.0841204, 0.0841204, 0.0841214, 0.0841236, 0.0841272, 0.0841325, 0.0841396, 0.084149, 0.084161, 0.084176, 0.0841946, 0.0842174, 0.084245, 0.0842784, 0.0843184, 0.0843662, 0.0844221, 0.0844875, 0.0845641, 0.0846537, 0.0847586, 0.0848816, 0.0850256, 0.0851945, 0.0853927, 0.0856254, 0.0858988, 0.0862205, 0.0865994, 0.0870462, 0.0875741, 0.088199, 0.0889403, 0.0898224, 0.0908753, 0.092137, 0.0922046, 0.0922082, 0.0922084, 0.0922084, 0.0922084, 0.0922084, 0.0922084, 0.0922084, 0.0922084, 0.0922084, 0.0922084, 0.0922084, 0.0922084, 0.0922084, 
0.0841204, 0.0841204, 0.0841214, 0.0841236, 0.0841272, 0.0841325, 0.0841396, 0.084149, 0.084161, 0.084176, 0.0841946, 0.0842174, 0.084245, 0.0842784, 0.0843184, 0.0843662, 0.0844221, 0.0844875, 0.0845641, 0.0846537, 0.0847586, 0.0848816, 0.0850256, 0.0851945, 0.0853927, 0.0856254, 0.0858988, 0.0862205, 0.0865994, 0.0870462, 0.0875741, 0.088199, 0.0889403, 0.0898224, 0.0908753, 0.092137, 0.0922046, 0.0922082, 0.0922084, 0.0922084, 0.0922084, 0.0922084, 0.0922084, 0.0922084, 0.0922084, 0.0922084, 0.0922084, 0.0922084, 0.0922084, 0.0922084, 
0.0841204, 0.0841204, 0.0841214, 0.0841236, 0.0841272, 0.0841325, 0.0841396, 0.084149, 0.084161, 0.084176, 0.0841946, 0.0842174, 0.084245, 0.0842784, 0.0843184, 0.0843662, 0.0844221, 0.0844875, 0.0845641, 0.0846537, 0.0847586, 0.0848816, 0.0850256, 0.0851945, 0.0853927, 0.0856254, 0.0858988, 0.0862205, 0.0865994, 0.0870462, 0.0875741, 0.088199, 0.0889403, 0.0898224, 0.0908753, 0.092137, 0.0922046, 0.0922082, 0.0922084, 0.0922084, 0.0922084, 0.0922084, 0.0922084, 0.0922084, 0.0922084, 0.0922084, 0.0922084, 0.0922084, 0.0922084, 0.0922084, 
0.0841204, 0.0841204, 0.0841214, 0.0841236, 0.0841272, 0.0841325, 0.0841396, 0.084149, 0.084161, 0.084176, 0.0841946, 0.0842174, 0.084245, 0.0842784, 0.0843184, 0.0843662, 0.0844221, 0.0844875, 0.0845641, 0.0846537, 0.0847586, 0.0848816, 0.0850256, 0.0851945, 0.0853927, 0.0856254, 0.0858988, 0.0862205, 0.0865994, 0.0870462, 0.0875741, 0.088199, 0.0889403, 0.0898224, 0.0908753, 0.092137, 0.0922046, 0.0922082, 0.0922084, 0.0922084, 0.0922084, 0.0922084, 0.0922084, 0.0922084, 0.0922084, 0.0922084, 0.0922084, 0.0922084, 0.0922084, 0.0922084, 
0.0841204, 0.0841204, 0.0841214, 0.0841236, 0.0841272, 0.0841325, 0.0841396, 0.084149, 0.084161, 0.084176, 0.0841946, 0.0842174, 0.084245, 0.0842784, 0.0843184, 0.0843662, 0.0844221, 0.0844875, 0.0845641, 0.0846537, 0.0847586, 0.0848816, 0.0850256, 0.0851945, 0.0853927, 0.0856254, 0.0858988, 0.0862205, 0.0865994, 0.0870462, 0.0875741, 0.088199, 0.0889403, 0.0898224, 0.0908753, 0.092137, 0.0922046, 0.0922082, 0.0922084, 0.0922084, 0.0922084, 0.0922084, 0.0922084, 0.0922084, 0.0922084, 0.0922084, 0.0922084, 0.0922084, 0.0922084, 0.0922084, 
0.0841204, 0.0841204, 0.0841214, 0.0841236, 0.0841272, 0.0841325, 0.0841396, 0.084149, 0.084161, 0.084176, 0.0841946, 0.0842174, 0.084245, 0.0842784, 0.0843184, 0.0843662, 0.0844221, 0.0844875, 0.0845641, 0.0846537, 0.0847586, 0.0848816, 0.0850256, 0.0851945, 0.0853927, 0.0856254, 0.0858988, 0.0862205, 0.0865994, 0.0870462, 0.0875741, 0.088199, 0.0889403, 0.0898224, 0.0908753, 0.092137, 0.0922046, 0.0922082, 0.0922084, 0.0922084, 0.0922084, 0.0922084, 0.0922084, 0.0922084, 0.0922084, 0.0922084, 0.0922084, 0.0922084, 0.0922084, 0.0922084, 
0.0841204, 0.0841204, 0.0841214, 0.0841236, 0.0841272, 0.0841325, 0.0841396, 0.084149, 0.084161, 0.084176, 0.0841946, 0.0842174, 0.084245, 0.0842784, 0.0843184, 0.0843662, 0.0844221, 0.0844875, 0.0845641, 0.0846537, 0.0847586, 0.0848816, 0.0850256, 0.0851945, 0.0853927, 0.0856254, 0.0858988, 0.0862205, 0.0865994, 0.0870462, 0.0875741, 0.088199, 0.0889403, 0.0898224, 0.0908753, 0.092137, 0.0922046, 0.0922082, 0.0922084, 0.0922084, 0.0922084, 0.0922084, 0.0922084, 0.0922084, 0.0922084, 0.0922084, 0.0922084, 0.0922084, 0.0922084, 0.0922084, 
0.0841204, 0.0841204, 0.0841214, 0.0841236, 0.0841272, 0.0841325, 0.0841396, 0.084149, 0.084161, 0.084176, 0.0841946, 0.0842174, 0.084245, 0.0842784, 0.0843184, 0.0843662, 0.0844221, 0.0844875, 0.0845641, 0.0846537, 0.0847586, 0.0848816, 0.0850256, 0.0851945, 0.0853927, 0.0856254, 0.0858988, 0.0862205, 0.0865994, 0.0870462, 0.0875741, 0.088199, 0.0889403, 0.0898224, 0.0908753, 0.092137, 0.0922046, 0.0922082, 0.0922084, 0.0922084, 0.0922084, 0.0922084, 0.0922084, 0.0922084, 0.0922084, 0.0922084, 0.0922084, 0.0922084, 0.0922084, 0.0922084, 
0.0841204, 0.0841204, 0.0841214, 0.0841236, 0.0841272, 0.0841325, 0.0841396, 0.084149, 0.084161, 0.084176, 0.0841946, 0.0842174, 0.084245, 0.0842784, 0.0843184, 0.0843662, 0.0844221, 0.0844875, 0.0845641, 0.0846537, 0.0847586, 0.0848816, 0.0850256, 0.0851945, 0.0853927, 0.0856254, 0.0858988, 0.0862205, 0.0865994, 0.0870462, 0.0875741, 0.088199, 0.0889403, 0.0898224, 0.0908753, 0.092137, 0.0922046, 0.0922082, 0.0922084, 0.0922084, 0.0922084, 0.0922084, 0.0922084, 0.0922084, 0.0922084, 0.0922084, 0.0922084, 0.0922084, 0.0922084, 0.0922084, 
0.0841204, 0.0841204, 0.0841214, 0.0841236, 0.0841272, 0.0841325, 0.0841396, 0.084149, 0.084161, 0.084176, 0.0841946, 0.0842174, 0.084245, 0.0842784, 0.0843184, 0.0843662, 0.0844221, 0.0844875, 0.0845641, 0.0846537, 0.0847586, 0.0848816, 0.0850256, 0.0851945, 0.0853927, 0.0856254, 0.0858988, 0.0862205, 0.0865994, 0.0870462, 0.0875741, 0.088199, 0.0889403, 0.0898224, 0.0908753, 0.092137, 0.0922046, 0.0922082, 0.0922084, 0.0922084, 0.0922084, 0.0922084, 0.0922084, 0.0922084, 0.0922084, 0.0922084, 0.0922084, 0.0922084, 0.0922084, 0.0922084, 
0.0841204, 0.0841204, 0.0841214, 0.0841236, 0.0841272, 0.0841325, 0.0841396, 0.084149, 0.084161, 0.084176, 0.0841946, 0.0842174, 0.084245, 0.0842784, 0.0843184, 0.0843662, 0.0844221, 0.0844875, 0.0845641, 0.0846537, 0.0847586, 0.0848816, 0.0850256, 0.0851945, 0.0853927, 0.0856254, 0.0858988, 0.0862205, 0.0865994, 0.0870462, 0.0875741, 0.088199, 0.0889403, 0.0898224, 0.0908753, 0.092137, 0.0922046, 0.0922082, 0.0922084, 0.0922084, 0.0922084, 0.0922084, 0.0922084, 0.0922084, 0.0922084, 0.0922084, 0.0922084, 0.0922084, 0.0922084, 0.0922084, 
0.0841204, 0.0841204, 0.0841214, 0.0841236, 0.0841272, 0.0841325, 0.0841396, 0.084149, 0.084161, 0.084176, 0.0841946, 0.0842174, 0.084245, 0.0842784, 0.0843184, 0.0843662, 0.0844221, 0.0844875, 0.0845641, 0.0846537, 0.0847586, 0.0848816, 0.0850256, 0.0851945, 0.0853927, 0.0856254, 0.0858988, 0.0862205, 0.0865994, 0.0870462, 0.0875741, 0.088199, 0.0889403, 0.0898224, 0.0908753, 0.092137, 0.0922046, 0.0922082, 0.0922084, 0.0922084, 0.0922084, 0.0922084, 0.0922084, 0.0922084, 0.0922084, 0.0922084, 0.0922084, 0.0922084, 0.0922084, 0.0922084, 
0.0841204, 0.0841204, 0.0841214, 0.0841236, 0.0841272, 0.0841325, 0.0841396, 0.084149, 0.084161, 0.084176, 0.0841946, 0.0842174, 0.084245, 0.0842784, 0.0843184, 0.0843662, 0.0844221, 0.0844875, 0.0845641, 0.0846537, 0.0847586, 0.0848816, 0.0850256, 0.0851945, 0.0853927, 0.0856254, 0.0858988, 0.0862205, 0.0865994, 0.0870462, 0.0875741, 0.088199, 0.0889403, 0.0898224, 0.0908753, 0.092137, 0.0922046, 0.0922082, 0.0922084, 0.0922084, 0.0922084, 0.0922084, 0.0922084, 0.0922084, 0.0922084, 0.0922084, 0.0922084, 0.0922084, 0.0922084, 0.0922084, 
0.0841204, 0.0841204, 0.0841214, 0.0841236, 0.0841272, 0.0841325, 0.0841396, 0.084149, 0.084161, 0.084176, 0.0841946, 0.0842174, 0.084245, 0.0842784, 0.0843184, 0.0843662, 0.0844221, 0.0844875, 0.0845641, 0.0846537, 0.0847586, 0.0848816, 0.0850256, 0.0851945, 0.0853927, 0.0856254, 0.0858988, 0.0862205, 0.0865994, 0.0870462, 0.0875741, 0.088199, 0.0889403, 0.0898224, 0.0908753, 0.092137, 0.0922046, 0.0922082, 0.0922084, 0.0922084, 0.0922084, 0.0922084, 0.0922084, 0.0922084, 0.0922084, 0.0922084, 0.0922084, 0.0922084, 0.0922084, 0.0922084, 
0.0841204, 0.0841204, 0.0841214, 0.0841236, 0.0841272, 0.0841325, 0.0841396, 0.084149, 0.084161, 0.084176, 0.0841946, 0.0842174, 0.084245, 0.0842784, 0.0843184, 0.0843662, 0.0844221, 0.0844875, 0.0845641, 0.0846537, 0.0847586, 0.0848816, 0.0850256, 0.0851945, 0.0853927, 0.0856254, 0.0858988, 0.0862205, 0.0865994, 0.0870462, 0.0875741, 0.088199, 0.0889403, 0.0898224, 0.0908753, 0.092137, 0.0922046, 0.0922082, 0.0922084, 0.0922084, 0.0922084, 0.0922084, 0.0922084, 0.0922084, 0.0922084, 0.0922084, 0.0922084, 0.0922084, 0.0922084, 0.0922084, 
0.0841204, 0.0841204, 0.0841214, 0.0841236, 0.0841272, 0.0841325, 0.0841396, 0.084149, 0.084161, 0.084176, 0.0841946, 0.0842174, 0.084245, 0.0842784, 0.0843184, 0.0843662, 0.0844221, 0.0844875, 0.0845641, 0.0846537, 0.0847586, 0.0848816, 0.0850256, 0.0851945, 0.0853927, 0.0856254, 0.0858988, 0.0862205, 0.0865994, 0.0870462, 0.0875741, 0.088199, 0.0889403, 0.0898224, 0.0908753, 0.092137, 0.0922046, 0.0922082, 0.0922084, 0.0922084, 0.0922084, 0.0922084, 0.0922084, 0.0922084, 0.0922084, 0.0922084, 0.0922084, 0.0922084, 0.0922084, 0.0922084, 
