299.974, 299.974, 299.974, 299.974, 299.974, 299.974, 299.974, 299.974, 299.974, 299.974, 299.974, 299.974, 299.974, 299.974, 299.974, 299.973, 299.973, 299.973, 299.973, 299.973, 299.973, 299.973, 299.973, 299.973, 299.973, 299.973, 299.973, 299.973, 299.973, 299.973, 299.973, 299.973, 299.973, 299.973, 299.977, 299.995, 299.996, 299.996, 299.996, 299.996, 299.996, 299.996, 299.996, 299.996, 299.996, 299.996, 299.996, 299.996, 299.996, 299.996, 
301.01, 301.01, 301.01, 301.009, 301.008, 301.006, 301.003, 300.999, 300.994, 300.988, 300.98, 300.971, 300.959, 300.945, 300.928, 300.907, 300.886, 300.864, 300.842, 300.819, 300.795, 300.77, 300.744, 300.717, 300.687, 300.655, 300.621, 300.583, 300.54, 300.492, 300.438, 300.376, 300.304, 300.22, 300.122, 300.007, 300, 300, 300, 300, 300, 300, 300, 300, 300, 300, 300, 300, 300, 300, 
301.977, 301.977, 301.976, 301.975, 301.974, 301.971, 301.968, 301.963, 301.957, 301.95, 301.94, 301.929, 301.914, 301.897, 301.876, 301.85, 301.823, 301.794, 301.764, 301.731, 301.696, 301.657, 301.615, 301.568, 301.515, 301.456, 301.388, 301.311, 301.223, 301.12, 301.001, 300.862, 300.699, 300.508, 300.282, 300.015, 300.001, 300, 300, 300, 300, 300, 300, 300, 300, 300, 300, 300, 300, 300, 
302.919, 302.919, 302.919, 302.918, 302.916, 302.913, 302.908, 302.903, 302.896, 302.887, 302.876, 302.862, 302.845, 302.825, 302.8, 302.77, 302.737, 302.702, 302.664, 302.622, 302.575, 302.523, 302.464, 302.398, 302.323, 302.237, 302.137, 302.022, 301.889, 301.733, 301.55, 301.337, 301.085, 300.788, 300.438, 300.023, 300.001, 300, 300, 300, 300, 300, 300, 300, 300, 300, 300, 300, 300, 300, 
303.839, 303.839, 303.838, 303.836, 303.834, 303.831, 303.826, 303.82, 303.812, 303.801, 303.789, 303.773, 303.754, 303.73, 303.701, 303.666, 303.629, 303.587, 303.541, 303.49, 303.432, 303.367, 303.293, 303.208, 303.11, 302.998, 302.867, 302.715, 302.538, 302.33, 302.086, 301.799, 301.461, 301.062, 300.59, 300.032, 300.002, 300, 300, 300, 300, 300, 300, 300, 300, 300, 300, 300, 300, 300, 
304.735, 304.735, 304.734, 304.733, 304.73, 304.726, 304.721, 304.714, 304.705, 304.693, 304.679, 304.661, 304.639, 304.612, 304.58, 304.541, 304.498, 304.45, 304.396, 304.336, 304.268, 304.19, 304.1, 303.997, 303.878, 303.74, 303.579, 303.391, 303.171, 302.913, 302.609, 302.25, 301.828, 301.329, 300.738, 300.04, 300.002, 300, 300, 300, 300, 300, 300, 300, 300, 300, 300, 300, 300, 300, 
305.609, 305.609, 305.608, 305.606, 305.603, 305.599, 305.593, 305.585, 305.575, 305.563, 305.547, 305.527, 305.503, 305.473, 305.437, 305.394, 305.346, 305.292, 305.231, 305.162, 305.083, 304.992, 304.888, 304.767, 304.627, 304.464, 304.274, 304.051, 303.789, 303.481, 303.118, 302.69, 302.185, 301.589, 300.883, 300.047, 300.003, 300, 300, 300, 300, 300, 300, 300, 300, 300, 300, 300, 300, 300, 
306.461, 306.461, 306.46, 306.458, 306.455, 306.45, 306.444, 306.435, 306.424, 306.41, 306.393, 306.371, 306.345, 306.312, 306.273, 306.226, 306.172, 306.112, 306.044, 305.966, 305.877, 305.775, 305.656, 305.518, 305.358, 305.17, 304.951, 304.693, 304.391, 304.035, 303.615, 303.119, 302.534, 301.842, 301.024, 300.055, 300.003, 300, 300, 300, 300, 300, 300, 300, 300, 300, 300, 300, 300, 300, 
307.292, 307.292, 307.291, 307.289, 307.286, 307.281, 307.274, 307.264, 307.252, 307.237, 307.218, 307.195, 307.166, 307.131, 307.088, 307.036, 306.978, 306.913, 306.837, 306.751, 306.652, 306.538, 306.405, 306.25, 306.07, 305.859, 305.611, 305.32, 304.978, 304.575, 304.099, 303.538, 302.874, 302.09, 301.161, 300.062, 300.003, 300, 300, 300, 300, 300, 300, 300, 300, 300, 300, 300, 300, 300, 
308.103, 308.103, 308.102, 308.099, 308.096, 308.09, 308.083, 308.073, 308.06, 308.043, 308.023, 307.998, 307.967, 307.929, 307.883, 307.827, 307.764, 307.693, 307.611, 307.517, 307.408, 307.282, 307.135, 306.964, 306.764, 306.53, 306.255, 305.932, 305.551, 305.102, 304.572, 303.946, 303.206, 302.331, 301.295, 300.069, 300.004, 300, 300, 300, 300, 300, 300, 300, 300, 300, 300, 300, 300, 300, 
308.893, 308.893, 308.892, 308.89, 308.886, 308.88, 308.872, 308.861, 308.847, 308.829, 308.808, 308.781, 308.747, 308.707, 308.658, 308.598, 308.531, 308.454, 308.365, 308.263, 308.145, 308.008, 307.847, 307.66, 307.442, 307.185, 306.883, 306.528, 306.109, 305.615, 305.032, 304.344, 303.529, 302.566, 301.426, 300.076, 300.004, 300, 300, 300, 300, 300, 300, 300, 300, 300, 300, 300, 300, 300, 
309.664, 309.664, 309.663, 309.66, 309.656, 309.649, 309.641, 309.629, 309.615, 309.596, 309.573, 309.544, 309.509, 309.466, 309.414, 309.35, 309.278, 309.196, 309.101, 308.991, 308.864, 308.715, 308.542, 308.339, 308.102, 307.823, 307.495, 307.109, 306.654, 306.116, 305.482, 304.732, 303.845, 302.796, 301.554, 300.083, 300.004, 300, 300, 300, 300, 300, 300, 300, 300, 300, 300, 300, 300, 300, 
310.415, 310.415, 310.414, 310.411, 310.407, 310.4, 310.391, 310.379, 310.363, 310.344, 310.319, 310.289, 310.251, 310.206, 310.15, 310.084, 310.007, 309.92, 309.818, 309.701, 309.564, 309.405, 309.219, 309.001, 308.746, 308.446, 308.092, 307.676, 307.185, 306.605, 305.92, 305.11, 304.152, 303.019, 301.678, 300.09, 300.005, 300, 300, 300, 300, 300, 300, 300, 300, 300, 300, 300, 300, 300, 
311.148, 311.148, 311.147, 311.144, 311.139, 311.132, 311.123, 311.11, 311.093, 311.073, 311.047, 311.015, 310.975, 310.927, 310.869, 310.799, 310.718, 310.625, 310.518, 310.393, 310.248, 310.078, 309.88, 309.647, 309.374, 309.053, 308.674, 308.228, 307.702, 307.081, 306.347, 305.479, 304.452, 303.237, 301.799, 300.096, 300.005, 300, 300, 300, 300, 300, 300, 300, 300, 300, 300, 300, 300, 300, 
311.863, 311.863, 311.861, 311.858, 311.853, 311.846, 311.836, 311.823, 311.805, 311.784, 311.756, 311.723, 311.681, 311.631, 311.57, 311.496, 311.411, 311.313, 311.2, 311.068, 310.914, 310.734, 310.524, 310.277, 309.986, 309.645, 309.242, 308.767, 308.207, 307.545, 306.763, 305.839, 304.745, 303.45, 301.917, 300.103, 300.005, 300, 300, 300, 300, 300, 300, 300, 300, 300, 300, 300, 300, 300, 
312.56, 312.56, 312.558, 312.555, 312.55, 312.542, 312.532, 312.518, 312.5, 312.477, 312.448, 312.413, 312.37, 312.317, 312.253, 312.176, 312.087, 311.984, 311.865, 311.726, 311.564, 311.374, 311.152, 310.89, 310.583, 310.222, 309.796, 309.293, 308.7, 307.998, 307.17, 306.19, 305.03, 303.657, 302.033, 300.109, 300.006, 300, 300, 300, 300, 300, 300, 300, 300, 300, 300, 300, 300, 300, 
313.239, 313.239, 313.238, 313.234, 313.229, 313.221, 313.21, 313.195, 313.176, 313.153, 313.123, 313.086, 313.041, 312.986, 312.92, 312.839, 312.746, 312.639, 312.514, 312.368, 312.197, 311.998, 311.764, 311.489, 311.166, 310.785, 310.336, 309.806, 309.18, 308.44, 307.566, 306.532, 305.308, 303.86, 302.145, 300.115, 300.006, 300, 300, 300, 300, 300, 300, 300, 300, 300, 300, 300, 300, 300, 
313.902, 313.902, 313.9, 313.897, 313.891, 313.883, 313.871, 313.856, 313.837, 313.812, 313.781, 313.743, 313.696, 313.639, 313.569, 313.486, 313.389, 313.277, 313.146, 312.994, 312.815, 312.606, 312.361, 312.073, 311.733, 311.334, 310.862, 310.305, 309.648, 308.871, 307.952, 306.865, 305.579, 304.057, 302.255, 300.121, 300.006, 300, 300, 300, 300, 300, 300, 300, 300, 300, 300, 300, 300, 300, 
314.548, 314.548, 314.546, 314.543, 314.537, 314.528, 314.516, 314.501, 314.48, 314.455, 314.423, 314.383, 314.334, 314.275, 314.203, 314.116, 314.016, 313.899, 313.763, 313.604, 313.418, 313.2, 312.943, 312.642, 312.287, 311.869, 311.375, 310.793, 310.104, 309.291, 308.329, 307.19, 305.844, 304.249, 302.362, 300.126, 300.007, 300, 300, 300, 300, 300, 300, 300, 300, 300, 300, 300, 300, 300, 
315.178, 315.178, 315.176, 315.173, 315.167, 315.158, 315.145, 315.129, 315.108, 315.081, 315.048, 315.007, 314.957, 314.895, 314.821, 314.731, 314.627, 314.506, 314.364, 314.199, 314.005, 313.778, 313.511, 313.197, 312.827, 312.391, 311.876, 311.268, 310.55, 309.7, 308.696, 307.508, 306.101, 304.437, 302.466, 300.132, 300.007, 300, 300, 300, 300, 300, 300, 300, 300, 300, 300, 300, 300, 300, 
315.793, 315.793, 315.791, 315.787, 315.781, 315.771, 315.759, 315.742, 315.72, 315.693, 315.658, 315.616, 315.564, 315.501, 315.424, 315.331, 315.223, 315.097, 314.951, 314.779, 314.578, 314.342, 314.065, 313.738, 313.354, 312.9, 312.364, 311.731, 310.984, 310.1, 309.054, 307.817, 306.353, 304.62, 302.568, 300.137, 300.007, 300, 300, 300, 300, 300, 300, 300, 300, 300, 300, 300, 300, 300, 
316.392, 316.392, 316.39, 316.386, 316.38, 316.37, 316.357, 316.34, 316.317, 316.289, 316.253, 316.21, 316.156, 316.091, 316.011, 315.915, 315.804, 315.674, 315.523, 315.345, 315.137, 314.892, 314.605, 314.266, 313.867, 313.396, 312.84, 312.183, 311.407, 310.489, 309.403, 308.119, 306.598, 304.798, 302.667, 300.143, 300.008, 300, 300, 300, 300, 300, 300, 300, 300, 300, 300, 300, 300, 300, 
316.976, 316.976, 316.974, 316.97, 316.963, 316.954, 316.94, 316.922, 316.899, 316.87, 316.834, 316.788, 316.733, 316.666, 316.584, 316.486, 316.371, 316.237, 316.08, 315.897, 315.682, 315.429, 315.131, 314.781, 314.368, 313.88, 313.304, 312.624, 311.82, 310.869, 309.744, 308.413, 306.837, 304.972, 302.763, 300.148, 300.008, 300, 300, 300, 300, 300, 300, 300, 300, 300, 300, 300, 300, 300, 
317.546, 317.546, 317.544, 317.54, 317.533, 317.523, 317.509, 317.491, 317.467, 317.437, 317.399, 317.353, 317.296, 317.227, 317.143, 317.041, 316.923, 316.785, 316.624, 316.435, 316.213, 315.952, 315.645, 315.283, 314.856, 314.352, 313.757, 313.054, 312.222, 311.239, 310.076, 308.7, 307.07, 305.142, 302.858, 300.153, 300.008, 300, 300, 300, 300, 300, 300, 300, 300, 300, 300, 300, 300, 300, 
318.102, 318.102, 318.1, 318.095, 318.088, 318.078, 318.064, 318.045, 318.02, 317.989, 317.951, 317.903, 317.845, 317.774, 317.688, 317.584, 317.462, 317.32, 317.154, 316.96, 316.731, 316.462, 316.146, 315.772, 315.332, 314.812, 314.198, 313.473, 312.615, 311.6, 310.4, 308.979, 307.298, 305.307, 302.95, 300.158, 300.008, 300, 300, 300, 300, 300, 300, 300, 300, 300, 300, 300, 300, 300, 
318.643, 318.643, 318.641, 318.637, 318.63, 318.619, 318.604, 318.585, 318.56, 318.528, 318.489, 318.44, 318.38, 318.307, 318.219, 318.112, 317.988, 317.842, 317.672, 317.472, 317.236, 316.96, 316.634, 316.25, 315.796, 315.261, 314.629, 313.881, 312.998, 311.952, 310.716, 309.252, 307.52, 305.468, 303.039, 300.163, 300.009, 300, 300, 300, 300, 300, 300, 300, 300, 300, 300, 300, 300, 300, 
319.172, 319.172, 319.17, 319.165, 319.158, 319.147, 319.132, 319.112, 319.086, 319.054, 319.014, 318.964, 318.902, 318.828, 318.737, 318.628, 318.5, 318.351, 318.176, 317.971, 317.729, 317.445, 317.11, 316.715, 316.249, 315.699, 315.048, 314.28, 313.371, 312.296, 311.024, 309.518, 307.736, 305.626, 303.127, 300.167, 300.009, 300, 300, 300, 300, 300, 300, 300, 300, 300, 300, 300, 300, 300, 
319.687, 319.687, 319.685, 319.68, 319.673, 319.661, 319.646, 319.626, 319.6, 319.567, 319.525, 319.474, 319.411, 319.335, 319.242, 319.131, 319, 318.847, 318.668, 318.457, 318.209, 317.918, 317.574, 317.169, 316.69, 316.125, 315.458, 314.668, 313.735, 312.631, 311.324, 309.777, 307.947, 305.779, 303.212, 300.172, 300.009, 300, 300, 300, 300, 300, 300, 300, 300, 300, 300, 300, 300, 300, 
320.189, 320.189, 320.187, 320.182, 320.175, 320.163, 320.148, 320.127, 320.1, 320.066, 320.024, 319.972, 319.908, 319.83, 319.735, 319.621, 319.487, 319.331, 319.147, 318.932, 318.678, 318.379, 318.027, 317.611, 317.121, 316.542, 315.857, 315.047, 314.09, 312.957, 311.617, 310.03, 308.152, 305.928, 303.295, 300.176, 300.009, 300.001, 300, 300, 300, 300, 300, 300, 300, 300, 300, 300, 300, 300, 
320.679, 320.679, 320.677, 320.672, 320.664, 320.653, 320.637, 320.615, 320.588, 320.554, 320.511, 320.457, 320.392, 320.312, 320.216, 320.099, 319.962, 319.802, 319.615, 319.394, 319.135, 318.829, 318.468, 318.043, 317.541, 316.947, 316.246, 315.417, 314.436, 313.276, 311.902, 310.277, 308.353, 306.074, 303.376, 300.181, 300.01, 300.001, 300, 300, 300, 300, 300, 300, 300, 300, 300, 300, 300, 300, 
321.157, 321.157, 321.155, 321.15, 321.142, 321.13, 321.114, 321.092, 321.064, 321.029, 320.985, 320.931, 320.864, 320.783, 320.684, 320.565, 320.426, 320.262, 320.071, 319.845, 319.58, 319.268, 318.899, 318.464, 317.95, 317.343, 316.626, 315.777, 314.774, 313.586, 312.181, 310.518, 308.548, 306.216, 303.455, 300.185, 300.01, 300.001, 300, 300, 300, 300, 300, 300, 300, 300, 300, 300, 300, 300, 
321.623, 321.623, 321.621, 321.616, 321.607, 321.595, 321.579, 321.557, 321.528, 321.492, 321.447, 321.392, 321.324, 321.241, 321.141, 321.02, 320.878, 320.711, 320.515, 320.285, 320.015, 319.695, 319.319, 318.874, 318.349, 317.729, 316.996, 316.129, 315.103, 313.889, 312.452, 310.752, 308.739, 306.355, 303.532, 300.189, 300.01, 300.001, 300, 300, 300, 300, 300, 300, 300, 300, 300, 300, 300, 300, 
322.077, 322.077, 322.075, 322.07, 322.061, 322.049, 322.032, 322.01, 321.981, 321.944, 321.899, 321.842, 321.773, 321.689, 321.586, 321.463, 321.318, 321.149, 320.949, 320.714, 320.438, 320.112, 319.728, 319.274, 318.739, 318.105, 317.357, 316.471, 315.424, 314.184, 312.717, 310.981, 308.925, 306.49, 303.607, 300.193, 300.01, 300.001, 300, 300, 300, 300, 300, 300, 300, 300, 300, 300, 300, 300, 
322.52, 322.52, 322.518, 322.513, 322.504, 322.491, 322.474, 322.451, 322.422, 322.385, 322.338, 322.281, 322.211, 322.125, 322.021, 321.895, 321.748, 321.575, 321.372, 321.133, 320.851, 320.519, 320.127, 319.665, 319.118, 318.472, 317.709, 316.805, 315.737, 314.472, 312.976, 311.204, 309.106, 306.622, 303.681, 300.197, 300.011, 300.001, 300, 300, 300, 300, 300, 300, 300, 300, 300, 300, 300, 300, 
322.952, 322.952, 322.95, 322.944, 322.936, 322.923, 322.905, 322.882, 322.852, 322.815, 322.767, 322.709, 322.637, 322.55, 322.444, 322.317, 322.167, 321.991, 321.784, 321.541, 321.254, 320.916, 320.517, 320.045, 319.488, 318.83, 318.052, 317.131, 316.042, 314.753, 313.227, 311.421, 309.283, 306.751, 303.752, 300.201, 300.011, 300.001, 300, 300, 300, 300, 300, 300, 300, 300, 300, 300, 300, 300, 
323.373, 323.373, 323.371, 323.366, 323.357, 323.344, 323.326, 323.302, 323.272, 323.234, 323.186, 323.126, 323.054, 322.965, 322.857, 322.728, 322.575, 322.397, 322.186, 321.939, 321.647, 321.303, 320.896, 320.416, 319.849, 319.179, 318.386, 317.449, 316.34, 315.027, 313.473, 311.633, 309.455, 306.876, 303.822, 300.205, 300.011, 300.001, 300, 300, 300, 300, 300, 300, 300, 300, 300, 300, 300, 300, 
323.784, 323.784, 323.782, 323.776, 323.767, 323.754, 323.736, 323.712, 323.681, 323.642, 323.594, 323.533, 323.459, 323.369, 323.26, 323.129, 322.974, 322.792, 322.578, 322.327, 322.03, 321.68, 321.266, 320.778, 320.201, 319.519, 318.713, 317.759, 316.63, 315.294, 313.712, 311.84, 309.623, 306.998, 303.89, 300.208, 300.011, 300.001, 300, 300, 300, 300, 300, 300, 300, 300, 300, 300, 300, 300, 
324.185, 324.185, 324.182, 324.177, 324.168, 324.154, 324.136, 324.112, 324.08, 324.041, 323.991, 323.93, 323.855, 323.764, 323.653, 323.519, 323.362, 323.178, 322.961, 322.705, 322.403, 322.048, 321.627, 321.131, 320.545, 319.851, 319.031, 318.061, 316.913, 315.554, 313.946, 312.042, 309.787, 307.118, 303.956, 300.212, 300.011, 300.001, 300, 300, 300, 300, 300, 300, 300, 300, 300, 300, 300, 300, 
324.575, 324.575, 324.573, 324.567, 324.558, 324.544, 324.526, 324.501, 324.469, 324.429, 324.379, 324.317, 324.241, 324.148, 324.036, 323.901, 323.741, 323.554, 323.334, 323.074, 322.768, 322.406, 321.979, 321.475, 320.879, 320.175, 319.341, 318.355, 317.189, 315.808, 314.173, 312.238, 309.947, 307.234, 304.021, 300.215, 300.012, 300.001, 300, 300, 300, 300, 300, 300, 300, 300, 300, 300, 300, 300, 
324.956, 324.956, 324.954, 324.948, 324.939, 324.925, 324.906, 324.881, 324.849, 324.808, 324.757, 324.695, 324.617, 324.524, 324.41, 324.272, 324.111, 323.921, 323.697, 323.434, 323.123, 322.756, 322.323, 321.811, 321.206, 320.49, 319.644, 318.643, 317.458, 316.056, 314.396, 312.43, 310.103, 307.347, 304.084, 300.219, 300.012, 300.001, 300, 300, 300, 300, 300, 300, 300, 300, 300, 300, 300, 300, 
325.328, 325.328, 325.325, 325.319, 325.31, 325.296, 325.277, 325.252, 325.219, 325.178, 325.126, 325.063, 324.984, 324.889, 324.774, 324.635, 324.471, 324.278, 324.052, 323.784, 323.469, 323.097, 322.657, 322.138, 321.524, 320.798, 319.939, 318.923, 317.72, 316.297, 314.612, 312.617, 310.255, 307.458, 304.145, 300.222, 300.012, 300.001, 300, 300, 300, 300, 300, 300, 300, 300, 300, 300, 300, 300, 
325.69, 325.69, 325.687, 325.681, 325.672, 325.658, 325.638, 325.613, 325.58, 325.538, 325.486, 325.421, 325.342, 325.246, 325.129, 324.988, 324.822, 324.627, 324.397, 324.126, 323.807, 323.429, 322.984, 322.457, 321.834, 321.098, 320.227, 319.196, 317.976, 316.532, 314.823, 312.799, 310.403, 307.566, 304.205, 300.225, 300.012, 300.001, 300, 300, 300, 300, 300, 300, 300, 300, 300, 300, 300, 300, 
326.043, 326.043, 326.04, 326.035, 326.025, 326.011, 325.991, 325.965, 325.932, 325.889, 325.837, 325.771, 325.691, 325.594, 325.475, 325.333, 325.165, 324.967, 324.735, 324.46, 324.136, 323.754, 323.302, 322.768, 322.137, 321.39, 320.507, 319.462, 318.226, 316.762, 315.029, 312.977, 310.548, 307.671, 304.264, 300.228, 300.012, 300.001, 300, 300, 300, 300, 300, 300, 300, 300, 300, 300, 300, 300, 
326.388, 326.388, 326.385, 326.379, 326.369, 326.355, 326.335, 326.309, 326.275, 326.232, 326.179, 326.113, 326.032, 325.933, 325.813, 325.669, 325.499, 325.299, 325.063, 324.785, 324.457, 324.07, 323.612, 323.072, 322.432, 321.676, 320.781, 319.722, 318.469, 316.986, 315.23, 313.151, 310.689, 307.773, 304.321, 300.231, 300.012, 300.001, 300, 300, 300, 300, 300, 300, 300, 300, 300, 300, 300, 300, 
326.723, 326.723, 326.721, 326.715, 326.705, 326.69, 326.67, 326.644, 326.609, 326.566, 326.512, 326.445, 326.363, 326.264, 326.143, 325.997, 325.825, 325.622, 325.384, 325.103, 324.771, 324.378, 323.915, 323.367, 322.72, 321.954, 321.048, 319.976, 318.706, 317.204, 315.426, 313.32, 310.826, 307.873, 304.376, 300.234, 300.013, 300.001, 300, 300, 300, 300, 300, 300, 300, 300, 300, 300, 300, 300, 
327.051, 327.051, 327.048, 327.042, 327.032, 327.017, 326.997, 326.97, 326.936, 326.892, 326.837, 326.77, 326.687, 326.586, 326.464, 326.316, 326.142, 325.938, 325.696, 325.412, 325.076, 324.679, 324.21, 323.656, 323.001, 322.225, 321.308, 320.223, 318.938, 317.417, 315.616, 313.485, 310.96, 307.971, 304.43, 300.237, 300.013, 300.001, 300, 300, 300, 300, 300, 300, 300, 300, 300, 300, 300, 300, 
327.37, 327.37, 327.368, 327.361, 327.351, 327.336, 327.316, 327.289, 327.254, 327.21, 327.154, 327.086, 327.002, 326.901, 326.777, 326.628, 326.452, 326.245, 326.001, 325.713, 325.374, 324.972, 324.498, 323.937, 323.274, 322.49, 321.562, 320.463, 319.163, 317.625, 315.803, 313.645, 311.091, 308.066, 304.483, 300.24, 300.013, 300.001, 300, 300, 300, 300, 300, 300, 300, 300, 300, 300, 300, 300, 
327.682, 327.682, 327.679, 327.673, 327.662, 327.647, 327.627, 327.599, 327.564, 327.519, 327.464, 327.395, 327.31, 327.207, 327.082, 326.932, 326.754, 326.545, 326.299, 326.008, 325.664, 325.258, 324.779, 324.212, 323.541, 322.748, 321.809, 320.698, 319.384, 317.827, 315.984, 313.802, 311.218, 308.158, 304.535, 300.243, 300.013, 300.001, 300, 300, 300, 300, 300, 300, 300, 300, 300, 300, 300, 300, 
327.986, 327.986, 327.983, 327.976, 327.966, 327.951, 327.93, 327.902, 327.867, 327.822, 327.765, 327.696, 327.61, 327.506, 327.38, 327.228, 327.049, 326.838, 326.588, 326.294, 325.947, 325.537, 325.052, 324.479, 323.801, 322.999, 322.05, 320.927, 319.598, 318.024, 316.161, 313.955, 311.343, 308.249, 304.585, 300.245, 300.013, 300.001, 300, 300, 300, 300, 300, 300, 300, 300, 300, 300, 300, 300, 
328.282, 328.282, 328.279, 328.272, 328.262, 328.247, 328.225, 328.198, 328.162, 328.116, 328.059, 327.989, 327.903, 327.798, 327.671, 327.517, 327.336, 327.123, 326.871, 326.574, 326.223, 325.809, 325.319, 324.74, 324.055, 323.245, 322.286, 321.151, 319.807, 318.217, 316.334, 314.104, 311.464, 308.337, 304.634, 300.248, 300.013, 300.001, 300, 300, 300, 300, 300, 300, 300, 300, 300, 300, 300, 300, 
328.57, 328.57, 328.568, 328.561, 328.551, 328.535, 328.514, 328.486, 328.449, 328.403, 328.346, 328.275, 328.188, 328.082, 327.954, 327.799, 327.616, 327.401, 327.147, 326.847, 326.493, 326.074, 325.58, 324.995, 324.303, 323.484, 322.515, 321.369, 320.011, 318.405, 316.502, 314.25, 311.582, 308.423, 304.682, 300.251, 300.013, 300.001, 300, 300, 300, 300, 300, 300, 300, 300, 300, 300, 300, 300, 
328.852, 328.852, 328.849, 328.843, 328.832, 328.816, 328.795, 328.766, 328.73, 328.684, 328.626, 328.554, 328.466, 328.36, 328.23, 328.074, 327.889, 327.672, 327.416, 327.113, 326.755, 326.333, 325.833, 325.243, 324.544, 323.717, 322.739, 321.581, 320.21, 318.588, 316.666, 314.391, 311.697, 308.507, 304.728, 300.253, 300.014, 300.001, 300, 300, 300, 300, 300, 300, 300, 300, 300, 300, 300, 300, 
329.127, 329.127, 329.124, 329.117, 329.106, 329.091, 329.069, 329.04, 329.003, 328.957, 328.898, 328.826, 328.738, 328.63, 328.499, 328.341, 328.156, 327.936, 327.678, 327.372, 327.011, 326.585, 326.081, 325.485, 324.779, 323.945, 322.957, 321.788, 320.404, 318.766, 316.826, 314.53, 311.81, 308.589, 304.774, 300.255, 300.014, 300.001, 300, 300, 300, 300, 300, 300, 300, 300, 300, 300, 300, 300, 
329.395, 329.395, 329.391, 329.385, 329.374, 329.358, 329.336, 329.307, 329.27, 329.223, 329.164, 329.091, 329.002, 328.894, 328.762, 328.603, 328.415, 328.194, 327.933, 327.625, 327.261, 326.831, 326.322, 325.72, 325.009, 324.166, 323.17, 321.99, 320.594, 318.94, 316.982, 314.664, 311.919, 308.668, 304.818, 300.258, 300.014, 300.001, 300, 300, 300, 300, 300, 300, 300, 300, 300, 300, 300, 300, 
329.656, 329.656, 329.653, 329.646, 329.635, 329.619, 329.597, 329.568, 329.53, 329.483, 329.424, 329.35, 329.26, 329.151, 329.018, 328.858, 328.669, 328.446, 328.182, 327.872, 327.505, 327.071, 326.557, 325.95, 325.232, 324.383, 323.377, 322.187, 320.778, 319.11, 317.135, 314.796, 312.026, 308.746, 304.861, 300.26, 300.014, 300.001, 300, 300, 300, 300, 300, 300, 300, 300, 300, 300, 300, 300, 
329.91, 329.91, 329.907, 329.901, 329.889, 329.873, 329.851, 329.822, 329.784, 329.736, 329.676, 329.602, 329.512, 329.401, 329.268, 329.106, 328.916, 328.691, 328.426, 328.112, 327.742, 327.304, 326.787, 326.175, 325.451, 324.594, 323.58, 322.379, 320.958, 319.275, 317.283, 314.924, 312.13, 308.822, 304.903, 300.262, 300.014, 300.001, 300, 300, 300, 300, 300, 300, 300, 300, 300, 300, 300, 300, 
330.159, 330.159, 330.156, 330.149, 330.138, 330.121, 330.099, 330.07, 330.031, 329.983, 329.923, 329.848, 329.757, 329.646, 329.511, 329.348, 329.156, 328.93, 328.663, 328.347, 327.974, 327.532, 327.011, 326.394, 325.663, 324.799, 323.777, 322.566, 321.133, 319.437, 317.428, 315.049, 312.232, 308.896, 304.944, 300.265, 300.014, 300.001, 300, 300, 300, 300, 300, 300, 300, 300, 300, 300, 300, 300, 
330.401, 330.401, 330.398, 330.391, 330.38, 330.363, 330.341, 330.311, 330.273, 330.224, 330.163, 330.088, 329.996, 329.884, 329.749, 329.585, 329.391, 329.163, 328.894, 328.575, 328.199, 327.755, 327.229, 326.607, 325.871, 325, 323.969, 322.749, 321.304, 319.594, 317.569, 315.171, 312.331, 308.968, 304.984, 300.267, 300.014, 300.001, 300, 300, 300, 300, 300, 300, 300, 300, 300, 300, 300, 300, 
330.637, 330.637, 330.634, 330.627, 330.616, 330.599, 330.576, 330.546, 330.508, 330.459, 330.398, 330.322, 330.23, 330.117, 329.98, 329.815, 329.62, 329.39, 329.119, 328.798, 328.419, 327.971, 327.442, 326.815, 326.073, 325.196, 324.157, 322.927, 321.471, 319.748, 317.707, 315.29, 312.428, 309.038, 305.024, 300.269, 300.014, 300.001, 300, 300, 300, 300, 300, 300, 300, 300, 300, 300, 300, 300, 
330.867, 330.867, 330.864, 330.857, 330.846, 330.829, 330.806, 330.776, 330.737, 330.688, 330.626, 330.55, 330.457, 330.344, 330.206, 330.04, 329.844, 329.612, 329.339, 329.016, 328.634, 328.183, 327.649, 327.018, 326.271, 325.386, 324.34, 323.101, 321.634, 319.897, 317.841, 315.406, 312.522, 309.107, 305.062, 300.271, 300.014, 300.001, 300, 300, 300, 300, 300, 300, 300, 300, 300, 300, 300, 300, 
331.092, 331.092, 331.089, 331.082, 331.07, 331.053, 331.03, 331, 330.961, 330.911, 330.849, 330.773, 330.679, 330.565, 330.426, 330.259, 330.061, 329.828, 329.553, 329.228, 328.844, 328.389, 327.851, 327.215, 326.463, 325.572, 324.518, 323.27, 321.793, 320.043, 317.972, 315.519, 312.614, 309.173, 305.099, 300.273, 300.015, 300.001, 300, 300, 300, 300, 300, 300, 300, 300, 300, 300, 300, 300, 
331.311, 331.311, 331.307, 331.3, 331.289, 331.272, 331.249, 331.218, 331.179, 331.129, 331.067, 330.99, 330.895, 330.78, 330.641, 330.472, 330.274, 330.039, 329.762, 329.435, 329.048, 328.59, 328.049, 327.408, 326.651, 325.754, 324.692, 323.435, 321.947, 320.186, 318.099, 315.629, 312.703, 309.239, 305.135, 300.275, 300.015, 300.001, 300, 300, 300, 300, 300, 300, 300, 300, 300, 300, 300, 300, 
331.524, 331.524, 331.521, 331.514, 331.502, 331.485, 331.462, 331.431, 331.392, 331.342, 331.279, 331.201, 331.106, 330.991, 330.85, 330.681, 330.481, 330.245, 329.966, 329.636, 329.247, 328.786, 328.241, 327.596, 326.833, 325.931, 324.862, 323.596, 322.098, 320.324, 318.224, 315.736, 312.791, 309.302, 305.17, 300.277, 300.015, 300.001, 300, 300, 300, 300, 300, 300, 300, 300, 300, 300, 300, 300, 
331.732, 331.732, 331.729, 331.722, 331.71, 331.693, 331.67, 331.639, 331.599, 331.549, 331.486, 331.408, 331.312, 331.196, 331.054, 330.884, 330.683, 330.445, 330.165, 329.833, 329.441, 328.977, 328.429, 327.78, 327.012, 326.103, 325.027, 323.753, 322.245, 320.46, 318.345, 315.841, 312.876, 309.364, 305.205, 300.279, 300.015, 300.001, 300, 300, 300, 300, 300, 300, 300, 300, 300, 300, 300, 300, 
331.935, 331.935, 331.932, 331.925, 331.913, 331.896, 331.873, 331.842, 331.801, 331.751, 331.687, 331.609, 331.513, 331.396, 331.254, 331.082, 330.88, 330.641, 330.358, 330.025, 329.63, 329.164, 328.612, 327.959, 327.186, 326.271, 325.188, 323.906, 322.389, 320.592, 318.464, 315.943, 312.959, 309.424, 305.238, 300.28, 300.015, 300.001, 300, 300, 300, 300, 300, 300, 300, 300, 300, 300, 300, 300, 
332.133, 332.133, 332.13, 332.123, 332.111, 332.094, 332.07, 332.039, 331.999, 331.948, 331.884, 331.805, 331.708, 331.59, 331.448, 331.275, 331.072, 330.831, 330.547, 330.212, 329.815, 329.345, 328.79, 328.133, 327.356, 326.435, 325.346, 324.056, 322.529, 320.72, 318.579, 316.043, 313.04, 309.483, 305.271, 300.282, 300.015, 300.001, 300, 300, 300, 300, 300, 300, 300, 300, 300, 300, 300, 300, 
332.326, 332.326, 332.323, 332.316, 332.304, 332.287, 332.263, 332.232, 332.191, 332.14, 332.075, 331.996, 331.899, 331.781, 331.637, 331.464, 331.259, 331.017, 330.732, 330.394, 329.995, 329.523, 328.964, 328.303, 327.521, 326.595, 325.499, 324.201, 322.665, 320.846, 318.691, 316.14, 313.119, 309.541, 305.303, 300.284, 300.015, 300.001, 300, 300, 300, 300, 300, 300, 300, 300, 300, 300, 300, 300, 
332.515, 332.515, 332.511, 332.504, 332.492, 332.475, 332.451, 332.419, 332.379, 332.327, 332.262, 332.183, 332.085, 331.966, 331.822, 331.647, 331.442, 331.199, 330.911, 330.572, 330.17, 329.696, 329.134, 328.469, 327.682, 326.751, 325.649, 324.343, 322.798, 320.968, 318.801, 316.235, 313.196, 309.597, 305.334, 300.285, 300.015, 300.001, 300, 300, 300, 300, 300, 300, 300, 300, 300, 300, 300, 300, 
332.698, 332.698, 332.695, 332.688, 332.676, 332.658, 332.634, 332.602, 332.561, 332.509, 332.445, 332.365, 332.266, 332.147, 332.002, 331.826, 331.62, 331.375, 331.087, 330.745, 330.342, 329.864, 329.299, 328.631, 327.84, 326.903, 325.794, 324.482, 322.928, 321.087, 318.908, 316.328, 313.271, 309.652, 305.365, 300.287, 300.015, 300.001, 300, 300, 300, 300, 300, 300, 300, 300, 300, 300, 300, 300, 
332.877, 332.877, 332.874, 332.867, 332.855, 332.837, 332.813, 332.781, 332.74, 332.688, 332.622, 332.542, 332.443, 332.323, 332.177, 332.001, 331.793, 331.548, 331.257, 330.914, 330.509, 330.029, 329.461, 328.788, 327.993, 327.051, 325.937, 324.617, 323.054, 321.204, 319.013, 316.418, 313.344, 309.705, 305.394, 300.289, 300.015, 300.001, 300, 300, 300, 300, 300, 300, 300, 300, 300, 300, 300, 300, 
333.052, 333.052, 333.049, 333.041, 333.029, 333.011, 332.987, 332.955, 332.914, 332.861, 332.796, 332.715, 332.616, 332.495, 332.348, 332.171, 331.963, 331.716, 331.424, 331.079, 330.671, 330.189, 329.618, 328.942, 328.143, 327.196, 326.075, 324.749, 323.178, 321.317, 319.114, 316.506, 313.416, 309.757, 305.423, 300.29, 300.016, 300.001, 300, 300, 300, 300, 300, 300, 300, 300, 300, 300, 300, 300, 
333.222, 333.222, 333.219, 333.211, 333.199, 333.182, 333.157, 333.125, 333.083, 333.031, 332.965, 332.884, 332.784, 332.662, 332.515, 332.338, 332.128, 331.88, 331.587, 331.24, 330.83, 330.345, 329.771, 329.092, 328.288, 327.337, 326.211, 324.877, 323.298, 321.428, 319.214, 316.591, 313.486, 309.807, 305.451, 300.292, 300.016, 300.001, 300, 300, 300, 300, 300, 300, 300, 300, 300, 300, 300, 300, 
333.388, 333.388, 333.385, 333.377, 333.365, 333.347, 333.323, 333.29, 333.249, 333.196, 333.13, 333.048, 332.948, 332.826, 332.678, 332.5, 332.289, 332.04, 331.745, 331.397, 330.985, 330.498, 329.921, 329.238, 328.431, 327.474, 326.342, 325.002, 323.415, 321.536, 319.31, 316.675, 313.554, 309.857, 305.479, 300.293, 300.016, 300.001, 300, 300, 300, 300, 300, 300, 300, 300, 300, 300, 300, 300, 
333.55, 333.55, 333.547, 333.539, 333.527, 333.509, 333.484, 333.452, 333.41, 333.357, 333.29, 333.208, 333.108, 332.985, 332.837, 332.658, 332.446, 332.195, 331.9, 331.55, 331.136, 330.646, 330.067, 329.381, 328.569, 327.609, 326.471, 325.124, 323.529, 321.641, 319.405, 316.756, 313.62, 309.905, 305.505, 300.295, 300.016, 300.001, 300, 300, 300, 300, 300, 300, 300, 300, 300, 300, 300, 300, 
333.708, 333.708, 333.704, 333.697, 333.685, 333.667, 333.642, 333.609, 333.567, 333.514, 333.447, 333.365, 333.264, 333.141, 332.992, 332.812, 332.599, 332.347, 332.05, 331.699, 331.283, 330.791, 330.209, 329.52, 328.705, 327.739, 326.596, 325.243, 323.641, 321.744, 319.497, 316.836, 313.684, 309.952, 305.532, 300.296, 300.016, 300.001, 300, 300, 300, 300, 300, 300, 300, 300, 300, 300, 300, 300, 
333.862, 333.862, 333.858, 333.851, 333.839, 333.82, 333.796, 333.763, 333.72, 333.667, 333.6, 333.517, 333.416, 333.292, 333.143, 332.962, 332.748, 332.496, 332.197, 331.844, 331.427, 330.932, 330.348, 329.656, 328.837, 327.867, 326.719, 325.359, 323.75, 321.844, 319.586, 316.913, 313.747, 309.998, 305.557, 300.297, 300.016, 300.001, 300, 300, 300, 300, 300, 300, 300, 300, 300, 300, 300, 300, 
334.012, 334.012, 334.008, 334.001, 333.989, 333.97, 333.945, 333.913, 333.87, 333.816, 333.749, 333.666, 333.564, 333.44, 333.29, 333.108, 332.894, 332.64, 332.34, 331.986, 331.566, 331.07, 330.483, 329.788, 328.965, 327.991, 326.838, 325.473, 323.856, 321.941, 319.674, 316.989, 313.809, 310.043, 305.582, 300.299, 300.016, 300.001, 300, 300, 300, 300, 300, 300, 300, 300, 300, 300, 300, 300, 
334.158, 334.158, 334.155, 334.147, 334.135, 334.117, 334.092, 334.058, 334.016, 333.962, 333.894, 333.811, 333.709, 333.584, 333.433, 333.251, 333.036, 332.781, 332.48, 332.124, 331.703, 331.205, 330.615, 329.917, 329.091, 328.112, 326.954, 325.583, 323.959, 322.036, 319.759, 317.062, 313.869, 310.086, 305.606, 300.3, 300.016, 300.001, 300, 300, 300, 300, 300, 300, 300, 300, 300, 300, 300, 300, 
334.301, 334.301, 334.298, 334.29, 334.277, 334.259, 334.234, 334.201, 334.158, 334.104, 334.036, 333.952, 333.85, 333.725, 333.573, 333.39, 333.174, 332.919, 332.616, 332.259, 331.836, 331.336, 330.744, 330.043, 329.213, 328.231, 327.068, 325.691, 324.06, 322.129, 319.842, 317.134, 313.927, 310.129, 305.63, 300.301, 300.016, 300.001, 300, 300, 300, 300, 300, 300, 300, 300, 300, 300, 300, 300, 
334.44, 334.44, 334.437, 334.429, 334.417, 334.398, 334.373, 334.34, 334.297, 334.242, 334.174, 334.09, 333.987, 333.862, 333.71, 333.526, 333.309, 333.053, 332.749, 332.39, 331.966, 331.463, 330.869, 330.165, 329.332, 328.346, 327.178, 325.796, 324.158, 322.22, 319.924, 317.204, 313.984, 310.17, 305.653, 300.303, 300.016, 300.001, 300, 300, 300, 300, 300, 300, 300, 300, 300, 300, 300, 300, 
334.576, 334.576, 334.572, 334.565, 334.552, 334.534, 334.509, 334.475, 334.432, 334.377, 334.309, 334.225, 334.121, 333.996, 333.843, 333.659, 333.441, 333.183, 332.879, 332.519, 332.092, 331.588, 330.991, 330.285, 329.448, 328.458, 327.286, 325.898, 324.254, 322.308, 320.003, 317.273, 314.04, 310.21, 305.675, 300.304, 300.016, 300.001, 300, 300, 300, 300, 300, 300, 300, 300, 300, 300, 300, 300, 
334.708, 334.708, 334.705, 334.697, 334.684, 334.666, 334.641, 334.607, 334.564, 334.509, 334.44, 334.356, 334.252, 334.126, 333.973, 333.788, 333.569, 333.311, 333.005, 332.644, 332.216, 331.71, 331.111, 330.401, 329.562, 328.568, 327.391, 325.998, 324.348, 322.394, 320.08, 317.339, 314.094, 310.25, 305.697, 300.305, 300.016, 300.001, 300, 300, 300, 300, 300, 300, 300, 300, 300, 300, 300, 300, 
334.837, 334.837, 334.834, 334.826, 334.813, 334.795, 334.769, 334.736, 334.692, 334.637, 334.569, 334.484, 334.38, 334.253, 334.099, 333.914, 333.694, 333.435, 333.128, 332.765, 332.336, 331.828, 331.227, 330.515, 329.673, 328.675, 327.494, 326.095, 324.439, 322.478, 320.155, 317.404, 314.147, 310.288, 305.718, 300.306, 300.016, 300.001, 300, 300, 300, 300, 300, 300, 300, 300, 300, 300, 300, 300, 
334.963, 334.963, 334.96, 334.952, 334.939, 334.921, 334.895, 334.861, 334.818, 334.763, 334.694, 334.608, 334.504, 334.377, 334.223, 334.036, 333.816, 333.556, 333.248, 332.884, 332.454, 331.944, 331.34, 330.626, 329.78, 328.779, 327.594, 326.19, 324.528, 322.56, 320.228, 317.468, 314.198, 310.326, 305.739, 300.307, 300.016, 300.001, 300, 300, 300, 300, 300, 300, 300, 300, 300, 300, 300, 300, 
335.086, 335.086, 335.082, 335.075, 335.062, 335.043, 335.018, 334.984, 334.94, 334.885, 334.815, 334.73, 334.625, 334.498, 334.343, 334.156, 333.935, 333.674, 333.366, 333, 332.568, 332.056, 331.451, 330.734, 329.886, 328.881, 327.691, 326.283, 324.615, 322.639, 320.3, 317.529, 314.248, 310.362, 305.76, 300.308, 300.016, 300.001, 300, 300, 300, 300, 300, 300, 300, 300, 300, 300, 300, 300, 
335.206, 335.206, 335.202, 335.194, 335.182, 335.163, 335.137, 335.103, 335.059, 335.004, 334.934, 334.849, 334.744, 334.616, 334.46, 334.273, 334.052, 333.79, 333.48, 333.113, 332.68, 332.166, 331.559, 330.84, 329.988, 328.98, 327.786, 326.373, 324.699, 322.717, 320.37, 317.59, 314.297, 310.398, 305.779, 300.309, 300.017, 300.001, 300, 300, 300, 300, 300, 300, 300, 300, 300, 300, 300, 300, 
335.322, 335.322, 335.319, 335.311, 335.298, 335.279, 335.254, 335.219, 335.175, 335.12, 335.05, 334.964, 334.859, 334.73, 334.575, 334.387, 334.165, 333.902, 333.591, 333.223, 332.788, 332.273, 331.664, 330.942, 330.088, 329.077, 327.879, 326.461, 324.782, 322.793, 320.438, 317.648, 314.345, 310.433, 305.799, 300.31, 300.017, 300.001, 300, 300, 300, 300, 300, 300, 300, 300, 300, 300, 300, 300, 
335.436, 335.436, 335.433, 335.425, 335.412, 335.393, 335.367, 335.333, 335.289, 335.233, 335.163, 335.077, 334.971, 334.843, 334.686, 334.498, 334.275, 334.012, 333.7, 333.331, 332.894, 332.378, 331.766, 331.043, 330.186, 329.171, 327.969, 326.547, 324.862, 322.867, 320.504, 317.706, 314.392, 310.466, 305.818, 300.311, 300.017, 300.001, 300, 300, 300, 300, 300, 300, 300, 300, 300, 300, 300, 300, 
335.547, 335.547, 335.544, 335.536, 335.523, 335.504, 335.478, 335.444, 335.399, 335.343, 335.273, 335.187, 335.081, 334.952, 334.795, 334.606, 334.383, 334.118, 333.806, 333.436, 332.998, 332.48, 331.866, 331.14, 330.281, 329.263, 328.058, 326.63, 324.94, 322.939, 320.569, 317.762, 314.437, 310.499, 305.836, 300.312, 300.017, 300.001, 300, 300, 300, 300, 300, 300, 300, 300, 300, 300, 300, 300, 
335.655, 335.655, 335.652, 335.644, 335.631, 335.612, 335.586, 335.552, 335.507, 335.451, 335.381, 335.294, 335.188, 335.058, 334.901, 334.712, 334.488, 334.223, 333.909, 333.538, 333.099, 332.579, 331.964, 331.236, 330.373, 329.352, 328.144, 326.712, 325.017, 323.009, 320.632, 317.816, 314.481, 310.532, 305.854, 300.313, 300.017, 300.001, 300, 300, 300, 300, 300, 300, 300, 300, 300, 300, 300, 300, 
335.761, 335.761, 335.757, 335.749, 335.736, 335.717, 335.691, 335.657, 335.612, 335.556, 335.486, 335.399, 335.292, 335.162, 335.005, 334.815, 334.59, 334.324, 334.01, 333.638, 333.197, 332.676, 332.059, 331.329, 330.464, 329.44, 328.227, 326.792, 325.091, 323.078, 320.693, 317.869, 314.525, 310.563, 305.871, 300.314, 300.017, 300.001, 300, 300, 300, 300, 300, 300, 300, 300, 300, 300, 300, 300, 
335.864, 335.864, 335.86, 335.852, 335.839, 335.82, 335.794, 335.759, 335.715, 335.658, 335.588, 335.501, 335.394, 335.264, 335.106, 334.915, 334.69, 334.423, 334.108, 333.735, 333.293, 332.771, 332.152, 331.419, 330.552, 329.525, 328.309, 326.869, 325.164, 323.145, 320.753, 317.921, 314.567, 310.594, 305.888, 300.315, 300.017, 300.001, 300, 300, 300, 300, 300, 300, 300, 300, 300, 300, 300, 300, 
335.964, 335.964, 335.961, 335.953, 335.94, 335.92, 335.894, 335.86, 335.815, 335.758, 335.687, 335.6, 335.493, 335.362, 335.204, 335.013, 334.787, 334.52, 334.204, 333.83, 333.387, 332.863, 332.242, 331.508, 330.638, 329.608, 328.389, 326.945, 325.235, 323.21, 320.812, 317.972, 314.608, 310.624, 305.905, 300.316, 300.017, 300.001, 300, 300, 300, 300, 300, 300, 300, 300, 300, 300, 300, 300, 
336.062, 336.062, 336.058, 336.05, 336.037, 336.018, 335.992, 335.957, 335.912, 335.856, 335.785, 335.697, 335.59, 335.459, 335.3, 335.109, 334.882, 334.614, 334.297, 333.922, 333.478, 332.953, 332.33, 331.594, 330.722, 329.689, 328.467, 327.019, 325.304, 323.274, 320.869, 318.021, 314.648, 310.653, 305.921, 300.317, 300.017, 300.001, 300, 300, 300, 300, 300, 300, 300, 300, 300, 300, 300, 300, 
336.157, 336.157, 336.154, 336.146, 336.133, 336.114, 336.087, 336.052, 336.007, 335.95, 335.879, 335.792, 335.684, 335.553, 335.394, 335.202, 334.975, 334.706, 334.388, 334.012, 333.567, 333.04, 332.416, 331.678, 330.804, 329.768, 328.542, 327.091, 325.372, 323.336, 320.925, 318.069, 314.687, 310.681, 305.937, 300.318, 300.017, 300.001, 300, 300, 300, 300, 300, 300, 300, 300, 300, 300, 300, 300, 
336.25, 336.25, 336.247, 336.239, 336.226, 336.206, 336.18, 336.145, 336.1, 336.043, 335.972, 335.884, 335.776, 335.644, 335.485, 335.293, 335.065, 334.796, 334.477, 334.1, 333.654, 333.126, 332.5, 331.76, 330.883, 329.845, 328.616, 327.161, 325.437, 323.396, 320.979, 318.116, 314.725, 310.709, 305.952, 300.319, 300.017, 300.001, 300, 300, 300, 300, 300, 300, 300, 300, 300, 300, 300, 300, 
336.341, 336.341, 336.338, 336.33, 336.316, 336.297, 336.271, 336.236, 336.19, 336.133, 336.062, 335.974, 335.865, 335.734, 335.574, 335.381, 335.153, 334.883, 334.564, 334.186, 333.738, 333.209, 332.582, 331.84, 330.961, 329.921, 328.688, 327.229, 325.501, 323.455, 321.032, 318.161, 314.762, 310.736, 305.967, 300.319, 300.017, 300.001, 300, 300, 300, 300, 300, 300, 300, 300, 300, 300, 300, 300, 
336.43, 336.43, 336.426, 336.418, 336.405, 336.385, 336.359, 336.324, 336.279, 336.221, 336.15, 336.061, 335.953, 335.821, 335.661, 335.467, 335.239, 334.968, 334.648, 334.269, 333.821, 333.29, 332.662, 331.918, 331.037, 329.994, 328.759, 327.296, 325.564, 323.513, 321.083, 318.206, 314.798, 310.762, 305.982, 300.32, 300.017, 300.001, 300, 300, 300, 300, 300, 300, 300, 300, 300, 300, 300, 300, 
336.516, 336.516, 336.512, 336.504, 336.491, 336.472, 336.445, 336.41, 336.365, 336.307, 336.235, 336.147, 336.038, 335.906, 335.745, 335.552, 335.322, 335.051, 334.73, 334.351, 333.901, 333.369, 332.739, 331.994, 331.111, 330.065, 328.827, 327.361, 325.625, 323.569, 321.134, 318.249, 314.834, 310.788, 305.996, 300.321, 300.017, 300.001, 300, 300, 300, 300, 300, 300, 300, 300, 300, 300, 300, 300, 
336.6, 336.6, 336.596, 336.588, 336.575, 336.556, 336.529, 336.494, 336.448, 336.391, 336.319, 336.23, 336.121, 335.989, 335.828, 335.634, 335.404, 335.132, 334.811, 334.43, 333.98, 333.447, 332.815, 332.068, 331.183, 330.135, 328.894, 327.425, 325.684, 323.623, 321.183, 318.292, 314.868, 310.813, 306.01, 300.322, 300.017, 300.001, 300, 300, 300, 300, 300, 300, 300, 300, 300, 300, 300, 300, 
336.682, 336.682, 336.678, 336.67, 336.657, 336.638, 336.611, 336.576, 336.53, 336.472, 336.4, 336.311, 336.202, 336.069, 335.908, 335.714, 335.484, 335.211, 334.889, 334.508, 334.056, 333.522, 332.889, 332.14, 331.253, 330.203, 328.959, 327.487, 325.742, 323.677, 321.23, 318.333, 314.902, 310.837, 306.024, 300.322, 300.017, 300.001, 300, 300, 300, 300, 300, 300, 300, 300, 300, 300, 300, 300, 
336.762, 336.762, 336.758, 336.75, 336.737, 336.718, 336.691, 336.655, 336.61, 336.552, 336.48, 336.391, 336.281, 336.148, 335.987, 335.792, 335.561, 335.288, 334.965, 334.583, 334.131, 333.595, 332.961, 332.211, 331.322, 330.269, 329.023, 327.547, 325.799, 323.729, 321.277, 318.373, 314.934, 310.861, 306.037, 300.323, 300.017, 300.001, 300, 300, 300, 300, 300, 300, 300, 300, 300, 300, 300, 300, 
336.84, 336.84, 336.836, 336.828, 336.815, 336.796, 336.769, 336.733, 336.688, 336.63, 336.557, 336.468, 336.358, 336.225, 336.063, 335.868, 335.637, 335.363, 335.04, 334.657, 334.204, 333.667, 333.032, 332.279, 331.389, 330.334, 329.085, 327.606, 325.854, 323.779, 321.322, 318.413, 314.966, 310.884, 306.05, 300.324, 300.017, 300.001, 300, 300, 300, 300, 300, 300, 300, 300, 300, 300, 300, 300, 
336.916, 336.916, 336.913, 336.904, 336.891, 336.872, 336.845, 336.809, 336.763, 336.705, 336.633, 336.543, 336.434, 336.3, 336.138, 335.942, 335.711, 335.437, 335.113, 334.729, 334.275, 333.737, 333.1, 332.346, 331.454, 330.397, 329.145, 327.663, 325.908, 323.829, 321.367, 318.451, 314.997, 310.907, 306.062, 300.324, 300.017, 300.001, 300, 300, 300, 300, 300, 300, 300, 300, 300, 300, 300, 300, 
336.99, 336.99, 336.987, 336.979, 336.965, 336.946, 336.919, 336.883, 336.837, 336.779, 336.707, 336.617, 336.507, 336.373, 336.211, 336.015, 335.783, 335.508, 335.183, 334.799, 334.344, 333.805, 333.167, 332.412, 331.517, 330.458, 329.204, 327.719, 325.96, 323.877, 321.41, 318.488, 315.028, 310.929, 306.075, 300.325, 300.017, 300.001, 300, 300, 300, 300, 300, 300, 300, 300, 300, 300, 300, 300, 
337.063, 337.063, 337.059, 337.051, 337.038, 337.018, 336.991, 336.955, 336.909, 336.851, 336.778, 336.689, 336.578, 336.444, 336.282, 336.085, 335.853, 335.578, 335.252, 334.867, 334.411, 333.871, 333.232, 332.476, 331.579, 330.518, 329.262, 327.774, 326.011, 323.924, 321.452, 318.525, 315.057, 310.951, 306.087, 300.326, 300.017, 300.001, 300, 300, 300, 300, 300, 300, 300, 300, 300, 300, 300, 300, 
337.133, 337.133, 337.13, 337.121, 337.108, 337.088, 337.061, 337.026, 336.98, 336.921, 336.848, 336.758, 336.648, 336.514, 336.351, 336.154, 335.921, 335.646, 335.32, 334.934, 334.477, 333.936, 333.296, 332.538, 331.64, 330.577, 329.318, 327.827, 326.061, 323.97, 321.493, 318.56, 315.086, 310.972, 306.098, 300.326, 300.017, 300.001, 300, 300, 300, 300, 300, 300, 300, 300, 300, 300, 300, 300, 
337.202, 337.202, 337.198, 337.19, 337.177, 337.157, 337.13, 337.094, 337.048, 336.99, 336.917, 336.827, 336.716, 336.581, 336.418, 336.221, 335.988, 335.712, 335.385, 334.999, 334.541, 333.999, 333.358, 332.598, 331.699, 330.634, 329.372, 327.879, 326.11, 324.015, 321.533, 318.595, 315.114, 310.992, 306.11, 300.327, 300.017, 300.001, 300, 300, 300, 300, 300, 300, 300, 300, 300, 300, 300, 300, 
337.269, 337.269, 337.265, 337.257, 337.244, 337.224, 337.197, 337.161, 337.115, 337.056, 336.983, 336.893, 336.782, 336.647, 336.484, 336.287, 336.053, 335.777, 335.449, 335.062, 334.604, 334.061, 333.418, 332.657, 331.756, 330.689, 329.426, 327.929, 326.157, 324.058, 321.573, 318.629, 315.142, 311.012, 306.121, 300.328, 300.018, 300.001, 300, 300, 300, 300, 300, 300, 300, 300, 300, 300, 300, 300, 
337.335, 337.335, 337.331, 337.323, 337.309, 337.289, 337.262, 337.226, 337.18, 337.121, 337.048, 336.958, 336.847, 336.712, 336.548, 336.35, 336.116, 335.84, 335.512, 335.124, 334.665, 334.121, 333.477, 332.715, 331.812, 330.744, 329.478, 327.979, 326.203, 324.101, 321.611, 318.662, 315.169, 311.032, 306.132, 300.328, 300.018, 300.001, 300, 300, 300, 300, 300, 300, 300, 300, 300, 300, 300, 300, 
337.398, 337.398, 337.395, 337.386, 337.373, 337.353, 337.326, 337.29, 337.244, 337.185, 337.112, 337.021, 336.91, 336.775, 336.611, 336.413, 336.178, 335.901, 335.573, 335.184, 334.724, 334.18, 333.535, 332.771, 331.867, 330.796, 329.528, 328.027, 326.248, 324.142, 321.648, 318.694, 315.195, 311.051, 306.142, 300.329, 300.018, 300.001, 300, 300, 300, 300, 300, 300, 300, 300, 300, 300, 300, 300, 
337.461, 337.461, 337.457, 337.449, 337.435, 337.415, 337.388, 337.352, 337.306, 337.247, 337.173, 337.083, 336.971, 336.836, 336.672, 336.473, 336.239, 335.961, 335.632, 335.243, 334.782, 334.237, 333.591, 332.826, 331.92, 330.848, 329.578, 328.074, 326.292, 324.183, 321.684, 318.725, 315.22, 311.069, 306.152, 300.329, 300.018, 300.001, 300, 300, 300, 300, 300, 300, 300, 300, 300, 300, 300, 300, 
337.521, 337.521, 337.518, 337.509, 337.496, 337.476, 337.449, 337.413, 337.366, 337.307, 337.234, 337.143, 337.031, 336.896, 336.731, 336.533, 336.297, 336.019, 335.69, 335.3, 334.839, 334.292, 333.645, 332.879, 331.972, 330.898, 329.626, 328.119, 326.335, 324.222, 321.72, 318.755, 315.245, 311.087, 306.163, 300.33, 300.018, 300.001, 300, 300, 300, 300, 300, 300, 300, 300, 300, 300, 300, 300, 
337.58, 337.58, 337.577, 337.568, 337.555, 337.535, 337.508, 337.472, 337.425, 337.366, 337.292, 337.201, 337.09, 336.954, 336.789, 336.59, 336.355, 336.076, 335.746, 335.356, 334.894, 334.347, 333.699, 332.932, 332.023, 330.947, 329.673, 328.164, 326.377, 324.261, 321.754, 318.785, 315.269, 311.105, 306.172, 300.33, 300.018, 300.001, 300, 300, 300, 300, 300, 300, 300, 300, 300, 300, 300, 300, 
337.638, 337.638, 337.634, 337.626, 337.613, 337.593, 337.565, 337.529, 337.482, 337.423, 337.35, 337.259, 337.147, 337.011, 336.846, 336.647, 336.411, 336.132, 335.802, 335.411, 334.948, 334.4, 333.751, 332.982, 332.072, 330.995, 329.719, 328.208, 326.418, 324.298, 321.788, 318.814, 315.293, 311.122, 306.182, 300.331, 300.018, 300.001, 300, 300, 300, 300, 300, 300, 300, 300, 300, 300, 300, 300, 
337.694, 337.694, 337.691, 337.682, 337.669, 337.649, 337.621, 337.585, 337.538, 337.479, 337.406, 337.314, 337.202, 337.066, 336.901, 336.701, 336.465, 336.186, 335.855, 335.464, 335, 334.451, 333.801, 333.032, 332.121, 331.041, 329.764, 328.25, 326.458, 324.335, 321.82, 318.843, 315.316, 311.139, 306.191, 300.331, 300.018, 300.001, 300, 300, 300, 300, 300, 300, 300, 300, 300, 300, 300, 300, 
337.749, 337.749, 337.745, 337.737, 337.724, 337.704, 337.676, 337.64, 337.593, 337.534, 337.46, 337.369, 337.257, 337.12, 336.955, 336.755, 336.519, 336.239, 335.908, 335.515, 335.051, 334.502, 333.851, 333.08, 332.168, 331.087, 329.807, 328.291, 326.496, 324.37, 321.852, 318.87, 315.338, 311.155, 306.2, 300.332, 300.018, 300.001, 300, 300, 300, 300, 300, 300, 300, 300, 300, 300, 300, 300, 
337.803, 337.803, 337.799, 337.791, 337.777, 337.757, 337.73, 337.693, 337.646, 337.587, 337.513, 337.422, 337.309, 337.173, 337.007, 336.807, 336.57, 336.29, 335.959, 335.566, 335.101, 334.551, 333.899, 333.127, 332.213, 331.131, 329.85, 328.332, 326.534, 324.405, 321.884, 318.897, 315.36, 311.171, 306.209, 300.332, 300.018, 300.001, 300, 300, 300, 300, 300, 300, 300, 300, 300, 300, 300, 300, 
337.855, 337.855, 337.851, 337.843, 337.829, 337.809, 337.782, 337.745, 337.698, 337.639, 337.565, 337.473, 337.361, 337.224, 337.058, 336.858, 336.621, 336.34, 336.008, 335.615, 335.15, 334.599, 333.946, 333.173, 332.258, 331.174, 329.891, 328.371, 326.571, 324.439, 321.914, 318.923, 315.381, 311.186, 306.218, 300.333, 300.018, 300.001, 300, 300, 300, 300, 300, 300, 300, 300, 300, 300, 300, 300, 
337.906, 337.906, 337.902, 337.894, 337.88, 337.86, 337.832, 337.796, 337.749, 337.69, 337.615, 337.524, 337.411, 337.274, 337.108, 336.908, 336.67, 336.389, 336.057, 335.663, 335.197, 334.645, 333.992, 333.218, 332.302, 331.217, 329.931, 328.409, 326.607, 324.472, 321.944, 318.949, 315.402, 311.202, 306.226, 300.333, 300.018, 300.001, 300, 300, 300, 300, 300, 300, 300, 300, 300, 300, 300, 300, 
337.955, 337.955, 337.952, 337.943, 337.93, 337.909, 337.882, 337.845, 337.798, 337.739, 337.665, 337.573, 337.46, 337.323, 337.157, 336.956, 336.718, 336.437, 336.104, 335.71, 335.243, 334.691, 334.037, 333.262, 332.344, 331.258, 329.971, 328.447, 326.642, 324.504, 321.973, 318.974, 315.423, 311.216, 306.234, 300.334, 300.018, 300.001, 300, 300, 300, 300, 300, 300, 300, 300, 300, 300, 300, 300, 
338.004, 338.004, 338, 337.992, 337.978, 337.958, 337.93, 337.894, 337.847, 337.787, 337.713, 337.621, 337.508, 337.371, 337.204, 337.003, 336.765, 336.484, 336.15, 335.756, 335.289, 334.735, 334.08, 333.304, 332.386, 331.298, 330.009, 328.483, 326.676, 324.536, 322.001, 318.998, 315.442, 311.231, 306.242, 300.334, 300.018, 300.001, 300, 300, 300, 300, 300, 300, 300, 300, 300, 300, 300, 300, 
338.051, 338.051, 338.047, 338.039, 338.025, 338.005, 337.977, 337.941, 337.894, 337.834, 337.759, 337.667, 337.555, 337.417, 337.25, 337.049, 336.811, 336.529, 336.195, 335.8, 335.333, 334.779, 334.123, 333.346, 332.426, 331.337, 330.047, 328.519, 326.709, 324.566, 322.028, 319.022, 315.462, 311.245, 306.25, 300.334, 300.018, 300.001, 300, 300, 300, 300, 300, 300, 300, 300, 300, 300, 300, 300, 
338.097, 338.097, 338.093, 338.085, 338.071, 338.051, 338.023, 337.987, 337.939, 337.88, 337.805, 337.713, 337.6, 337.462, 337.296, 337.094, 336.856, 336.573, 336.239, 335.844, 335.375, 334.821, 334.164, 333.386, 332.466, 331.375, 330.083, 328.554, 326.742, 324.596, 322.055, 319.045, 315.48, 311.258, 306.258, 300.335, 300.018, 300.001, 300, 300, 300, 300, 300, 300, 300, 300, 300, 300, 300, 300, 
338.142, 338.142, 338.138, 338.13, 338.116, 338.096, 338.068, 338.031, 337.984, 337.924, 337.85, 337.757, 337.644, 337.507, 337.34, 337.138, 336.899, 336.617, 336.282, 335.886, 335.417, 334.862, 334.205, 333.426, 332.504, 331.412, 330.119, 328.587, 326.774, 324.625, 322.081, 319.068, 315.499, 311.272, 306.265, 300.335, 300.018, 300.001, 300, 300, 300, 300, 300, 300, 300, 300, 300, 300, 300, 300, 
338.185, 338.185, 338.182, 338.173, 338.159, 338.139, 338.112, 338.075, 338.028, 337.968, 337.893, 337.801, 337.688, 337.55, 337.382, 337.181, 336.942, 336.659, 336.324, 335.927, 335.458, 334.902, 334.244, 333.464, 332.541, 331.448, 330.154, 328.62, 326.804, 324.654, 322.107, 319.09, 315.517, 311.285, 306.272, 300.336, 300.018, 300.001, 300, 300, 300, 300, 300, 300, 300, 300, 300, 300, 300, 300, 
338.228, 338.228, 338.224, 338.216, 338.202, 338.182, 338.154, 338.117, 338.07, 338.01, 337.935, 337.843, 337.73, 337.592, 337.424, 337.222, 336.983, 336.7, 336.365, 335.968, 335.498, 334.941, 334.282, 333.502, 332.578, 331.484, 330.187, 328.653, 326.835, 324.682, 322.131, 319.111, 315.534, 311.297, 306.279, 300.336, 300.018, 300.001, 300, 300, 300, 300, 300, 300, 300, 300, 300, 300, 300, 300, 
338.27, 338.27, 338.266, 338.257, 338.244, 338.223, 338.196, 338.159, 338.112, 338.052, 337.977, 337.884, 337.771, 337.633, 337.465, 337.263, 337.023, 336.74, 336.404, 336.007, 335.537, 334.98, 334.32, 333.539, 332.614, 331.518, 330.221, 328.684, 326.864, 324.709, 322.156, 319.132, 315.551, 311.31, 306.286, 300.336, 300.018, 300.001, 300, 300, 300, 300, 300, 300, 300, 300, 300, 300, 300, 300, 
338.31, 338.31, 338.306, 338.298, 338.284, 338.264, 338.236, 338.199, 338.152, 338.092, 338.017, 337.924, 337.811, 337.673, 337.505, 337.302, 337.063, 336.779, 336.443, 336.045, 335.574, 335.017, 334.356, 333.574, 332.648, 331.552, 330.253, 328.714, 326.893, 324.735, 322.179, 319.153, 315.568, 311.322, 306.293, 300.337, 300.018, 300.001, 300, 300, 300, 300, 300, 300, 300, 300, 300, 300, 300, 300, 
338.35, 338.35, 338.346, 338.338, 338.324, 338.303, 338.276, 338.239, 338.191, 338.131, 338.056, 337.964, 337.85, 337.711, 337.544, 337.341, 337.101, 336.817, 336.481, 336.083, 335.611, 335.053, 334.392, 333.609, 332.682, 331.584, 330.284, 328.744, 326.921, 324.761, 322.202, 319.173, 315.584, 311.334, 306.3, 300.337, 300.018, 300.001, 300, 300, 300, 300, 300, 300, 300, 300, 300, 300, 300, 300, 
338.388, 338.388, 338.385, 338.376, 338.362, 338.342, 338.314, 338.277, 338.23, 338.17, 338.095, 338.002, 337.888, 337.749, 337.581, 337.379, 337.138, 336.854, 336.518, 336.119, 335.647, 335.088, 334.427, 333.643, 332.715, 331.616, 330.315, 328.773, 326.948, 324.786, 322.225, 319.192, 315.6, 311.345, 306.306, 300.337, 300.018, 300.001, 300, 300, 300, 300, 300, 300, 300, 300, 300, 300, 300, 300, 
338.426, 338.426, 338.422, 338.414, 338.4, 338.38, 338.352, 338.315, 338.267, 338.207, 338.132, 338.039, 337.925, 337.786, 337.618, 337.415, 337.175, 336.89, 336.553, 336.155, 335.682, 335.123, 334.461, 333.676, 332.747, 331.647, 330.345, 328.802, 326.974, 324.81, 322.247, 319.211, 315.615, 311.356, 306.312, 300.338, 300.018, 300.001, 300, 300, 300, 300, 300, 300, 300, 300, 300, 300, 300, 300, 
338.463, 338.463, 338.459, 338.45, 338.436, 338.416, 338.388, 338.351, 338.304, 338.244, 338.168, 338.075, 337.961, 337.823, 337.654, 337.451, 337.21, 336.926, 336.588, 336.189, 335.716, 335.157, 334.494, 333.709, 332.779, 331.678, 330.374, 328.829, 327, 324.834, 322.268, 319.229, 315.63, 311.367, 306.318, 300.338, 300.018, 300.001, 300, 300, 300, 300, 300, 300, 300, 300, 300, 300, 300, 300, 
338.498, 338.498, 338.495, 338.486, 338.472, 338.452, 338.424, 338.387, 338.339, 338.279, 338.204, 338.111, 337.997, 337.858, 337.689, 337.486, 337.245, 336.96, 336.623, 336.223, 335.75, 335.189, 334.526, 333.74, 332.81, 331.707, 330.402, 328.856, 327.026, 324.857, 322.289, 319.247, 315.645, 311.378, 306.324, 300.338, 300.018, 300.001, 300, 300, 300, 300, 300, 300, 300, 300, 300, 300, 300, 300, 
338.533, 338.533, 338.529, 338.521, 338.507, 338.487, 338.459, 338.422, 338.374, 338.314, 338.238, 338.145, 338.031, 337.892, 337.724, 337.52, 337.279, 336.994, 336.656, 336.256, 335.782, 335.221, 334.557, 333.771, 332.839, 331.736, 330.43, 328.883, 327.05, 324.88, 322.309, 319.265, 315.659, 311.388, 306.33, 300.339, 300.018, 300.001, 300, 300, 300, 300, 300, 300, 300, 300, 300, 300, 300, 300, 
338.567, 338.567, 338.563, 338.555, 338.541, 338.521, 338.493, 338.456, 338.408, 338.348, 338.272, 338.179, 338.065, 337.926, 337.757, 337.553, 337.312, 337.026, 336.688, 336.288, 335.814, 335.253, 334.588, 333.801, 332.869, 331.764, 330.457, 328.908, 327.074, 324.902, 322.329, 319.282, 315.673, 311.398, 306.336, 300.339, 300.018, 300.001, 300, 300, 300, 300, 300, 300, 300, 300, 300, 300, 300, 300, 
338.6, 338.6, 338.597, 338.588, 338.574, 338.554, 338.526, 338.489, 338.441, 338.381, 338.305, 338.212, 338.098, 337.958, 337.789, 337.585, 337.344, 337.058, 336.72, 336.319, 335.845, 335.283, 334.618, 333.83, 332.897, 331.792, 330.483, 328.933, 327.098, 324.924, 322.349, 319.299, 315.687, 311.408, 306.341, 300.339, 300.018, 300.001, 300, 300, 300, 300, 300, 300, 300, 300, 300, 300, 300, 300, 
338.633, 338.633, 338.629, 338.62, 338.606, 338.586, 338.558, 338.521, 338.473, 338.413, 338.337, 338.244, 338.129, 337.99, 337.821, 337.617, 337.375, 337.089, 336.751, 336.35, 335.875, 335.313, 334.647, 333.858, 332.925, 331.819, 330.509, 328.958, 327.12, 324.945, 322.367, 319.315, 315.7, 311.418, 306.346, 300.34, 300.018, 300.001, 300, 300, 300, 300, 300, 300, 300, 300, 300, 300, 300, 300, 
338.664, 338.664, 338.66, 338.652, 338.638, 338.618, 338.59, 338.552, 338.505, 338.444, 338.369, 338.275, 338.161, 338.021, 337.852, 337.648, 337.406, 337.12, 336.781, 336.38, 335.904, 335.342, 334.675, 333.886, 332.952, 331.845, 330.534, 328.981, 327.143, 324.965, 322.386, 319.331, 315.713, 311.427, 306.352, 300.34, 300.018, 300.001, 300, 300, 300, 300, 300, 300, 300, 300, 300, 300, 300, 300, 
338.695, 338.695, 338.691, 338.683, 338.669, 338.648, 338.62, 338.583, 338.535, 338.475, 338.399, 338.306, 338.191, 338.051, 337.882, 337.678, 337.436, 337.149, 336.81, 336.409, 335.933, 335.37, 334.703, 333.913, 332.978, 331.87, 330.558, 329.005, 327.164, 324.985, 322.404, 319.346, 315.725, 311.436, 306.357, 300.34, 300.018, 300.001, 300, 300, 300, 300, 300, 300, 300, 300, 300, 300, 300, 300, 
338.725, 338.725, 338.721, 338.713, 338.699, 338.678, 338.65, 338.613, 338.565, 338.505, 338.429, 338.335, 338.221, 338.081, 337.912, 337.707, 337.465, 337.178, 336.839, 336.437, 335.961, 335.398, 334.73, 333.94, 333.004, 331.895, 330.582, 329.027, 327.186, 325.004, 322.421, 319.361, 315.738, 311.445, 306.362, 300.34, 300.018, 300.001, 300, 300, 300, 300, 300, 300, 300, 300, 300, 300, 300, 300, 
338.754, 338.754, 338.75, 338.742, 338.728, 338.707, 338.679, 338.642, 338.594, 338.534, 338.458, 338.364, 338.25, 338.11, 337.94, 337.736, 337.493, 337.206, 336.867, 336.465, 335.988, 335.424, 334.756, 333.966, 333.029, 331.919, 330.605, 329.049, 327.206, 325.023, 322.438, 319.376, 315.749, 311.454, 306.366, 300.341, 300.018, 300.001, 300, 300, 300, 300, 300, 300, 300, 300, 300, 300, 300, 300, 
338.783, 338.783, 338.779, 338.77, 338.756, 338.736, 338.708, 338.671, 338.623, 338.562, 338.486, 338.393, 338.278, 338.138, 337.968, 337.763, 337.521, 337.234, 336.894, 336.492, 336.015, 335.451, 334.782, 333.991, 333.053, 331.943, 330.628, 329.071, 327.226, 325.042, 322.455, 319.391, 315.761, 311.463, 306.371, 300.341, 300.018, 300.001, 300, 300, 300, 300, 300, 300, 300, 300, 300, 300, 300, 300, 
338.811, 338.811, 338.807, 338.798, 338.784, 338.764, 338.736, 338.698, 338.65, 338.59, 338.514, 338.42, 338.305, 338.165, 337.995, 337.791, 337.548, 337.261, 336.921, 336.518, 336.041, 335.476, 334.807, 334.015, 333.077, 331.966, 330.65, 329.092, 327.246, 325.06, 322.471, 319.404, 315.773, 311.471, 306.376, 300.341, 300.018, 300.001, 300, 300, 300, 300, 300, 300, 300, 300, 300, 300, 300, 300, 
338.838, 338.838, 338.834, 338.825, 338.811, 338.791, 338.763, 338.725, 338.677, 338.617, 338.541, 338.447, 338.332, 338.192, 338.022, 337.817, 337.574, 337.287, 336.946, 336.543, 336.066, 335.501, 334.832, 334.039, 333.1, 331.988, 330.672, 329.112, 327.265, 325.078, 322.487, 319.418, 315.784, 311.479, 306.38, 300.341, 300.018, 300.001, 300, 300, 300, 300, 300, 300, 300, 300, 300, 300, 300, 300, 
338.864, 338.864, 338.86, 338.852, 338.838, 338.817, 338.789, 338.752, 338.704, 338.643, 338.567, 338.473, 338.358, 338.218, 338.048, 337.843, 337.6, 337.312, 336.972, 336.568, 336.091, 335.525, 334.855, 334.062, 333.123, 332.01, 330.693, 329.132, 327.284, 325.095, 322.502, 319.431, 315.794, 311.487, 306.385, 300.342, 300.018, 300.001, 300, 300, 300, 300, 300, 300, 300, 300, 300, 300, 300, 300, 
338.89, 338.89, 338.886, 338.877, 338.863, 338.843, 338.815, 338.777, 338.729, 338.669, 338.593, 338.499, 338.384, 338.243, 338.073, 337.868, 337.625, 337.337, 336.996, 336.593, 336.115, 335.549, 334.879, 334.085, 333.145, 332.032, 330.713, 329.152, 327.302, 325.112, 322.517, 319.444, 315.805, 311.494, 306.389, 300.342, 300.018, 300.001, 300, 300, 300, 300, 300, 300, 300, 300, 300, 300, 300, 300, 
338.915, 338.915, 338.911, 338.903, 338.889, 338.868, 338.84, 338.803, 338.754, 338.694, 338.618, 338.524, 338.408, 338.268, 338.098, 337.892, 337.649, 337.361, 337.02, 336.616, 336.138, 335.572, 334.901, 334.107, 333.167, 332.053, 330.733, 329.171, 327.32, 325.128, 322.532, 319.457, 315.815, 311.502, 306.393, 300.342, 300.018, 300.001, 300, 300, 300, 300, 300, 300, 300, 300, 300, 300, 300, 300, 
338.94, 338.94, 338.936, 338.927, 338.913, 338.893, 338.864, 338.827, 338.779, 338.718, 338.642, 338.548, 338.433, 338.292, 338.122, 337.916, 337.673, 337.385, 337.044, 336.64, 336.161, 335.595, 334.923, 334.129, 333.188, 332.073, 330.753, 329.189, 327.337, 325.144, 322.546, 319.469, 315.825, 311.509, 306.397, 300.342, 300.018, 300.001, 300, 300, 300, 300, 300, 300, 300, 300, 300, 300, 300, 300, 
338.963, 338.963, 338.96, 338.951, 338.937, 338.916, 338.888, 338.851, 338.803, 338.742, 338.666, 338.572, 338.456, 338.316, 338.145, 337.94, 337.696, 337.408, 337.066, 336.662, 336.183, 335.616, 334.945, 334.15, 333.208, 332.093, 330.772, 329.207, 327.354, 325.159, 322.56, 319.481, 315.835, 311.516, 306.401, 300.343, 300.018, 300.001, 300, 300, 300, 300, 300, 300, 300, 300, 300, 300, 300, 300, 
338.987, 338.987, 338.983, 338.974, 338.96, 338.94, 338.911, 338.874, 338.826, 338.765, 338.689, 338.595, 338.479, 338.339, 338.168, 337.962, 337.719, 337.43, 337.089, 336.684, 336.205, 335.638, 334.966, 334.17, 333.228, 332.112, 330.79, 329.225, 327.371, 325.175, 322.574, 319.493, 315.845, 311.523, 306.405, 300.343, 300.018, 300.001, 300, 300, 300, 300, 300, 300, 300, 300, 300, 300, 300, 300, 
339.009, 339.009, 339.006, 338.997, 338.983, 338.962, 338.934, 338.897, 338.849, 338.787, 338.711, 338.617, 338.502, 338.361, 338.191, 337.985, 337.741, 337.452, 337.11, 336.706, 336.226, 335.659, 334.986, 334.19, 333.247, 332.131, 330.808, 329.242, 327.387, 325.189, 322.587, 319.505, 315.854, 311.53, 306.409, 300.343, 300.018, 300.001, 300, 300, 300, 300, 300, 300, 300, 300, 300, 300, 300, 300, 
339.032, 339.032, 339.028, 339.019, 339.005, 338.985, 338.956, 338.919, 338.871, 338.81, 338.733, 338.639, 338.524, 338.383, 338.212, 338.006, 337.762, 337.474, 337.132, 336.727, 336.247, 335.679, 335.006, 334.21, 333.266, 332.149, 330.826, 329.259, 327.402, 325.204, 322.6, 319.516, 315.863, 311.537, 306.412, 300.343, 300.018, 300.001, 300, 300, 300, 300, 300, 300, 300, 300, 300, 300, 300, 300, 
339.053, 339.053, 339.049, 339.041, 339.027, 339.006, 338.978, 338.94, 338.892, 338.831, 338.755, 338.661, 338.545, 338.404, 338.233, 338.027, 337.783, 337.494, 337.152, 336.747, 336.267, 335.699, 335.026, 334.229, 333.285, 332.167, 330.843, 329.275, 327.418, 325.218, 322.612, 319.527, 315.872, 311.543, 306.416, 300.343, 300.018, 300.001, 300, 300, 300, 300, 300, 300, 300, 300, 300, 300, 300, 300, 
339.074, 339.074, 339.07, 339.062, 339.048, 339.027, 338.999, 338.961, 338.913, 338.852, 338.776, 338.681, 338.566, 338.425, 338.254, 338.048, 337.804, 337.515, 337.172, 336.767, 336.287, 335.718, 335.045, 334.248, 333.303, 332.185, 330.86, 329.291, 327.432, 325.232, 322.625, 319.537, 315.88, 311.549, 306.419, 300.344, 300.018, 300.001, 300, 300, 300, 300, 300, 300, 300, 300, 300, 300, 300, 300, 
339.095, 339.095, 339.091, 339.082, 339.068, 339.048, 339.019, 338.982, 338.934, 338.872, 338.796, 338.702, 338.586, 338.445, 338.274, 338.068, 337.824, 337.534, 337.192, 336.786, 336.306, 335.737, 335.063, 334.266, 333.321, 332.202, 330.876, 329.306, 327.447, 325.245, 322.637, 319.548, 315.889, 311.555, 306.423, 300.344, 300.018, 300.001, 300, 300, 300, 300, 300, 300, 300, 300, 300, 300, 300, 300, 
339.115, 339.115, 339.111, 339.102, 339.088, 339.068, 339.039, 339.002, 338.954, 338.892, 338.816, 338.722, 338.606, 338.465, 338.294, 338.088, 337.843, 337.554, 337.211, 336.805, 336.325, 335.756, 335.082, 334.283, 333.338, 332.218, 330.892, 329.321, 327.461, 325.258, 322.648, 319.558, 315.897, 311.561, 306.426, 300.344, 300.018, 300.001, 300, 300, 300, 300, 300, 300, 300, 300, 300, 300, 300, 300, 
339.134, 339.134, 339.131, 339.122, 339.108, 339.087, 339.059, 339.021, 338.973, 338.912, 338.835, 338.741, 338.625, 338.484, 338.313, 338.107, 337.862, 337.573, 337.23, 336.824, 336.343, 335.774, 335.099, 334.3, 333.355, 332.234, 330.908, 329.336, 327.475, 325.271, 322.66, 319.568, 315.905, 311.567, 306.429, 300.344, 300.018, 300.001, 300, 300, 300, 300, 300, 300, 300, 300, 300, 300, 300, 300, 
339.154, 339.154, 339.15, 339.141, 339.127, 339.106, 339.078, 339.04, 338.992, 338.931, 338.854, 338.76, 338.644, 338.503, 338.332, 338.125, 337.881, 337.591, 337.248, 336.842, 336.361, 335.791, 335.116, 334.317, 333.371, 332.25, 330.923, 329.351, 327.488, 325.283, 322.671, 319.577, 315.913, 311.573, 306.433, 300.344, 300.018, 300.001, 300, 300, 300, 300, 300, 300, 300, 300, 300, 300, 300, 300, 
339.172, 339.172, 339.168, 339.16, 339.146, 339.125, 339.096, 339.059, 339.011, 338.949, 338.873, 338.778, 338.662, 338.521, 338.35, 338.143, 337.899, 337.609, 337.266, 336.859, 336.378, 335.808, 335.133, 334.334, 333.387, 332.266, 330.937, 329.365, 327.502, 325.295, 322.682, 319.587, 315.92, 311.578, 306.436, 300.344, 300.018, 300.001, 300, 300, 300, 300, 300, 300, 300, 300, 300, 300, 300, 300, 
339.19, 339.19, 339.186, 339.178, 339.164, 339.143, 339.115, 339.077, 339.029, 338.967, 338.891, 338.796, 338.68, 338.539, 338.368, 338.161, 337.916, 337.626, 337.283, 336.876, 336.395, 335.825, 335.149, 334.35, 333.402, 332.281, 330.952, 329.378, 327.514, 325.307, 322.692, 319.596, 315.928, 311.584, 306.439, 300.345, 300.018, 300.001, 300, 300, 300, 300, 300, 300, 300, 300, 300, 300, 300, 300, 
339.208, 339.208, 339.204, 339.195, 339.181, 339.161, 339.132, 339.095, 339.046, 338.985, 338.908, 338.814, 338.698, 338.556, 338.385, 338.178, 337.933, 337.643, 337.3, 336.893, 336.411, 335.841, 335.165, 334.365, 333.418, 332.295, 330.966, 329.392, 327.527, 325.318, 322.703, 319.605, 315.935, 311.589, 306.442, 300.345, 300.018, 300.001, 300, 300, 300, 300, 300, 300, 300, 300, 300, 300, 300, 300, 
339.225, 339.225, 339.221, 339.213, 339.199, 339.178, 339.149, 339.112, 339.063, 339.002, 338.925, 338.831, 338.715, 338.573, 338.402, 338.195, 337.95, 337.66, 337.316, 336.909, 336.427, 335.857, 335.181, 334.38, 333.432, 332.309, 330.98, 329.405, 327.539, 325.33, 322.713, 319.613, 315.942, 311.594, 306.444, 300.345, 300.018, 300.001, 300, 300, 300, 300, 300, 300, 300, 300, 300, 300, 300, 300, 
339.242, 339.242, 339.238, 339.229, 339.215, 339.195, 339.166, 339.129, 339.08, 339.019, 338.942, 338.847, 338.731, 338.59, 338.418, 338.211, 337.966, 337.676, 337.332, 336.925, 336.443, 335.872, 335.196, 334.395, 333.447, 332.323, 330.993, 329.417, 327.551, 325.34, 322.722, 319.622, 315.949, 311.599, 306.447, 300.345, 300.018, 300.001, 300, 300, 300, 300, 300, 300, 300, 300, 300, 300, 300, 300, 
339.258, 339.258, 339.254, 339.246, 339.232, 339.211, 339.183, 339.145, 339.096, 339.035, 338.958, 338.864, 338.748, 338.606, 338.435, 338.227, 337.982, 337.692, 337.348, 336.941, 336.458, 335.887, 335.211, 334.41, 333.461, 332.337, 331.006, 329.43, 327.562, 325.351, 322.732, 319.63, 315.956, 311.604, 306.45, 300.345, 300.018, 300.001, 300, 300, 300, 300, 300, 300, 300, 300, 300, 300, 300, 300, 
339.274, 339.274, 339.27, 339.262, 339.248, 339.227, 339.199, 339.161, 339.112, 339.051, 338.974, 338.88, 338.763, 338.622, 338.45, 338.243, 337.998, 337.707, 337.363, 336.956, 336.473, 335.902, 335.225, 334.424, 333.474, 332.35, 331.019, 329.442, 327.574, 325.362, 322.741, 319.638, 315.962, 311.609, 306.453, 300.345, 300.018, 300.001, 300, 300, 300, 300, 300, 300, 300, 300, 300, 300, 300, 300, 
339.29, 339.29, 339.286, 339.277, 339.263, 339.243, 339.214, 339.176, 339.128, 339.066, 338.99, 338.895, 338.779, 338.637, 338.466, 338.258, 338.013, 337.722, 337.378, 336.971, 336.488, 335.916, 335.239, 334.437, 333.488, 332.363, 331.031, 329.453, 327.585, 325.372, 322.75, 319.646, 315.969, 311.613, 306.455, 300.345, 300.018, 300.001, 300, 300, 300, 300, 300, 300, 300, 300, 300, 300, 300, 300, 
339.305, 339.305, 339.301, 339.293, 339.278, 339.258, 339.229, 339.192, 339.143, 339.082, 339.005, 338.91, 338.794, 338.652, 338.48, 338.273, 338.028, 337.737, 337.393, 336.985, 336.502, 335.93, 335.253, 334.451, 333.501, 332.376, 331.043, 329.465, 327.596, 325.382, 322.759, 319.653, 315.975, 311.618, 306.458, 300.346, 300.018, 300.001, 300, 300, 300, 300, 300, 300, 300, 300, 300, 300, 300, 300, 
339.32, 339.32, 339.316, 339.307, 339.293, 339.273, 339.244, 339.206, 339.158, 339.096, 339.02, 338.925, 338.808, 338.667, 338.495, 338.288, 338.042, 337.751, 337.407, 336.999, 336.516, 335.944, 335.266, 334.464, 333.514, 332.388, 331.055, 329.476, 327.606, 325.391, 322.768, 319.661, 315.981, 311.622, 306.46, 300.346, 300.019, 300.001, 300, 300, 300, 300, 300, 300, 300, 300, 300, 300, 300, 300, 
339.334, 339.334, 339.33, 339.322, 339.308, 339.287, 339.258, 339.221, 339.172, 339.111, 339.034, 338.939, 338.823, 338.681, 338.509, 338.302, 338.056, 337.765, 337.421, 337.013, 336.529, 335.957, 335.279, 334.477, 333.526, 332.4, 331.066, 329.487, 327.616, 325.401, 322.776, 319.668, 315.987, 311.627, 306.462, 300.346, 300.019, 300.001, 300, 300, 300, 300, 300, 300, 300, 300, 300, 300, 300, 300, 
339.348, 339.348, 339.345, 339.336, 339.322, 339.301, 339.273, 339.235, 339.186, 339.125, 339.048, 338.953, 338.837, 338.695, 338.523, 338.315, 338.07, 337.779, 337.434, 337.026, 336.542, 335.97, 335.292, 334.489, 333.538, 332.412, 331.078, 329.498, 327.626, 325.41, 322.785, 319.675, 315.993, 311.631, 306.465, 300.346, 300.019, 300.001, 300, 300, 300, 300, 300, 300, 300, 300, 300, 300, 300, 300, 
339.362, 339.362, 339.358, 339.35, 339.335, 339.315, 339.286, 339.249, 339.2, 339.138, 339.062, 338.967, 338.85, 338.708, 338.536, 338.329, 338.083, 337.792, 337.447, 337.039, 336.555, 335.983, 335.304, 334.501, 333.55, 332.423, 331.088, 329.508, 327.636, 325.419, 322.793, 319.682, 315.998, 311.635, 306.467, 300.346, 300.019, 300.001, 300, 300, 300, 300, 300, 300, 300, 300, 300, 300, 300, 300, 
339.376, 339.376, 339.372, 339.363, 339.349, 339.328, 339.3, 339.262, 339.213, 339.152, 339.075, 338.98, 338.863, 338.722, 338.55, 338.342, 338.096, 337.805, 337.46, 337.051, 336.568, 335.995, 335.316, 334.513, 333.561, 332.434, 331.099, 329.518, 327.645, 325.427, 322.8, 319.689, 316.004, 311.639, 306.469, 300.346, 300.019, 300.001, 300, 300, 300, 300, 300, 300, 300, 300, 300, 300, 300, 300, 
339.389, 339.389, 339.385, 339.376, 339.362, 339.341, 339.313, 339.275, 339.226, 339.165, 339.088, 338.993, 338.876, 338.734, 338.562, 338.355, 338.109, 337.817, 337.472, 337.064, 336.58, 336.007, 335.328, 334.524, 333.572, 332.445, 331.109, 329.528, 327.655, 325.436, 322.808, 319.696, 316.009, 311.643, 306.471, 300.346, 300.019, 300.001, 300, 300, 300, 300, 300, 300, 300, 300, 300, 300, 300, 300, 
339.401, 339.401, 339.397, 339.389, 339.375, 339.354, 339.325, 339.288, 339.239, 339.177, 339.1, 339.005, 338.889, 338.747, 338.575, 338.367, 338.121, 337.83, 337.485, 337.076, 336.592, 336.019, 335.34, 334.536, 333.583, 332.455, 331.12, 329.537, 327.664, 325.444, 322.815, 319.702, 316.014, 311.647, 306.474, 300.346, 300.019, 300.001, 300, 300, 300, 300, 300, 300, 300, 300, 300, 300, 300, 300, 
339.414, 339.414, 339.41, 339.401, 339.387, 339.366, 339.338, 339.3, 339.251, 339.19, 339.113, 339.018, 338.901, 338.759, 338.587, 338.379, 338.133, 337.842, 337.496, 337.088, 336.603, 336.03, 335.351, 334.547, 333.594, 332.466, 331.129, 329.547, 327.672, 325.452, 322.823, 319.708, 316.019, 311.65, 306.476, 300.347, 300.019, 300.001, 300, 300, 300, 300, 300, 300, 300, 300, 300, 300, 300, 300, 
339.426, 339.426, 339.422, 339.413, 339.399, 339.378, 339.35, 339.312, 339.263, 339.202, 339.125, 339.03, 338.913, 338.771, 338.599, 338.391, 338.145, 337.853, 337.508, 337.099, 336.615, 336.041, 335.362, 334.557, 333.604, 332.476, 331.139, 329.556, 327.681, 325.46, 322.83, 319.714, 316.024, 311.654, 306.478, 300.347, 300.019, 300.001, 300, 300, 300, 300, 300, 300, 300, 300, 300, 300, 300, 300, 
339.438, 339.438, 339.434, 339.425, 339.411, 339.39, 339.362, 339.324, 339.275, 339.214, 339.137, 339.041, 338.925, 338.783, 338.611, 338.403, 338.156, 337.865, 337.519, 337.11, 336.626, 336.052, 335.372, 334.568, 333.614, 332.486, 331.148, 329.565, 327.689, 325.468, 322.837, 319.72, 316.029, 311.657, 306.48, 300.347, 300.019, 300.001, 300, 300, 300, 300, 300, 300, 300, 300, 300, 300, 300, 300, 
339.449, 339.449, 339.445, 339.437, 339.423, 339.402, 339.373, 339.335, 339.287, 339.225, 339.148, 339.053, 338.936, 338.794, 338.622, 338.414, 338.167, 337.876, 337.53, 337.121, 336.636, 336.063, 335.383, 334.578, 333.624, 332.495, 331.158, 329.574, 327.697, 325.475, 322.843, 319.726, 316.034, 311.661, 306.481, 300.347, 300.019, 300.001, 300, 300, 300, 300, 300, 300, 300, 300, 300, 300, 300, 300, 
339.461, 339.461, 339.457, 339.448, 339.434, 339.413, 339.384, 339.347, 339.298, 339.236, 339.159, 339.064, 338.947, 338.805, 338.633, 338.425, 338.178, 337.887, 337.541, 337.132, 336.647, 336.073, 335.393, 334.588, 333.634, 332.504, 331.167, 329.582, 327.705, 325.483, 322.85, 319.732, 316.039, 311.664, 306.483, 300.347, 300.019, 300.001, 300, 300, 300, 300, 300, 300, 300, 300, 300, 300, 300, 300, 
339.472, 339.472, 339.468, 339.459, 339.445, 339.424, 339.395, 339.358, 339.309, 339.247, 339.17, 339.075, 338.958, 338.816, 338.644, 338.435, 338.189, 337.897, 337.551, 337.142, 336.657, 336.083, 335.403, 334.597, 333.643, 332.513, 331.175, 329.59, 327.713, 325.49, 322.856, 319.737, 316.043, 311.668, 306.485, 300.347, 300.019, 300.001, 300, 300, 300, 300, 300, 300, 300, 300, 300, 300, 300, 300, 
339.482, 339.482, 339.478, 339.47, 339.455, 339.435, 339.406, 339.368, 339.319, 339.258, 339.181, 339.085, 338.969, 338.826, 338.654, 338.446, 338.199, 337.907, 337.562, 337.152, 336.667, 336.093, 335.412, 334.607, 333.653, 332.522, 331.184, 329.598, 327.721, 325.497, 322.862, 319.743, 316.047, 311.671, 306.487, 300.347, 300.019, 300.001, 300, 300, 300, 300, 300, 300, 300, 300, 300, 300, 300, 300, 
339.493, 339.493, 339.489, 339.48, 339.466, 339.445, 339.416, 339.379, 339.33, 339.268, 339.191, 339.096, 338.979, 338.837, 338.664, 338.456, 338.209, 337.917, 337.572, 337.162, 336.677, 336.102, 335.422, 334.616, 333.661, 332.531, 331.192, 329.606, 327.728, 325.503, 322.869, 319.748, 316.052, 311.674, 306.489, 300.347, 300.019, 300.001, 300, 300, 300, 300, 300, 300, 300, 300, 300, 300, 300, 300, 
339.503, 339.503, 339.499, 339.49, 339.476, 339.455, 339.427, 339.389, 339.34, 339.278, 339.201, 339.106, 338.989, 338.847, 338.674, 338.466, 338.219, 337.927, 337.581, 337.172, 336.686, 336.112, 335.431, 334.625, 333.67, 332.539, 331.2, 329.614, 327.735, 325.51, 322.874, 319.753, 316.056, 311.677, 306.49, 300.347, 300.019, 300.001, 300, 300, 300, 300, 300, 300, 300, 300, 300, 300, 300, 300, 
339.513, 339.513, 339.509, 339.5, 339.486, 339.465, 339.436, 339.399, 339.35, 339.288, 339.211, 339.116, 338.999, 338.856, 338.684, 338.476, 338.229, 337.937, 337.591, 337.181, 336.696, 336.121, 335.44, 334.634, 333.679, 332.548, 331.208, 329.621, 327.742, 325.516, 322.88, 319.758, 316.06, 311.68, 306.492, 300.347, 300.019, 300.001, 300, 300, 300, 300, 300, 300, 300, 300, 300, 300, 300, 300, 
339.522, 339.522, 339.518, 339.51, 339.495, 339.475, 339.446, 339.408, 339.359, 339.298, 339.221, 339.125, 339.008, 338.866, 338.693, 338.485, 338.238, 337.946, 337.6, 337.19, 336.705, 336.13, 335.449, 334.642, 333.687, 332.556, 331.216, 329.629, 327.749, 325.523, 322.886, 319.763, 316.064, 311.683, 306.494, 300.348, 300.019, 300.001, 300, 300, 300, 300, 300, 300, 300, 300, 300, 300, 300, 300, 
339.532, 339.532, 339.528, 339.519, 339.505, 339.484, 339.455, 339.418, 339.369, 339.307, 339.23, 339.135, 339.018, 338.875, 338.703, 338.494, 338.247, 337.955, 337.609, 337.199, 336.713, 336.138, 335.457, 334.65, 333.695, 332.563, 331.223, 329.636, 327.756, 325.529, 322.891, 319.768, 316.068, 311.685, 306.495, 300.348, 300.019, 300.001, 300, 300, 300, 300, 300, 300, 300, 300, 300, 300, 300, 300, 
339.541, 339.541, 339.537, 339.528, 339.514, 339.493, 339.465, 339.427, 339.378, 339.316, 339.239, 339.144, 339.027, 338.884, 338.712, 338.503, 338.256, 337.964, 337.618, 337.208, 336.722, 336.147, 335.465, 334.659, 333.703, 332.571, 331.23, 329.643, 327.762, 325.535, 322.897, 319.772, 316.071, 311.688, 306.497, 300.348, 300.019, 300.001, 300, 300, 300, 300, 300, 300, 300, 300, 300, 300, 300, 300, 
339.55, 339.55, 339.546, 339.537, 339.523, 339.502, 339.474, 339.436, 339.387, 339.325, 339.248, 339.153, 339.036, 338.893, 338.72, 338.512, 338.265, 337.973, 337.626, 337.216, 336.73, 336.155, 335.473, 334.666, 333.711, 332.578, 331.238, 329.649, 327.768, 325.541, 322.902, 319.777, 316.075, 311.691, 306.498, 300.348, 300.019, 300.001, 300, 300, 300, 300, 300, 300, 300, 300, 300, 300, 300, 300, 
339.559, 339.559, 339.555, 339.546, 339.532, 339.511, 339.482, 339.444, 339.396, 339.334, 339.257, 339.161, 339.044, 338.902, 338.729, 338.52, 338.273, 337.981, 337.635, 337.224, 336.738, 336.163, 335.481, 334.674, 333.718, 332.586, 331.244, 329.656, 327.775, 325.546, 322.907, 319.781, 316.079, 311.693, 306.5, 300.348, 300.019, 300.001, 300, 300, 300, 300, 300, 300, 300, 300, 300, 300, 300, 300, 
339.567, 339.567, 339.563, 339.555, 339.54, 339.519, 339.491, 339.453, 339.404, 339.342, 339.265, 339.17, 339.053, 338.91, 338.737, 338.529, 338.282, 337.989, 337.643, 337.232, 336.746, 336.171, 335.489, 334.682, 333.725, 332.593, 331.251, 329.662, 327.781, 325.552, 322.912, 319.785, 316.082, 311.696, 306.501, 300.348, 300.019, 300.001, 300, 300, 300, 300, 300, 300, 300, 300, 300, 300, 300, 300, 
339.575, 339.575, 339.571, 339.563, 339.549, 339.528, 339.499, 339.461, 339.412, 339.35, 339.273, 339.178, 339.061, 338.918, 338.746, 338.537, 338.29, 337.997, 337.651, 337.24, 336.754, 336.178, 335.497, 334.689, 333.732, 332.6, 331.258, 329.669, 327.787, 325.557, 322.917, 319.79, 316.086, 311.698, 306.502, 300.348, 300.019, 300.001, 300, 300, 300, 300, 300, 300, 300, 300, 300, 300, 300, 300, 
339.584, 339.584, 339.58, 339.571, 339.557, 339.536, 339.507, 339.469, 339.42, 339.359, 339.281, 339.186, 339.069, 338.926, 338.753, 338.545, 338.298, 338.005, 337.658, 337.248, 336.762, 336.186, 335.504, 334.696, 333.739, 332.606, 331.264, 329.675, 327.792, 325.562, 322.922, 319.794, 316.089, 311.701, 306.504, 300.348, 300.019, 300.001, 300, 300, 300, 300, 300, 300, 300, 300, 300, 300, 300, 300, 
339.591, 339.591, 339.587, 339.579, 339.565, 339.544, 339.515, 339.477, 339.428, 339.366, 339.289, 339.194, 339.077, 338.934, 338.761, 338.552, 338.305, 338.013, 337.666, 337.255, 336.769, 336.193, 335.511, 334.703, 333.746, 332.613, 331.271, 329.681, 327.798, 325.568, 322.926, 319.798, 316.092, 311.703, 306.505, 300.348, 300.019, 300.001, 300, 300, 300, 300, 300, 300, 300, 300, 300, 300, 300, 300, 
339.599, 339.599, 339.595, 339.587, 339.572, 339.551, 339.523, 339.485, 339.436, 339.374, 339.297, 339.201, 339.084, 338.942, 338.769, 338.56, 338.313, 338.02, 337.673, 337.263, 336.776, 336.2, 335.518, 334.71, 333.753, 332.619, 331.277, 329.687, 327.803, 325.573, 322.931, 319.801, 316.095, 311.706, 306.506, 300.348, 300.019, 300.001, 300, 300, 300, 300, 300, 300, 300, 300, 300, 300, 300, 300, 
339.607, 339.607, 339.603, 339.594, 339.58, 339.559, 339.53, 339.492, 339.443, 339.382, 339.304, 339.209, 339.092, 338.949, 338.776, 338.567, 338.32, 338.027, 337.68, 337.27, 336.783, 336.207, 335.525, 334.716, 333.759, 332.625, 331.283, 329.692, 327.809, 325.578, 322.935, 319.805, 316.098, 311.708, 306.508, 300.348, 300.019, 300.001, 300, 300, 300, 300, 300, 300, 300, 300, 300, 300, 300, 300, 
339.614, 339.614, 339.61, 339.601, 339.587, 339.566, 339.538, 339.5, 339.451, 339.389, 339.312, 339.216, 339.099, 338.956, 338.783, 338.574, 338.327, 338.034, 337.687, 337.277, 336.79, 336.214, 335.531, 334.723, 333.765, 332.632, 331.288, 329.698, 327.814, 325.582, 322.939, 319.809, 316.101, 311.71, 306.509, 300.348, 300.019, 300.001, 300, 300, 300, 300, 300, 300, 300, 300, 300, 300, 300, 300, 
339.621, 339.621, 339.617, 339.608, 339.594, 339.573, 339.545, 339.507, 339.458, 339.396, 339.319, 339.223, 339.106, 338.963, 338.79, 338.581, 338.334, 338.041, 337.694, 337.283, 336.797, 336.22, 335.538, 334.729, 333.772, 332.637, 331.294, 329.703, 327.819, 325.587, 322.943, 319.813, 316.104, 311.712, 306.51, 300.348, 300.019, 300.001, 300, 300, 300, 300, 300, 300, 300, 300, 300, 300, 300, 300, 
339.628, 339.628, 339.624, 339.615, 339.601, 339.58, 339.552, 339.514, 339.465, 339.403, 339.326, 339.23, 339.113, 338.97, 338.797, 338.588, 338.341, 338.048, 337.701, 337.29, 336.803, 336.227, 335.544, 334.735, 333.778, 332.643, 331.3, 329.708, 327.824, 325.591, 322.948, 319.816, 316.107, 311.714, 306.511, 300.348, 300.019, 300.001, 300, 300, 300, 300, 300, 300, 300, 300, 300, 300, 300, 300, 
339.635, 339.635, 339.631, 339.622, 339.608, 339.587, 339.558, 339.52, 339.472, 339.41, 339.332, 339.237, 339.12, 338.977, 338.804, 338.595, 338.347, 338.054, 337.707, 337.296, 336.809, 336.233, 335.55, 334.741, 333.783, 332.649, 331.305, 329.714, 327.829, 325.596, 322.951, 319.819, 316.11, 311.716, 306.512, 300.349, 300.019, 300.001, 300, 300, 300, 300, 300, 300, 300, 300, 300, 300, 300, 300, 
339.642, 339.642, 339.638, 339.629, 339.615, 339.594, 339.565, 339.527, 339.478, 339.416, 339.339, 339.243, 339.126, 338.983, 338.81, 338.601, 338.354, 338.061, 337.714, 337.303, 336.816, 336.239, 335.556, 334.747, 333.789, 332.654, 331.31, 329.719, 327.833, 325.6, 322.955, 319.823, 316.113, 311.718, 306.513, 300.349, 300.019, 300.001, 300, 300, 300, 300, 300, 300, 300, 300, 300, 300, 300, 300, 
339.648, 339.648, 339.644, 339.635, 339.621, 339.6, 339.571, 339.534, 339.485, 339.423, 339.345, 339.25, 339.132, 338.99, 338.817, 338.608, 338.36, 338.067, 337.72, 337.309, 336.822, 336.245, 335.562, 334.753, 333.795, 332.66, 331.315, 329.723, 327.838, 325.604, 322.959, 319.826, 316.115, 311.72, 306.514, 300.349, 300.019, 300.001, 300, 300, 300, 300, 300, 300, 300, 300, 300, 300, 300, 300, 
339.654, 339.654, 339.65, 339.642, 339.627, 339.606, 339.578, 339.54, 339.491, 339.429, 339.352, 339.256, 339.139, 338.996, 338.823, 338.614, 338.366, 338.073, 337.726, 337.315, 336.828, 336.251, 335.568, 334.758, 333.8, 332.665, 331.32, 329.728, 327.842, 325.608, 322.963, 319.829, 316.118, 311.722, 306.515, 300.349, 300.019, 300.001, 300, 300, 300, 300, 300, 300, 300, 300, 300, 300, 300, 300, 
339.66, 339.66, 339.656, 339.648, 339.633, 339.613, 339.584, 339.546, 339.497, 339.435, 339.358, 339.262, 339.145, 339.002, 338.829, 338.62, 338.372, 338.079, 337.732, 337.32, 336.833, 336.256, 335.573, 334.764, 333.805, 332.67, 331.325, 329.733, 327.847, 325.612, 322.966, 319.832, 316.12, 311.724, 306.516, 300.349, 300.019, 300.001, 300, 300, 300, 300, 300, 300, 300, 300, 300, 300, 300, 300, 
339.666, 339.666, 339.662, 339.654, 339.639, 339.619, 339.59, 339.552, 339.503, 339.441, 339.364, 339.268, 339.151, 339.008, 338.835, 338.626, 338.378, 338.085, 337.737, 337.326, 336.839, 336.262, 335.578, 334.769, 333.81, 332.675, 331.33, 329.737, 327.851, 325.616, 322.97, 319.835, 316.123, 311.726, 306.517, 300.349, 300.019, 300.001, 300, 300, 300, 300, 300, 300, 300, 300, 300, 300, 300, 300, 
339.672, 339.672, 339.668, 339.66, 339.645, 339.624, 339.596, 339.558, 339.509, 339.447, 339.369, 339.274, 339.156, 339.014, 338.84, 338.631, 338.384, 338.09, 337.743, 337.332, 336.844, 336.267, 335.584, 334.774, 333.815, 332.68, 331.335, 329.742, 327.855, 325.62, 322.973, 319.838, 316.125, 311.727, 306.518, 300.349, 300.019, 300.001, 300, 300, 300, 300, 300, 300, 300, 300, 300, 300, 300, 300, 
339.678, 339.678, 339.674, 339.665, 339.651, 339.63, 339.601, 339.563, 339.514, 339.452, 339.375, 339.279, 339.162, 339.019, 338.846, 338.637, 338.389, 338.096, 337.748, 337.337, 336.85, 336.272, 335.589, 334.779, 333.82, 332.684, 331.339, 329.746, 327.859, 325.624, 322.977, 319.841, 316.127, 311.729, 306.519, 300.349, 300.019, 300.001, 300, 300, 300, 300, 300, 300, 300, 300, 300, 300, 300, 300, 
339.683, 339.683, 339.68, 339.671, 339.657, 339.636, 339.607, 339.569, 339.52, 339.458, 339.381, 339.285, 339.168, 339.025, 338.851, 338.642, 338.395, 338.101, 337.754, 337.342, 336.855, 336.278, 335.594, 334.784, 333.825, 332.689, 331.344, 329.75, 327.863, 325.627, 322.98, 319.844, 316.13, 311.731, 306.52, 300.349, 300.019, 300.001, 300, 300, 300, 300, 300, 300, 300, 300, 300, 300, 300, 300, 
339.689, 339.689, 339.685, 339.676, 339.662, 339.641, 339.612, 339.574, 339.525, 339.463, 339.386, 339.29, 339.173, 339.03, 338.857, 338.648, 338.4, 338.106, 337.759, 337.347, 336.86, 336.283, 335.599, 334.789, 333.83, 332.694, 331.348, 329.754, 327.867, 325.631, 322.983, 319.847, 316.132, 311.732, 306.521, 300.349, 300.019, 300.001, 300, 300, 300, 300, 300, 300, 300, 300, 300, 300, 300, 300, 
339.694, 339.694, 339.69, 339.682, 339.667, 339.646, 339.618, 339.58, 339.531, 339.469, 339.391, 339.295, 339.178, 339.035, 338.862, 338.653, 338.405, 338.111, 337.764, 337.352, 336.865, 336.287, 335.603, 334.794, 333.834, 332.698, 331.352, 329.758, 327.87, 325.634, 322.986, 319.849, 316.134, 311.734, 306.522, 300.349, 300.019, 300.001, 300, 300, 300, 300, 300, 300, 300, 300, 300, 300, 300, 300, 
339.699, 339.699, 339.695, 339.687, 339.672, 339.651, 339.623, 339.585, 339.536, 339.474, 339.396, 339.301, 339.183, 339.04, 338.867, 338.658, 338.41, 338.116, 337.769, 337.357, 336.87, 336.292, 335.608, 334.798, 333.839, 332.702, 331.356, 329.762, 327.874, 325.638, 322.989, 319.852, 316.136, 311.735, 306.523, 300.349, 300.019, 300.001, 300, 300, 300, 300, 300, 300, 300, 300, 300, 300, 300, 300, 
339.704, 339.704, 339.7, 339.692, 339.677, 339.656, 339.628, 339.59, 339.541, 339.479, 339.401, 339.306, 339.188, 339.045, 338.872, 338.663, 338.415, 338.121, 337.774, 337.362, 336.874, 336.297, 335.613, 334.802, 333.843, 332.706, 331.36, 329.766, 327.878, 325.641, 322.992, 319.854, 316.138, 311.737, 306.524, 300.349, 300.019, 300.001, 300, 300, 300, 300, 300, 300, 300, 300, 300, 300, 300, 300, 
339.709, 339.709, 339.705, 339.697, 339.682, 339.661, 339.633, 339.595, 339.546, 339.484, 339.406, 339.31, 339.193, 339.05, 338.877, 338.667, 338.42, 338.126, 337.778, 337.367, 336.879, 336.301, 335.617, 334.807, 333.847, 332.71, 331.364, 329.77, 327.881, 325.644, 322.995, 319.857, 316.14, 311.738, 306.524, 300.349, 300.019, 300.001, 300, 300, 300, 300, 300, 300, 300, 300, 300, 300, 300, 300, 
339.714, 339.714, 339.71, 339.701, 339.687, 339.666, 339.637, 339.599, 339.55, 339.488, 339.411, 339.315, 339.198, 339.055, 338.881, 338.672, 338.424, 338.131, 337.783, 337.371, 336.883, 336.306, 335.621, 334.811, 333.851, 332.714, 331.368, 329.773, 327.884, 325.647, 322.998, 319.859, 316.142, 311.74, 306.525, 300.349, 300.019, 300.001, 300, 300, 300, 300, 300, 300, 300, 300, 300, 300, 300, 300, 
339.719, 339.719, 339.715, 339.706, 339.692, 339.671, 339.642, 339.604, 339.555, 339.493, 339.415, 339.32, 339.202, 339.059, 338.886, 338.677, 338.429, 338.135, 337.787, 337.375, 336.888, 336.31, 335.626, 334.815, 333.855, 332.718, 331.372, 329.777, 327.888, 325.65, 323, 319.862, 316.144, 311.741, 306.526, 300.349, 300.019, 300.001, 300, 300, 300, 300, 300, 300, 300, 300, 300, 300, 300, 300, 
339.723, 339.723, 339.719, 339.711, 339.696, 339.675, 339.647, 339.609, 339.56, 339.497, 339.42, 339.324, 339.207, 339.064, 338.89, 338.681, 338.433, 338.139, 337.792, 337.38, 336.892, 336.314, 335.63, 334.819, 333.859, 332.722, 331.375, 329.78, 327.891, 325.653, 323.003, 319.864, 316.146, 311.742, 306.527, 300.349, 300.019, 300.001, 300, 300, 300, 300, 300, 300, 300, 300, 300, 300, 300, 300, 
339.728, 339.728, 339.724, 339.715, 339.701, 339.68, 339.651, 339.613, 339.564, 339.502, 339.424, 339.329, 339.211, 339.068, 338.895, 338.685, 338.437, 338.144, 337.796, 337.384, 336.896, 336.318, 335.634, 334.823, 333.863, 332.726, 331.379, 329.783, 327.894, 325.656, 323.006, 319.866, 316.148, 311.744, 306.528, 300.349, 300.019, 300.001, 300, 300, 300, 300, 300, 300, 300, 300, 300, 300, 300, 300, 
339.732, 339.732, 339.728, 339.719, 339.705, 339.684, 339.655, 339.617, 339.568, 339.506, 339.429, 339.333, 339.215, 339.072, 338.899, 338.69, 338.442, 338.148, 337.8, 337.388, 336.9, 336.322, 335.638, 334.827, 333.867, 332.729, 331.382, 329.787, 327.897, 325.659, 323.008, 319.868, 316.15, 311.745, 306.528, 300.349, 300.019, 300.001, 300, 300, 300, 300, 300, 300, 300, 300, 300, 300, 300, 300, 
339.736, 339.736, 339.732, 339.723, 339.709, 339.688, 339.66, 339.621, 339.572, 339.51, 339.433, 339.337, 339.22, 339.077, 338.903, 338.694, 338.446, 338.152, 337.804, 337.392, 336.904, 336.326, 335.641, 334.831, 333.87, 332.733, 331.386, 329.79, 327.9, 325.662, 323.011, 319.87, 316.151, 311.746, 306.529, 300.349, 300.019, 300.001, 300, 300, 300, 300, 300, 300, 300, 300, 300, 300, 300, 300, 
339.74, 339.74, 339.736, 339.728, 339.713, 339.692, 339.664, 339.626, 339.577, 339.514, 339.437, 339.341, 339.224, 339.081, 338.907, 338.698, 338.45, 338.156, 337.808, 337.396, 336.908, 336.33, 335.645, 334.834, 333.874, 332.736, 331.389, 329.793, 327.903, 325.664, 323.013, 319.873, 316.153, 311.748, 306.53, 300.349, 300.019, 300.001, 300, 300, 300, 300, 300, 300, 300, 300, 300, 300, 300, 300, 
339.744, 339.744, 339.74, 339.732, 339.717, 339.696, 339.668, 339.63, 339.581, 339.518, 339.441, 339.345, 339.228, 339.085, 338.911, 338.702, 338.454, 338.16, 337.812, 337.4, 336.911, 336.333, 335.649, 334.838, 333.877, 332.739, 331.392, 329.796, 327.906, 325.667, 323.015, 319.875, 316.155, 311.749, 306.53, 300.349, 300.019, 300.001, 300, 300, 300, 300, 300, 300, 300, 300, 300, 300, 300, 300, 
339.748, 339.748, 339.744, 339.735, 339.721, 339.7, 339.672, 339.633, 339.584, 339.522, 339.445, 339.349, 339.231, 339.088, 338.915, 338.705, 338.457, 338.163, 337.815, 337.403, 336.915, 336.337, 335.652, 334.841, 333.88, 332.743, 331.395, 329.799, 327.909, 325.669, 323.018, 319.877, 316.156, 311.75, 306.531, 300.35, 300.019, 300.001, 300, 300, 300, 300, 300, 300, 300, 300, 300, 300, 300, 300, 
339.752, 339.752, 339.748, 339.739, 339.725, 339.704, 339.675, 339.637, 339.588, 339.526, 339.449, 339.353, 339.235, 339.092, 338.919, 338.709, 338.461, 338.167, 337.819, 337.407, 336.919, 336.34, 335.656, 334.844, 333.884, 332.746, 331.398, 329.802, 327.911, 325.672, 323.02, 319.878, 316.158, 311.751, 306.532, 300.35, 300.019, 300.001, 300, 300, 300, 300, 300, 300, 300, 300, 300, 300, 300, 300, 
339.756, 339.756, 339.752, 339.743, 339.729, 339.708, 339.679, 339.641, 339.592, 339.53, 339.452, 339.356, 339.239, 339.096, 338.922, 338.713, 338.465, 338.171, 337.823, 337.41, 336.922, 336.344, 335.659, 334.848, 333.887, 332.749, 331.401, 329.805, 327.914, 325.674, 323.022, 319.88, 316.159, 311.752, 306.532, 300.35, 300.019, 300.001, 300, 300, 300, 300, 300, 300, 300, 300, 300, 300, 300, 300, 
339.759, 339.759, 339.755, 339.747, 339.732, 339.711, 339.683, 339.645, 339.595, 339.533, 339.456, 339.36, 339.243, 339.099, 338.926, 338.716, 338.468, 338.174, 337.826, 337.414, 336.926, 336.347, 335.662, 334.851, 333.89, 332.752, 331.404, 329.807, 327.916, 325.677, 323.024, 319.882, 316.161, 311.753, 306.533, 300.35, 300.019, 300.001, 300, 300, 300, 300, 300, 300, 300, 300, 300, 300, 300, 300, 
339.763, 339.763, 339.759, 339.75, 339.736, 339.715, 339.686, 339.648, 339.599, 339.537, 339.459, 339.363, 339.246, 339.103, 338.929, 338.72, 338.472, 338.178, 337.829, 337.417, 336.929, 336.35, 335.665, 334.854, 333.893, 332.755, 331.407, 329.81, 327.919, 325.679, 323.026, 319.884, 316.162, 311.754, 306.533, 300.35, 300.019, 300.001, 300, 300, 300, 300, 300, 300, 300, 300, 300, 300, 300, 300, 
339.766, 339.766, 339.762, 339.754, 339.739, 339.718, 339.69, 339.652, 339.602, 339.54, 339.463, 339.367, 339.249, 339.106, 338.933, 338.723, 338.475, 338.181, 337.833, 337.42, 336.932, 336.354, 335.668, 334.857, 333.896, 332.758, 331.409, 329.813, 327.921, 325.681, 323.028, 319.886, 316.164, 311.755, 306.534, 300.35, 300.019, 300.001, 300, 300, 300, 300, 300, 300, 300, 300, 300, 300, 300, 300, 
339.77, 339.77, 339.766, 339.757, 339.743, 339.722, 339.693, 339.655, 339.606, 339.544, 339.466, 339.37, 339.253, 339.11, 338.936, 338.726, 338.478, 338.184, 337.836, 337.424, 336.935, 336.357, 335.672, 334.86, 333.899, 332.76, 331.412, 329.815, 327.924, 325.683, 323.03, 319.887, 316.165, 311.756, 306.534, 300.35, 300.019, 300.001, 300, 300, 300, 300, 300, 300, 300, 300, 300, 300, 300, 300, 
339.773, 339.773, 339.769, 339.76, 339.746, 339.725, 339.696, 339.658, 339.609, 339.547, 339.469, 339.373, 339.256, 339.113, 338.939, 338.73, 338.481, 338.187, 337.839, 337.427, 336.938, 336.36, 335.674, 334.863, 333.902, 332.763, 331.415, 329.818, 327.926, 325.686, 323.032, 319.889, 316.166, 311.757, 306.535, 300.35, 300.019, 300.001, 300, 300, 300, 300, 300, 300, 300, 300, 300, 300, 300, 300, 
339.776, 339.776, 339.772, 339.763, 339.749, 339.728, 339.699, 339.661, 339.612, 339.55, 339.473, 339.377, 339.259, 339.116, 338.942, 338.733, 338.484, 338.19, 337.842, 337.43, 336.941, 336.363, 335.677, 334.866, 333.904, 332.766, 331.417, 329.82, 327.928, 325.688, 323.034, 319.891, 316.168, 311.758, 306.536, 300.35, 300.019, 300.001, 300, 300, 300, 300, 300, 300, 300, 300, 300, 300, 300, 300, 
339.779, 339.779, 339.775, 339.767, 339.752, 339.731, 339.703, 339.664, 339.615, 339.553, 339.476, 339.38, 339.262, 339.119, 338.945, 338.736, 338.487, 338.193, 337.845, 337.433, 336.944, 336.365, 335.68, 334.868, 333.907, 332.768, 331.42, 329.822, 327.93, 325.69, 323.036, 319.892, 316.169, 311.759, 306.536, 300.35, 300.019, 300.001, 300, 300, 300, 300, 300, 300, 300, 300, 300, 300, 300, 300, 
339.782, 339.782, 339.778, 339.77, 339.755, 339.734, 339.706, 339.667, 339.618, 339.556, 339.479, 339.383, 339.265, 339.122, 338.948, 338.739, 338.49, 338.196, 337.848, 337.435, 336.947, 336.368, 335.683, 334.871, 333.91, 332.771, 331.422, 329.825, 327.933, 325.692, 323.037, 319.894, 316.17, 311.76, 306.537, 300.35, 300.019, 300.001, 300, 300, 300, 300, 300, 300, 300, 300, 300, 300, 300, 300, 
339.785, 339.785, 339.781, 339.773, 339.758, 339.737, 339.708, 339.67, 339.621, 339.559, 339.482, 339.386, 339.268, 339.125, 338.951, 338.742, 338.493, 338.199, 337.851, 337.438, 336.95, 336.371, 335.686, 334.874, 333.912, 332.773, 331.425, 329.827, 327.935, 325.694, 323.039, 319.895, 316.171, 311.761, 306.537, 300.35, 300.019, 300.001, 300, 300, 300, 300, 300, 300, 300, 300, 300, 300, 300, 300, 
339.788, 339.788, 339.784, 339.775, 339.761, 339.74, 339.711, 339.673, 339.624, 339.562, 339.484, 339.389, 339.271, 339.128, 338.954, 338.744, 338.496, 338.202, 337.854, 337.441, 336.952, 336.374, 335.688, 334.876, 333.915, 332.776, 331.427, 329.829, 327.937, 325.695, 323.041, 319.897, 316.173, 311.762, 306.538, 300.35, 300.019, 300.001, 300, 300, 300, 300, 300, 300, 300, 300, 300, 300, 300, 300, 
339.791, 339.791, 339.787, 339.778, 339.764, 339.743, 339.714, 339.676, 339.627, 339.565, 339.487, 339.391, 339.274, 339.13, 338.957, 338.747, 338.499, 338.205, 337.856, 337.444, 336.955, 336.376, 335.691, 334.879, 333.917, 332.778, 331.429, 329.831, 327.939, 325.697, 323.042, 319.898, 316.174, 311.763, 306.538, 300.35, 300.019, 300.001, 300, 300, 300, 300, 300, 300, 300, 300, 300, 300, 300, 300, 
339.794, 339.794, 339.79, 339.781, 339.767, 339.746, 339.717, 339.679, 339.63, 339.568, 339.49, 339.394, 339.276, 339.133, 338.959, 338.75, 338.501, 338.207, 337.859, 337.446, 336.958, 336.379, 335.693, 334.881, 333.919, 332.78, 331.431, 329.833, 327.941, 325.699, 323.044, 319.899, 316.175, 311.763, 306.538, 300.35, 300.019, 300.001, 300, 300, 300, 300, 300, 300, 300, 300, 300, 300, 300, 300, 
339.796, 339.796, 339.792, 339.784, 339.769, 339.748, 339.72, 339.681, 339.632, 339.57, 339.493, 339.397, 339.279, 339.136, 338.962, 338.752, 338.504, 338.21, 337.861, 337.449, 336.96, 336.381, 335.696, 334.884, 333.922, 332.783, 331.433, 329.835, 327.943, 325.701, 323.046, 319.901, 316.176, 311.764, 306.539, 300.35, 300.019, 300.001, 300, 300, 300, 300, 300, 300, 300, 300, 300, 300, 300, 300, 
339.799, 339.799, 339.795, 339.786, 339.772, 339.751, 339.722, 339.684, 339.635, 339.573, 339.495, 339.399, 339.282, 339.138, 338.965, 338.755, 338.507, 338.212, 337.864, 337.451, 336.962, 336.384, 335.698, 334.886, 333.924, 332.785, 331.435, 329.837, 327.944, 325.702, 323.047, 319.902, 316.177, 311.765, 306.539, 300.35, 300.019, 300.001, 300, 300, 300, 300, 300, 300, 300, 300, 300, 300, 300, 300, 
339.802, 339.802, 339.798, 339.789, 339.774, 339.754, 339.725, 339.687, 339.638, 339.575, 339.498, 339.402, 339.284, 339.141, 338.967, 338.757, 338.509, 338.215, 337.866, 337.454, 336.965, 336.386, 335.7, 334.888, 333.926, 332.787, 331.437, 329.839, 327.946, 325.704, 323.049, 319.903, 316.178, 311.766, 306.54, 300.35, 300.019, 300.001, 300, 300, 300, 300, 300, 300, 300, 300, 300, 300, 300, 300, 
339.804, 339.804, 339.8, 339.791, 339.777, 339.756, 339.727, 339.689, 339.64, 339.578, 339.5, 339.404, 339.287, 339.143, 338.97, 338.76, 338.511, 338.217, 337.869, 337.456, 336.967, 336.388, 335.702, 334.89, 333.928, 332.789, 331.439, 329.841, 327.948, 325.706, 323.05, 319.905, 316.179, 311.766, 306.54, 300.35, 300.019, 300.001, 300, 300, 300, 300, 300, 300, 300, 300, 300, 300, 300, 300, 
339.806, 339.806, 339.802, 339.794, 339.779, 339.758, 339.73, 339.692, 339.642, 339.58, 339.503, 339.407, 339.289, 339.146, 338.972, 338.762, 338.514, 338.22, 337.871, 337.458, 336.969, 336.39, 335.705, 334.892, 333.93, 332.791, 331.441, 329.843, 327.95, 325.707, 323.051, 319.906, 316.18, 311.767, 306.541, 300.35, 300.019, 300.001, 300, 300, 300, 300, 300, 300, 300, 300, 300, 300, 300, 300, 
339.809, 339.809, 339.805, 339.796, 339.782, 339.761, 339.732, 339.694, 339.645, 339.583, 339.505, 339.409, 339.291, 339.148, 338.974, 338.765, 338.516, 338.222, 337.873, 337.461, 336.972, 336.393, 335.707, 334.894, 333.932, 332.793, 331.443, 329.845, 327.951, 325.709, 323.053, 319.907, 316.181, 311.768, 306.541, 300.35, 300.019, 300.001, 300, 300, 300, 300, 300, 300, 300, 300, 300, 300, 300, 300, 
339.811, 339.811, 339.807, 339.798, 339.784, 339.763, 339.734, 339.696, 339.647, 339.585, 339.507, 339.411, 339.294, 339.15, 338.977, 338.767, 338.518, 338.224, 337.875, 337.463, 336.974, 336.395, 335.709, 334.896, 333.934, 332.795, 331.445, 329.846, 327.953, 325.71, 323.054, 319.908, 316.182, 311.769, 306.541, 300.35, 300.019, 300.001, 300, 300, 300, 300, 300, 300, 300, 300, 300, 300, 300, 300, 
339.813, 339.813, 339.809, 339.801, 339.786, 339.765, 339.737, 339.698, 339.649, 339.587, 339.509, 339.413, 339.296, 339.153, 338.979, 338.769, 338.52, 338.226, 337.878, 337.465, 336.976, 336.397, 335.711, 334.898, 333.936, 332.797, 331.447, 329.848, 327.955, 325.712, 323.055, 319.909, 316.183, 311.769, 306.542, 300.35, 300.019, 300.001, 300, 300, 300, 300, 300, 300, 300, 300, 300, 300, 300, 300, 
339.816, 339.816, 339.812, 339.803, 339.788, 339.768, 339.739, 339.701, 339.651, 339.589, 339.512, 339.416, 339.298, 339.155, 338.981, 338.771, 338.523, 338.228, 337.88, 337.467, 336.978, 336.399, 335.713, 334.9, 333.938, 332.798, 331.449, 329.85, 327.956, 325.713, 323.057, 319.91, 316.184, 311.77, 306.542, 300.35, 300.019, 300.001, 300, 300, 300, 300, 300, 300, 300, 300, 300, 300, 300, 300, 
339.818, 339.818, 339.814, 339.805, 339.791, 339.77, 339.741, 339.703, 339.654, 339.591, 339.514, 339.418, 339.3, 339.157, 338.983, 338.773, 338.525, 338.23, 337.882, 337.469, 336.98, 336.401, 335.715, 334.902, 333.94, 332.8, 331.45, 329.851, 327.958, 325.715, 323.058, 319.911, 316.185, 311.771, 306.542, 300.35, 300.019, 300.001, 300, 300, 300, 300, 300, 300, 300, 300, 300, 300, 300, 300, 
339.82, 339.82, 339.816, 339.807, 339.793, 339.772, 339.743, 339.705, 339.656, 339.593, 339.516, 339.42, 339.302, 339.159, 338.985, 338.775, 338.527, 338.232, 337.884, 337.471, 336.982, 336.403, 335.717, 334.904, 333.942, 332.802, 331.452, 329.853, 327.959, 325.716, 323.059, 319.913, 316.186, 311.771, 306.543, 300.35, 300.019, 300.001, 300, 300, 300, 300, 300, 300, 300, 300, 300, 300, 300, 300, 
339.822, 339.822, 339.818, 339.809, 339.795, 339.774, 339.745, 339.707, 339.658, 339.595, 339.518, 339.422, 339.304, 339.161, 338.987, 338.777, 338.529, 338.234, 337.886, 337.473, 336.984, 336.404, 335.718, 334.906, 333.943, 332.804, 331.454, 329.854, 327.961, 325.717, 323.06, 319.914, 316.186, 311.772, 306.543, 300.35, 300.019, 300.001, 300, 300, 300, 300, 300, 300, 300, 300, 300, 300, 300, 300, 
339.824, 339.824, 339.82, 339.811, 339.797, 339.776, 339.747, 339.709, 339.66, 339.597, 339.52, 339.424, 339.306, 339.163, 338.989, 338.779, 338.531, 338.236, 337.888, 337.475, 336.986, 336.406, 335.72, 334.908, 333.945, 332.805, 331.455, 329.856, 327.962, 325.719, 323.062, 319.915, 316.187, 311.772, 306.543, 300.35, 300.019, 300.001, 300, 300, 300, 300, 300, 300, 300, 300, 300, 300, 300, 300, 
339.826, 339.826, 339.822, 339.813, 339.799, 339.778, 339.749, 339.711, 339.662, 339.599, 339.522, 339.426, 339.308, 339.165, 338.991, 338.781, 338.532, 338.238, 337.889, 337.476, 336.987, 336.408, 335.722, 334.909, 333.947, 332.807, 331.457, 329.857, 327.963, 325.72, 323.063, 319.916, 316.188, 311.773, 306.544, 300.35, 300.019, 300.001, 300, 300, 300, 300, 300, 300, 300, 300, 300, 300, 300, 300, 
339.828, 339.828, 339.824, 339.815, 339.8, 339.78, 339.751, 339.713, 339.663, 339.601, 339.524, 339.428, 339.31, 339.167, 338.993, 338.783, 338.534, 338.24, 337.891, 337.478, 336.989, 336.41, 335.724, 334.911, 333.948, 332.808, 331.458, 329.859, 327.965, 325.721, 323.064, 319.916, 316.189, 311.774, 306.544, 300.35, 300.019, 300.001, 300, 300, 300, 300, 300, 300, 300, 300, 300, 300, 300, 300, 
339.829, 339.829, 339.825, 339.817, 339.802, 339.781, 339.753, 339.714, 339.665, 339.603, 339.525, 339.429, 339.312, 339.168, 338.994, 338.785, 338.536, 338.242, 337.893, 337.48, 336.991, 336.411, 335.725, 334.913, 333.95, 332.81, 331.46, 329.86, 327.966, 325.722, 323.065, 319.917, 316.189, 311.774, 306.544, 300.35, 300.019, 300.001, 300, 300, 300, 300, 300, 300, 300, 300, 300, 300, 300, 300, 
339.831, 339.831, 339.827, 339.818, 339.804, 339.783, 339.754, 339.716, 339.667, 339.605, 339.527, 339.431, 339.313, 339.17, 338.996, 338.786, 338.538, 338.243, 337.895, 337.482, 336.993, 336.413, 335.727, 334.914, 333.952, 332.811, 331.461, 329.862, 327.967, 325.723, 323.066, 319.918, 316.19, 311.775, 306.545, 300.35, 300.019, 300.001, 300, 300, 300, 300, 300, 300, 300, 300, 300, 300, 300, 300, 
339.833, 339.833, 339.829, 339.82, 339.806, 339.785, 339.756, 339.718, 339.669, 339.607, 339.529, 339.433, 339.315, 339.172, 338.998, 338.788, 338.539, 338.245, 337.896, 337.483, 336.994, 336.415, 335.728, 334.916, 333.953, 332.813, 331.462, 329.863, 327.968, 325.725, 323.067, 319.919, 316.191, 311.775, 306.545, 300.35, 300.019, 300.001, 300, 300, 300, 300, 300, 300, 300, 300, 300, 300, 300, 300, 
339.835, 339.835, 339.831, 339.822, 339.808, 339.787, 339.758, 339.72, 339.67, 339.608, 339.531, 339.435, 339.317, 339.173, 339, 338.79, 338.541, 338.247, 337.898, 337.485, 336.996, 336.416, 335.73, 334.917, 333.955, 332.814, 331.464, 329.864, 327.97, 325.726, 323.068, 319.92, 316.192, 311.776, 306.545, 300.35, 300.019, 300.001, 300, 300, 300, 300, 300, 300, 300, 300, 300, 300, 300, 300, 
339.836, 339.836, 339.832, 339.824, 339.809, 339.788, 339.759, 339.721, 339.672, 339.61, 339.532, 339.436, 339.319, 339.175, 339.001, 338.791, 338.543, 338.248, 337.9, 337.486, 336.997, 336.418, 335.732, 334.919, 333.956, 332.816, 331.465, 329.865, 327.971, 325.727, 323.069, 319.921, 316.192, 311.776, 306.546, 300.35, 300.019, 300.001, 300, 300, 300, 300, 300, 300, 300, 300, 300, 300, 300, 300, 
339.838, 339.838, 339.834, 339.825, 339.811, 339.79, 339.761, 339.723, 339.674, 339.612, 339.534, 339.438, 339.32, 339.177, 339.003, 338.793, 338.544, 338.25, 337.901, 337.488, 336.999, 336.419, 335.733, 334.92, 333.957, 332.817, 331.466, 329.867, 327.972, 325.728, 323.07, 319.922, 316.193, 311.777, 306.546, 300.35, 300.019, 300.001, 300, 300, 300, 300, 300, 300, 300, 300, 300, 300, 300, 300, 
339.839, 339.839, 339.835, 339.827, 339.812, 339.791, 339.763, 339.724, 339.675, 339.613, 339.535, 339.439, 339.322, 339.178, 339.004, 338.794, 338.546, 338.251, 337.903, 337.49, 337, 336.421, 335.734, 334.921, 333.959, 332.818, 331.468, 329.868, 327.973, 325.729, 323.071, 319.922, 316.194, 311.777, 306.546, 300.35, 300.019, 300.001, 300, 300, 300, 300, 300, 300, 300, 300, 300, 300, 300, 300, 
339.841, 339.841, 339.837, 339.828, 339.814, 339.793, 339.764, 339.726, 339.677, 339.615, 339.537, 339.441, 339.323, 339.18, 339.006, 338.796, 338.547, 338.253, 337.904, 337.491, 337.002, 336.422, 335.736, 334.923, 333.96, 332.82, 331.469, 329.869, 327.974, 325.73, 323.072, 319.923, 316.194, 311.778, 306.546, 300.35, 300.019, 300.001, 300, 300, 300, 300, 300, 300, 300, 300, 300, 300, 300, 300, 
339.842, 339.842, 339.839, 339.83, 339.815, 339.794, 339.766, 339.728, 339.678, 339.616, 339.538, 339.442, 339.325, 339.181, 339.007, 338.797, 338.549, 338.254, 337.905, 337.492, 337.003, 336.424, 335.737, 334.924, 333.961, 332.821, 331.47, 329.87, 327.975, 325.731, 323.073, 319.924, 316.195, 311.778, 306.547, 300.35, 300.019, 300.001, 300, 300, 300, 300, 300, 300, 300, 300, 300, 300, 300, 300, 
339.844, 339.844, 339.84, 339.831, 339.817, 339.796, 339.767, 339.729, 339.68, 339.618, 339.54, 339.444, 339.326, 339.183, 339.009, 338.799, 338.55, 338.256, 337.907, 337.494, 337.004, 336.425, 335.738, 334.925, 333.963, 332.822, 331.471, 329.871, 327.976, 325.732, 323.073, 319.925, 316.195, 311.778, 306.547, 300.35, 300.019, 300.001, 300, 300, 300, 300, 300, 300, 300, 300, 300, 300, 300, 300, 
339.845, 339.845, 339.841, 339.833, 339.818, 339.797, 339.769, 339.73, 339.681, 339.619, 339.541, 339.445, 339.328, 339.184, 339.01, 338.8, 338.552, 338.257, 337.908, 337.495, 337.006, 336.426, 335.74, 334.927, 333.964, 332.823, 331.472, 329.872, 327.977, 325.733, 323.074, 319.925, 316.196, 311.779, 306.547, 300.35, 300.019, 300.001, 300, 300, 300, 300, 300, 300, 300, 300, 300, 300, 300, 300, 
339.847, 339.847, 339.843, 339.834, 339.82, 339.799, 339.77, 339.732, 339.683, 339.62, 339.543, 339.447, 339.329, 339.185, 339.012, 338.802, 338.553, 338.258, 337.91, 337.496, 337.007, 336.427, 335.741, 334.928, 333.965, 332.824, 331.473, 329.873, 327.978, 325.734, 323.075, 319.926, 316.197, 311.779, 306.547, 300.35, 300.019, 300.001, 300, 300, 300, 300, 300, 300, 300, 300, 300, 300, 300, 300, 
339.848, 339.848, 339.844, 339.835, 339.821, 339.8, 339.771, 339.733, 339.684, 339.622, 339.544, 339.448, 339.33, 339.187, 339.013, 338.803, 338.554, 338.26, 337.911, 337.498, 337.008, 336.429, 335.742, 334.929, 333.966, 332.825, 331.474, 329.874, 327.979, 325.734, 323.076, 319.927, 316.197, 311.78, 306.547, 300.35, 300.019, 300.001, 300, 300, 300, 300, 300, 300, 300, 300, 300, 300, 300, 300, 
339.849, 339.849, 339.845, 339.837, 339.822, 339.801, 339.773, 339.734, 339.685, 339.623, 339.545, 339.449, 339.332, 339.188, 339.014, 338.804, 338.556, 338.261, 337.912, 337.499, 337.01, 336.43, 335.743, 334.93, 333.967, 332.827, 331.476, 329.875, 327.98, 325.735, 323.077, 319.927, 316.198, 311.78, 306.548, 300.35, 300.019, 300.001, 300, 300, 300, 300, 300, 300, 300, 300, 300, 300, 300, 300, 
339.851, 339.851, 339.847, 339.838, 339.824, 339.803, 339.774, 339.736, 339.687, 339.624, 339.547, 339.451, 339.333, 339.189, 339.015, 338.805, 338.557, 338.262, 337.913, 337.5, 337.011, 336.431, 335.745, 334.931, 333.968, 332.828, 331.477, 329.876, 327.981, 325.736, 323.077, 319.928, 316.198, 311.78, 306.548, 300.35, 300.019, 300.001, 300, 300, 300, 300, 300, 300, 300, 300, 300, 300, 300, 300, 
339.852, 339.852, 339.848, 339.839, 339.825, 339.804, 339.775, 339.737, 339.688, 339.626, 339.548, 339.452, 339.334, 339.191, 339.017, 338.807, 338.558, 338.263, 337.915, 337.501, 337.012, 336.432, 335.746, 334.933, 333.969, 332.829, 331.478, 329.877, 327.982, 325.737, 323.078, 319.929, 316.199, 311.781, 306.548, 300.35, 300.019, 300.001, 300, 300, 300, 300, 300, 300, 300, 300, 300, 300, 300, 300, 
339.853, 339.853, 339.849, 339.841, 339.826, 339.805, 339.776, 339.738, 339.689, 339.627, 339.549, 339.453, 339.335, 339.192, 339.018, 338.808, 338.559, 338.265, 337.916, 337.503, 337.013, 336.433, 335.747, 334.934, 333.97, 332.83, 331.479, 329.878, 327.983, 325.738, 323.079, 319.929, 316.199, 311.781, 306.548, 300.35, 300.019, 300.001, 300, 300, 300, 300, 300, 300, 300, 300, 300, 300, 300, 300, 
339.854, 339.854, 339.85, 339.842, 339.827, 339.806, 339.778, 339.739, 339.69, 339.628, 339.55, 339.454, 339.336, 339.193, 339.019, 338.809, 338.56, 338.266, 337.917, 337.504, 337.014, 336.434, 335.748, 334.935, 333.971, 332.831, 331.479, 329.879, 327.984, 325.739, 323.079, 319.93, 316.2, 311.782, 306.549, 300.35, 300.019, 300.001, 300, 300, 300, 300, 300, 300, 300, 300, 300, 300, 300, 300, 
339.856, 339.856, 339.852, 339.843, 339.829, 339.808, 339.779, 339.741, 339.691, 339.629, 339.551, 339.455, 339.338, 339.194, 339.02, 338.81, 338.561, 338.267, 337.918, 337.505, 337.015, 336.436, 335.749, 334.936, 333.972, 332.832, 331.48, 329.88, 327.984, 325.739, 323.08, 319.931, 316.2, 311.782, 306.549, 300.35, 300.019, 300.001, 300, 300, 300, 300, 300, 300, 300, 300, 300, 300, 300, 300, 
339.857, 339.857, 339.853, 339.844, 339.83, 339.809, 339.78, 339.742, 339.693, 339.63, 339.553, 339.457, 339.339, 339.195, 339.021, 338.811, 338.563, 338.268, 337.919, 337.506, 337.016, 336.437, 335.75, 334.937, 333.973, 332.833, 331.481, 329.881, 327.985, 325.74, 323.081, 319.931, 316.201, 311.782, 306.549, 300.35, 300.019, 300.001, 300, 300, 300, 300, 300, 300, 300, 300, 300, 300, 300, 300, 
339.858, 339.858, 339.854, 339.845, 339.831, 339.81, 339.781, 339.743, 339.694, 339.631, 339.554, 339.458, 339.34, 339.196, 339.022, 338.812, 338.564, 338.269, 337.92, 337.507, 337.017, 336.438, 335.751, 334.938, 333.974, 332.834, 331.482, 329.882, 327.986, 325.741, 323.081, 319.932, 316.201, 311.783, 306.549, 300.35, 300.019, 300.001, 300, 300, 300, 300, 300, 300, 300, 300, 300, 300, 300, 300, 
339.859, 339.859, 339.855, 339.846, 339.832, 339.811, 339.782, 339.744, 339.695, 339.632, 339.555, 339.459, 339.341, 339.197, 339.023, 338.813, 338.565, 338.27, 337.921, 337.508, 337.018, 336.439, 335.752, 334.939, 333.975, 332.834, 331.483, 329.883, 327.987, 325.741, 323.082, 319.932, 316.202, 311.783, 306.549, 300.351, 300.019, 300.001, 300, 300, 300, 300, 300, 300, 300, 300, 300, 300, 300, 300, 
339.86, 339.86, 339.856, 339.847, 339.833, 339.812, 339.783, 339.745, 339.696, 339.634, 339.556, 339.46, 339.342, 339.198, 339.025, 338.814, 338.566, 338.271, 337.922, 337.509, 337.019, 336.44, 335.753, 334.94, 333.976, 332.835, 331.484, 329.883, 327.988, 325.742, 323.083, 319.933, 316.202, 311.783, 306.549, 300.351, 300.019, 300.001, 300, 300, 300, 300, 300, 300, 300, 300, 300, 300, 300, 300, 
339.861, 339.861, 339.857, 339.848, 339.834, 339.813, 339.784, 339.746, 339.697, 339.635, 339.557, 339.461, 339.343, 339.199, 339.026, 338.815, 338.567, 338.272, 337.923, 337.51, 337.02, 336.441, 335.754, 334.94, 333.977, 332.836, 331.485, 329.884, 327.988, 325.743, 323.083, 319.933, 316.202, 311.783, 306.55, 300.351, 300.019, 300.001, 300, 300, 300, 300, 300, 300, 300, 300, 300, 300, 300, 300, 
339.862, 339.862, 339.858, 339.849, 339.835, 339.814, 339.785, 339.747, 339.698, 339.636, 339.558, 339.462, 339.344, 339.2, 339.027, 338.816, 338.568, 338.273, 337.924, 337.511, 337.021, 336.441, 335.755, 334.941, 333.978, 332.837, 331.486, 329.885, 327.989, 325.743, 323.084, 319.934, 316.203, 311.784, 306.55, 300.351, 300.019, 300.001, 300, 300, 300, 300, 300, 300, 300, 300, 300, 300, 300, 300, 
339.863, 339.863, 339.859, 339.85, 339.836, 339.815, 339.786, 339.748, 339.699, 339.637, 339.559, 339.463, 339.345, 339.201, 339.027, 338.817, 338.569, 338.274, 337.925, 337.512, 337.022, 336.442, 335.756, 334.942, 333.979, 332.838, 331.486, 329.886, 327.99, 325.744, 323.084, 319.934, 316.203, 311.784, 306.55, 300.351, 300.019, 300.001, 300, 300, 300, 300, 300, 300, 300, 300, 300, 300, 300, 300, 
339.864, 339.864, 339.86, 339.851, 339.837, 339.816, 339.787, 339.749, 339.7, 339.637, 339.56, 339.464, 339.346, 339.202, 339.028, 338.818, 338.57, 338.275, 337.926, 337.513, 337.023, 336.443, 335.756, 334.943, 333.98, 332.839, 331.487, 329.886, 327.99, 325.745, 323.085, 319.935, 316.204, 311.784, 306.55, 300.351, 300.019, 300.001, 300, 300, 300, 300, 300, 300, 300, 300, 300, 300, 300, 300, 
339.865, 339.865, 339.861, 339.852, 339.838, 339.817, 339.788, 339.75, 339.701, 339.638, 339.561, 339.465, 339.347, 339.203, 339.029, 338.819, 338.57, 338.276, 337.927, 337.514, 337.024, 336.444, 335.757, 334.944, 333.98, 332.839, 331.488, 329.887, 327.991, 325.745, 323.086, 319.935, 316.204, 311.785, 306.55, 300.351, 300.019, 300.001, 300, 300, 300, 300, 300, 300, 300, 300, 300, 300, 300, 300, 
339.866, 339.866, 339.862, 339.853, 339.839, 339.818, 339.789, 339.751, 339.702, 339.639, 339.562, 339.465, 339.348, 339.204, 339.03, 338.82, 338.571, 338.277, 337.928, 337.514, 337.025, 336.445, 335.758, 334.945, 333.981, 332.84, 331.488, 329.888, 327.992, 325.746, 323.086, 319.936, 316.204, 311.785, 306.55, 300.351, 300.019, 300.001, 300, 300, 300, 300, 300, 300, 300, 300, 300, 300, 300, 300, 
339.867, 339.867, 339.863, 339.854, 339.84, 339.819, 339.79, 339.752, 339.702, 339.64, 339.562, 339.466, 339.349, 339.205, 339.031, 338.821, 338.572, 338.278, 337.929, 337.515, 337.026, 336.446, 335.759, 334.945, 333.982, 332.841, 331.489, 329.888, 327.992, 325.746, 323.087, 319.936, 316.205, 311.785, 306.551, 300.351, 300.019, 300.001, 300, 300, 300, 300, 300, 300, 300, 300, 300, 300, 300, 300, 
339.868, 339.868, 339.864, 339.855, 339.84, 339.819, 339.791, 339.752, 339.703, 339.641, 339.563, 339.467, 339.349, 339.206, 339.032, 338.822, 338.573, 338.278, 337.929, 337.516, 337.026, 336.447, 335.76, 334.946, 333.983, 332.842, 331.49, 329.889, 327.993, 325.747, 323.087, 319.937, 316.205, 311.785, 306.551, 300.351, 300.019, 300.001, 300, 300, 300, 300, 300, 300, 300, 300, 300, 300, 300, 300, 
339.868, 339.868, 339.864, 339.856, 339.841, 339.82, 339.791, 339.753, 339.704, 339.642, 339.564, 339.468, 339.35, 339.207, 339.033, 338.823, 338.574, 338.279, 337.93, 337.517, 337.027, 336.447, 335.76, 334.947, 333.983, 332.842, 331.491, 329.89, 327.993, 325.748, 323.088, 319.937, 316.205, 311.786, 306.551, 300.351, 300.019, 300.001, 300, 300, 300, 300, 300, 300, 300, 300, 300, 300, 300, 300, 
339.869, 339.869, 339.865, 339.856, 339.842, 339.821, 339.792, 339.754, 339.705, 339.643, 339.565, 339.469, 339.351, 339.208, 339.034, 338.823, 338.575, 338.28, 337.931, 337.518, 337.028, 336.448, 335.761, 334.948, 333.984, 332.843, 331.491, 329.89, 327.994, 325.748, 323.088, 319.937, 316.206, 311.786, 306.551, 300.351, 300.019, 300.001, 300, 300, 300, 300, 300, 300, 300, 300, 300, 300, 300, 300, 
339.87, 339.87, 339.866, 339.857, 339.843, 339.822, 339.793, 339.755, 339.706, 339.643, 339.566, 339.47, 339.352, 339.208, 339.034, 338.824, 338.575, 338.281, 337.932, 337.518, 337.029, 336.449, 335.762, 334.948, 333.985, 332.844, 331.492, 329.891, 327.995, 325.749, 323.089, 319.938, 316.206, 311.786, 306.551, 300.351, 300.019, 300.001, 300, 300, 300, 300, 300, 300, 300, 300, 300, 300, 300, 300, 
339.871, 339.871, 339.867, 339.858, 339.844, 339.823, 339.794, 339.756, 339.707, 339.644, 339.566, 339.47, 339.353, 339.209, 339.035, 338.825, 338.576, 338.282, 337.932, 337.519, 337.029, 336.449, 335.763, 334.949, 333.985, 332.844, 331.492, 329.891, 327.995, 325.749, 323.089, 319.938, 316.206, 311.786, 306.551, 300.351, 300.019, 300.001, 300, 300, 300, 300, 300, 300, 300, 300, 300, 300, 300, 300, 
339.872, 339.872, 339.868, 339.859, 339.844, 339.823, 339.795, 339.756, 339.707, 339.645, 339.567, 339.471, 339.353, 339.21, 339.036, 338.826, 338.577, 338.282, 337.933, 337.52, 337.03, 336.45, 335.763, 334.95, 333.986, 332.845, 331.493, 329.892, 327.996, 325.75, 323.089, 319.939, 316.207, 311.787, 306.551, 300.351, 300.019, 300.001, 300, 300, 300, 300, 300, 300, 300, 300, 300, 300, 300, 300, 
339.872, 339.872, 339.868, 339.86, 339.845, 339.824, 339.795, 339.757, 339.708, 339.646, 339.568, 339.472, 339.354, 339.211, 339.037, 338.826, 338.578, 338.283, 337.934, 337.52, 337.031, 336.451, 335.764, 334.95, 333.987, 332.845, 331.494, 329.893, 327.996, 325.75, 323.09, 319.939, 316.207, 311.787, 306.551, 300.351, 300.019, 300.001, 300, 300, 300, 300, 300, 300, 300, 300, 300, 300, 300, 300, 
339.873, 339.873, 339.869, 339.86, 339.846, 339.825, 339.796, 339.758, 339.709, 339.646, 339.569, 339.473, 339.355, 339.211, 339.037, 338.827, 338.578, 338.284, 337.935, 337.521, 337.032, 336.452, 335.765, 334.951, 333.987, 332.846, 331.494, 329.893, 327.997, 325.751, 323.09, 319.939, 316.207, 311.787, 306.552, 300.351, 300.019, 300.001, 300, 300, 300, 300, 300, 300, 300, 300, 300, 300, 300, 300, 
339.874, 339.874, 339.87, 339.861, 339.847, 339.826, 339.797, 339.759, 339.709, 339.647, 339.569, 339.473, 339.355, 339.212, 339.038, 338.828, 338.579, 338.284, 337.935, 337.522, 337.032, 336.452, 335.765, 334.952, 333.988, 332.847, 331.495, 329.894, 327.997, 325.751, 323.091, 319.94, 316.208, 311.787, 306.552, 300.351, 300.019, 300.001, 300, 300, 300, 300, 300, 300, 300, 300, 300, 300, 300, 300, 
339.874, 339.874, 339.87, 339.862, 339.847, 339.826, 339.797, 339.759, 339.71, 339.648, 339.57, 339.474, 339.356, 339.213, 339.039, 338.829, 338.58, 338.285, 337.936, 337.522, 337.033, 336.453, 335.766, 334.952, 333.989, 332.847, 331.495, 329.894, 327.998, 325.752, 323.091, 319.94, 316.208, 311.787, 306.552, 300.351, 300.019, 300.001, 300, 300, 300, 300, 300, 300, 300, 300, 300, 300, 300, 300, 
339.875, 339.875, 339.871, 339.862, 339.848, 339.827, 339.798, 339.76, 339.711, 339.649, 339.571, 339.475, 339.357, 339.213, 339.039, 338.829, 338.58, 338.286, 337.937, 337.523, 337.033, 336.453, 335.766, 334.953, 333.989, 332.848, 331.496, 329.895, 327.998, 325.752, 323.091, 319.94, 316.208, 311.788, 306.552, 300.351, 300.019, 300.001, 300, 300, 300, 300, 300, 300, 300, 300, 300, 300, 300, 300, 
339.876, 339.876, 339.872, 339.863, 339.849, 339.828, 339.799, 339.761, 339.711, 339.649, 339.571, 339.475, 339.357, 339.214, 339.04, 338.83, 338.581, 338.286, 337.937, 337.524, 337.034, 336.454, 335.767, 334.953, 333.99, 332.848, 331.496, 329.895, 327.999, 325.752, 323.092, 319.941, 316.208, 311.788, 306.552, 300.351, 300.019, 300.001, 300, 300, 300, 300, 300, 300, 300, 300, 300, 300, 300, 300, 
339.876, 339.876, 339.872, 339.864, 339.849, 339.828, 339.799, 339.761, 339.712, 339.65, 339.572, 339.476, 339.358, 339.215, 339.041, 338.83, 338.582, 338.287, 337.938, 337.524, 337.035, 336.455, 335.768, 334.954, 333.99, 332.849, 331.497, 329.896, 327.999, 325.753, 323.092, 319.941, 316.209, 311.788, 306.552, 300.351, 300.019, 300.001, 300, 300, 300, 300, 300, 300, 300, 300, 300, 300, 300, 300, 
339.877, 339.877, 339.873, 339.864, 339.85, 339.829, 339.8, 339.762, 339.713, 339.65, 339.573, 339.477, 339.359, 339.215, 339.041, 338.831, 338.582, 338.287, 337.938, 337.525, 337.035, 336.455, 335.768, 334.955, 333.991, 332.849, 331.497, 329.896, 328, 325.753, 323.093, 319.941, 316.209, 311.788, 306.552, 300.351, 300.019, 300.001, 300, 300, 300, 300, 300, 300, 300, 300, 300, 300, 300, 300, 
339.878, 339.878, 339.874, 339.865, 339.851, 339.83, 339.801, 339.762, 339.713, 339.651, 339.573, 339.477, 339.359, 339.216, 339.042, 338.832, 338.583, 338.288, 337.939, 337.525, 337.036, 336.456, 335.769, 334.955, 333.991, 332.85, 331.498, 329.897, 328, 325.754, 323.093, 319.942, 316.209, 311.788, 306.552, 300.351, 300.019, 300.001, 300, 300, 300, 300, 300, 300, 300, 300, 300, 300, 300, 300, 
339.878, 339.878, 339.874, 339.865, 339.851, 339.83, 339.801, 339.763, 339.714, 339.652, 339.574, 339.478, 339.36, 339.216, 339.042, 338.832, 338.583, 338.289, 337.94, 337.526, 337.036, 336.456, 335.769, 334.956, 333.992, 332.85, 331.498, 329.897, 328, 325.754, 323.093, 319.942, 316.209, 311.789, 306.552, 300.351, 300.019, 300.001, 300, 300, 300, 300, 300, 300, 300, 300, 300, 300, 300, 300, 
339.879, 339.879, 339.875, 339.866, 339.852, 339.831, 339.802, 339.764, 339.714, 339.652, 339.574, 339.478, 339.36, 339.217, 339.043, 338.833, 338.584, 338.289, 337.94, 337.527, 337.037, 336.457, 335.77, 334.956, 333.992, 332.851, 331.499, 329.897, 328.001, 325.754, 323.094, 319.942, 316.21, 311.789, 306.553, 300.351, 300.019, 300.001, 300, 300, 300, 300, 300, 300, 300, 300, 300, 300, 300, 300, 
339.879, 339.879, 339.875, 339.867, 339.852, 339.831, 339.802, 339.764, 339.715, 339.653, 339.575, 339.479, 339.361, 339.217, 339.043, 338.833, 338.584, 338.29, 337.941, 337.527, 337.037, 336.457, 335.77, 334.957, 333.993, 332.851, 331.499, 329.898, 328.001, 325.755, 323.094, 319.943, 316.21, 311.789, 306.553, 300.351, 300.019, 300.001, 300, 300, 300, 300, 300, 300, 300, 300, 300, 300, 300, 300, 
339.88, 339.88, 339.876, 339.867, 339.853, 339.832, 339.803, 339.765, 339.716, 339.653, 339.576, 339.479, 339.362, 339.218, 339.044, 338.834, 338.585, 338.29, 337.941, 337.528, 337.038, 336.458, 335.771, 334.957, 333.993, 332.852, 331.5, 329.898, 328.002, 325.755, 323.094, 319.943, 316.21, 311.789, 306.553, 300.351, 300.019, 300.001, 300, 300, 300, 300, 300, 300, 300, 300, 300, 300, 300, 300, 
339.88, 339.88, 339.876, 339.868, 339.853, 339.832, 339.803, 339.765, 339.716, 339.654, 339.576, 339.48, 339.362, 339.219, 339.045, 338.834, 338.586, 338.291, 337.942, 337.528, 337.038, 336.458, 335.771, 334.958, 333.994, 332.852, 331.5, 329.899, 328.002, 325.755, 323.095, 319.943, 316.21, 311.789, 306.553, 300.351, 300.019, 300.001, 300, 300, 300, 300, 300, 300, 300, 300, 300, 300, 300, 300, 
339.881, 339.881, 339.877, 339.868, 339.854, 339.833, 339.804, 339.766, 339.717, 339.654, 339.577, 339.48, 339.363, 339.219, 339.045, 338.835, 338.586, 338.291, 337.942, 337.529, 337.039, 336.459, 335.772, 334.958, 333.994, 332.853, 331.501, 329.899, 328.002, 325.756, 323.095, 319.943, 316.211, 311.789, 306.553, 300.351, 300.019, 300.001, 300, 300, 300, 300, 300, 300, 300, 300, 300, 300, 300, 300, 
339.881, 339.881, 339.877, 339.869, 339.854, 339.833, 339.805, 339.766, 339.717, 339.655, 339.577, 339.481, 339.363, 339.22, 339.046, 338.835, 338.587, 338.292, 337.943, 337.529, 337.039, 336.459, 335.772, 334.958, 333.995, 332.853, 331.501, 329.899, 328.003, 325.756, 323.095, 319.944, 316.211, 311.79, 306.553, 300.351, 300.019, 300.001, 300, 300, 300, 300, 300, 300, 300, 300, 300, 300, 300, 300, 
339.882, 339.882, 339.878, 339.869, 339.855, 339.834, 339.805, 339.767, 339.718, 339.655, 339.578, 339.481, 339.364, 339.22, 339.046, 338.836, 338.587, 338.292, 337.943, 337.53, 337.04, 336.46, 335.773, 334.959, 333.995, 332.853, 331.501, 329.9, 328.003, 325.756, 323.095, 319.944, 316.211, 311.79, 306.553, 300.351, 300.019, 300.001, 300, 300, 300, 300, 300, 300, 300, 300, 300, 300, 300, 300, 
339.882, 339.882, 339.878, 339.87, 339.855, 339.834, 339.805, 339.767, 339.718, 339.656, 339.578, 339.482, 339.364, 339.221, 339.046, 338.836, 338.587, 338.293, 337.944, 337.53, 337.04, 336.46, 335.773, 334.959, 333.995, 332.854, 331.502, 329.9, 328.003, 325.757, 323.096, 319.944, 316.211, 311.79, 306.553, 300.351, 300.019, 300.001, 300, 300, 300, 300, 300, 300, 300, 300, 300, 300, 300, 300, 
339.883, 339.883, 339.879, 339.87, 339.856, 339.835, 339.806, 339.768, 339.719, 339.656, 339.579, 339.482, 339.365, 339.221, 339.047, 338.837, 338.588, 338.293, 337.944, 337.53, 337.041, 336.461, 335.774, 334.96, 333.996, 332.854, 331.502, 329.901, 328.004, 325.757, 323.096, 319.944, 316.211, 311.79, 306.553, 300.351, 300.019, 300.001, 300, 300, 300, 300, 300, 300, 300, 300, 300, 300, 300, 300, 
339.883, 339.883, 339.879, 339.871, 339.856, 339.835, 339.806, 339.768, 339.719, 339.657, 339.579, 339.483, 339.365, 339.221, 339.047, 338.837, 338.588, 338.294, 337.944, 337.531, 337.041, 336.461, 335.774, 334.96, 333.996, 332.855, 331.502, 329.901, 328.004, 325.757, 323.096, 319.945, 316.212, 311.79, 306.553, 300.351, 300.019, 300.001, 300, 300, 300, 300, 300, 300, 300, 300, 300, 300, 300, 300, 
339.884, 339.884, 339.88, 339.871, 339.857, 339.836, 339.807, 339.769, 339.719, 339.657, 339.579, 339.483, 339.365, 339.222, 339.048, 338.838, 338.589, 338.294, 337.945, 337.531, 337.042, 336.461, 335.774, 334.961, 333.997, 332.855, 331.503, 329.901, 328.004, 325.758, 323.097, 319.945, 316.212, 311.79, 306.553, 300.351, 300.019, 300.001, 300, 300, 300, 300, 300, 300, 300, 300, 300, 300, 300, 300, 
339.884, 339.884, 339.88, 339.871, 339.857, 339.836, 339.807, 339.769, 339.72, 339.658, 339.58, 339.484, 339.366, 339.222, 339.048, 338.838, 338.589, 338.294, 337.945, 337.532, 337.042, 336.462, 335.775, 334.961, 333.997, 332.855, 331.503, 329.902, 328.005, 325.758, 323.097, 319.945, 316.212, 311.79, 306.553, 300.351, 300.019, 300.001, 300, 300, 300, 300, 300, 300, 300, 300, 300, 300, 300, 300, 
339.885, 339.885, 339.881, 339.872, 339.858, 339.837, 339.808, 339.77, 339.72, 339.658, 339.58, 339.484, 339.366, 339.223, 339.049, 338.839, 338.59, 338.295, 337.946, 337.532, 337.042, 336.462, 335.775, 334.961, 333.997, 332.856, 331.503, 329.902, 328.005, 325.758, 323.097, 319.945, 316.212, 311.79, 306.554, 300.351, 300.019, 300.001, 300, 300, 300, 300, 300, 300, 300, 300, 300, 300, 300, 300, 
339.885, 339.885, 339.881, 339.872, 339.858, 339.837, 339.808, 339.77, 339.721, 339.658, 339.581, 339.485, 339.367, 339.223, 339.049, 338.839, 338.59, 338.295, 337.946, 337.533, 337.043, 336.463, 335.775, 334.962, 333.998, 332.856, 331.504, 329.902, 328.005, 325.758, 323.097, 319.945, 316.212, 311.791, 306.554, 300.351, 300.019, 300.001, 300, 300, 300, 300, 300, 300, 300, 300, 300, 300, 300, 300, 
339.885, 339.885, 339.881, 339.873, 339.858, 339.837, 339.809, 339.77, 339.721, 339.659, 339.581, 339.485, 339.367, 339.224, 339.049, 338.839, 338.59, 338.296, 337.946, 337.533, 337.043, 336.463, 335.776, 334.962, 333.998, 332.856, 331.504, 329.903, 328.006, 325.759, 323.098, 319.946, 316.212, 311.791, 306.554, 300.351, 300.019, 300.001, 300, 300, 300, 300, 300, 300, 300, 300, 300, 300, 300, 300, 
339.886, 339.886, 339.882, 339.873, 339.859, 339.838, 339.809, 339.771, 339.722, 339.659, 339.581, 339.485, 339.368, 339.224, 339.05, 338.84, 338.591, 338.296, 337.947, 337.533, 337.043, 336.463, 335.776, 334.962, 333.998, 332.857, 331.504, 329.903, 328.006, 325.759, 323.098, 319.946, 316.213, 311.791, 306.554, 300.351, 300.019, 300.001, 300, 300, 300, 300, 300, 300, 300, 300, 300, 300, 300, 300, 
339.886, 339.886, 339.882, 339.874, 339.859, 339.838, 339.809, 339.771, 339.722, 339.66, 339.582, 339.486, 339.368, 339.224, 339.05, 338.84, 338.591, 338.296, 337.947, 337.534, 337.044, 336.464, 335.777, 334.963, 333.999, 332.857, 331.505, 329.903, 328.006, 325.759, 323.098, 319.946, 316.213, 311.791, 306.554, 300.351, 300.019, 300.001, 300, 300, 300, 300, 300, 300, 300, 300, 300, 300, 300, 300, 
339.887, 339.887, 339.883, 339.874, 339.86, 339.839, 339.81, 339.772, 339.722, 339.66, 339.582, 339.486, 339.368, 339.225, 339.051, 338.84, 338.592, 338.297, 337.948, 337.534, 337.044, 336.464, 335.777, 334.963, 333.999, 332.857, 331.505, 329.903, 328.006, 325.759, 323.098, 319.946, 316.213, 311.791, 306.554, 300.351, 300.019, 300.001, 300, 300, 300, 300, 300, 300, 300, 300, 300, 300, 300, 300, 
339.887, 339.887, 339.883, 339.874, 339.86, 339.839, 339.81, 339.772, 339.723, 339.66, 339.583, 339.486, 339.369, 339.225, 339.051, 338.841, 338.592, 338.297, 337.948, 337.534, 337.045, 336.464, 335.777, 334.963, 333.999, 332.858, 331.505, 329.904, 328.007, 325.76, 323.098, 319.946, 316.213, 311.791, 306.554, 300.351, 300.019, 300.001, 300, 300, 300, 300, 300, 300, 300, 300, 300, 300, 300, 300, 
339.887, 339.887, 339.883, 339.875, 339.86, 339.839, 339.81, 339.772, 339.723, 339.661, 339.583, 339.487, 339.369, 339.225, 339.051, 338.841, 338.592, 338.297, 337.948, 337.535, 337.045, 336.465, 335.778, 334.964, 334, 332.858, 331.506, 329.904, 328.007, 325.76, 323.099, 319.947, 316.213, 311.791, 306.554, 300.351, 300.019, 300.001, 300, 300, 300, 300, 300, 300, 300, 300, 300, 300, 300, 300, 
339.888, 339.888, 339.884, 339.875, 339.861, 339.84, 339.811, 339.773, 339.723, 339.661, 339.583, 339.487, 339.369, 339.226, 339.052, 338.842, 338.593, 338.298, 337.949, 337.535, 337.045, 336.465, 335.778, 334.964, 334, 332.858, 331.506, 329.904, 328.007, 325.76, 323.099, 319.947, 316.213, 311.791, 306.554, 300.351, 300.019, 300.001, 300, 300, 300, 300, 300, 300, 300, 300, 300, 300, 300, 300, 
339.888, 339.888, 339.884, 339.875, 339.861, 339.84, 339.811, 339.773, 339.724, 339.661, 339.584, 339.488, 339.37, 339.226, 339.052, 338.842, 338.593, 338.298, 337.949, 337.535, 337.046, 336.465, 335.778, 334.964, 334, 332.859, 331.506, 329.904, 328.007, 325.76, 323.099, 319.947, 316.213, 311.792, 306.554, 300.351, 300.019, 300.001, 300, 300, 300, 300, 300, 300, 300, 300, 300, 300, 300, 300, 
339.888, 339.888, 339.884, 339.876, 339.861, 339.84, 339.811, 339.773, 339.724, 339.662, 339.584, 339.488, 339.37, 339.226, 339.052, 338.842, 338.593, 338.298, 337.949, 337.536, 337.046, 336.466, 335.778, 334.965, 334.001, 332.859, 331.506, 329.905, 328.008, 325.761, 323.099, 319.947, 316.214, 311.792, 306.554, 300.351, 300.019, 300.001, 300, 300, 300, 300, 300, 300, 300, 300, 300, 300, 300, 300, 
339.889, 339.889, 339.885, 339.876, 339.862, 339.841, 339.812, 339.774, 339.724, 339.662, 339.584, 339.488, 339.37, 339.227, 339.053, 338.842, 338.594, 338.299, 337.95, 337.536, 337.046, 336.466, 335.779, 334.965, 334.001, 332.859, 331.507, 329.905, 328.008, 325.761, 323.099, 319.947, 316.214, 311.792, 306.554, 300.351, 300.019, 300.001, 300, 300, 300, 300, 300, 300, 300, 300, 300, 300, 300, 300, 
339.889, 339.889, 339.885, 339.876, 339.862, 339.841, 339.812, 339.774, 339.725, 339.662, 339.585, 339.488, 339.371, 339.227, 339.053, 338.843, 338.594, 338.299, 337.95, 337.536, 337.046, 336.466, 335.779, 334.965, 334.001, 332.859, 331.507, 329.905, 328.008, 325.761, 323.1, 319.947, 316.214, 311.792, 306.554, 300.351, 300.019, 300.001, 300, 300, 300, 300, 300, 300, 300, 300, 300, 300, 300, 300, 
339.889, 339.889, 339.885, 339.877, 339.862, 339.841, 339.812, 339.774, 339.725, 339.663, 339.585, 339.489, 339.371, 339.227, 339.053, 338.843, 338.594, 338.299, 337.95, 337.537, 337.047, 336.467, 335.779, 334.965, 334.001, 332.86, 331.507, 329.905, 328.008, 325.761, 323.1, 319.948, 316.214, 311.792, 306.554, 300.351, 300.019, 300.001, 300, 300, 300, 300, 300, 300, 300, 300, 300, 300, 300, 300, 
339.89, 339.89, 339.886, 339.877, 339.863, 339.842, 339.813, 339.774, 339.725, 339.663, 339.585, 339.489, 339.371, 339.228, 339.054, 338.843, 338.594, 338.3, 337.95, 337.537, 337.047, 336.467, 335.78, 334.966, 334.002, 332.86, 331.507, 329.906, 328.008, 325.761, 323.1, 319.948, 316.214, 311.792, 306.554, 300.351, 300.019, 300.001, 300, 300, 300, 300, 300, 300, 300, 300, 300, 300, 300, 300, 
339.89, 339.89, 339.886, 339.877, 339.863, 339.842, 339.813, 339.775, 339.726, 339.663, 339.585, 339.489, 339.372, 339.228, 339.054, 338.844, 338.595, 338.3, 337.951, 337.537, 337.047, 336.467, 335.78, 334.966, 334.002, 332.86, 331.508, 329.906, 328.009, 325.762, 323.1, 319.948, 316.214, 311.792, 306.554, 300.351, 300.019, 300.001, 300, 300, 300, 300, 300, 300, 300, 300, 300, 300, 300, 300, 
339.89, 339.89, 339.886, 339.877, 339.863, 339.842, 339.813, 339.775, 339.726, 339.664, 339.586, 339.49, 339.372, 339.228, 339.054, 338.844, 338.595, 338.3, 337.951, 337.537, 337.048, 336.467, 335.78, 334.966, 334.002, 332.86, 331.508, 329.906, 328.009, 325.762, 323.1, 319.948, 316.214, 311.792, 306.554, 300.351, 300.019, 300.001, 300, 300, 300, 300, 300, 300, 300, 300, 300, 300, 300, 300, 
339.89, 339.89, 339.886, 339.878, 339.863, 339.842, 339.814, 339.775, 339.726, 339.664, 339.586, 339.49, 339.372, 339.228, 339.054, 338.844, 338.595, 338.3, 337.951, 337.538, 337.048, 336.468, 335.78, 334.966, 334.002, 332.861, 331.508, 329.906, 328.009, 325.762, 323.1, 319.948, 316.214, 311.792, 306.554, 300.351, 300.019, 300.001, 300, 300, 300, 300, 300, 300, 300, 300, 300, 300, 300, 300, 
339.891, 339.891, 339.887, 339.878, 339.864, 339.843, 339.814, 339.776, 339.726, 339.664, 339.586, 339.49, 339.372, 339.229, 339.055, 338.844, 338.596, 338.301, 337.952, 337.538, 337.048, 336.468, 335.781, 334.967, 334.003, 332.861, 331.508, 329.906, 328.009, 325.762, 323.101, 319.948, 316.215, 311.792, 306.555, 300.351, 300.019, 300.001, 300, 300, 300, 300, 300, 300, 300, 300, 300, 300, 300, 300, 
339.891, 339.891, 339.887, 339.878, 339.864, 339.843, 339.814, 339.776, 339.727, 339.664, 339.587, 339.49, 339.373, 339.229, 339.055, 338.845, 338.596, 338.301, 337.952, 337.538, 337.048, 336.468, 335.781, 334.967, 334.003, 332.861, 331.509, 329.907, 328.009, 325.762, 323.101, 319.948, 316.215, 311.792, 306.555, 300.351, 300.019, 300.001, 300, 300, 300, 300, 300, 300, 300, 300, 300, 300, 300, 300, 
339.891, 339.891, 339.887, 339.879, 339.864, 339.843, 339.814, 339.776, 339.727, 339.665, 339.587, 339.491, 339.373, 339.229, 339.055, 338.845, 338.596, 338.301, 337.952, 337.538, 337.049, 336.468, 335.781, 334.967, 334.003, 332.861, 331.509, 329.907, 328.01, 325.762, 323.101, 319.949, 316.215, 311.792, 306.555, 300.351, 300.019, 300.001, 300, 300, 300, 300, 300, 300, 300, 300, 300, 300, 300, 300, 
339.892, 339.892, 339.888, 339.879, 339.864, 339.843, 339.815, 339.776, 339.727, 339.665, 339.587, 339.491, 339.373, 339.229, 339.055, 338.845, 338.596, 338.301, 337.952, 337.539, 337.049, 336.469, 335.781, 334.967, 334.003, 332.861, 331.509, 329.907, 328.01, 325.763, 323.101, 319.949, 316.215, 311.793, 306.555, 300.351, 300.019, 300.001, 300, 300, 300, 300, 300, 300, 300, 300, 300, 300, 300, 300, 
339.892, 339.892, 339.888, 339.879, 339.865, 339.844, 339.815, 339.777, 339.727, 339.665, 339.587, 339.491, 339.373, 339.23, 339.056, 338.845, 338.597, 338.302, 337.952, 337.539, 337.049, 336.469, 335.782, 334.968, 334.003, 332.862, 331.509, 329.907, 328.01, 325.763, 323.101, 319.949, 316.215, 311.793, 306.555, 300.351, 300.019, 300.001, 300, 300, 300, 300, 300, 300, 300, 300, 300, 300, 300, 300, 
339.892, 339.892, 339.888, 339.879, 339.865, 339.844, 339.815, 339.777, 339.728, 339.665, 339.588, 339.491, 339.374, 339.23, 339.056, 338.846, 338.597, 338.302, 337.953, 337.539, 337.049, 336.469, 335.782, 334.968, 334.004, 332.862, 331.509, 329.907, 328.01, 325.763, 323.101, 319.949, 316.215, 311.793, 306.555, 300.351, 300.019, 300.001, 300, 300, 300, 300, 300, 300, 300, 300, 300, 300, 300, 300, 
339.892, 339.892, 339.888, 339.879, 339.865, 339.844, 339.815, 339.777, 339.728, 339.666, 339.588, 339.492, 339.374, 339.23, 339.056, 338.846, 338.597, 338.302, 337.953, 337.539, 337.049, 336.469, 335.782, 334.968, 334.004, 332.862, 331.51, 329.908, 328.01, 325.763, 323.101, 319.949, 316.215, 311.793, 306.555, 300.351, 300.019, 300.001, 300, 300, 300, 300, 300, 300, 300, 300, 300, 300, 300, 300, 
339.892, 339.892, 339.888, 339.88, 339.865, 339.844, 339.816, 339.777, 339.728, 339.666, 339.588, 339.492, 339.374, 339.23, 339.056, 338.846, 338.597, 338.302, 337.953, 337.54, 337.05, 336.469, 335.782, 334.968, 334.004, 332.862, 331.51, 329.908, 328.01, 325.763, 323.102, 319.949, 316.215, 311.793, 306.555, 300.351, 300.019, 300.001, 300, 300, 300, 300, 300, 300, 300, 300, 300, 300, 300, 300, 
339.893, 339.893, 339.889, 339.88, 339.866, 339.845, 339.816, 339.778, 339.728, 339.666, 339.588, 339.492, 339.374, 339.231, 339.057, 338.846, 338.597, 338.303, 337.953, 337.54, 337.05, 336.47, 335.782, 334.968, 334.004, 332.862, 331.51, 329.908, 328.011, 325.763, 323.102, 319.949, 316.215, 311.793, 306.555, 300.351, 300.019, 300.001, 300, 300, 300, 300, 300, 300, 300, 300, 300, 300, 300, 300, 
339.893, 339.893, 339.889, 339.88, 339.866, 339.845, 339.816, 339.778, 339.729, 339.666, 339.588, 339.492, 339.374, 339.231, 339.057, 338.847, 338.598, 338.303, 337.954, 337.54, 337.05, 336.47, 335.783, 334.969, 334.004, 332.863, 331.51, 329.908, 328.011, 325.764, 323.102, 319.949, 316.215, 311.793, 306.555, 300.351, 300.019, 300.001, 300, 300, 300, 300, 300, 300, 300, 300, 300, 300, 300, 300, 
339.893, 339.893, 339.889, 339.88, 339.866, 339.845, 339.816, 339.778, 339.729, 339.666, 339.589, 339.493, 339.375, 339.231, 339.057, 338.847, 338.598, 338.303, 337.954, 337.54, 337.05, 336.47, 335.783, 334.969, 334.005, 332.863, 331.51, 329.908, 328.011, 325.764, 323.102, 319.949, 316.216, 311.793, 306.555, 300.351, 300.019, 300.001, 300, 300, 300, 300, 300, 300, 300, 300, 300, 300, 300, 300, 
339.893, 339.893, 339.889, 339.881, 339.866, 339.845, 339.816, 339.778, 339.729, 339.667, 339.589, 339.493, 339.375, 339.231, 339.057, 338.847, 338.598, 338.303, 337.954, 337.54, 337.05, 336.47, 335.783, 334.969, 334.005, 332.863, 331.51, 329.908, 328.011, 325.764, 323.102, 319.95, 316.216, 311.793, 306.555, 300.351, 300.019, 300.001, 300, 300, 300, 300, 300, 300, 300, 300, 300, 300, 300, 300, 
339.893, 339.893, 339.889, 339.881, 339.866, 339.845, 339.817, 339.778, 339.729, 339.667, 339.589, 339.493, 339.375, 339.231, 339.057, 338.847, 338.598, 338.303, 337.954, 337.541, 337.051, 336.47, 335.783, 334.969, 334.005, 332.863, 331.511, 329.909, 328.011, 325.764, 323.102, 319.95, 316.216, 311.793, 306.555, 300.351, 300.019, 300.001, 300, 300, 300, 300, 300, 300, 300, 300, 300, 300, 300, 300, 
339.894, 339.894, 339.89, 339.881, 339.867, 339.846, 339.817, 339.779, 339.729, 339.667, 339.589, 339.493, 339.375, 339.232, 339.058, 338.847, 338.598, 338.304, 337.954, 337.541, 337.051, 336.471, 335.783, 334.969, 334.005, 332.863, 331.511, 329.909, 328.011, 325.764, 323.102, 319.95, 316.216, 311.793, 306.555, 300.351, 300.019, 300.001, 300, 300, 300, 300, 300, 300, 300, 300, 300, 300, 300, 300, 
339.894, 339.894, 339.89, 339.881, 339.867, 339.846, 339.817, 339.779, 339.73, 339.667, 339.589, 339.493, 339.375, 339.232, 339.058, 338.848, 338.599, 338.304, 337.955, 337.541, 337.051, 336.471, 335.783, 334.969, 334.005, 332.863, 331.511, 329.909, 328.011, 325.764, 323.102, 319.95, 316.216, 311.793, 306.555, 300.351, 300.019, 300.001, 300, 300, 300, 300, 300, 300, 300, 300, 300, 300, 300, 300, 
339.894, 339.894, 339.89, 339.881, 339.867, 339.846, 339.817, 339.779, 339.73, 339.667, 339.59, 339.493, 339.376, 339.232, 339.058, 338.848, 338.599, 338.304, 337.955, 337.541, 337.051, 336.471, 335.784, 334.97, 334.005, 332.864, 331.511, 329.909, 328.012, 325.764, 323.103, 319.95, 316.216, 311.793, 306.555, 300.351, 300.019, 300.001, 300, 300, 300, 300, 300, 300, 300, 300, 300, 300, 300, 300, 
339.894, 339.894, 339.89, 339.882, 339.867, 339.846, 339.817, 339.779, 339.73, 339.668, 339.59, 339.494, 339.376, 339.232, 339.058, 338.848, 338.599, 338.304, 337.955, 337.541, 337.051, 336.471, 335.784, 334.97, 334.006, 332.864, 331.511, 329.909, 328.012, 325.764, 323.103, 319.95, 316.216, 311.793, 306.555, 300.351, 300.019, 300.001, 300, 300, 300, 300, 300, 300, 300, 300, 300, 300, 300, 300, 
339.894, 339.894, 339.89, 339.882, 339.867, 339.846, 339.817, 339.779, 339.73, 339.668, 339.59, 339.494, 339.376, 339.232, 339.058, 338.848, 338.599, 338.304, 337.955, 337.541, 337.051, 336.471, 335.784, 334.97, 334.006, 332.864, 331.511, 329.909, 328.012, 325.765, 323.103, 319.95, 316.216, 311.793, 306.555, 300.351, 300.019, 300.001, 300, 300, 300, 300, 300, 300, 300, 300, 300, 300, 300, 300, 
339.895, 339.895, 339.891, 339.882, 339.868, 339.847, 339.818, 339.779, 339.73, 339.668, 339.59, 339.494, 339.376, 339.233, 339.058, 338.848, 338.599, 338.304, 337.955, 337.542, 337.052, 336.471, 335.784, 334.97, 334.006, 332.864, 331.511, 329.909, 328.012, 325.765, 323.103, 319.95, 316.216, 311.793, 306.555, 300.351, 300.019, 300.001, 300, 300, 300, 300, 300, 300, 300, 300, 300, 300, 300, 300, 
339.895, 339.895, 339.891, 339.882, 339.868, 339.847, 339.818, 339.78, 339.73, 339.668, 339.59, 339.494, 339.376, 339.233, 339.059, 338.848, 338.599, 338.305, 337.955, 337.542, 337.052, 336.472, 335.784, 334.97, 334.006, 332.864, 331.512, 329.91, 328.012, 325.765, 323.103, 319.95, 316.216, 311.794, 306.555, 300.351, 300.019, 300.001, 300, 300, 300, 300, 300, 300, 300, 300, 300, 300, 300, 300, 
339.895, 339.895, 339.891, 339.882, 339.868, 339.847, 339.818, 339.78, 339.731, 339.668, 339.59, 339.494, 339.376, 339.233, 339.059, 338.849, 338.6, 338.305, 337.956, 337.542, 337.052, 336.472, 335.784, 334.97, 334.006, 332.864, 331.512, 329.91, 328.012, 325.765, 323.103, 319.95, 316.216, 311.794, 306.555, 300.351, 300.019, 300.001, 300, 300, 300, 300, 300, 300, 300, 300, 300, 300, 300, 300, 
339.895, 339.895, 339.891, 339.882, 339.868, 339.847, 339.818, 339.78, 339.731, 339.668, 339.591, 339.495, 339.377, 339.233, 339.059, 338.849, 338.6, 338.305, 337.956, 337.542, 337.052, 336.472, 335.785, 334.97, 334.006, 332.864, 331.512, 329.91, 328.012, 325.765, 323.103, 319.95, 316.216, 311.794, 306.555, 300.351, 300.019, 300.001, 300, 300, 300, 300, 300, 300, 300, 300, 300, 300, 300, 300, 
339.895, 339.895, 339.891, 339.883, 339.868, 339.847, 339.818, 339.78, 339.731, 339.669, 339.591, 339.495, 339.377, 339.233, 339.059, 338.849, 338.6, 338.305, 337.956, 337.542, 337.052, 336.472, 335.785, 334.971, 334.006, 332.864, 331.512, 329.91, 328.012, 325.765, 323.103, 319.951, 316.216, 311.794, 306.555, 300.351, 300.019, 300.001, 300, 300, 300, 300, 300, 300, 300, 300, 300, 300, 300, 300, 
339.895, 339.895, 339.891, 339.883, 339.868, 339.847, 339.818, 339.78, 339.731, 339.669, 339.591, 339.495, 339.377, 339.233, 339.059, 338.849, 338.6, 338.305, 337.956, 337.542, 337.052, 336.472, 335.785, 334.971, 334.007, 332.865, 331.512, 329.91, 328.013, 325.765, 323.103, 319.951, 316.216, 311.794, 306.555, 300.351, 300.019, 300.001, 300, 300, 300, 300, 300, 300, 300, 300, 300, 300, 300, 300, 
339.896, 339.896, 339.892, 339.883, 339.868, 339.847, 339.819, 339.78, 339.731, 339.669, 339.591, 339.495, 339.377, 339.233, 339.059, 338.849, 338.6, 338.305, 337.956, 337.542, 337.053, 336.472, 335.785, 334.971, 334.007, 332.865, 331.512, 329.91, 328.013, 325.765, 323.103, 319.951, 316.217, 311.794, 306.555, 300.351, 300.019, 300.001, 300, 300, 300, 300, 300, 300, 300, 300, 300, 300, 300, 300, 
339.896, 339.896, 339.892, 339.883, 339.869, 339.848, 339.819, 339.781, 339.731, 339.669, 339.591, 339.495, 339.377, 339.234, 339.06, 338.849, 338.6, 338.306, 337.956, 337.543, 337.053, 336.472, 335.785, 334.971, 334.007, 332.865, 331.512, 329.91, 328.013, 325.765, 323.104, 319.951, 316.217, 311.794, 306.555, 300.351, 300.019, 300.001, 300, 300, 300, 300, 300, 300, 300, 300, 300, 300, 300, 300, 
339.896, 339.896, 339.892, 339.883, 339.869, 339.848, 339.819, 339.781, 339.731, 339.669, 339.591, 339.495, 339.377, 339.234, 339.06, 338.849, 338.601, 338.306, 337.956, 337.543, 337.053, 336.473, 335.785, 334.971, 334.007, 332.865, 331.512, 329.91, 328.013, 325.765, 323.104, 319.951, 316.217, 311.794, 306.555, 300.351, 300.019, 300.001, 300, 300, 300, 300, 300, 300, 300, 300, 300, 300, 300, 300, 
339.896, 339.896, 339.892, 339.883, 339.869, 339.848, 339.819, 339.781, 339.732, 339.669, 339.592, 339.495, 339.378, 339.234, 339.06, 338.85, 338.601, 338.306, 337.957, 337.543, 337.053, 336.473, 335.785, 334.971, 334.007, 332.865, 331.512, 329.91, 328.013, 325.766, 323.104, 319.951, 316.217, 311.794, 306.555, 300.351, 300.019, 300.001, 300, 300, 300, 300, 300, 300, 300, 300, 300, 300, 300, 300, 
339.896, 339.896, 339.892, 339.883, 339.869, 339.848, 339.819, 339.781, 339.732, 339.669, 339.592, 339.496, 339.378, 339.234, 339.06, 338.85, 338.601, 338.306, 337.957, 337.543, 337.053, 336.473, 335.785, 334.971, 334.007, 332.865, 331.513, 329.911, 328.013, 325.766, 323.104, 319.951, 316.217, 311.794, 306.555, 300.351, 300.019, 300.001, 300, 300, 300, 300, 300, 300, 300, 300, 300, 300, 300, 300, 
339.896, 339.896, 339.892, 339.883, 339.869, 339.848, 339.819, 339.781, 339.732, 339.67, 339.592, 339.496, 339.378, 339.234, 339.06, 338.85, 338.601, 338.306, 337.957, 337.543, 337.053, 336.473, 335.786, 334.972, 334.007, 332.865, 331.513, 329.911, 328.013, 325.766, 323.104, 319.951, 316.217, 311.794, 306.555, 300.351, 300.019, 300.001, 300, 300, 300, 300, 300, 300, 300, 300, 300, 300, 300, 300, 
339.896, 339.896, 339.892, 339.884, 339.869, 339.848, 339.819, 339.781, 339.732, 339.67, 339.592, 339.496, 339.378, 339.234, 339.06, 338.85, 338.601, 338.306, 337.957, 337.543, 337.053, 336.473, 335.786, 334.972, 334.007, 332.865, 331.513, 329.911, 328.013, 325.766, 323.104, 319.951, 316.217, 311.794, 306.555, 300.351, 300.019, 300.001, 300, 300, 300, 300, 300, 300, 300, 300, 300, 300, 300, 300, 
339.896, 339.896, 339.892, 339.884, 339.869, 339.848, 339.82, 339.781, 339.732, 339.67, 339.592, 339.496, 339.378, 339.234, 339.06, 338.85, 338.601, 338.306, 337.957, 337.543, 337.053, 336.473, 335.786, 334.972, 334.008, 332.866, 331.513, 329.911, 328.013, 325.766, 323.104, 319.951, 316.217, 311.794, 306.555, 300.351, 300.019, 300.001, 300, 300, 300, 300, 300, 300, 300, 300, 300, 300, 300, 300, 
339.897, 339.897, 339.893, 339.884, 339.87, 339.849, 339.82, 339.781, 339.732, 339.67, 339.592, 339.496, 339.378, 339.235, 339.06, 338.85, 338.601, 338.306, 337.957, 337.543, 337.054, 336.473, 335.786, 334.972, 334.008, 332.866, 331.513, 329.911, 328.013, 325.766, 323.104, 319.951, 316.217, 311.794, 306.555, 300.351, 300.019, 300.001, 300, 300, 300, 300, 300, 300, 300, 300, 300, 300, 300, 300, 
339.897, 339.897, 339.893, 339.884, 339.87, 339.849, 339.82, 339.782, 339.732, 339.67, 339.592, 339.496, 339.378, 339.235, 339.061, 338.85, 338.601, 338.307, 337.957, 337.544, 337.054, 336.473, 335.786, 334.972, 334.008, 332.866, 331.513, 329.911, 328.013, 325.766, 323.104, 319.951, 316.217, 311.794, 306.556, 300.351, 300.019, 300.001, 300, 300, 300, 300, 300, 300, 300, 300, 300, 300, 300, 300, 
339.897, 339.897, 339.893, 339.884, 339.87, 339.849, 339.82, 339.782, 339.732, 339.67, 339.592, 339.496, 339.378, 339.235, 339.061, 338.85, 338.601, 338.307, 337.957, 337.544, 337.054, 336.473, 335.786, 334.972, 334.008, 332.866, 331.513, 329.911, 328.014, 325.766, 323.104, 319.951, 316.217, 311.794, 306.556, 300.351, 300.019, 300.001, 300, 300, 300, 300, 300, 300, 300, 300, 300, 300, 300, 300, 
339.897, 339.897, 339.893, 339.884, 339.87, 339.849, 339.82, 339.782, 339.733, 339.67, 339.592, 339.496, 339.378, 339.235, 339.061, 338.851, 338.602, 338.307, 337.957, 337.544, 337.054, 336.474, 335.786, 334.972, 334.008, 332.866, 331.513, 329.911, 328.014, 325.766, 323.104, 319.951, 316.217, 311.794, 306.556, 300.351, 300.019, 300.001, 300, 300, 300, 300, 300, 300, 300, 300, 300, 300, 300, 300, 
339.897, 339.897, 339.893, 339.884, 339.87, 339.849, 339.82, 339.782, 339.733, 339.67, 339.593, 339.496, 339.379, 339.235, 339.061, 338.851, 338.602, 338.307, 337.958, 337.544, 337.054, 336.474, 335.786, 334.972, 334.008, 332.866, 331.513, 329.911, 328.014, 325.766, 323.104, 319.951, 316.217, 311.794, 306.556, 300.351, 300.019, 300.001, 300, 300, 300, 300, 300, 300, 300, 300, 300, 300, 300, 300, 
339.897, 339.897, 339.893, 339.884, 339.87, 339.849, 339.82, 339.782, 339.733, 339.671, 339.593, 339.497, 339.379, 339.235, 339.061, 338.851, 338.602, 338.307, 337.958, 337.544, 337.054, 336.474, 335.786, 334.972, 334.008, 332.866, 331.513, 329.911, 328.014, 325.766, 323.104, 319.952, 316.217, 311.794, 306.556, 300.351, 300.019, 300.001, 300, 300, 300, 300, 300, 300, 300, 300, 300, 300, 300, 300, 
339.897, 339.897, 339.893, 339.885, 339.87, 339.849, 339.82, 339.782, 339.733, 339.671, 339.593, 339.497, 339.379, 339.235, 339.061, 338.851, 338.602, 338.307, 337.958, 337.544, 337.054, 336.474, 335.787, 334.972, 334.008, 332.866, 331.514, 329.911, 328.014, 325.766, 323.104, 319.952, 316.217, 311.794, 306.556, 300.351, 300.019, 300.001, 300, 300, 300, 300, 300, 300, 300, 300, 300, 300, 300, 300, 
339.897, 339.897, 339.893, 339.885, 339.87, 339.849, 339.82, 339.782, 339.733, 339.671, 339.593, 339.497, 339.379, 339.235, 339.061, 338.851, 338.602, 338.307, 337.958, 337.544, 337.054, 336.474, 335.787, 334.973, 334.008, 332.866, 331.514, 329.912, 328.014, 325.766, 323.104, 319.952, 316.217, 311.794, 306.556, 300.351, 300.019, 300.001, 300, 300, 300, 300, 300, 300, 300, 300, 300, 300, 300, 300, 
339.897, 339.897, 339.893, 339.885, 339.87, 339.849, 339.821, 339.782, 339.733, 339.671, 339.593, 339.497, 339.379, 339.235, 339.061, 338.851, 338.602, 338.307, 337.958, 337.544, 337.054, 336.474, 335.787, 334.973, 334.008, 332.866, 331.514, 329.912, 328.014, 325.767, 323.105, 319.952, 316.217, 311.794, 306.556, 300.351, 300.019, 300.001, 300, 300, 300, 300, 300, 300, 300, 300, 300, 300, 300, 300, 
339.898, 339.898, 339.894, 339.885, 339.87, 339.849, 339.821, 339.782, 339.733, 339.671, 339.593, 339.497, 339.379, 339.235, 339.061, 338.851, 338.602, 338.307, 337.958, 337.544, 337.054, 336.474, 335.787, 334.973, 334.008, 332.866, 331.514, 329.912, 328.014, 325.767, 323.105, 319.952, 316.217, 311.794, 306.556, 300.351, 300.019, 300.001, 300, 300, 300, 300, 300, 300, 300, 300, 300, 300, 300, 300, 
339.898, 339.898, 339.894, 339.885, 339.871, 339.85, 339.821, 339.783, 339.733, 339.671, 339.593, 339.497, 339.379, 339.236, 339.061, 338.851, 338.602, 338.307, 337.958, 337.544, 337.055, 336.474, 335.787, 334.973, 334.009, 332.866, 331.514, 329.912, 328.014, 325.767, 323.105, 319.952, 316.217, 311.794, 306.556, 300.351, 300.019, 300.001, 300, 300, 300, 300, 300, 300, 300, 300, 300, 300, 300, 300, 
339.898, 339.898, 339.894, 339.885, 339.871, 339.85, 339.821, 339.783, 339.733, 339.671, 339.593, 339.497, 339.379, 339.236, 339.062, 338.851, 338.602, 338.308, 337.958, 337.545, 337.055, 336.474, 335.787, 334.973, 334.009, 332.867, 331.514, 329.912, 328.014, 325.767, 323.105, 319.952, 316.217, 311.794, 306.556, 300.351, 300.019, 300.001, 300, 300, 300, 300, 300, 300, 300, 300, 300, 300, 300, 300, 
339.898, 339.898, 339.894, 339.885, 339.871, 339.85, 339.821, 339.783, 339.733, 339.671, 339.593, 339.497, 339.379, 339.236, 339.062, 338.851, 338.602, 338.308, 337.958, 337.545, 337.055, 336.474, 335.787, 334.973, 334.009, 332.867, 331.514, 329.912, 328.014, 325.767, 323.105, 319.952, 316.217, 311.794, 306.556, 300.351, 300.019, 300.001, 300, 300, 300, 300, 300, 300, 300, 300, 300, 300, 300, 300, 
339.898, 339.898, 339.894, 339.885, 339.871, 339.85, 339.821, 339.783, 339.734, 339.671, 339.593, 339.497, 339.379, 339.236, 339.062, 338.852, 338.603, 338.308, 337.958, 337.545, 337.055, 336.474, 335.787, 334.973, 334.009, 332.867, 331.514, 329.912, 328.014, 325.767, 323.105, 319.952, 316.218, 311.794, 306.556, 300.351, 300.019, 300.001, 300, 300, 300, 300, 300, 300, 300, 300, 300, 300, 300, 300, 
339.898, 339.898, 339.894, 339.885, 339.871, 339.85, 339.821, 339.783, 339.734, 339.671, 339.594, 339.497, 339.38, 339.236, 339.062, 338.852, 338.603, 338.308, 337.958, 337.545, 337.055, 336.475, 335.787, 334.973, 334.009, 332.867, 331.514, 329.912, 328.014, 325.767, 323.105, 319.952, 316.218, 311.794, 306.556, 300.351, 300.019, 300.001, 300, 300, 300, 300, 300, 300, 300, 300, 300, 300, 300, 300, 
339.898, 339.898, 339.894, 339.885, 339.871, 339.85, 339.821, 339.783, 339.734, 339.671, 339.594, 339.497, 339.38, 339.236, 339.062, 338.852, 338.603, 338.308, 337.959, 337.545, 337.055, 336.475, 335.787, 334.973, 334.009, 332.867, 331.514, 329.912, 328.014, 325.767, 323.105, 319.952, 316.218, 311.795, 306.556, 300.351, 300.019, 300.001, 300, 300, 300, 300, 300, 300, 300, 300, 300, 300, 300, 300, 
339.898, 339.898, 339.894, 339.885, 339.871, 339.85, 339.821, 339.783, 339.734, 339.672, 339.594, 339.498, 339.38, 339.236, 339.062, 338.852, 338.603, 338.308, 337.959, 337.545, 337.055, 336.475, 335.787, 334.973, 334.009, 332.867, 331.514, 329.912, 328.015, 325.767, 323.105, 319.952, 316.218, 311.795, 306.556, 300.351, 300.019, 300.001, 300, 300, 300, 300, 300, 300, 300, 300, 300, 300, 300, 300, 
339.898, 339.898, 339.894, 339.886, 339.871, 339.85, 339.821, 339.783, 339.734, 339.672, 339.594, 339.498, 339.38, 339.236, 339.062, 338.852, 338.603, 338.308, 337.959, 337.545, 337.055, 336.475, 335.787, 334.973, 334.009, 332.867, 331.514, 329.912, 328.015, 325.767, 323.105, 319.952, 316.218, 311.795, 306.556, 300.351, 300.019, 300.001, 300, 300, 300, 300, 300, 300, 300, 300, 300, 300, 300, 300, 
339.898, 339.898, 339.894, 339.886, 339.871, 339.85, 339.821, 339.783, 339.734, 339.672, 339.594, 339.498, 339.38, 339.236, 339.062, 338.852, 338.603, 338.308, 337.959, 337.545, 337.055, 336.475, 335.787, 334.973, 334.009, 332.867, 331.514, 329.912, 328.015, 325.767, 323.105, 319.952, 316.218, 311.795, 306.556, 300.351, 300.019, 300.001, 300, 300, 300, 300, 300, 300, 300, 300, 300, 300, 300, 300, 
339.898, 339.898, 339.894, 339.886, 339.871, 339.85, 339.821, 339.783, 339.734, 339.672, 339.594, 339.498, 339.38, 339.236, 339.062, 338.852, 338.603, 338.308, 337.959, 337.545, 337.055, 336.475, 335.788, 334.973, 334.009, 332.867, 331.514, 329.912, 328.015, 325.767, 323.105, 319.952, 316.218, 311.795, 306.556, 300.351, 300.019, 300.001, 300, 300, 300, 300, 300, 300, 300, 300, 300, 300, 300, 300, 
339.898, 339.898, 339.894, 339.886, 339.871, 339.85, 339.822, 339.783, 339.734, 339.672, 339.594, 339.498, 339.38, 339.236, 339.062, 338.852, 338.603, 338.308, 337.959, 337.545, 337.055, 336.475, 335.788, 334.973, 334.009, 332.867, 331.514, 329.912, 328.015, 325.767, 323.105, 319.952, 316.218, 311.795, 306.556, 300.351, 300.019, 300.001, 300, 300, 300, 300, 300, 300, 300, 300, 300, 300, 300, 300, 
339.899, 339.899, 339.895, 339.886, 339.871, 339.85, 339.822, 339.783, 339.734, 339.672, 339.594, 339.498, 339.38, 339.236, 339.062, 338.852, 338.603, 338.308, 337.959, 337.545, 337.055, 336.475, 335.788, 334.974, 334.009, 332.867, 331.515, 329.912, 328.015, 325.767, 323.105, 319.952, 316.218, 311.795, 306.556, 300.351, 300.019, 300.001, 300, 300, 300, 300, 300, 300, 300, 300, 300, 300, 300, 300, 
339.899, 339.899, 339.895, 339.886, 339.872, 339.851, 339.822, 339.783, 339.734, 339.672, 339.594, 339.498, 339.38, 339.237, 339.062, 338.852, 338.603, 338.308, 337.959, 337.545, 337.055, 336.475, 335.788, 334.974, 334.009, 332.867, 331.515, 329.912, 328.015, 325.767, 323.105, 319.952, 316.218, 311.795, 306.556, 300.351, 300.019, 300.001, 300, 300, 300, 300, 300, 300, 300, 300, 300, 300, 300, 300, 
339.899, 339.899, 339.895, 339.886, 339.872, 339.851, 339.822, 339.784, 339.734, 339.672, 339.594, 339.498, 339.38, 339.237, 339.062, 338.852, 338.603, 338.308, 337.959, 337.545, 337.055, 336.475, 335.788, 334.974, 334.009, 332.867, 331.515, 329.912, 328.015, 325.767, 323.105, 319.952, 316.218, 311.795, 306.556, 300.351, 300.019, 300.001, 300, 300, 300, 300, 300, 300, 300, 300, 300, 300, 300, 300, 
339.899, 339.899, 339.895, 339.886, 339.872, 339.851, 339.822, 339.784, 339.734, 339.672, 339.594, 339.498, 339.38, 339.237, 339.063, 338.852, 338.603, 338.308, 337.959, 337.546, 337.056, 336.475, 335.788, 334.974, 334.009, 332.867, 331.515, 329.913, 328.015, 325.767, 323.105, 319.952, 316.218, 311.795, 306.556, 300.351, 300.019, 300.001, 300, 300, 300, 300, 300, 300, 300, 300, 300, 300, 300, 300, 
339.899, 339.899, 339.895, 339.886, 339.872, 339.851, 339.822, 339.784, 339.734, 339.672, 339.594, 339.498, 339.38, 339.237, 339.063, 338.852, 338.603, 338.309, 337.959, 337.546, 337.056, 336.475, 335.788, 334.974, 334.01, 332.867, 331.515, 329.913, 328.015, 325.767, 323.105, 319.952, 316.218, 311.795, 306.556, 300.351, 300.019, 300.001, 300, 300, 300, 300, 300, 300, 300, 300, 300, 300, 300, 300, 
339.899, 339.899, 339.895, 339.886, 339.872, 339.851, 339.822, 339.784, 339.735, 339.672, 339.594, 339.498, 339.38, 339.237, 339.063, 338.852, 338.603, 338.309, 337.959, 337.546, 337.056, 336.475, 335.788, 334.974, 334.01, 332.868, 331.515, 329.913, 328.015, 325.767, 323.105, 319.952, 316.218, 311.795, 306.556, 300.351, 300.019, 300.001, 300, 300, 300, 300, 300, 300, 300, 300, 300, 300, 300, 300, 
339.899, 339.899, 339.895, 339.886, 339.872, 339.851, 339.822, 339.784, 339.735, 339.672, 339.594, 339.498, 339.38, 339.237, 339.063, 338.853, 338.604, 338.309, 337.959, 337.546, 337.056, 336.475, 335.788, 334.974, 334.01, 332.868, 331.515, 329.913, 328.015, 325.767, 323.105, 319.952, 316.218, 311.795, 306.556, 300.351, 300.019, 300.001, 300, 300, 300, 300, 300, 300, 300, 300, 300, 300, 300, 300, 
339.899, 339.899, 339.895, 339.886, 339.872, 339.851, 339.822, 339.784, 339.735, 339.672, 339.595, 339.498, 339.381, 339.237, 339.063, 338.853, 338.604, 338.309, 337.959, 337.546, 337.056, 336.475, 335.788, 334.974, 334.01, 332.868, 331.515, 329.913, 328.015, 325.768, 323.105, 319.952, 316.218, 311.795, 306.556, 300.351, 300.019, 300.001, 300, 300, 300, 300, 300, 300, 300, 300, 300, 300, 300, 300, 
339.899, 339.899, 339.895, 339.886, 339.872, 339.851, 339.822, 339.784, 339.735, 339.672, 339.595, 339.498, 339.381, 339.237, 339.063, 338.853, 338.604, 338.309, 337.959, 337.546, 337.056, 336.475, 335.788, 334.974, 334.01, 332.868, 331.515, 329.913, 328.015, 325.768, 323.105, 319.952, 316.218, 311.795, 306.556, 300.351, 300.019, 300.001, 300, 300, 300, 300, 300, 300, 300, 300, 300, 300, 300, 300, 
339.899, 339.899, 339.895, 339.886, 339.872, 339.851, 339.822, 339.784, 339.735, 339.672, 339.595, 339.499, 339.381, 339.237, 339.063, 338.853, 338.604, 338.309, 337.96, 337.546, 337.056, 336.476, 335.788, 334.974, 334.01, 332.868, 331.515, 329.913, 328.015, 325.768, 323.106, 319.952, 316.218, 311.795, 306.556, 300.351, 300.019, 300.001, 300, 300, 300, 300, 300, 300, 300, 300, 300, 300, 300, 300, 
339.899, 339.899, 339.895, 339.886, 339.872, 339.851, 339.822, 339.784, 339.735, 339.673, 339.595, 339.499, 339.381, 339.237, 339.063, 338.853, 338.604, 338.309, 337.96, 337.546, 337.056, 336.476, 335.788, 334.974, 334.01, 332.868, 331.515, 329.913, 328.015, 325.768, 323.106, 319.953, 316.218, 311.795, 306.556, 300.351, 300.019, 300.001, 300, 300, 300, 300, 300, 300, 300, 300, 300, 300, 300, 300, 
339.899, 339.899, 339.895, 339.886, 339.872, 339.851, 339.822, 339.784, 339.735, 339.673, 339.595, 339.499, 339.381, 339.237, 339.063, 338.853, 338.604, 338.309, 337.96, 337.546, 337.056, 336.476, 335.788, 334.974, 334.01, 332.868, 331.515, 329.913, 328.015, 325.768, 323.106, 319.953, 316.218, 311.795, 306.556, 300.351, 300.019, 300.001, 300, 300, 300, 300, 300, 300, 300, 300, 300, 300, 300, 300, 
339.899, 339.899, 339.895, 339.887, 339.872, 339.851, 339.822, 339.784, 339.735, 339.673, 339.595, 339.499, 339.381, 339.237, 339.063, 338.853, 338.604, 338.309, 337.96, 337.546, 337.056, 336.476, 335.788, 334.974, 334.01, 332.868, 331.515, 329.913, 328.015, 325.768, 323.106, 319.953, 316.218, 311.795, 306.556, 300.351, 300.019, 300.001, 300, 300, 300, 300, 300, 300, 300, 300, 300, 300, 300, 300, 
339.899, 339.899, 339.895, 339.887, 339.872, 339.851, 339.822, 339.784, 339.735, 339.673, 339.595, 339.499, 339.381, 339.237, 339.063, 338.853, 338.604, 338.309, 337.96, 337.546, 337.056, 336.476, 335.788, 334.974, 334.01, 332.868, 331.515, 329.913, 328.015, 325.768, 323.106, 319.953, 316.218, 311.795, 306.556, 300.351, 300.019, 300.001, 300, 300, 300, 300, 300, 300, 300, 300, 300, 300, 300, 300, 
339.899, 339.899, 339.895, 339.887, 339.872, 339.851, 339.822, 339.784, 339.735, 339.673, 339.595, 339.499, 339.381, 339.237, 339.063, 338.853, 338.604, 338.309, 337.96, 337.546, 337.056, 336.476, 335.788, 334.974, 334.01, 332.868, 331.515, 329.913, 328.015, 325.768, 323.106, 319.953, 316.218, 311.795, 306.556, 300.351, 300.019, 300.001, 300, 300, 300, 300, 300, 300, 300, 300, 300, 300, 300, 300, 
339.899, 339.899, 339.895, 339.887, 339.872, 339.851, 339.822, 339.784, 339.735, 339.673, 339.595, 339.499, 339.381, 339.237, 339.063, 338.853, 338.604, 338.309, 337.96, 337.546, 337.056, 336.476, 335.788, 334.974, 334.01, 332.868, 331.515, 329.913, 328.015, 325.768, 323.106, 319.953, 316.218, 311.795, 306.556, 300.351, 300.019, 300.001, 300, 300, 300, 300, 300, 300, 300, 300, 300, 300, 300, 300, 
339.899, 339.899, 339.895, 339.887, 339.872, 339.851, 339.823, 339.784, 339.735, 339.673, 339.595, 339.499, 339.381, 339.237, 339.063, 338.853, 338.604, 338.309, 337.96, 337.546, 337.056, 336.476, 335.788, 334.974, 334.01, 332.868, 331.515, 329.913, 328.015, 325.768, 323.106, 319.953, 316.218, 311.795, 306.556, 300.351, 300.019, 300.001, 300, 300, 300, 300, 300, 300, 300, 300, 300, 300, 300, 300, 
339.9, 339.9, 339.896, 339.887, 339.872, 339.851, 339.823, 339.784, 339.735, 339.673, 339.595, 339.499, 339.381, 339.237, 339.063, 338.853, 338.604, 338.309, 337.96, 337.546, 337.056, 336.476, 335.789, 334.974, 334.01, 332.868, 331.515, 329.913, 328.015, 325.768, 323.106, 319.953, 316.218, 311.795, 306.556, 300.351, 300.019, 300.001, 300, 300, 300, 300, 300, 300, 300, 300, 300, 300, 300, 300, 
339.9, 339.9, 339.896, 339.887, 339.872, 339.851, 339.823, 339.784, 339.735, 339.673, 339.595, 339.499, 339.381, 339.237, 339.063, 338.853, 338.604, 338.309, 337.96, 337.546, 337.056, 336.476, 335.789, 334.974, 334.01, 332.868, 331.515, 329.913, 328.016, 325.768, 323.106, 319.953, 316.218, 311.795, 306.556, 300.351, 300.019, 300.001, 300, 300, 300, 300, 300, 300, 300, 300, 300, 300, 300, 300, 
339.9, 339.9, 339.896, 339.887, 339.873, 339.852, 339.823, 339.784, 339.735, 339.673, 339.595, 339.499, 339.381, 339.237, 339.063, 338.853, 338.604, 338.309, 337.96, 337.546, 337.056, 336.476, 335.789, 334.974, 334.01, 332.868, 331.515, 329.913, 328.016, 325.768, 323.106, 319.953, 316.218, 311.795, 306.556, 300.351, 300.019, 300.001, 300, 300, 300, 300, 300, 300, 300, 300, 300, 300, 300, 300, 
339.9, 339.9, 339.896, 339.887, 339.873, 339.852, 339.823, 339.785, 339.735, 339.673, 339.595, 339.499, 339.381, 339.238, 339.063, 338.853, 338.604, 338.309, 337.96, 337.546, 337.056, 336.476, 335.789, 334.975, 334.01, 332.868, 331.515, 329.913, 328.016, 325.768, 323.106, 319.953, 316.218, 311.795, 306.556, 300.351, 300.019, 300.001, 300, 300, 300, 300, 300, 300, 300, 300, 300, 300, 300, 300, 
339.9, 339.9, 339.896, 339.887, 339.873, 339.852, 339.823, 339.785, 339.735, 339.673, 339.595, 339.499, 339.381, 339.238, 339.063, 338.853, 338.604, 338.309, 337.96, 337.546, 337.056, 336.476, 335.789, 334.975, 334.01, 332.868, 331.515, 329.913, 328.016, 325.768, 323.106, 319.953, 316.218, 311.795, 306.556, 300.351, 300.019, 300.001, 300, 300, 300, 300, 300, 300, 300, 300, 300, 300, 300, 300, 
339.9, 339.9, 339.896, 339.887, 339.873, 339.852, 339.823, 339.785, 339.735, 339.673, 339.595, 339.499, 339.381, 339.238, 339.064, 338.853, 338.604, 338.309, 337.96, 337.546, 337.056, 336.476, 335.789, 334.975, 334.01, 332.868, 331.515, 329.913, 328.016, 325.768, 323.106, 319.953, 316.218, 311.795, 306.556, 300.351, 300.019, 300.001, 300, 300, 300, 300, 300, 300, 300, 300, 300, 300, 300, 300, 
339.9, 339.9, 339.896, 339.887, 339.873, 339.852, 339.823, 339.785, 339.735, 339.673, 339.595, 339.499, 339.381, 339.238, 339.064, 338.853, 338.604, 338.309, 337.96, 337.546, 337.056, 336.476, 335.789, 334.975, 334.01, 332.868, 331.516, 329.913, 328.016, 325.768, 323.106, 319.953, 316.218, 311.795, 306.556, 300.351, 300.019, 300.001, 300, 300, 300, 300, 300, 300, 300, 300, 300, 300, 300, 300, 
339.9, 339.9, 339.896, 339.887, 339.873, 339.852, 339.823, 339.785, 339.735, 339.673, 339.595, 339.499, 339.381, 339.238, 339.064, 338.853, 338.604, 338.309, 337.96, 337.547, 337.057, 336.476, 335.789, 334.975, 334.01, 332.868, 331.516, 329.913, 328.016, 325.768, 323.106, 319.953, 316.218, 311.795, 306.556, 300.351, 300.019, 300.001, 300, 300, 300, 300, 300, 300, 300, 300, 300, 300, 300, 300, 
339.9, 339.9, 339.896, 339.887, 339.873, 339.852, 339.823, 339.785, 339.735, 339.673, 339.595, 339.499, 339.381, 339.238, 339.064, 338.853, 338.604, 338.31, 337.96, 337.547, 337.057, 336.476, 335.789, 334.975, 334.01, 332.868, 331.516, 329.913, 328.016, 325.768, 323.106, 319.953, 316.218, 311.795, 306.556, 300.351, 300.019, 300.001, 300, 300, 300, 300, 300, 300, 300, 300, 300, 300, 300, 300, 
339.9, 339.9, 339.896, 339.887, 339.873, 339.852, 339.823, 339.785, 339.736, 339.673, 339.595, 339.499, 339.381, 339.238, 339.064, 338.853, 338.604, 338.31, 337.96, 337.547, 337.057, 336.476, 335.789, 334.975, 334.01, 332.868, 331.516, 329.913, 328.016, 325.768, 323.106, 319.953, 316.218, 311.795, 306.556, 300.351, 300.019, 300.001, 300, 300, 300, 300, 300, 300, 300, 300, 300, 300, 300, 300, 
339.9, 339.9, 339.896, 339.887, 339.873, 339.852, 339.823, 339.785, 339.736, 339.673, 339.595, 339.499, 339.381, 339.238, 339.064, 338.853, 338.605, 338.31, 337.96, 337.547, 337.057, 336.476, 335.789, 334.975, 334.01, 332.868, 331.516, 329.913, 328.016, 325.768, 323.106, 319.953, 316.218, 311.795, 306.556, 300.351, 300.019, 300.001, 300, 300, 300, 300, 300, 300, 300, 300, 300, 300, 300, 300, 
339.9, 339.9, 339.896, 339.887, 339.873, 339.852, 339.823, 339.785, 339.736, 339.673, 339.595, 339.499, 339.381, 339.238, 339.064, 338.854, 338.605, 338.31, 337.96, 337.547, 337.057, 336.476, 335.789, 334.975, 334.011, 332.868, 331.516, 329.913, 328.016, 325.768, 323.106, 319.953, 316.218, 311.795, 306.556, 300.351, 300.019, 300.001, 300, 300, 300, 300, 300, 300, 300, 300, 300, 300, 300, 300, 
339.9, 339.9, 339.896, 339.887, 339.873, 339.852, 339.823, 339.785, 339.736, 339.673, 339.596, 339.499, 339.381, 339.238, 339.064, 338.854, 338.605, 338.31, 337.96, 337.547, 337.057, 336.476, 335.789, 334.975, 334.011, 332.868, 331.516, 329.913, 328.016, 325.768, 323.106, 319.953, 316.218, 311.795, 306.556, 300.351, 300.019, 300.001, 300, 300, 300, 300, 300, 300, 300, 300, 300, 300, 300, 300, 
339.9, 339.9, 339.896, 339.887, 339.873, 339.852, 339.823, 339.785, 339.736, 339.673, 339.596, 339.499, 339.382, 339.238, 339.064, 338.854, 338.605, 338.31, 337.96, 337.547, 337.057, 336.476, 335.789, 334.975, 334.011, 332.868, 331.516, 329.914, 328.016, 325.768, 323.106, 319.953, 316.218, 311.795, 306.556, 300.351, 300.019, 300.001, 300, 300, 300, 300, 300, 300, 300, 300, 300, 300, 300, 300, 
339.9, 339.9, 339.896, 339.887, 339.873, 339.852, 339.823, 339.785, 339.736, 339.673, 339.596, 339.499, 339.382, 339.238, 339.064, 338.854, 338.605, 338.31, 337.96, 337.547, 337.057, 336.476, 335.789, 334.975, 334.011, 332.868, 331.516, 329.914, 328.016, 325.768, 323.106, 319.953, 316.218, 311.795, 306.556, 300.351, 300.019, 300.001, 300, 300, 300, 300, 300, 300, 300, 300, 300, 300, 300, 300, 
339.9, 339.9, 339.896, 339.887, 339.873, 339.852, 339.823, 339.785, 339.736, 339.673, 339.596, 339.499, 339.382, 339.238, 339.064, 338.854, 338.605, 338.31, 337.96, 337.547, 337.057, 336.476, 335.789, 334.975, 334.011, 332.869, 331.516, 329.914, 328.016, 325.768, 323.106, 319.953, 316.218, 311.795, 306.556, 300.351, 300.019, 300.001, 300, 300, 300, 300, 300, 300, 300, 300, 300, 300, 300, 300, 
339.9, 339.9, 339.896, 339.887, 339.873, 339.852, 339.823, 339.785, 339.736, 339.673, 339.596, 339.5, 339.382, 339.238, 339.064, 338.854, 338.605, 338.31, 337.961, 337.547, 337.057, 336.476, 335.789, 334.975, 334.011, 332.869, 331.516, 329.914, 328.016, 325.768, 323.106, 319.953, 316.218, 311.795, 306.556, 300.351, 300.019, 300.001, 300, 300, 300, 300, 300, 300, 300, 300, 300, 300, 300, 300, 
339.9, 339.9, 339.896, 339.887, 339.873, 339.852, 339.823, 339.785, 339.736, 339.673, 339.596, 339.5, 339.382, 339.238, 339.064, 338.854, 338.605, 338.31, 337.961, 337.547, 337.057, 336.476, 335.789, 334.975, 334.011, 332.869, 331.516, 329.914, 328.016, 325.768, 323.106, 319.953, 316.218, 311.795, 306.556, 300.351, 300.019, 300.001, 300, 300, 300, 300, 300, 300, 300, 300, 300, 300, 300, 300, 
339.9, 339.9, 339.896, 339.887, 339.873, 339.852, 339.823, 339.785, 339.736, 339.674, 339.596, 339.5, 339.382, 339.238, 339.064, 338.854, 338.605, 338.31, 337.961, 337.547, 337.057, 336.477, 335.789, 334.975, 334.011, 332.869, 331.516, 329.914, 328.016, 325.768, 323.106, 319.953, 316.218, 311.795, 306.556, 300.351, 300.019, 300.001, 300, 300, 300, 300, 300, 300, 300, 300, 300, 300, 300, 300, 
339.9, 339.9, 339.896, 339.887, 339.873, 339.852, 339.823, 339.785, 339.736, 339.674, 339.596, 339.5, 339.382, 339.238, 339.064, 338.854, 338.605, 338.31, 337.961, 337.547, 337.057, 336.477, 335.789, 334.975, 334.011, 332.869, 331.516, 329.914, 328.016, 325.768, 323.106, 319.953, 316.218, 311.795, 306.556, 300.351, 300.019, 300.001, 300, 300, 300, 300, 300, 300, 300, 300, 300, 300, 300, 300, 
339.9, 339.9, 339.896, 339.888, 339.873, 339.852, 339.823, 339.785, 339.736, 339.674, 339.596, 339.5, 339.382, 339.238, 339.064, 338.854, 338.605, 338.31, 337.961, 337.547, 337.057, 336.477, 335.789, 334.975, 334.011, 332.869, 331.516, 329.914, 328.016, 325.768, 323.106, 319.953, 316.218, 311.795, 306.556, 300.351, 300.019, 300.001, 300, 300, 300, 300, 300, 300, 300, 300, 300, 300, 300, 300, 
339.9, 339.9, 339.896, 339.888, 339.873, 339.852, 339.823, 339.785, 339.736, 339.674, 339.596, 339.5, 339.382, 339.238, 339.064, 338.854, 338.605, 338.31, 337.961, 337.547, 337.057, 336.477, 335.789, 334.975, 334.011, 332.869, 331.516, 329.914, 328.016, 325.768, 323.106, 319.953, 316.218, 311.795, 306.556, 300.351, 300.019, 300.001, 300, 300, 300, 300, 300, 300, 300, 300, 300, 300, 300, 300, 
339.9, 339.9, 339.896, 339.888, 339.873, 339.852, 339.823, 339.785, 339.736, 339.674, 339.596, 339.5, 339.382, 339.238, 339.064, 338.854, 338.605, 338.31, 337.961, 337.547, 337.057, 336.477, 335.789, 334.975, 334.011, 332.869, 331.516, 329.914, 328.016, 325.768, 323.106, 319.953, 316.218, 311.795, 306.556, 300.351, 300.019, 300.001, 300, 300, 300, 300, 300, 300, 300, 300, 300, 300, 300, 300, 
339.9, 339.9, 339.896, 339.888, 339.873, 339.852, 339.823, 339.785, 339.736, 339.674, 339.596, 339.5, 339.382, 339.238, 339.064, 338.854, 338.605, 338.31, 337.961, 337.547, 337.057, 336.477, 335.789, 334.975, 334.011, 332.869, 331.516, 329.914, 328.016, 325.768, 323.106, 319.953, 316.218, 311.795, 306.556, 300.351, 300.019, 300.001, 300, 300, 300, 300, 300, 300, 300, 300, 300, 300, 300, 300, 
339.9, 339.9, 339.896, 339.888, 339.873, 339.852, 339.823, 339.785, 339.736, 339.674, 339.596, 339.5, 339.382, 339.238, 339.064, 338.854, 338.605, 338.31, 337.961, 337.547, 337.057, 336.477, 335.789, 334.975, 334.011, 332.869, 331.516, 329.914, 328.016, 325.768, 323.106, 319.953, 316.219, 311.795, 306.556, 300.351, 300.019, 300.001, 300, 300, 300, 300, 300, 300, 300, 300, 300, 300, 300, 300, 
339.9, 339.9, 339.896, 339.888, 339.873, 339.852, 339.823, 339.785, 339.736, 339.674, 339.596, 339.5, 339.382, 339.238, 339.064, 338.854, 338.605, 338.31, 337.961, 337.547, 337.057, 336.477, 335.789, 334.975, 334.011, 332.869, 331.516, 329.914, 328.016, 325.768, 323.106, 319.953, 316.219, 311.795, 306.556, 300.351, 300.019, 300.001, 300, 300, 300, 300, 300, 300, 300, 300, 300, 300, 300, 300, 
339.9, 339.9, 339.896, 339.888, 339.873, 339.852, 339.823, 339.785, 339.736, 339.674, 339.596, 339.5, 339.382, 339.238, 339.064, 338.854, 338.605, 338.31, 337.961, 337.547, 337.057, 336.477, 335.789, 334.975, 334.011, 332.869, 331.516, 329.914, 328.016, 325.768, 323.106, 319.953, 316.219, 311.795, 306.556, 300.351, 300.019, 300.001, 300, 300, 300, 300, 300, 300, 300, 300, 300, 300, 300, 300, 
339.9, 339.9, 339.896, 339.888, 339.873, 339.852, 339.823, 339.785, 339.736, 339.674, 339.596, 339.5, 339.382, 339.238, 339.064, 338.854, 338.605, 338.31, 337.961, 337.547, 337.057, 336.477, 335.789, 334.975, 334.011, 332.869, 331.516, 329.914, 328.016, 325.768, 323.106, 319.953, 316.219, 311.795, 306.556, 300.351, 300.019, 300.001, 300, 300, 300, 300, 300, 300, 300, 300, 300, 300, 300, 300, 
339.9, 339.9, 339.896, 339.888, 339.873, 339.852, 339.824, 339.785, 339.736, 339.674, 339.596, 339.5, 339.382, 339.238, 339.064, 338.854, 338.605, 338.31, 337.961, 337.547, 337.057, 336.477, 335.789, 334.975, 334.011, 332.869, 331.516, 329.914, 328.016, 325.768, 323.106, 319.953, 316.219, 311.795, 306.556, 300.351, 300.019, 300.001, 300, 300, 300, 300, 300, 300, 300, 300, 300, 300, 300, 300, 
339.9, 339.9, 339.896, 339.888, 339.873, 339.852, 339.824, 339.785, 339.736, 339.674, 339.596, 339.5, 339.382, 339.238, 339.064, 338.854, 338.605, 338.31, 337.961, 337.547, 337.057, 336.477, 335.789, 334.975, 334.011, 332.869, 331.516, 329.914, 328.016, 325.768, 323.106, 319.953, 316.219, 311.795, 306.556, 300.351, 300.019, 300.001, 300, 300, 300, 300, 300, 300, 300, 300, 300, 300, 300, 300, 
339.901, 339.901, 339.897, 339.888, 339.873, 339.852, 339.824, 339.785, 339.736, 339.674, 339.596, 339.5, 339.382, 339.238, 339.064, 338.854, 338.605, 338.31, 337.961, 337.547, 337.057, 336.477, 335.789, 334.975, 334.011, 332.869, 331.516, 329.914, 328.016, 325.768, 323.106, 319.953, 316.219, 311.795, 306.556, 300.351, 300.019, 300.001, 300, 300, 300, 300, 300, 300, 300, 300, 300, 300, 300, 300, 
339.901, 339.901, 339.897, 339.888, 339.873, 339.852, 339.824, 339.785, 339.736, 339.674, 339.596, 339.5, 339.382, 339.238, 339.064, 338.854, 338.605, 338.31, 337.961, 337.547, 337.057, 336.477, 335.789, 334.975, 334.011, 332.869, 331.516, 329.914, 328.016, 325.769, 323.106, 319.953, 316.219, 311.795, 306.556, 300.351, 300.019, 300.001, 300, 300, 300, 300, 300, 300, 300, 300, 300, 300, 300, 300, 
339.901, 339.901, 339.897, 339.888, 339.873, 339.852, 339.824, 339.785, 339.736, 339.674, 339.596, 339.5, 339.382, 339.238, 339.064, 338.854, 338.605, 338.31, 337.961, 337.547, 337.057, 336.477, 335.789, 334.975, 334.011, 332.869, 331.516, 329.914, 328.016, 325.769, 323.106, 319.953, 316.219, 311.795, 306.556, 300.351, 300.019, 300.001, 300, 300, 300, 300, 300, 300, 300, 300, 300, 300, 300, 300, 
339.901, 339.901, 339.897, 339.888, 339.873, 339.852, 339.824, 339.785, 339.736, 339.674, 339.596, 339.5, 339.382, 339.238, 339.064, 338.854, 338.605, 338.31, 337.961, 337.547, 337.057, 336.477, 335.789, 334.975, 334.011, 332.869, 331.516, 329.914, 328.016, 325.769, 323.106, 319.953, 316.219, 311.795, 306.556, 300.351, 300.019, 300.001, 300, 300, 300, 300, 300, 300, 300, 300, 300, 300, 300, 300, 
339.901, 339.901, 339.897, 339.888, 339.873, 339.853, 339.824, 339.785, 339.736, 339.674, 339.596, 339.5, 339.382, 339.238, 339.064, 338.854, 338.605, 338.31, 337.961, 337.547, 337.057, 336.477, 335.789, 334.975, 334.011, 332.869, 331.516, 329.914, 328.016, 325.769, 323.106, 319.953, 316.219, 311.795, 306.556, 300.351, 300.019, 300.001, 300, 300, 300, 300, 300, 300, 300, 300, 300, 300, 300, 300, 
339.901, 339.901, 339.897, 339.888, 339.874, 339.853, 339.824, 339.785, 339.736, 339.674, 339.596, 339.5, 339.382, 339.238, 339.064, 338.854, 338.605, 338.31, 337.961, 337.547, 337.057, 336.477, 335.79, 334.975, 334.011, 332.869, 331.516, 329.914, 328.016, 325.769, 323.106, 319.953, 316.219, 311.795, 306.556, 300.351, 300.019, 300.001, 300, 300, 300, 300, 300, 300, 300, 300, 300, 300, 300, 300, 
339.901, 339.901, 339.897, 339.888, 339.874, 339.853, 339.824, 339.785, 339.736, 339.674, 339.596, 339.5, 339.382, 339.238, 339.064, 338.854, 338.605, 338.31, 337.961, 337.547, 337.057, 336.477, 335.79, 334.975, 334.011, 332.869, 331.516, 329.914, 328.016, 325.769, 323.106, 319.953, 316.219, 311.795, 306.556, 300.351, 300.019, 300.001, 300, 300, 300, 300, 300, 300, 300, 300, 300, 300, 300, 300, 
339.901, 339.901, 339.897, 339.888, 339.874, 339.853, 339.824, 339.786, 339.736, 339.674, 339.596, 339.5, 339.382, 339.238, 339.064, 338.854, 338.605, 338.31, 337.961, 337.547, 337.057, 336.477, 335.79, 334.975, 334.011, 332.869, 331.516, 329.914, 328.016, 325.769, 323.106, 319.953, 316.219, 311.795, 306.556, 300.351, 300.019, 300.001, 300, 300, 300, 300, 300, 300, 300, 300, 300, 300, 300, 300, 
339.901, 339.901, 339.897, 339.888, 339.874, 339.853, 339.824, 339.786, 339.736, 339.674, 339.596, 339.5, 339.382, 339.239, 339.064, 338.854, 338.605, 338.31, 337.961, 337.547, 337.057, 336.477, 335.79, 334.975, 334.011, 332.869, 331.516, 329.914, 328.016, 325.769, 323.106, 319.953, 316.219, 311.795, 306.556, 300.351, 300.019, 300.001, 300, 300, 300, 300, 300, 300, 300, 300, 300, 300, 300, 300, 
339.901, 339.901, 339.897, 339.888, 339.874, 339.853, 339.824, 339.786, 339.736, 339.674, 339.596, 339.5, 339.382, 339.239, 339.064, 338.854, 338.605, 338.31, 337.961, 337.547, 337.057, 336.477, 335.79, 334.975, 334.011, 332.869, 331.516, 329.914, 328.016, 325.769, 323.106, 319.953, 316.219, 311.795, 306.556, 300.351, 300.019, 300.001, 300, 300, 300, 300, 300, 300, 300, 300, 300, 300, 300, 300, 
339.901, 339.901, 339.897, 339.888, 339.874, 339.853, 339.824, 339.786, 339.736, 339.674, 339.596, 339.5, 339.382, 339.239, 339.064, 338.854, 338.605, 338.31, 337.961, 337.547, 337.057, 336.477, 335.79, 334.975, 334.011, 332.869, 331.516, 329.914, 328.016, 325.769, 323.106, 319.953, 316.219, 311.795, 306.556, 300.351, 300.019, 300.001, 300, 300, 300, 300, 300, 300, 300, 300, 300, 300, 300, 300, 
339.901, 339.901, 339.897, 339.888, 339.874, 339.853, 339.824, 339.786, 339.736, 339.674, 339.596, 339.5, 339.382, 339.239, 339.064, 338.854, 338.605, 338.31, 337.961, 337.547, 337.057, 336.477, 335.79, 334.975, 334.011, 332.869, 331.516, 329.914, 328.016, 325.769, 323.106, 319.953, 316.219, 311.795, 306.556, 300.351, 300.019, 300.001, 300, 300, 300, 300, 300, 300, 300, 300, 300, 300, 300, 300, 
339.901, 339.901, 339.897, 339.888, 339.874, 339.853, 339.824, 339.786, 339.736, 339.674, 339.596, 339.5, 339.382, 339.239, 339.064, 338.854, 338.605, 338.31, 337.961, 337.547, 337.057, 336.477, 335.79, 334.975, 334.011, 332.869, 331.516, 329.914, 328.016, 325.769, 323.106, 319.953, 316.219, 311.795, 306.556, 300.351, 300.019, 300.001, 300, 300, 300, 300, 300, 300, 300, 300, 300, 300, 300, 300, 
339.901, 339.901, 339.897, 339.888, 339.874, 339.853, 339.824, 339.786, 339.736, 339.674, 339.596, 339.5, 339.382, 339.239, 339.064, 338.854, 338.605, 338.31, 337.961, 337.547, 337.057, 336.477, 335.79, 334.975, 334.011, 332.869, 331.516, 329.914, 328.016, 325.769, 323.106, 319.953, 316.219, 311.795, 306.556, 300.351, 300.019, 300.001, 300, 300, 300, 300, 300, 300, 300, 300, 300, 300, 300, 300, 
339.901, 339.901, 339.897, 339.888, 339.874, 339.853, 339.824, 339.786, 339.736, 339.674, 339.596, 339.5, 339.382, 339.239, 339.064, 338.854, 338.605, 338.31, 337.961, 337.547, 337.057, 336.477, 335.79, 334.975, 334.011, 332.869, 331.516, 329.914, 328.016, 325.769, 323.106, 319.953, 316.219, 311.795, 306.556, 300.351, 300.019, 300.001, 300, 300, 300, 300, 300, 300, 300, 300, 300, 300, 300, 300, 
339.901, 339.901, 339.897, 339.888, 339.874, 339.853, 339.824, 339.786, 339.736, 339.674, 339.596, 339.5, 339.382, 339.239, 339.065, 338.854, 338.605, 338.31, 337.961, 337.547, 337.057, 336.477, 335.79, 334.975, 334.011, 332.869, 331.516, 329.914, 328.016, 325.769, 323.106, 319.953, 316.219, 311.795, 306.556, 300.351, 300.019, 300.001, 300, 300, 300, 300, 300, 300, 300, 300, 300, 300, 300, 300, 
339.901, 339.901, 339.897, 339.888, 339.874, 339.853, 339.824, 339.786, 339.736, 339.674, 339.596, 339.5, 339.382, 339.239, 339.065, 338.854, 338.605, 338.31, 337.961, 337.547, 337.057, 336.477, 335.79, 334.976, 334.011, 332.869, 331.516, 329.914, 328.016, 325.769, 323.106, 319.953, 316.219, 311.795, 306.556, 300.351, 300.019, 300.001, 300, 300, 300, 300, 300, 300, 300, 300, 300, 300, 300, 300, 
339.901, 339.901, 339.897, 339.888, 339.874, 339.853, 339.824, 339.786, 339.736, 339.674, 339.596, 339.5, 339.382, 339.239, 339.065, 338.854, 338.605, 338.31, 337.961, 337.547, 337.057, 336.477, 335.79, 334.976, 334.011, 332.869, 331.516, 329.914, 328.016, 325.769, 323.106, 319.953, 316.219, 311.795, 306.556, 300.351, 300.019, 300.001, 300, 300, 300, 300, 300, 300, 300, 300, 300, 300, 300, 300, 
339.901, 339.901, 339.897, 339.888, 339.874, 339.853, 339.824, 339.786, 339.736, 339.674, 339.596, 339.5, 339.382, 339.239, 339.065, 338.854, 338.605, 338.31, 337.961, 337.547, 337.057, 336.477, 335.79, 334.976, 334.011, 332.869, 331.516, 329.914, 328.016, 325.769, 323.106, 319.953, 316.219, 311.795, 306.556, 300.351, 300.019, 300.001, 300, 300, 300, 300, 300, 300, 300, 300, 300, 300, 300, 300, 
339.901, 339.901, 339.897, 339.888, 339.874, 339.853, 339.824, 339.786, 339.736, 339.674, 339.596, 339.5, 339.382, 339.239, 339.065, 338.854, 338.605, 338.31, 337.961, 337.547, 337.057, 336.477, 335.79, 334.976, 334.011, 332.869, 331.516, 329.914, 328.016, 325.769, 323.106, 319.953, 316.219, 311.795, 306.556, 300.351, 300.019, 300.001, 300, 300, 300, 300, 300, 300, 300, 300, 300, 300, 300, 300, 
339.901, 339.901, 339.897, 339.888, 339.874, 339.853, 339.824, 339.786, 339.736, 339.674, 339.596, 339.5, 339.382, 339.239, 339.065, 338.854, 338.605, 338.31, 337.961, 337.547, 337.057, 336.477, 335.79, 334.976, 334.011, 332.869, 331.516, 329.914, 328.016, 325.769, 323.107, 319.953, 316.219, 311.795, 306.556, 300.351, 300.019, 300.001, 300, 300, 300, 300, 300, 300, 300, 300, 300, 300, 300, 300, 
339.901, 339.901, 339.897, 339.888, 339.874, 339.853, 339.824, 339.786, 339.736, 339.674, 339.596, 339.5, 339.382, 339.239, 339.065, 338.854, 338.605, 338.31, 337.961, 337.547, 337.057, 336.477, 335.79, 334.976, 334.011, 332.869, 331.516, 329.914, 328.016, 325.769, 323.107, 319.953, 316.219, 311.795, 306.556, 300.351, 300.019, 300.001, 300, 300, 300, 300, 300, 300, 300, 300, 300, 300, 300, 300, 
339.901, 339.901, 339.897, 339.888, 339.874, 339.853, 339.824, 339.786, 339.736, 339.674, 339.596, 339.5, 339.382, 339.239, 339.065, 338.854, 338.605, 338.31, 337.961, 337.547, 337.057, 336.477, 335.79, 334.976, 334.011, 332.869, 331.516, 329.914, 328.016, 325.769, 323.107, 319.953, 316.219, 311.795, 306.556, 300.351, 300.019, 300.001, 300, 300, 300, 300, 300, 300, 300, 300, 300, 300, 300, 300, 
339.901, 339.901, 339.897, 339.888, 339.874, 339.853, 339.824, 339.786, 339.737, 339.674, 339.596, 339.5, 339.382, 339.239, 339.065, 338.854, 338.605, 338.311, 337.961, 337.548, 337.058, 336.477, 335.79, 334.976, 334.011, 332.869, 331.516, 329.914, 328.016, 325.769, 323.107, 319.953, 316.219, 311.795, 306.556, 300.351, 300.019, 300.001, 300, 300, 300, 300, 300, 300, 300, 300, 300, 300, 300, 300, 
339.901, 339.901, 339.897, 339.888, 339.874, 339.853, 339.824, 339.786, 339.737, 339.674, 339.596, 339.5, 339.382, 339.239, 339.065, 338.854, 338.605, 338.311, 337.961, 337.548, 337.058, 336.477, 335.79, 334.976, 334.011, 332.869, 331.516, 329.914, 328.016, 325.769, 323.107, 319.953, 316.219, 311.795, 306.556, 300.351, 300.019, 300.001, 300, 300, 300, 300, 300, 300, 300, 300, 300, 300, 300, 300, 
339.901, 339.901, 339.897, 339.888, 339.874, 339.853, 339.824, 339.786, 339.737, 339.674, 339.596, 339.5, 339.382, 339.239, 339.065, 338.854, 338.605, 338.311, 337.961, 337.548, 337.058, 336.477, 335.79, 334.976, 334.011, 332.869, 331.516, 329.914, 328.016, 325.769, 323.107, 319.953, 316.219, 311.795, 306.556, 300.351, 300.019, 300.001, 300, 300, 300, 300, 300, 300, 300, 300, 300, 300, 300, 300, 
339.901, 339.901, 339.897, 339.888, 339.874, 339.853, 339.824, 339.786, 339.737, 339.674, 339.596, 339.5, 339.382, 339.239, 339.065, 338.854, 338.605, 338.311, 337.961, 337.548, 337.058, 336.477, 335.79, 334.976, 334.011, 332.869, 331.516, 329.914, 328.016, 325.769, 323.107, 319.953, 316.219, 311.795, 306.556, 300.351, 300.019, 300.001, 300, 300, 300, 300, 300, 300, 300, 300, 300, 300, 300, 300, 
339.901, 339.901, 339.897, 339.888, 339.874, 339.853, 339.824, 339.786, 339.737, 339.674, 339.596, 339.5, 339.382, 339.239, 339.065, 338.854, 338.605, 338.311, 337.961, 337.548, 337.058, 336.477, 335.79, 334.976, 334.011, 332.869, 331.516, 329.914, 328.016, 325.769, 323.107, 319.953, 316.219, 311.795, 306.556, 300.351, 300.019, 300.001, 300, 300, 300, 300, 300, 300, 300, 300, 300, 300, 300, 300, 
339.901, 339.901, 339.897, 339.888, 339.874, 339.853, 339.824, 339.786, 339.737, 339.674, 339.596, 339.5, 339.382, 339.239, 339.065, 338.854, 338.605, 338.311, 337.961, 337.548, 337.058, 336.477, 335.79, 334.976, 334.011, 332.869, 331.516, 329.914, 328.016, 325.769, 323.107, 319.953, 316.219, 311.795, 306.556, 300.351, 300.019, 300.001, 300, 300, 300, 300, 300, 300, 300, 300, 300, 300, 300, 300, 
339.901, 339.901, 339.897, 339.888, 339.874, 339.853, 339.824, 339.786, 339.737, 339.674, 339.596, 339.5, 339.382, 339.239, 339.065, 338.854, 338.605, 338.311, 337.961, 337.548, 337.058, 336.477, 335.79, 334.976, 334.011, 332.869, 331.516, 329.914, 328.016, 325.769, 323.107, 319.953, 316.219, 311.795, 306.556, 300.351, 300.019, 300.001, 300, 300, 300, 300, 300, 300, 300, 300, 300, 300, 300, 300, 
339.901, 339.901, 339.897, 339.888, 339.874, 339.853, 339.824, 339.786, 339.737, 339.674, 339.596, 339.5, 339.382, 339.239, 339.065, 338.854, 338.605, 338.311, 337.961, 337.548, 337.058, 336.477, 335.79, 334.976, 334.011, 332.869, 331.516, 329.914, 328.016, 325.769, 323.107, 319.953, 316.219, 311.795, 306.556, 300.351, 300.019, 300.001, 300, 300, 300, 300, 300, 300, 300, 300, 300, 300, 300, 300, 
339.901, 339.901, 339.897, 339.888, 339.874, 339.853, 339.824, 339.786, 339.737, 339.674, 339.596, 339.5, 339.382, 339.239, 339.065, 338.854, 338.605, 338.311, 337.961, 337.548, 337.058, 336.477, 335.79, 334.976, 334.011, 332.869, 331.516, 329.914, 328.016, 325.769, 323.107, 319.953, 316.219, 311.795, 306.556, 300.351, 300.019, 300.001, 300, 300, 300, 300, 300, 300, 300, 300, 300, 300, 300, 300, 
339.901, 339.901, 339.897, 339.888, 339.874, 339.853, 339.824, 339.786, 339.737, 339.674, 339.596, 339.5, 339.382, 339.239, 339.065, 338.854, 338.606, 338.311, 337.961, 337.548, 337.058, 336.477, 335.79, 334.976, 334.011, 332.869, 331.516, 329.914, 328.016, 325.769, 323.107, 319.953, 316.219, 311.795, 306.556, 300.351, 300.019, 300.001, 300, 300, 300, 300, 300, 300, 300, 300, 300, 300, 300, 300, 
339.901, 339.901, 339.897, 339.888, 339.874, 339.853, 339.824, 339.786, 339.737, 339.674, 339.596, 339.5, 339.382, 339.239, 339.065, 338.855, 338.606, 338.311, 337.961, 337.548, 337.058, 336.477, 335.79, 334.976, 334.011, 332.869, 331.516, 329.914, 328.016, 325.769, 323.107, 319.953, 316.219, 311.795, 306.556, 300.351, 300.019, 300.001, 300, 300, 300, 300, 300, 300, 300, 300, 300, 300, 300, 300, 
339.901, 339.901, 339.897, 339.888, 339.874, 339.853, 339.824, 339.786, 339.737, 339.674, 339.597, 339.5, 339.382, 339.239, 339.065, 338.855, 338.606, 338.311, 337.961, 337.548, 337.058, 336.477, 335.79, 334.976, 334.011, 332.869, 331.516, 329.914, 328.017, 325.769, 323.107, 319.953, 316.219, 311.795, 306.556, 300.351, 300.019, 300.001, 300, 300, 300, 300, 300, 300, 300, 300, 300, 300, 300, 300, 
339.901, 339.901, 339.897, 339.888, 339.874, 339.853, 339.824, 339.786, 339.737, 339.674, 339.597, 339.5, 339.382, 339.239, 339.065, 338.855, 338.606, 338.311, 337.961, 337.548, 337.058, 336.477, 335.79, 334.976, 334.011, 332.869, 331.516, 329.914, 328.017, 325.769, 323.107, 319.953, 316.219, 311.795, 306.556, 300.351, 300.019, 300.001, 300, 300, 300, 300, 300, 300, 300, 300, 300, 300, 300, 300, 
339.901, 339.901, 339.897, 339.888, 339.874, 339.853, 339.824, 339.786, 339.737, 339.674, 339.597, 339.5, 339.382, 339.239, 339.065, 338.855, 338.606, 338.311, 337.961, 337.548, 337.058, 336.477, 335.79, 334.976, 334.011, 332.869, 331.516, 329.914, 328.017, 325.769, 323.107, 319.953, 316.219, 311.795, 306.556, 300.351, 300.019, 300.001, 300, 300, 300, 300, 300, 300, 300, 300, 300, 300, 300, 300, 
339.901, 339.901, 339.897, 339.888, 339.874, 339.853, 339.824, 339.786, 339.737, 339.674, 339.597, 339.5, 339.382, 339.239, 339.065, 338.855, 338.606, 338.311, 337.961, 337.548, 337.058, 336.477, 335.79, 334.976, 334.011, 332.869, 331.516, 329.914, 328.017, 325.769, 323.107, 319.953, 316.219, 311.795, 306.556, 300.351, 300.019, 300.001, 300, 300, 300, 300, 300, 300, 300, 300, 300, 300, 300, 300, 
339.901, 339.901, 339.897, 339.888, 339.874, 339.853, 339.824, 339.786, 339.737, 339.674, 339.597, 339.5, 339.383, 339.239, 339.065, 338.855, 338.606, 338.311, 337.961, 337.548, 337.058, 336.477, 335.79, 334.976, 334.011, 332.869, 331.517, 329.914, 328.017, 325.769, 323.107, 319.953, 316.219, 311.795, 306.556, 300.351, 300.019, 300.001, 300, 300, 300, 300, 300, 300, 300, 300, 300, 300, 300, 300, 
339.901, 339.901, 339.897, 339.888, 339.874, 339.853, 339.824, 339.786, 339.737, 339.674, 339.597, 339.5, 339.383, 339.239, 339.065, 338.855, 338.606, 338.311, 337.961, 337.548, 337.058, 336.477, 335.79, 334.976, 334.011, 332.869, 331.517, 329.914, 328.017, 325.769, 323.107, 319.953, 316.219, 311.795, 306.556, 300.351, 300.019, 300.001, 300, 300, 300, 300, 300, 300, 300, 300, 300, 300, 300, 300, 
339.901, 339.901, 339.897, 339.888, 339.874, 339.853, 339.824, 339.786, 339.737, 339.674, 339.597, 339.5, 339.383, 339.239, 339.065, 338.855, 338.606, 338.311, 337.961, 337.548, 337.058, 336.477, 335.79, 334.976, 334.011, 332.869, 331.517, 329.914, 328.017, 325.769, 323.107, 319.953, 316.219, 311.795, 306.556, 300.351, 300.019, 300.001, 300, 300, 300, 300, 300, 300, 300, 300, 300, 300, 300, 300, 
339.901, 339.901, 339.897, 339.888, 339.874, 339.853, 339.824, 339.786, 339.737, 339.674, 339.597, 339.5, 339.383, 339.239, 339.065, 338.855, 338.606, 338.311, 337.961, 337.548, 337.058, 336.477, 335.79, 334.976, 334.011, 332.869, 331.517, 329.914, 328.017, 325.769, 323.107, 319.953, 316.219, 311.795, 306.556, 300.351, 300.019, 300.001, 300, 300, 300, 300, 300, 300, 300, 300, 300, 300, 300, 300, 
339.901, 339.901, 339.897, 339.888, 339.874, 339.853, 339.824, 339.786, 339.737, 339.674, 339.597, 339.5, 339.383, 339.239, 339.065, 338.855, 338.606, 338.311, 337.961, 337.548, 337.058, 336.477, 335.79, 334.976, 334.011, 332.869, 331.517, 329.914, 328.017, 325.769, 323.107, 319.953, 316.219, 311.795, 306.556, 300.351, 300.019, 300.001, 300, 300, 300, 300, 300, 300, 300, 300, 300, 300, 300, 300, 
339.901, 339.901, 339.897, 339.888, 339.874, 339.853, 339.824, 339.786, 339.737, 339.674, 339.597, 339.5, 339.383, 339.239, 339.065, 338.855, 338.606, 338.311, 337.961, 337.548, 337.058, 336.477, 335.79, 334.976, 334.011, 332.869, 331.517, 329.914, 328.017, 325.769, 323.107, 319.953, 316.219, 311.795, 306.556, 300.351, 300.019, 300.001, 300, 300, 300, 300, 300, 300, 300, 300, 300, 300, 300, 300, 
339.901, 339.901, 339.897, 339.888, 339.874, 339.853, 339.824, 339.786, 339.737, 339.674, 339.597, 339.5, 339.383, 339.239, 339.065, 338.855, 338.606, 338.311, 337.961, 337.548, 337.058, 336.477, 335.79, 334.976, 334.011, 332.869, 331.517, 329.914, 328.017, 325.769, 323.107, 319.953, 316.219, 311.795, 306.556, 300.351, 300.019, 300.001, 300, 300, 300, 300, 300, 300, 300, 300, 300, 300, 300, 300, 
339.901, 339.901, 339.897, 339.888, 339.874, 339.853, 339.824, 339.786, 339.737, 339.674, 339.597, 339.5, 339.383, 339.239, 339.065, 338.855, 338.606, 338.311, 337.961, 337.548, 337.058, 336.477, 335.79, 334.976, 334.011, 332.869, 331.517, 329.914, 328.017, 325.769, 323.107, 319.953, 316.219, 311.795, 306.556, 300.351, 300.019, 300.001, 300, 300, 300, 300, 300, 300, 300, 300, 300, 300, 300, 300, 
339.901, 339.901, 339.897, 339.888, 339.874, 339.853, 339.824, 339.786, 339.737, 339.674, 339.597, 339.5, 339.383, 339.239, 339.065, 338.855, 338.606, 338.311, 337.961, 337.548, 337.058, 336.477, 335.79, 334.976, 334.011, 332.869, 331.517, 329.914, 328.017, 325.769, 323.107, 319.953, 316.219, 311.795, 306.556, 300.351, 300.019, 300.001, 300, 300, 300, 300, 300, 300, 300, 300, 300, 300, 300, 300, 
339.901, 339.901, 339.897, 339.888, 339.874, 339.853, 339.824, 339.786, 339.737, 339.674, 339.597, 339.5, 339.383, 339.239, 339.065, 338.855, 338.606, 338.311, 337.961, 337.548, 337.058, 336.477, 335.79, 334.976, 334.011, 332.869, 331.517, 329.914, 328.017, 325.769, 323.107, 319.953, 316.219, 311.795, 306.556, 300.351, 300.019, 300.001, 300, 300, 300, 300, 300, 300, 300, 300, 300, 300, 300, 300, 
339.901, 339.901, 339.897, 339.888, 339.874, 339.853, 339.824, 339.786, 339.737, 339.674, 339.597, 339.5, 339.383, 339.239, 339.065, 338.855, 338.606, 338.311, 337.961, 337.548, 337.058, 336.477, 335.79, 334.976, 334.011, 332.869, 331.517, 329.914, 328.017, 325.769, 323.107, 319.953, 316.219, 311.795, 306.556, 300.351, 300.019, 300.001, 300, 300, 300, 300, 300, 300, 300, 300, 300, 300, 300, 300, 
339.901, 339.901, 339.897, 339.888, 339.874, 339.853, 339.824, 339.786, 339.737, 339.674, 339.597, 339.5, 339.383, 339.239, 339.065, 338.855, 338.606, 338.311, 337.961, 337.548, 337.058, 336.477, 335.79, 334.976, 334.011, 332.869, 331.517, 329.914, 328.017, 325.769, 323.107, 319.953, 316.219, 311.795, 306.556, 300.351, 300.019, 300.001, 300, 300, 300, 300, 300, 300, 300, 300, 300, 300, 300, 300, 
339.901, 339.901, 339.897, 339.888, 339.874, 339.853, 339.824, 339.786, 339.737, 339.674, 339.597, 339.5, 339.383, 339.239, 339.065, 338.855, 338.606, 338.311, 337.961, 337.548, 337.058, 336.477, 335.79, 334.976, 334.011, 332.869, 331.517, 329.914, 328.017, 325.769, 323.107, 319.953, 316.219, 311.795, 306.556, 300.351, 300.019, 300.001, 300, 300, 300, 300, 300, 300, 300, 300, 300, 300, 300, 300, 
339.901, 339.901, 339.897, 339.888, 339.874, 339.853, 339.824, 339.786, 339.737, 339.674, 339.597, 339.5, 339.383, 339.239, 339.065, 338.855, 338.606, 338.311, 337.961, 337.548, 337.058, 336.477, 335.79, 334.976, 334.011, 332.869, 331.517, 329.914, 328.017, 325.769, 323.107, 319.953, 316.219, 311.795, 306.556, 300.351, 300.019, 300.001, 300, 300, 300, 300, 300, 300, 300, 300, 300, 300, 300, 300, 
339.901, 339.901, 339.897, 339.888, 339.874, 339.853, 339.824, 339.786, 339.737, 339.674, 339.597, 339.5, 339.383, 339.239, 339.065, 338.855, 338.606, 338.311, 337.961, 337.548, 337.058, 336.477, 335.79, 334.976, 334.012, 332.869, 331.517, 329.914, 328.017, 325.769, 323.107, 319.953, 316.219, 311.795, 306.556, 300.351, 300.019, 300.001, 300, 300, 300, 300, 300, 300, 300, 300, 300, 300, 300, 300, 
339.901, 339.901, 339.897, 339.888, 339.874, 339.853, 339.824, 339.786, 339.737, 339.674, 339.597, 339.5, 339.383, 339.239, 339.065, 338.855, 338.606, 338.311, 337.961, 337.548, 337.058, 336.477, 335.79, 334.976, 334.012, 332.869, 331.517, 329.914, 328.017, 325.769, 323.107, 319.953, 316.219, 311.795, 306.556, 300.351, 300.019, 300.001, 300, 300, 300, 300, 300, 300, 300, 300, 300, 300, 300, 300, 
339.901, 339.901, 339.897, 339.888, 339.874, 339.853, 339.824, 339.786, 339.737, 339.674, 339.597, 339.5, 339.383, 339.239, 339.065, 338.855, 338.606, 338.311, 337.961, 337.548, 337.058, 336.477, 335.79, 334.976, 334.012, 332.869, 331.517, 329.914, 328.017, 325.769, 323.107, 319.954, 316.219, 311.795, 306.556, 300.351, 300.019, 300.001, 300, 300, 300, 300, 300, 300, 300, 300, 300, 300, 300, 300, 
339.901, 339.901, 339.897, 339.888, 339.874, 339.853, 339.824, 339.786, 339.737, 339.674, 339.597, 339.501, 339.383, 339.239, 339.065, 338.855, 338.606, 338.311, 337.961, 337.548, 337.058, 336.477, 335.79, 334.976, 334.012, 332.869, 331.517, 329.914, 328.017, 325.769, 323.107, 319.954, 316.219, 311.795, 306.556, 300.351, 300.019, 300.001, 300, 300, 300, 300, 300, 300, 300, 300, 300, 300, 300, 300, 
339.901, 339.901, 339.897, 339.888, 339.874, 339.853, 339.824, 339.786, 339.737, 339.674, 339.597, 339.501, 339.383, 339.239, 339.065, 338.855, 338.606, 338.311, 337.961, 337.548, 337.058, 336.477, 335.79, 334.976, 334.012, 332.869, 331.517, 329.914, 328.017, 325.769, 323.107, 319.954, 316.219, 311.795, 306.556, 300.351, 300.019, 300.001, 300, 300, 300, 300, 300, 300, 300, 300, 300, 300, 300, 300, 
339.901, 339.901, 339.897, 339.888, 339.874, 339.853, 339.824, 339.786, 339.737, 339.674, 339.597, 339.501, 339.383, 339.239, 339.065, 338.855, 338.606, 338.311, 337.961, 337.548, 337.058, 336.477, 335.79, 334.976, 334.012, 332.869, 331.517, 329.914, 328.017, 325.769, 323.107, 319.954, 316.219, 311.795, 306.556, 300.351, 300.019, 300.001, 300, 300, 300, 300, 300, 300, 300, 300, 300, 300, 300, 300, 
339.901, 339.901, 339.897, 339.888, 339.874, 339.853, 339.824, 339.786, 339.737, 339.674, 339.597, 339.501, 339.383, 339.239, 339.065, 338.855, 338.606, 338.311, 337.961, 337.548, 337.058, 336.477, 335.79, 334.976, 334.012, 332.869, 331.517, 329.914, 328.017, 325.769, 323.107, 319.954, 316.219, 311.795, 306.556, 300.351, 300.019, 300.001, 300, 300, 300, 300, 300, 300, 300, 300, 300, 300, 300, 300, 
339.901, 339.901, 339.897, 339.888, 339.874, 339.853, 339.824, 339.786, 339.737, 339.674, 339.597, 339.501, 339.383, 339.239, 339.065, 338.855, 338.606, 338.311, 337.961, 337.548, 337.058, 336.477, 335.79, 334.976, 334.012, 332.869, 331.517, 329.914, 328.017, 325.769, 323.107, 319.954, 316.219, 311.795, 306.556, 300.351, 300.019, 300.001, 300, 300, 300, 300, 300, 300, 300, 300, 300, 300, 300, 300, 
339.901, 339.901, 339.897, 339.888, 339.874, 339.853, 339.824, 339.786, 339.737, 339.674, 339.597, 339.501, 339.383, 339.239, 339.065, 338.855, 338.606, 338.311, 337.961, 337.548, 337.058, 336.477, 335.79, 334.976, 334.012, 332.869, 331.517, 329.914, 328.017, 325.769, 323.107, 319.954, 316.219, 311.795, 306.556, 300.351, 300.019, 300.001, 300, 300, 300, 300, 300, 300, 300, 300, 300, 300, 300, 300, 
339.901, 339.901, 339.897, 339.888, 339.874, 339.853, 339.824, 339.786, 339.737, 339.674, 339.597, 339.501, 339.383, 339.239, 339.065, 338.855, 338.606, 338.311, 337.961, 337.548, 337.058, 336.477, 335.79, 334.976, 334.012, 332.869, 331.517, 329.914, 328.017, 325.769, 323.107, 319.954, 316.219, 311.795, 306.556, 300.351, 300.019, 300.001, 300, 300, 300, 300, 300, 300, 300, 300, 300, 300, 300, 300, 
339.901, 339.901, 339.897, 339.888, 339.874, 339.853, 339.824, 339.786, 339.737, 339.674, 339.597, 339.501, 339.383, 339.239, 339.065, 338.855, 338.606, 338.311, 337.962, 337.548, 337.058, 336.477, 335.79, 334.976, 334.012, 332.869, 331.517, 329.914, 328.017, 325.769, 323.107, 319.954, 316.219, 311.795, 306.556, 300.351, 300.019, 300.001, 300, 300, 300, 300, 300, 300, 300, 300, 300, 300, 300, 300, 
339.901, 339.901, 339.897, 339.888, 339.874, 339.853, 339.824, 339.786, 339.737, 339.674, 339.597, 339.501, 339.383, 339.239, 339.065, 338.855, 338.606, 338.311, 337.962, 337.548, 337.058, 336.477, 335.79, 334.976, 334.012, 332.869, 331.517, 329.914, 328.017, 325.769, 323.107, 319.954, 316.219, 311.795, 306.556, 300.351, 300.019, 300.001, 300, 300, 300, 300, 300, 300, 300, 300, 300, 300, 300, 300, 
339.901, 339.901, 339.897, 339.888, 339.874, 339.853, 339.824, 339.786, 339.737, 339.675, 339.597, 339.501, 339.383, 339.239, 339.065, 338.855, 338.606, 338.311, 337.962, 337.548, 337.058, 336.477, 335.79, 334.976, 334.012, 332.869, 331.517, 329.914, 328.017, 325.769, 323.107, 319.954, 316.219, 311.795, 306.556, 300.351, 300.019, 300.001, 300, 300, 300, 300, 300, 300, 300, 300, 300, 300, 300, 300, 
339.901, 339.901, 339.897, 339.888, 339.874, 339.853, 339.824, 339.786, 339.737, 339.675, 339.597, 339.501, 339.383, 339.239, 339.065, 338.855, 338.606, 338.311, 337.962, 337.548, 337.058, 336.477, 335.79, 334.976, 334.012, 332.869, 331.517, 329.914, 328.017, 325.769, 323.107, 319.954, 316.219, 311.795, 306.556, 300.351, 300.019, 300.001, 300, 300, 300, 300, 300, 300, 300, 300, 300, 300, 300, 300, 
339.901, 339.901, 339.897, 339.888, 339.874, 339.853, 339.824, 339.786, 339.737, 339.675, 339.597, 339.501, 339.383, 339.239, 339.065, 338.855, 338.606, 338.311, 337.962, 337.548, 337.058, 336.477, 335.79, 334.976, 334.012, 332.869, 331.517, 329.914, 328.017, 325.769, 323.107, 319.954, 316.219, 311.795, 306.556, 300.351, 300.019, 300.001, 300, 300, 300, 300, 300, 300, 300, 300, 300, 300, 300, 300, 
339.901, 339.901, 339.897, 339.888, 339.874, 339.853, 339.824, 339.786, 339.737, 339.675, 339.597, 339.501, 339.383, 339.239, 339.065, 338.855, 338.606, 338.311, 337.962, 337.548, 337.058, 336.477, 335.79, 334.976, 334.012, 332.869, 331.517, 329.914, 328.017, 325.769, 323.107, 319.954, 316.219, 311.795, 306.556, 300.351, 300.019, 300.001, 300, 300, 300, 300, 300, 300, 300, 300, 300, 300, 300, 300, 
339.901, 339.901, 339.897, 339.888, 339.874, 339.853, 339.824, 339.786, 339.737, 339.675, 339.597, 339.501, 339.383, 339.239, 339.065, 338.855, 338.606, 338.311, 337.962, 337.548, 337.058, 336.477, 335.79, 334.976, 334.012, 332.869, 331.517, 329.914, 328.017, 325.769, 323.107, 319.954, 316.219, 311.795, 306.556, 300.351, 300.019, 300.001, 300, 300, 300, 300, 300, 300, 300, 300, 300, 300, 300, 300, 
339.901, 339.901, 339.897, 339.888, 339.874, 339.853, 339.824, 339.786, 339.737, 339.675, 339.597, 339.501, 339.383, 339.239, 339.065, 338.855, 338.606, 338.311, 337.962, 337.548, 337.058, 336.477, 335.79, 334.976, 334.012, 332.869, 331.517, 329.914, 328.017, 325.769, 323.107, 319.954, 316.219, 311.795, 306.556, 300.351, 300.019, 300.001, 300, 300, 300, 300, 300, 300, 300, 300, 300, 300, 300, 300, 
339.901, 339.901, 339.897, 339.888, 339.874, 339.853, 339.824, 339.786, 339.737, 339.675, 339.597, 339.501, 339.383, 339.239, 339.065, 338.855, 338.606, 338.311, 337.962, 337.548, 337.058, 336.477, 335.79, 334.976, 334.012, 332.869, 331.517, 329.914, 328.017, 325.769, 323.107, 319.954, 316.219, 311.795, 306.556, 300.351, 300.019, 300.001, 300, 300, 300, 300, 300, 300, 300, 300, 300, 300, 300, 300, 
339.901, 339.901, 339.897, 339.888, 339.874, 339.853, 339.824, 339.786, 339.737, 339.675, 339.597, 339.501, 339.383, 339.239, 339.065, 338.855, 338.606, 338.311, 337.962, 337.548, 337.058, 336.477, 335.79, 334.976, 334.012, 332.869, 331.517, 329.914, 328.017, 325.769, 323.107, 319.954, 316.219, 311.795, 306.556, 300.351, 300.019, 300.001, 300, 300, 300, 300, 300, 300, 300, 300, 300, 300, 300, 300, 
339.901, 339.901, 339.897, 339.888, 339.874, 339.853, 339.824, 339.786, 339.737, 339.675, 339.597, 339.501, 339.383, 339.239, 339.065, 338.855, 338.606, 338.311, 337.962, 337.548, 337.058, 336.477, 335.79, 334.976, 334.012, 332.869, 331.517, 329.914, 328.017, 325.769, 323.107, 319.954, 316.219, 311.795, 306.556, 300.351, 300.019, 300.001, 300, 300, 300, 300, 300, 300, 300, 300, 300, 300, 300, 300, 
339.901, 339.901, 339.897, 339.888, 339.874, 339.853, 339.824, 339.786, 339.737, 339.675, 339.597, 339.501, 339.383, 339.239, 339.065, 338.855, 338.606, 338.311, 337.962, 337.548, 337.058, 336.477, 335.79, 334.976, 334.012, 332.869, 331.517, 329.914, 328.017, 325.769, 323.107, 319.954, 316.219, 311.795, 306.556, 300.351, 300.019, 300.001, 300, 300, 300, 300, 300, 300, 300, 300, 300, 300, 300, 300, 
339.901, 339.901, 339.897, 339.888, 339.874, 339.853, 339.824, 339.786, 339.737, 339.675, 339.597, 339.501, 339.383, 339.239, 339.065, 338.855, 338.606, 338.311, 337.962, 337.548, 337.058, 336.477, 335.79, 334.976, 334.012, 332.869, 331.517, 329.914, 328.017, 325.769, 323.107, 319.954, 316.219, 311.795, 306.556, 300.351, 300.019, 300.001, 300, 300, 300, 300, 300, 300, 300, 300, 300, 300, 300, 300, 
339.901, 339.901, 339.897, 339.888, 339.874, 339.853, 339.824, 339.786, 339.737, 339.675, 339.597, 339.501, 339.383, 339.239, 339.065, 338.855, 338.606, 338.311, 337.962, 337.548, 337.058, 336.477, 335.79, 334.976, 334.012, 332.869, 331.517, 329.914, 328.017, 325.769, 323.107, 319.954, 316.219, 311.795, 306.556, 300.351, 300.019, 300.001, 300, 300, 300, 300, 300, 300, 300, 300, 300, 300, 300, 300, 
339.901, 339.901, 339.897, 339.888, 339.874, 339.853, 339.824, 339.786, 339.737, 339.675, 339.597, 339.501, 339.383, 339.239, 339.065, 338.855, 338.606, 338.311, 337.962, 337.548, 337.058, 336.477, 335.79, 334.976, 334.012, 332.869, 331.517, 329.914, 328.017, 325.769, 323.107, 319.954, 316.219, 311.795, 306.556, 300.351, 300.019, 300.001, 300, 300, 300, 300, 300, 300, 300, 300, 300, 300, 300, 300, 
339.901, 339.901, 339.897, 339.888, 339.874, 339.853, 339.824, 339.786, 339.737, 339.675, 339.597, 339.501, 339.383, 339.239, 339.065, 338.855, 338.606, 338.311, 337.962, 337.548, 337.058, 336.477, 335.79, 334.976, 334.012, 332.869, 331.517, 329.914, 328.017, 325.769, 323.107, 319.954, 316.219, 311.795, 306.556, 300.351, 300.019, 300.001, 300, 300, 300, 300, 300, 300, 300, 300, 300, 300, 300, 300, 
339.901, 339.901, 339.897, 339.889, 339.874, 339.853, 339.824, 339.786, 339.737, 339.675, 339.597, 339.501, 339.383, 339.239, 339.065, 338.855, 338.606, 338.311, 337.962, 337.548, 337.058, 336.477, 335.79, 334.976, 334.012, 332.869, 331.517, 329.914, 328.017, 325.769, 323.107, 319.954, 316.219, 311.795, 306.556, 300.351, 300.019, 300.001, 300, 300, 300, 300, 300, 300, 300, 300, 300, 300, 300, 300, 
339.901, 339.901, 339.897, 339.889, 339.874, 339.853, 339.824, 339.786, 339.737, 339.675, 339.597, 339.501, 339.383, 339.239, 339.065, 338.855, 338.606, 338.311, 337.962, 337.548, 337.058, 336.477, 335.79, 334.976, 334.012, 332.869, 331.517, 329.914, 328.017, 325.769, 323.107, 319.954, 316.219, 311.795, 306.556, 300.351, 300.019, 300.001, 300, 300, 300, 300, 300, 300, 300, 300, 300, 300, 300, 300, 
339.901, 339.901, 339.897, 339.889, 339.874, 339.853, 339.824, 339.786, 339.737, 339.675, 339.597, 339.501, 339.383, 339.239, 339.065, 338.855, 338.606, 338.311, 337.962, 337.548, 337.058, 336.477, 335.79, 334.976, 334.012, 332.869, 331.517, 329.914, 328.017, 325.769, 323.107, 319.954, 316.219, 311.795, 306.556, 300.351, 300.019, 300.001, 300, 300, 300, 300, 300, 300, 300, 300, 300, 300, 300, 300, 
339.901, 339.901, 339.897, 339.889, 339.874, 339.853, 339.824, 339.786, 339.737, 339.675, 339.597, 339.501, 339.383, 339.239, 339.065, 338.855, 338.606, 338.311, 337.962, 337.548, 337.058, 336.477, 335.79, 334.976, 334.012, 332.869, 331.517, 329.914, 328.017, 325.769, 323.107, 319.954, 316.219, 311.795, 306.556, 300.351, 300.019, 300.001, 300, 300, 300, 300, 300, 300, 300, 300, 300, 300, 300, 300, 
339.901, 339.901, 339.897, 339.889, 339.874, 339.853, 339.824, 339.786, 339.737, 339.675, 339.597, 339.501, 339.383, 339.239, 339.065, 338.855, 338.606, 338.311, 337.962, 337.548, 337.058, 336.477, 335.79, 334.976, 334.012, 332.869, 331.517, 329.914, 328.017, 325.769, 323.107, 319.954, 316.219, 311.795, 306.556, 300.351, 300.019, 300.001, 300, 300, 300, 300, 300, 300, 300, 300, 300, 300, 300, 300, 
339.901, 339.901, 339.897, 339.889, 339.874, 339.853, 339.824, 339.786, 339.737, 339.675, 339.597, 339.501, 339.383, 339.239, 339.065, 338.855, 338.606, 338.311, 337.962, 337.548, 337.058, 336.477, 335.79, 334.976, 334.012, 332.869, 331.517, 329.914, 328.017, 325.769, 323.107, 319.954, 316.219, 311.795, 306.556, 300.351, 300.019, 300.001, 300, 300, 300, 300, 300, 300, 300, 300, 300, 300, 300, 300, 
339.901, 339.901, 339.897, 339.889, 339.874, 339.853, 339.824, 339.786, 339.737, 339.675, 339.597, 339.501, 339.383, 339.239, 339.065, 338.855, 338.606, 338.311, 337.962, 337.548, 337.058, 336.477, 335.79, 334.976, 334.012, 332.869, 331.517, 329.914, 328.017, 325.769, 323.107, 319.954, 316.219, 311.795, 306.556, 300.351, 300.019, 300.001, 300, 300, 300, 300, 300, 300, 300, 300, 300, 300, 300, 300, 
339.901, 339.901, 339.897, 339.889, 339.874, 339.853, 339.824, 339.786, 339.737, 339.675, 339.597, 339.501, 339.383, 339.239, 339.065, 338.855, 338.606, 338.311, 337.962, 337.548, 337.058, 336.477, 335.79, 334.976, 334.012, 332.869, 331.517, 329.914, 328.017, 325.769, 323.107, 319.954, 316.219, 311.795, 306.556, 300.351, 300.019, 300.001, 300, 300, 300, 300, 300, 300, 300, 300, 300, 300, 300, 300, 
339.901, 339.901, 339.897, 339.889, 339.874, 339.853, 339.824, 339.786, 339.737, 339.675, 339.597, 339.501, 339.383, 339.239, 339.065, 338.855, 338.606, 338.311, 337.962, 337.548, 337.058, 336.477, 335.79, 334.976, 334.012, 332.869, 331.517, 329.914, 328.017, 325.769, 323.107, 319.954, 316.219, 311.795, 306.556, 300.351, 300.019, 300.001, 300, 300, 300, 300, 300, 300, 300, 300, 300, 300, 300, 300, 
339.901, 339.901, 339.897, 339.889, 339.874, 339.853, 339.824, 339.786, 339.737, 339.675, 339.597, 339.501, 339.383, 339.239, 339.065, 338.855, 338.606, 338.311, 337.962, 337.548, 337.058, 336.477, 335.79, 334.976, 334.012, 332.869, 331.517, 329.914, 328.017, 325.769, 323.107, 319.954, 316.219, 311.795, 306.556, 300.351, 300.019, 300.001, 300, 300, 300, 300, 300, 300, 300, 300, 300, 300, 300, 300, 
339.901, 339.901, 339.897, 339.889, 339.874, 339.853, 339.824, 339.786, 339.737, 339.675, 339.597, 339.501, 339.383, 339.239, 339.065, 338.855, 338.606, 338.311, 337.962, 337.548, 337.058, 336.478, 335.79, 334.976, 334.012, 332.869, 331.517, 329.914, 328.017, 325.769, 323.107, 319.954, 316.219, 311.795, 306.556, 300.351, 300.019, 300.001, 300, 300, 300, 300, 300, 300, 300, 300, 300, 300, 300, 300, 
339.901, 339.901, 339.897, 339.889, 339.874, 339.853, 339.824, 339.786, 339.737, 339.675, 339.597, 339.501, 339.383, 339.239, 339.065, 338.855, 338.606, 338.311, 337.962, 337.548, 337.058, 336.478, 335.79, 334.976, 334.012, 332.869, 331.517, 329.914, 328.017, 325.769, 323.107, 319.954, 316.219, 311.795, 306.556, 300.351, 300.019, 300.001, 300, 300, 300, 300, 300, 300, 300, 300, 300, 300, 300, 300, 
339.901, 339.901, 339.897, 339.889, 339.874, 339.853, 339.824, 339.786, 339.737, 339.675, 339.597, 339.501, 339.383, 339.239, 339.065, 338.855, 338.606, 338.311, 337.962, 337.548, 337.058, 336.478, 335.79, 334.976, 334.012, 332.869, 331.517, 329.914, 328.017, 325.769, 323.107, 319.954, 316.219, 311.795, 306.556, 300.351, 300.019, 300.001, 300, 300, 300, 300, 300, 300, 300, 300, 300, 300, 300, 300, 
339.901, 339.901, 339.897, 339.889, 339.874, 339.853, 339.824, 339.786, 339.737, 339.675, 339.597, 339.501, 339.383, 339.239, 339.065, 338.855, 338.606, 338.311, 337.962, 337.548, 337.058, 336.478, 335.79, 334.976, 334.012, 332.869, 331.517, 329.914, 328.017, 325.769, 323.107, 319.954, 316.219, 311.795, 306.556, 300.351, 300.019, 300.001, 300, 300, 300, 300, 300, 300, 300, 300, 300, 300, 300, 300, 
339.901, 339.901, 339.897, 339.889, 339.874, 339.853, 339.824, 339.786, 339.737, 339.675, 339.597, 339.501, 339.383, 339.239, 339.065, 338.855, 338.606, 338.311, 337.962, 337.548, 337.058, 336.478, 335.79, 334.976, 334.012, 332.869, 331.517, 329.914, 328.017, 325.769, 323.107, 319.954, 316.219, 311.795, 306.556, 300.351, 300.019, 300.001, 300, 300, 300, 300, 300, 300, 300, 300, 300, 300, 300, 300, 
339.901, 339.901, 339.897, 339.889, 339.874, 339.853, 339.824, 339.786, 339.737, 339.675, 339.597, 339.501, 339.383, 339.239, 339.065, 338.855, 338.606, 338.311, 337.962, 337.548, 337.058, 336.478, 335.79, 334.976, 334.012, 332.869, 331.517, 329.914, 328.017, 325.769, 323.107, 319.954, 316.219, 311.795, 306.556, 300.351, 300.019, 300.001, 300, 300, 300, 300, 300, 300, 300, 300, 300, 300, 300, 300, 
339.901, 339.901, 339.897, 339.889, 339.874, 339.853, 339.824, 339.786, 339.737, 339.675, 339.597, 339.501, 339.383, 339.239, 339.065, 338.855, 338.606, 338.311, 337.962, 337.548, 337.058, 336.478, 335.79, 334.976, 334.012, 332.869, 331.517, 329.914, 328.017, 325.769, 323.107, 319.954, 316.219, 311.795, 306.556, 300.351, 300.019, 300.001, 300, 300, 300, 300, 300, 300, 300, 300, 300, 300, 300, 300, 
339.901, 339.901, 339.897, 339.889, 339.874, 339.853, 339.824, 339.786, 339.737, 339.675, 339.597, 339.501, 339.383, 339.239, 339.065, 338.855, 338.606, 338.311, 337.962, 337.548, 337.058, 336.478, 335.79, 334.976, 334.012, 332.869, 331.517, 329.914, 328.017, 325.769, 323.107, 319.954, 316.219, 311.795, 306.556, 300.351, 300.019, 300.001, 300, 300, 300, 300, 300, 300, 300, 300, 300, 300, 300, 300, 
339.901, 339.901, 339.897, 339.889, 339.874, 339.853, 339.824, 339.786, 339.737, 339.675, 339.597, 339.501, 339.383, 339.239, 339.065, 338.855, 338.606, 338.311, 337.962, 337.548, 337.058, 336.478, 335.79, 334.976, 334.012, 332.869, 331.517, 329.914, 328.017, 325.769, 323.107, 319.954, 316.219, 311.795, 306.556, 300.351, 300.019, 300.001, 300, 300, 300, 300, 300, 300, 300, 300, 300, 300, 300, 300, 
339.901, 339.901, 339.897, 339.889, 339.874, 339.853, 339.824, 339.786, 339.737, 339.675, 339.597, 339.501, 339.383, 339.239, 339.065, 338.855, 338.606, 338.311, 337.962, 337.548, 337.058, 336.478, 335.79, 334.976, 334.012, 332.869, 331.517, 329.914, 328.017, 325.769, 323.107, 319.954, 316.219, 311.795, 306.556, 300.351, 300.019, 300.001, 300, 300, 300, 300, 300, 300, 300, 300, 300, 300, 300, 300, 
339.901, 339.901, 339.897, 339.889, 339.874, 339.853, 339.824, 339.786, 339.737, 339.675, 339.597, 339.501, 339.383, 339.239, 339.065, 338.855, 338.606, 338.311, 337.962, 337.548, 337.058, 336.478, 335.79, 334.976, 334.012, 332.869, 331.517, 329.914, 328.017, 325.769, 323.107, 319.954, 316.219, 311.795, 306.556, 300.351, 300.019, 300.001, 300, 300, 300, 300, 300, 300, 300, 300, 300, 300, 300, 300, 
339.901, 339.901, 339.897, 339.889, 339.874, 339.853, 339.824, 339.786, 339.737, 339.675, 339.597, 339.501, 339.383, 339.239, 339.065, 338.855, 338.606, 338.311, 337.962, 337.548, 337.058, 336.478, 335.79, 334.976, 334.012, 332.869, 331.517, 329.914, 328.017, 325.769, 323.107, 319.954, 316.219, 311.795, 306.556, 300.351, 300.019, 300.001, 300, 300, 300, 300, 300, 300, 300, 300, 300, 300, 300, 300, 
339.901, 339.901, 339.897, 339.889, 339.874, 339.853, 339.824, 339.786, 339.737, 339.675, 339.597, 339.501, 339.383, 339.239, 339.065, 338.855, 338.606, 338.311, 337.962, 337.548, 337.058, 336.478, 335.79, 334.976, 334.012, 332.869, 331.517, 329.914, 328.017, 325.769, 323.107, 319.954, 316.219, 311.795, 306.556, 300.351, 300.019, 300.001, 300, 300, 300, 300, 300, 300, 300, 300, 300, 300, 300, 300, 
339.901, 339.901, 339.897, 339.889, 339.874, 339.853, 339.824, 339.786, 339.737, 339.675, 339.597, 339.501, 339.383, 339.239, 339.065, 338.855, 338.606, 338.311, 337.962, 337.548, 337.058, 336.478, 335.79, 334.976, 334.012, 332.869, 331.517, 329.914, 328.017, 325.769, 323.107, 319.954, 316.219, 311.795, 306.556, 300.351, 300.019, 300.001, 300, 300, 300, 300, 300, 300, 300, 300, 300, 300, 300, 300, 
339.901, 339.901, 339.897, 339.889, 339.874, 339.853, 339.824, 339.786, 339.737, 339.675, 339.597, 339.501, 339.383, 339.239, 339.065, 338.855, 338.606, 338.311, 337.962, 337.548, 337.058, 336.478, 335.79, 334.976, 334.012, 332.869, 331.517, 329.914, 328.017, 325.769, 323.107, 319.954, 316.219, 311.795, 306.556, 300.351, 300.019, 300.001, 300, 300, 300, 300, 300, 300, 300, 300, 300, 300, 300, 300, 
339.901, 339.901, 339.897, 339.889, 339.874, 339.853, 339.824, 339.786, 339.737, 339.675, 339.597, 339.501, 339.383, 339.239, 339.065, 338.855, 338.606, 338.311, 337.962, 337.548, 337.058, 336.478, 335.79, 334.976, 334.012, 332.869, 331.517, 329.914, 328.017, 325.769, 323.107, 319.954, 316.219, 311.795, 306.556, 300.351, 300.019, 300.001, 300, 300, 300, 300, 300, 300, 300, 300, 300, 300, 300, 300, 
339.901, 339.901, 339.897, 339.889, 339.874, 339.853, 339.824, 339.786, 339.737, 339.675, 339.597, 339.501, 339.383, 339.239, 339.065, 338.855, 338.606, 338.311, 337.962, 337.548, 337.058, 336.478, 335.79, 334.976, 334.012, 332.869, 331.517, 329.914, 328.017, 325.769, 323.107, 319.954, 316.219, 311.795, 306.556, 300.351, 300.019, 300.001, 300, 300, 300, 300, 300, 300, 300, 300, 300, 300, 300, 300, 
339.901, 339.901, 339.897, 339.889, 339.874, 339.853, 339.824, 339.786, 339.737, 339.675, 339.597, 339.501, 339.383, 339.239, 339.065, 338.855, 338.606, 338.311, 337.962, 337.548, 337.058, 336.478, 335.79, 334.976, 334.012, 332.869, 331.517, 329.914, 328.017, 325.769, 323.107, 319.954, 316.219, 311.795, 306.556, 300.351, 300.019, 300.001, 300, 300, 300, 300, 300, 300, 300, 300, 300, 300, 300, 300, 
339.901, 339.901, 339.897, 339.889, 339.874, 339.853, 339.824, 339.786, 339.737, 339.675, 339.597, 339.501, 339.383, 339.239, 339.065, 338.855, 338.606, 338.311, 337.962, 337.548, 337.058, 336.478, 335.79, 334.976, 334.012, 332.87, 331.517, 329.914, 328.017, 325.769, 323.107, 319.954, 316.219, 311.795, 306.556, 300.351, 300.019, 300.001, 300, 300, 300, 300, 300, 300, 300, 300, 300, 300, 300, 300, 
339.901, 339.901, 339.897, 339.889, 339.874, 339.853, 339.824, 339.786, 339.737, 339.675, 339.597, 339.501, 339.383, 339.239, 339.065, 338.855, 338.606, 338.311, 337.962, 337.548, 337.058, 336.478, 335.79, 334.976, 334.012, 332.87, 331.517, 329.914, 328.017, 325.769, 323.107, 319.954, 316.219, 311.795, 306.556, 300.351, 300.019, 300.001, 300, 300, 300, 300, 300, 300, 300, 300, 300, 300, 300, 300, 
339.901, 339.901, 339.897, 339.889, 339.874, 339.853, 339.824, 339.786, 339.737, 339.675, 339.597, 339.501, 339.383, 339.239, 339.065, 338.855, 338.606, 338.311, 337.962, 337.548, 337.058, 336.478, 335.79, 334.976, 334.012, 332.87, 331.517, 329.914, 328.017, 325.769, 323.107, 319.954, 316.219, 311.795, 306.556, 300.351, 300.019, 300.001, 300, 300, 300, 300, 300, 300, 300, 300, 300, 300, 300, 300, 
339.901, 339.901, 339.897, 339.889, 339.874, 339.853, 339.824, 339.786, 339.737, 339.675, 339.597, 339.501, 339.383, 339.239, 339.065, 338.855, 338.606, 338.311, 337.962, 337.548, 337.058, 336.478, 335.79, 334.976, 334.012, 332.87, 331.517, 329.914, 328.017, 325.769, 323.107, 319.954, 316.219, 311.795, 306.556, 300.351, 300.019, 300.001, 300, 300, 300, 300, 300, 300, 300, 300, 300, 300, 300, 300, 
339.901, 339.901, 339.897, 339.889, 339.874, 339.853, 339.824, 339.786, 339.737, 339.675, 339.597, 339.501, 339.383, 339.239, 339.065, 338.855, 338.606, 338.311, 337.962, 337.548, 337.058, 336.478, 335.79, 334.976, 334.012, 332.87, 331.517, 329.914, 328.017, 325.769, 323.107, 319.954, 316.219, 311.795, 306.556, 300.351, 300.019, 300.001, 300, 300, 300, 300, 300, 300, 300, 300, 300, 300, 300, 300, 
339.901, 339.901, 339.897, 339.889, 339.874, 339.853, 339.824, 339.786, 339.737, 339.675, 339.597, 339.501, 339.383, 339.239, 339.065, 338.855, 338.606, 338.311, 337.962, 337.548, 337.058, 336.478, 335.79, 334.976, 334.012, 332.87, 331.517, 329.914, 328.017, 325.769, 323.107, 319.954, 316.219, 311.795, 306.556, 300.351, 300.019, 300.001, 300, 300, 300, 300, 300, 300, 300, 300, 300, 300, 300, 300, 
339.901, 339.901, 339.897, 339.889, 339.874, 339.853, 339.824, 339.786, 339.737, 339.675, 339.597, 339.501, 339.383, 339.239, 339.065, 338.855, 338.606, 338.311, 337.962, 337.548, 337.058, 336.478, 335.79, 334.976, 334.012, 332.87, 331.517, 329.914, 328.017, 325.769, 323.107, 319.954, 316.219, 311.795, 306.556, 300.351, 300.019, 300.001, 300, 300, 300, 300, 300, 300, 300, 300, 300, 300, 300, 300, 
339.901, 339.901, 339.897, 339.889, 339.874, 339.853, 339.824, 339.786, 339.737, 339.675, 339.597, 339.501, 339.383, 339.239, 339.065, 338.855, 338.606, 338.311, 337.962, 337.548, 337.058, 336.478, 335.79, 334.976, 334.012, 332.87, 331.517, 329.914, 328.017, 325.769, 323.107, 319.954, 316.219, 311.795, 306.556, 300.351, 300.019, 300.001, 300, 300, 300, 300, 300, 300, 300, 300, 300, 300, 300, 300, 
339.901, 339.901, 339.897, 339.889, 339.874, 339.853, 339.824, 339.786, 339.737, 339.675, 339.597, 339.501, 339.383, 339.239, 339.065, 338.855, 338.606, 338.311, 337.962, 337.548, 337.058, 336.478, 335.79, 334.976, 334.012, 332.87, 331.517, 329.914, 328.017, 325.769, 323.107, 319.954, 316.219, 311.795, 306.556, 300.351, 300.019, 300.001, 300, 300, 300, 300, 300, 300, 300, 300, 300, 300, 300, 300, 
339.901, 339.901, 339.897, 339.889, 339.874, 339.853, 339.824, 339.786, 339.737, 339.675, 339.597, 339.501, 339.383, 339.239, 339.065, 338.855, 338.606, 338.311, 337.962, 337.548, 337.058, 336.478, 335.79, 334.976, 334.012, 332.87, 331.517, 329.914, 328.017, 325.769, 323.107, 319.954, 316.219, 311.795, 306.556, 300.351, 300.019, 300.001, 300, 300, 300, 300, 300, 300, 300, 300, 300, 300, 300, 300, 
339.901, 339.901, 339.897, 339.889, 339.874, 339.853, 339.824, 339.786, 339.737, 339.675, 339.597, 339.501, 339.383, 339.239, 339.065, 338.855, 338.606, 338.311, 337.962, 337.548, 337.058, 336.478, 335.79, 334.976, 334.012, 332.87, 331.517, 329.914, 328.017, 325.769, 323.107, 319.954, 316.219, 311.795, 306.556, 300.351, 300.019, 300.001, 300, 300, 300, 300, 300, 300, 300, 300, 300, 300, 300, 300, 
339.901, 339.901, 339.897, 339.889, 339.874, 339.853, 339.824, 339.786, 339.737, 339.675, 339.597, 339.501, 339.383, 339.239, 339.065, 338.855, 338.606, 338.311, 337.962, 337.548, 337.058, 336.478, 335.79, 334.976, 334.012, 332.87, 331.517, 329.914, 328.017, 325.769, 323.107, 319.954, 316.219, 311.795, 306.556, 300.351, 300.019, 300.001, 300, 300, 300, 300, 300, 300, 300, 300, 300, 300, 300, 300, 
339.901, 339.901, 339.897, 339.889, 339.874, 339.853, 339.824, 339.786, 339.737, 339.675, 339.597, 339.501, 339.383, 339.239, 339.065, 338.855, 338.606, 338.311, 337.962, 337.548, 337.058, 336.478, 335.79, 334.976, 334.012, 332.87, 331.517, 329.914, 328.017, 325.769, 323.107, 319.954, 316.219, 311.795, 306.556, 300.351, 300.019, 300.001, 300, 300, 300, 300, 300, 300, 300, 300, 300, 300, 300, 300, 
339.901, 339.901, 339.897, 339.889, 339.874, 339.853, 339.824, 339.786, 339.737, 339.675, 339.597, 339.501, 339.383, 339.239, 339.065, 338.855, 338.606, 338.311, 337.962, 337.548, 337.058, 336.478, 335.79, 334.976, 334.012, 332.87, 331.517, 329.914, 328.017, 325.769, 323.107, 319.954, 316.219, 311.795, 306.556, 300.351, 300.019, 300.001, 300, 300, 300, 300, 300, 300, 300, 300, 300, 300, 300, 300, 
339.901, 339.901, 339.897, 339.889, 339.874, 339.853, 339.824, 339.786, 339.737, 339.675, 339.597, 339.501, 339.383, 339.239, 339.065, 338.855, 338.606, 338.311, 337.962, 337.548, 337.058, 336.478, 335.79, 334.976, 334.012, 332.87, 331.517, 329.914, 328.017, 325.769, 323.107, 319.954, 316.219, 311.795, 306.556, 300.351, 300.019, 300.001, 300, 300, 300, 300, 300, 300, 300, 300, 300, 300, 300, 300, 
339.901, 339.901, 339.897, 339.889, 339.874, 339.853, 339.824, 339.786, 339.737, 339.675, 339.597, 339.501, 339.383, 339.239, 339.065, 338.855, 338.606, 338.311, 337.962, 337.548, 337.058, 336.478, 335.79, 334.976, 334.012, 332.87, 331.517, 329.914, 328.017, 325.769, 323.107, 319.954, 316.219, 311.795, 306.556, 300.351, 300.019, 300.001, 300, 300, 300, 300, 300, 300, 300, 300, 300, 300, 300, 300, 
339.901, 339.901, 339.897, 339.889, 339.874, 339.853, 339.824, 339.786, 339.737, 339.675, 339.597, 339.501, 339.383, 339.239, 339.065, 338.855, 338.606, 338.311, 337.962, 337.548, 337.058, 336.478, 335.79, 334.976, 334.012, 332.87, 331.517, 329.914, 328.017, 325.769, 323.107, 319.954, 316.219, 311.795, 306.556, 300.351, 300.019, 300.001, 300, 300, 300, 300, 300, 300, 300, 300, 300, 300, 300, 300, 
339.901, 339.901, 339.897, 339.889, 339.874, 339.853, 339.824, 339.786, 339.737, 339.675, 339.597, 339.501, 339.383, 339.239, 339.065, 338.855, 338.606, 338.311, 337.962, 337.548, 337.058, 336.478, 335.79, 334.976, 334.012, 332.87, 331.517, 329.914, 328.017, 325.769, 323.107, 319.954, 316.219, 311.795, 306.556, 300.351, 300.019, 300.001, 300, 300, 300, 300, 300, 300, 300, 300, 300, 300, 300, 300, 
339.901, 339.901, 339.897, 339.889, 339.874, 339.853, 339.824, 339.786, 339.737, 339.675, 339.597, 339.501, 339.383, 339.239, 339.065, 338.855, 338.606, 338.311, 337.962, 337.548, 337.058, 336.478, 335.79, 334.976, 334.012, 332.87, 331.517, 329.914, 328.017, 325.769, 323.107, 319.954, 316.219, 311.795, 306.556, 300.351, 300.019, 300.001, 300, 300, 300, 300, 300, 300, 300, 300, 300, 300, 300, 300, 
339.901, 339.901, 339.897, 339.889, 339.874, 339.853, 339.824, 339.786, 339.737, 339.675, 339.597, 339.501, 339.383, 339.239, 339.065, 338.855, 338.606, 338.311, 337.962, 337.548, 337.058, 336.478, 335.79, 334.976, 334.012, 332.87, 331.517, 329.914, 328.017, 325.769, 323.107, 319.954, 316.219, 311.795, 306.556, 300.351, 300.019, 300.001, 300, 300, 300, 300, 300, 300, 300, 300, 300, 300, 300, 300, 
339.901, 339.901, 339.897, 339.889, 339.874, 339.853, 339.824, 339.786, 339.737, 339.675, 339.597, 339.501, 339.383, 339.239, 339.065, 338.855, 338.606, 338.311, 337.962, 337.548, 337.058, 336.478, 335.79, 334.976, 334.012, 332.87, 331.517, 329.914, 328.017, 325.769, 323.107, 319.954, 316.219, 311.795, 306.556, 300.351, 300.019, 300.001, 300, 300, 300, 300, 300, 300, 300, 300, 300, 300, 300, 300, 
339.901, 339.901, 339.897, 339.889, 339.874, 339.853, 339.824, 339.786, 339.737, 339.675, 339.597, 339.501, 339.383, 339.239, 339.065, 338.855, 338.606, 338.311, 337.962, 337.548, 337.058, 336.478, 335.79, 334.976, 334.012, 332.87, 331.517, 329.914, 328.017, 325.769, 323.107, 319.954, 316.219, 311.795, 306.556, 300.351, 300.019, 300.001, 300, 300, 300, 300, 300, 300, 300, 300, 300, 300, 300, 300, 
339.901, 339.901, 339.897, 339.889, 339.874, 339.853, 339.824, 339.786, 339.737, 339.675, 339.597, 339.501, 339.383, 339.239, 339.065, 338.855, 338.606, 338.311, 337.962, 337.548, 337.058, 336.478, 335.79, 334.976, 334.012, 332.87, 331.517, 329.914, 328.017, 325.769, 323.107, 319.954, 316.219, 311.795, 306.556, 300.351, 300.019, 300.001, 300, 300, 300, 300, 300, 300, 300, 300, 300, 300, 300, 300, 
339.901, 339.901, 339.897, 339.889, 339.874, 339.853, 339.824, 339.786, 339.737, 339.675, 339.597, 339.501, 339.383, 339.239, 339.065, 338.855, 338.606, 338.311, 337.962, 337.548, 337.058, 336.478, 335.79, 334.976, 334.012, 332.87, 331.517, 329.914, 328.017, 325.769, 323.107, 319.954, 316.219, 311.795, 306.556, 300.351, 300.019, 300.001, 300, 300, 300, 300, 300, 300, 300, 300, 300, 300, 300, 300, 
339.901, 339.901, 339.897, 339.889, 339.874, 339.853, 339.824, 339.786, 339.737, 339.675, 339.597, 339.501, 339.383, 339.239, 339.065, 338.855, 338.606, 338.311, 337.962, 337.548, 337.058, 336.478, 335.79, 334.976, 334.012, 332.87, 331.517, 329.914, 328.017, 325.769, 323.107, 319.954, 316.219, 311.795, 306.556, 300.351, 300.019, 300.001, 300, 300, 300, 300, 300, 300, 300, 300, 300, 300, 300, 300, 
339.901, 339.901, 339.897, 339.889, 339.874, 339.853, 339.824, 339.786, 339.737, 339.675, 339.597, 339.501, 339.383, 339.239, 339.065, 338.855, 338.606, 338.311, 337.962, 337.548, 337.058, 336.478, 335.79, 334.976, 334.012, 332.87, 331.517, 329.914, 328.017, 325.769, 323.107, 319.954, 316.219, 311.795, 306.556, 300.351, 300.019, 300.001, 300, 300, 300, 300, 300, 300, 300, 300, 300, 300, 300, 300, 
339.901, 339.901, 339.897, 339.889, 339.874, 339.853, 339.824, 339.786, 339.737, 339.675, 339.597, 339.501, 339.383, 339.239, 339.065, 338.855, 338.606, 338.311, 337.962, 337.548, 337.058, 336.478, 335.79, 334.976, 334.012, 332.87, 331.517, 329.914, 328.017, 325.769, 323.107, 319.954, 316.219, 311.795, 306.556, 300.351, 300.019, 300.001, 300, 300, 300, 300, 300, 300, 300, 300, 300, 300, 300, 300, 
339.901, 339.901, 339.897, 339.889, 339.874, 339.853, 339.824, 339.786, 339.737, 339.675, 339.597, 339.501, 339.383, 339.239, 339.065, 338.855, 338.606, 338.311, 337.962, 337.548, 337.058, 336.478, 335.79, 334.976, 334.012, 332.87, 331.517, 329.914, 328.017, 325.769, 323.107, 319.954, 316.219, 311.795, 306.556, 300.351, 300.019, 300.001, 300, 300, 300, 300, 300, 300, 300, 300, 300, 300, 300, 300, 
339.901, 339.901, 339.897, 339.889, 339.874, 339.853, 339.824, 339.786, 339.737, 339.675, 339.597, 339.501, 339.383, 339.239, 339.065, 338.855, 338.606, 338.311, 337.962, 337.548, 337.058, 336.478, 335.79, 334.976, 334.012, 332.87, 331.517, 329.914, 328.017, 325.769, 323.107, 319.954, 316.219, 311.795, 306.556, 300.351, 300.019, 300.001, 300, 300, 300, 300, 300, 300, 300, 300, 300, 300, 300, 300, 
339.901, 339.901, 339.897, 339.889, 339.874, 339.853, 339.824, 339.786, 339.737, 339.675, 339.597, 339.501, 339.383, 339.239, 339.065, 338.855, 338.606, 338.311, 337.962, 337.548, 337.058, 336.478, 335.79, 334.976, 334.012, 332.87, 331.517, 329.914, 328.017, 325.769, 323.107, 319.954, 316.219, 311.795, 306.556, 300.351, 300.019, 300.001, 300, 300, 300, 300, 300, 300, 300, 300, 300, 300, 300, 300, 
339.901, 339.901, 339.897, 339.889, 339.874, 339.853, 339.824, 339.786, 339.737, 339.675, 339.597, 339.501, 339.383, 339.239, 339.065, 338.855, 338.606, 338.311, 337.962, 337.548, 337.058, 336.478, 335.79, 334.976, 334.012, 332.87, 331.517, 329.914, 328.017, 325.769, 323.107, 319.954, 316.219, 311.795, 306.556, 300.351, 300.019, 300.001, 300, 300, 300, 300, 300, 300, 300, 300, 300, 300, 300, 300, 
339.901, 339.901, 339.897, 339.889, 339.874, 339.853, 339.824, 339.786, 339.737, 339.675, 339.597, 339.501, 339.383, 339.239, 339.065, 338.855, 338.606, 338.311, 337.962, 337.548, 337.058, 336.478, 335.79, 334.976, 334.012, 332.87, 331.517, 329.914, 328.017, 325.769, 323.107, 319.954, 316.219, 311.795, 306.556, 300.351, 300.019, 300.001, 300, 300, 300, 300, 300, 300, 300, 300, 300, 300, 300, 300, 
339.901, 339.901, 339.897, 339.889, 339.874, 339.853, 339.824, 339.786, 339.737, 339.675, 339.597, 339.501, 339.383, 339.239, 339.065, 338.855, 338.606, 338.311, 337.962, 337.548, 337.058, 336.478, 335.79, 334.976, 334.012, 332.87, 331.517, 329.914, 328.017, 325.769, 323.107, 319.954, 316.219, 311.795, 306.556, 300.351, 300.019, 300.001, 300, 300, 300, 300, 300, 300, 300, 300, 300, 300, 300, 300, 
339.901, 339.901, 339.897, 339.889, 339.874, 339.853, 339.824, 339.786, 339.737, 339.675, 339.597, 339.501, 339.383, 339.239, 339.065, 338.855, 338.606, 338.311, 337.962, 337.548, 337.058, 336.478, 335.79, 334.976, 334.012, 332.87, 331.517, 329.914, 328.017, 325.769, 323.107, 319.954, 316.219, 311.795, 306.556, 300.351, 300.019, 300.001, 300, 300, 300, 300, 300, 300, 300, 300, 300, 300, 300, 300, 
339.901, 339.901, 339.897, 339.889, 339.874, 339.853, 339.824, 339.786, 339.737, 339.675, 339.597, 339.501, 339.383, 339.239, 339.065, 338.855, 338.606, 338.311, 337.962, 337.548, 337.058, 336.478, 335.79, 334.976, 334.012, 332.87, 331.517, 329.914, 328.017, 325.769, 323.107, 319.954, 316.219, 311.795, 306.556, 300.351, 300.019, 300.001, 300, 300, 300, 300, 300, 300, 300, 300, 300, 300, 300, 300, 
339.901, 339.901, 339.897, 339.889, 339.874, 339.853, 339.824, 339.786, 339.737, 339.675, 339.597, 339.501, 339.383, 339.239, 339.065, 338.855, 338.606, 338.311, 337.962, 337.548, 337.058, 336.478, 335.79, 334.976, 334.012, 332.87, 331.517, 329.914, 328.017, 325.769, 323.107, 319.954, 316.219, 311.795, 306.556, 300.351, 300.019, 300.001, 300, 300, 300, 300, 300, 300, 300, 300, 300, 300, 300, 300, 
339.901, 339.901, 339.897, 339.889, 339.874, 339.853, 339.824, 339.786, 339.737, 339.675, 339.597, 339.501, 339.383, 339.239, 339.065, 338.855, 338.606, 338.311, 337.962, 337.548, 337.058, 336.478, 335.79, 334.976, 334.012, 332.87, 331.517, 329.914, 328.017, 325.769, 323.107, 319.954, 316.219, 311.795, 306.556, 300.351, 300.019, 300.001, 300, 300, 300, 300, 300, 300, 300, 300, 300, 300, 300, 300, 
339.901, 339.901, 339.897, 339.889, 339.874, 339.853, 339.824, 339.786, 339.737, 339.675, 339.597, 339.501, 339.383, 339.239, 339.065, 338.855, 338.606, 338.311, 337.962, 337.548, 337.058, 336.478, 335.79, 334.976, 334.012, 332.87, 331.517, 329.914, 328.017, 325.769, 323.107, 319.954, 316.219, 311.795, 306.556, 300.351, 300.019, 300.001, 300, 300, 300, 300, 300, 300, 300, 300, 300, 300, 300, 300, 
339.901, 339.901, 339.897, 339.889, 339.874, 339.853, 339.824, 339.786, 339.737, 339.675, 339.597, 339.501, 339.383, 339.239, 339.065, 338.855, 338.606, 338.311, 337.962, 337.548, 337.058, 336.478, 335.79, 334.976, 334.012, 332.87, 331.517, 329.914, 328.017, 325.769, 323.107, 319.954, 316.219, 311.795, 306.556, 300.351, 300.019, 300.001, 300, 300, 300, 300, 300, 300, 300, 300, 300, 300, 300, 300, 
339.901, 339.901, 339.897, 339.889, 339.874, 339.853, 339.824, 339.786, 339.737, 339.675, 339.597, 339.501, 339.383, 339.239, 339.065, 338.855, 338.606, 338.311, 337.962, 337.548, 337.058, 336.478, 335.79, 334.976, 334.012, 332.87, 331.517, 329.914, 328.017, 325.769, 323.107, 319.954, 316.219, 311.795, 306.556, 300.351, 300.019, 300.001, 300, 300, 300, 300, 300, 300, 300, 300, 300, 300, 300, 300, 
339.901, 339.901, 339.897, 339.889, 339.874, 339.853, 339.824, 339.786, 339.737, 339.675, 339.597, 339.501, 339.383, 339.239, 339.065, 338.855, 338.606, 338.311, 337.962, 337.548, 337.058, 336.478, 335.79, 334.976, 334.012, 332.87, 331.517, 329.914, 328.017, 325.769, 323.107, 319.954, 316.219, 311.795, 306.556, 300.351, 300.019, 300.001, 300, 300, 300, 300, 300, 300, 300, 300, 300, 300, 300, 300, 
339.901, 339.901, 339.897, 339.889, 339.874, 339.853, 339.824, 339.786, 339.737, 339.675, 339.597, 339.501, 339.383, 339.239, 339.065, 338.855, 338.606, 338.311, 337.962, 337.548, 337.058, 336.478, 335.79, 334.976, 334.012, 332.87, 331.517, 329.914, 328.017, 325.769, 323.107, 319.954, 316.219, 311.795, 306.556, 300.351, 300.019, 300.001, 300, 300, 300, 300, 300, 300, 300, 300, 300, 300, 300, 300, 
339.901, 339.901, 339.897, 339.889, 339.874, 339.853, 339.824, 339.786, 339.737, 339.675, 339.597, 339.501, 339.383, 339.239, 339.065, 338.855, 338.606, 338.311, 337.962, 337.548, 337.058, 336.478, 335.79, 334.976, 334.012, 332.87, 331.517, 329.914, 328.017, 325.769, 323.107, 319.954, 316.219, 311.795, 306.556, 300.351, 300.019, 300.001, 300, 300, 300, 300, 300, 300, 300, 300, 300, 300, 300, 300, 
339.901, 339.901, 339.897, 339.889, 339.874, 339.853, 339.824, 339.786, 339.737, 339.675, 339.597, 339.501, 339.383, 339.239, 339.065, 338.855, 338.606, 338.311, 337.962, 337.548, 337.058, 336.478, 335.79, 334.976, 334.012, 332.87, 331.517, 329.914, 328.017, 325.769, 323.107, 319.954, 316.219, 311.795, 306.556, 300.351, 300.019, 300.001, 300, 300, 300, 300, 300, 300, 300, 300, 300, 300, 300, 300, 
339.901, 339.901, 339.897, 339.889, 339.874, 339.853, 339.824, 339.786, 339.737, 339.675, 339.597, 339.501, 339.383, 339.239, 339.065, 338.855, 338.606, 338.311, 337.962, 337.548, 337.058, 336.478, 335.79, 334.976, 334.012, 332.87, 331.517, 329.914, 328.017, 325.769, 323.107, 319.954, 316.219, 311.795, 306.556, 300.351, 300.019, 300.001, 300, 300, 300, 300, 300, 300, 300, 300, 300, 300, 300, 300, 
339.901, 339.901, 339.897, 339.889, 339.874, 339.853, 339.824, 339.786, 339.737, 339.675, 339.597, 339.501, 339.383, 339.239, 339.065, 338.855, 338.606, 338.311, 337.962, 337.548, 337.058, 336.478, 335.79, 334.976, 334.012, 332.87, 331.517, 329.914, 328.017, 325.769, 323.107, 319.954, 316.219, 311.795, 306.556, 300.351, 300.019, 300.001, 300, 300, 300, 300, 300, 300, 300, 300, 300, 300, 300, 300, 
339.901, 339.901, 339.897, 339.889, 339.874, 339.853, 339.824, 339.786, 339.737, 339.675, 339.597, 339.501, 339.383, 339.239, 339.065, 338.855, 338.606, 338.311, 337.962, 337.548, 337.058, 336.478, 335.79, 334.976, 334.012, 332.87, 331.517, 329.914, 328.017, 325.769, 323.107, 319.954, 316.219, 311.795, 306.556, 300.351, 300.019, 300.001, 300, 300, 300, 300, 300, 300, 300, 300, 300, 300, 300, 300, 
339.901, 339.901, 339.897, 339.889, 339.874, 339.853, 339.824, 339.786, 339.737, 339.675, 339.597, 339.501, 339.383, 339.239, 339.065, 338.855, 338.606, 338.311, 337.962, 337.548, 337.058, 336.478, 335.79, 334.976, 334.012, 332.87, 331.517, 329.914, 328.017, 325.769, 323.107, 319.954, 316.219, 311.795, 306.556, 300.351, 300.019, 300.001, 300, 300, 300, 300, 300, 300, 300, 300, 300, 300, 300, 300, 
339.901, 339.901, 339.897, 339.889, 339.874, 339.853, 339.824, 339.786, 339.737, 339.675, 339.597, 339.501, 339.383, 339.239, 339.065, 338.855, 338.606, 338.311, 337.962, 337.548, 337.058, 336.478, 335.79, 334.976, 334.012, 332.87, 331.517, 329.914, 328.017, 325.769, 323.107, 319.954, 316.219, 311.795, 306.556, 300.351, 300.019, 300.001, 300, 300, 300, 300, 300, 300, 300, 300, 300, 300, 300, 300, 
339.901, 339.901, 339.897, 339.889, 339.874, 339.853, 339.824, 339.786, 339.737, 339.675, 339.597, 339.501, 339.383, 339.239, 339.065, 338.855, 338.606, 338.311, 337.962, 337.548, 337.058, 336.478, 335.79, 334.976, 334.012, 332.87, 331.517, 329.914, 328.017, 325.769, 323.107, 319.954, 316.219, 311.795, 306.556, 300.351, 300.019, 300.001, 300, 300, 300, 300, 300, 300, 300, 300, 300, 300, 300, 300, 
339.901, 339.901, 339.897, 339.889, 339.874, 339.853, 339.824, 339.786, 339.737, 339.675, 339.597, 339.501, 339.383, 339.239, 339.065, 338.855, 338.606, 338.311, 337.962, 337.548, 337.058, 336.478, 335.79, 334.976, 334.012, 332.87, 331.517, 329.914, 328.017, 325.769, 323.107, 319.954, 316.219, 311.795, 306.556, 300.351, 300.019, 300.001, 300, 300, 300, 300, 300, 300, 300, 300, 300, 300, 300, 300, 
339.901, 339.901, 339.897, 339.889, 339.874, 339.853, 339.824, 339.786, 339.737, 339.675, 339.597, 339.501, 339.383, 339.239, 339.065, 338.855, 338.606, 338.311, 337.962, 337.548, 337.058, 336.478, 335.79, 334.976, 334.012, 332.87, 331.517, 329.914, 328.017, 325.769, 323.107, 319.954, 316.219, 311.795, 306.556, 300.351, 300.019, 300.001, 300, 300, 300, 300, 300, 300, 300, 300, 300, 300, 300, 300, 
339.901, 339.901, 339.897, 339.889, 339.874, 339.853, 339.824, 339.786, 339.737, 339.675, 339.597, 339.501, 339.383, 339.239, 339.065, 338.855, 338.606, 338.311, 337.962, 337.548, 337.058, 336.478, 335.79, 334.976, 334.012, 332.87, 331.517, 329.914, 328.017, 325.769, 323.107, 319.954, 316.219, 311.795, 306.556, 300.351, 300.019, 300.001, 300, 300, 300, 300, 300, 300, 300, 300, 300, 300, 300, 300, 
339.901, 339.901, 339.897, 339.889, 339.874, 339.853, 339.824, 339.786, 339.737, 339.675, 339.597, 339.501, 339.383, 339.239, 339.065, 338.855, 338.606, 338.311, 337.962, 337.548, 337.058, 336.478, 335.79, 334.976, 334.012, 332.87, 331.517, 329.914, 328.017, 325.769, 323.107, 319.954, 316.219, 311.795, 306.556, 300.351, 300.019, 300.001, 300, 300, 300, 300, 300, 300, 300, 300, 300, 300, 300, 300, 
339.901, 339.901, 339.897, 339.889, 339.874, 339.853, 339.824, 339.786, 339.737, 339.675, 339.597, 339.501, 339.383, 339.239, 339.065, 338.855, 338.606, 338.311, 337.962, 337.548, 337.058, 336.478, 335.79, 334.976, 334.012, 332.87, 331.517, 329.914, 328.017, 325.769, 323.107, 319.954, 316.219, 311.795, 306.556, 300.351, 300.019, 300.001, 300, 300, 300, 300, 300, 300, 300, 300, 300, 300, 300, 300, 
339.901, 339.901, 339.897, 339.889, 339.874, 339.853, 339.824, 339.786, 339.737, 339.675, 339.597, 339.501, 339.383, 339.239, 339.065, 338.855, 338.606, 338.311, 337.962, 337.548, 337.058, 336.478, 335.79, 334.976, 334.012, 332.87, 331.517, 329.914, 328.017, 325.769, 323.107, 319.954, 316.219, 311.795, 306.556, 300.351, 300.019, 300.001, 300, 300, 300, 300, 300, 300, 300, 300, 300, 300, 300, 300, 
339.901, 339.901, 339.897, 339.889, 339.874, 339.853, 339.824, 339.786, 339.737, 339.675, 339.597, 339.501, 339.383, 339.239, 339.065, 338.855, 338.606, 338.311, 337.962, 337.548, 337.058, 336.478, 335.79, 334.976, 334.012, 332.87, 331.517, 329.914, 328.017, 325.769, 323.107, 319.954, 316.219, 311.795, 306.556, 300.351, 300.019, 300.001, 300, 300, 300, 300, 300, 300, 300, 300, 300, 300, 300, 300, 
339.901, 339.901, 339.897, 339.889, 339.874, 339.853, 339.824, 339.786, 339.737, 339.675, 339.597, 339.501, 339.383, 339.239, 339.065, 338.855, 338.606, 338.311, 337.962, 337.548, 337.058, 336.478, 335.79, 334.976, 334.012, 332.87, 331.517, 329.914, 328.017, 325.769, 323.107, 319.954, 316.219, 311.795, 306.556, 300.351, 300.019, 300.001, 300, 300, 300, 300, 300, 300, 300, 300, 300, 300, 300, 300, 
339.901, 339.901, 339.897, 339.889, 339.874, 339.853, 339.824, 339.786, 339.737, 339.675, 339.597, 339.501, 339.383, 339.239, 339.065, 338.855, 338.606, 338.311, 337.962, 337.548, 337.058, 336.478, 335.79, 334.976, 334.012, 332.87, 331.517, 329.914, 328.017, 325.769, 323.107, 319.954, 316.219, 311.795, 306.556, 300.351, 300.019, 300.001, 300, 300, 300, 300, 300, 300, 300, 300, 300, 300, 300, 300, 
339.901, 339.901, 339.897, 339.889, 339.874, 339.853, 339.824, 339.786, 339.737, 339.675, 339.597, 339.501, 339.383, 339.239, 339.065, 338.855, 338.606, 338.311, 337.962, 337.548, 337.058, 336.478, 335.79, 334.976, 334.012, 332.87, 331.517, 329.914, 328.017, 325.769, 323.107, 319.954, 316.219, 311.795, 306.556, 300.351, 300.019, 300.001, 300, 300, 300, 300, 300, 300, 300, 300, 300, 300, 300, 300, 
339.901, 339.901, 339.897, 339.889, 339.874, 339.853, 339.824, 339.786, 339.737, 339.675, 339.597, 339.501, 339.383, 339.239, 339.065, 338.855, 338.606, 338.311, 337.962, 337.548, 337.058, 336.478, 335.79, 334.976, 334.012, 332.87, 331.517, 329.914, 328.017, 325.769, 323.107, 319.954, 316.219, 311.795, 306.556, 300.351, 300.019, 300.001, 300, 300, 300, 300, 300, 300, 300, 300, 300, 300, 300, 300, 
339.901, 339.901, 339.897, 339.889, 339.874, 339.853, 339.824, 339.786, 339.737, 339.675, 339.597, 339.501, 339.383, 339.239, 339.065, 338.855, 338.606, 338.311, 337.962, 337.548, 337.058, 336.478, 335.79, 334.976, 334.012, 332.87, 331.517, 329.914, 328.017, 325.769, 323.107, 319.954, 316.219, 311.795, 306.556, 300.351, 300.019, 300.001, 300, 300, 300, 300, 300, 300, 300, 300, 300, 300, 300, 300, 
339.901, 339.901, 339.897, 339.889, 339.874, 339.853, 339.824, 339.786, 339.737, 339.675, 339.597, 339.501, 339.383, 339.239, 339.065, 338.855, 338.606, 338.311, 337.962, 337.548, 337.058, 336.478, 335.79, 334.976, 334.012, 332.87, 331.517, 329.914, 328.017, 325.769, 323.107, 319.954, 316.219, 311.795, 306.556, 300.351, 300.019, 300.001, 300, 300, 300, 300, 300, 300, 300, 300, 300, 300, 300, 300, 
339.901, 339.901, 339.897, 339.889, 339.874, 339.853, 339.824, 339.786, 339.737, 339.675, 339.597, 339.501, 339.383, 339.239, 339.065, 338.855, 338.606, 338.311, 337.962, 337.548, 337.058, 336.478, 335.79, 334.976, 334.012, 332.87, 331.517, 329.914, 328.017, 325.769, 323.107, 319.954, 316.219, 311.795, 306.556, 300.351, 300.019, 300.001, 300, 300, 300, 300, 300, 300, 300, 300, 300, 300, 300, 300, 
339.901, 339.901, 339.897, 339.889, 339.874, 339.853, 339.824, 339.786, 339.737, 339.675, 339.597, 339.501, 339.383, 339.239, 339.065, 338.855, 338.606, 338.311, 337.962, 337.548, 337.058, 336.478, 335.79, 334.976, 334.012, 332.87, 331.517, 329.914, 328.017, 325.769, 323.107, 319.954, 316.219, 311.795, 306.556, 300.351, 300.019, 300.001, 300, 300, 300, 300, 300, 300, 300, 300, 300, 300, 300, 300, 
339.901, 339.901, 339.897, 339.889, 339.874, 339.853, 339.824, 339.786, 339.737, 339.675, 339.597, 339.501, 339.383, 339.239, 339.065, 338.855, 338.606, 338.311, 337.962, 337.548, 337.058, 336.478, 335.79, 334.976, 334.012, 332.87, 331.517, 329.914, 328.017, 325.769, 323.107, 319.954, 316.219, 311.795, 306.556, 300.351, 300.019, 300.001, 300, 300, 300, 300, 300, 300, 300, 300, 300, 300, 300, 300, 
339.901, 339.901, 339.897, 339.889, 339.874, 339.853, 339.824, 339.786, 339.737, 339.675, 339.597, 339.501, 339.383, 339.239, 339.065, 338.855, 338.606, 338.311, 337.962, 337.548, 337.058, 336.478, 335.79, 334.976, 334.012, 332.87, 331.517, 329.914, 328.017, 325.769, 323.107, 319.954, 316.219, 311.795, 306.556, 300.351, 300.019, 300.001, 300, 300, 300, 300, 300, 300, 300, 300, 300, 300, 300, 300, 
339.901, 339.901, 339.897, 339.889, 339.874, 339.853, 339.824, 339.786, 339.737, 339.675, 339.597, 339.501, 339.383, 339.239, 339.065, 338.855, 338.606, 338.311, 337.962, 337.548, 337.058, 336.478, 335.79, 334.976, 334.012, 332.87, 331.517, 329.914, 328.017, 325.769, 323.107, 319.954, 316.219, 311.795, 306.556, 300.351, 300.019, 300.001, 300, 300, 300, 300, 300, 300, 300, 300, 300, 300, 300, 300, 
339.901, 339.901, 339.897, 339.889, 339.874, 339.853, 339.824, 339.786, 339.737, 339.675, 339.597, 339.501, 339.383, 339.239, 339.065, 338.855, 338.606, 338.311, 337.962, 337.548, 337.058, 336.478, 335.79, 334.976, 334.012, 332.87, 331.517, 329.914, 328.017, 325.769, 323.107, 319.954, 316.219, 311.795, 306.556, 300.351, 300.019, 300.001, 300, 300, 300, 300, 300, 300, 300, 300, 300, 300, 300, 300, 
339.901, 339.901, 339.897, 339.889, 339.874, 339.853, 339.824, 339.786, 339.737, 339.675, 339.597, 339.501, 339.383, 339.239, 339.065, 338.855, 338.606, 338.311, 337.962, 337.548, 337.058, 336.478, 335.79, 334.976, 334.012, 332.87, 331.517, 329.914, 328.017, 325.769, 323.107, 319.954, 316.219, 311.795, 306.556, 300.351, 300.019, 300.001, 300, 300, 300, 300, 300, 300, 300, 300, 300, 300, 300, 300, 
339.901, 339.901, 339.897, 339.889, 339.874, 339.853, 339.824, 339.786, 339.737, 339.675, 339.597, 339.501, 339.383, 339.239, 339.065, 338.855, 338.606, 338.311, 337.962, 337.548, 337.058, 336.478, 335.79, 334.976, 334.012, 332.87, 331.517, 329.914, 328.017, 325.769, 323.107, 319.954, 316.219, 311.795, 306.556, 300.351, 300.019, 300.001, 300, 300, 300, 300, 300, 300, 300, 300, 300, 300, 300, 300, 
339.901, 339.901, 339.897, 339.889, 339.874, 339.853, 339.824, 339.786, 339.737, 339.675, 339.597, 339.501, 339.383, 339.239, 339.065, 338.855, 338.606, 338.311, 337.962, 337.548, 337.058, 336.478, 335.79, 334.976, 334.012, 332.87, 331.517, 329.914, 328.017, 325.769, 323.107, 319.954, 316.219, 311.795, 306.556, 300.351, 300.019, 300.001, 300, 300, 300, 300, 300, 300, 300, 300, 300, 300, 300, 300, 
339.901, 339.901, 339.897, 339.889, 339.874, 339.853, 339.824, 339.786, 339.737, 339.675, 339.597, 339.501, 339.383, 339.239, 339.065, 338.855, 338.606, 338.311, 337.962, 337.548, 337.058, 336.478, 335.79, 334.976, 334.012, 332.87, 331.517, 329.914, 328.017, 325.769, 323.107, 319.954, 316.219, 311.795, 306.556, 300.351, 300.019, 300.001, 300, 300, 300, 300, 300, 300, 300, 300, 300, 300, 300, 300, 
339.901, 339.901, 339.897, 339.889, 339.874, 339.853, 339.824, 339.786, 339.737, 339.675, 339.597, 339.501, 339.383, 339.239, 339.065, 338.855, 338.606, 338.311, 337.962, 337.548, 337.058, 336.478, 335.79, 334.976, 334.012, 332.87, 331.517, 329.914, 328.017, 325.769, 323.107, 319.954, 316.219, 311.795, 306.556, 300.351, 300.019, 300.001, 300, 300, 300, 300, 300, 300, 300, 300, 300, 300, 300, 300, 
339.901, 339.901, 339.897, 339.889, 339.874, 339.853, 339.824, 339.786, 339.737, 339.675, 339.597, 339.501, 339.383, 339.239, 339.065, 338.855, 338.606, 338.311, 337.962, 337.548, 337.058, 336.478, 335.79, 334.976, 334.012, 332.87, 331.517, 329.914, 328.017, 325.769, 323.107, 319.954, 316.219, 311.795, 306.556, 300.351, 300.019, 300.001, 300, 300, 300, 300, 300, 300, 300, 300, 300, 300, 300, 300, 
339.901, 339.901, 339.897, 339.889, 339.874, 339.853, 339.824, 339.786, 339.737, 339.675, 339.597, 339.501, 339.383, 339.239, 339.065, 338.855, 338.606, 338.311, 337.962, 337.548, 337.058, 336.478, 335.79, 334.976, 334.012, 332.87, 331.517, 329.915, 328.017, 325.769, 323.107, 319.954, 316.219, 311.795, 306.556, 300.351, 300.019, 300.001, 300, 300, 300, 300, 300, 300, 300, 300, 300, 300, 300, 300, 
339.901, 339.901, 339.897, 339.889, 339.874, 339.853, 339.824, 339.786, 339.737, 339.675, 339.597, 339.501, 339.383, 339.239, 339.065, 338.855, 338.606, 338.311, 337.962, 337.548, 337.058, 336.478, 335.79, 334.976, 334.012, 332.87, 331.517, 329.915, 328.017, 325.769, 323.107, 319.954, 316.219, 311.795, 306.556, 300.351, 300.019, 300.001, 300, 300, 300, 300, 300, 300, 300, 300, 300, 300, 300, 300, 
339.901, 339.901, 339.897, 339.889, 339.874, 339.853, 339.824, 339.786, 339.737, 339.675, 339.597, 339.501, 339.383, 339.239, 339.065, 338.855, 338.606, 338.311, 337.962, 337.548, 337.058, 336.478, 335.79, 334.976, 334.012, 332.87, 331.517, 329.915, 328.017, 325.769, 323.107, 319.954, 316.219, 311.795, 306.556, 300.351, 300.019, 300.001, 300, 300, 300, 300, 300, 300, 300, 300, 300, 300, 300, 300, 
339.901, 339.901, 339.897, 339.889, 339.874, 339.853, 339.824, 339.786, 339.737, 339.675, 339.597, 339.501, 339.383, 339.239, 339.065, 338.855, 338.606, 338.311, 337.962, 337.548, 337.058, 336.478, 335.79, 334.976, 334.012, 332.87, 331.517, 329.915, 328.017, 325.769, 323.107, 319.954, 316.219, 311.795, 306.556, 300.351, 300.019, 300.001, 300, 300, 300, 300, 300, 300, 300, 300, 300, 300, 300, 300, 
339.901, 339.901, 339.897, 339.889, 339.874, 339.853, 339.824, 339.786, 339.737, 339.675, 339.597, 339.501, 339.383, 339.239, 339.065, 338.855, 338.606, 338.311, 337.962, 337.548, 337.058, 336.478, 335.79, 334.976, 334.012, 332.87, 331.517, 329.915, 328.017, 325.769, 323.107, 319.954, 316.219, 311.795, 306.556, 300.351, 300.019, 300.001, 300, 300, 300, 300, 300, 300, 300, 300, 300, 300, 300, 300, 
339.901, 339.901, 339.897, 339.889, 339.874, 339.853, 339.824, 339.786, 339.737, 339.675, 339.597, 339.501, 339.383, 339.239, 339.065, 338.855, 338.606, 338.311, 337.962, 337.548, 337.058, 336.478, 335.79, 334.976, 334.012, 332.87, 331.517, 329.915, 328.017, 325.769, 323.107, 319.954, 316.219, 311.795, 306.556, 300.351, 300.019, 300.001, 300, 300, 300, 300, 300, 300, 300, 300, 300, 300, 300, 300, 
339.901, 339.901, 339.897, 339.889, 339.874, 339.853, 339.824, 339.786, 339.737, 339.675, 339.597, 339.501, 339.383, 339.239, 339.065, 338.855, 338.606, 338.311, 337.962, 337.548, 337.058, 336.478, 335.79, 334.976, 334.012, 332.87, 331.517, 329.915, 328.017, 325.769, 323.107, 319.954, 316.219, 311.795, 306.556, 300.351, 300.019, 300.001, 300, 300, 300, 300, 300, 300, 300, 300, 300, 300, 300, 300, 
339.901, 339.901, 339.897, 339.889, 339.874, 339.853, 339.824, 339.786, 339.737, 339.675, 339.597, 339.501, 339.383, 339.239, 339.065, 338.855, 338.606, 338.311, 337.962, 337.548, 337.058, 336.478, 335.79, 334.976, 334.012, 332.87, 331.517, 329.915, 328.017, 325.769, 323.107, 319.954, 316.219, 311.795, 306.556, 300.351, 300.019, 300.001, 300, 300, 300, 300, 300, 300, 300, 300, 300, 300, 300, 300, 
339.901, 339.901, 339.897, 339.889, 339.874, 339.853, 339.824, 339.786, 339.737, 339.675, 339.597, 339.501, 339.383, 339.239, 339.065, 338.855, 338.606, 338.311, 337.962, 337.548, 337.058, 336.478, 335.79, 334.976, 334.012, 332.87, 331.517, 329.915, 328.017, 325.769, 323.107, 319.954, 316.219, 311.795, 306.556, 300.351, 300.019, 300.001, 300, 300, 300, 300, 300, 300, 300, 300, 300, 300, 300, 300, 
339.901, 339.901, 339.897, 339.889, 339.874, 339.853, 339.824, 339.786, 339.737, 339.675, 339.597, 339.501, 339.383, 339.239, 339.065, 338.855, 338.606, 338.311, 337.962, 337.548, 337.058, 336.478, 335.79, 334.976, 334.012, 332.87, 331.517, 329.915, 328.017, 325.769, 323.107, 319.954, 316.219, 311.795, 306.556, 300.351, 300.019, 300.001, 300, 300, 300, 300, 300, 300, 300, 300, 300, 300, 300, 300, 
339.901, 339.901, 339.897, 339.889, 339.874, 339.853, 339.824, 339.786, 339.737, 339.675, 339.597, 339.501, 339.383, 339.239, 339.065, 338.855, 338.606, 338.311, 337.962, 337.548, 337.058, 336.478, 335.79, 334.976, 334.012, 332.87, 331.517, 329.915, 328.017, 325.769, 323.107, 319.954, 316.219, 311.795, 306.556, 300.351, 300.019, 300.001, 300, 300, 300, 300, 300, 300, 300, 300, 300, 300, 300, 300, 
339.901, 339.901, 339.897, 339.889, 339.874, 339.853, 339.824, 339.786, 339.737, 339.675, 339.597, 339.501, 339.383, 339.239, 339.065, 338.855, 338.606, 338.311, 337.962, 337.548, 337.058, 336.478, 335.79, 334.976, 334.012, 332.87, 331.517, 329.915, 328.017, 325.769, 323.107, 319.954, 316.219, 311.795, 306.556, 300.351, 300.019, 300.001, 300, 300, 300, 300, 300, 300, 300, 300, 300, 300, 300, 300, 
339.901, 339.901, 339.897, 339.889, 339.874, 339.853, 339.824, 339.786, 339.737, 339.675, 339.597, 339.501, 339.383, 339.239, 339.065, 338.855, 338.606, 338.311, 337.962, 337.548, 337.058, 336.478, 335.79, 334.976, 334.012, 332.87, 331.517, 329.915, 328.017, 325.769, 323.107, 319.954, 316.219, 311.795, 306.556, 300.351, 300.019, 300.001, 300, 300, 300, 300, 300, 300, 300, 300, 300, 300, 300, 300, 
339.901, 339.901, 339.897, 339.889, 339.874, 339.853, 339.824, 339.786, 339.737, 339.675, 339.597, 339.501, 339.383, 339.239, 339.065, 338.855, 338.606, 338.311, 337.962, 337.548, 337.058, 336.478, 335.79, 334.976, 334.012, 332.87, 331.517, 329.915, 328.017, 325.769, 323.107, 319.954, 316.219, 311.795, 306.556, 300.351, 300.019, 300.001, 300, 300, 300, 300, 300, 300, 300, 300, 300, 300, 300, 300, 
339.901, 339.901, 339.897, 339.889, 339.874, 339.853, 339.824, 339.786, 339.737, 339.675, 339.597, 339.501, 339.383, 339.239, 339.065, 338.855, 338.606, 338.311, 337.962, 337.548, 337.058, 336.478, 335.79, 334.976, 334.012, 332.87, 331.517, 329.915, 328.017, 325.769, 323.107, 319.954, 316.219, 311.795, 306.556, 300.351, 300.019, 300.001, 300, 300, 300, 300, 300, 300, 300, 300, 300, 300, 300, 300, 
339.901, 339.901, 339.897, 339.889, 339.874, 339.853, 339.824, 339.786, 339.737, 339.675, 339.597, 339.501, 339.383, 339.239, 339.065, 338.855, 338.606, 338.311, 337.962, 337.548, 337.058, 336.478, 335.79, 334.976, 334.012, 332.87, 331.517, 329.915, 328.017, 325.769, 323.107, 319.954, 316.219, 311.795, 306.556, 300.351, 300.019, 300.001, 300, 300, 300, 300, 300, 300, 300, 300, 300, 300, 300, 300, 
339.901, 339.901, 339.897, 339.889, 339.874, 339.853, 339.824, 339.786, 339.737, 339.675, 339.597, 339.501, 339.383, 339.239, 339.065, 338.855, 338.606, 338.311, 337.962, 337.548, 337.058, 336.478, 335.79, 334.976, 334.012, 332.87, 331.517, 329.915, 328.017, 325.769, 323.107, 319.954, 316.219, 311.795, 306.556, 300.351, 300.019, 300.001, 300, 300, 300, 300, 300, 300, 300, 300, 300, 300, 300, 300, 
339.901, 339.901, 339.897, 339.889, 339.874, 339.853, 339.824, 339.786, 339.737, 339.675, 339.597, 339.501, 339.383, 339.239, 339.065, 338.855, 338.606, 338.311, 337.962, 337.548, 337.058, 336.478, 335.79, 334.976, 334.012, 332.87, 331.517, 329.915, 328.017, 325.769, 323.107, 319.954, 316.219, 311.795, 306.556, 300.351, 300.019, 300.001, 300, 300, 300, 300, 300, 300, 300, 300, 300, 300, 300, 300, 
339.901, 339.901, 339.897, 339.889, 339.874, 339.853, 339.824, 339.786, 339.737, 339.675, 339.597, 339.501, 339.383, 339.239, 339.065, 338.855, 338.606, 338.311, 337.962, 337.548, 337.058, 336.478, 335.79, 334.976, 334.012, 332.87, 331.517, 329.915, 328.017, 325.769, 323.107, 319.954, 316.219, 311.795, 306.556, 300.351, 300.019, 300.001, 300, 300, 300, 300, 300, 300, 300, 300, 300, 300, 300, 300, 
339.901, 339.901, 339.897, 339.889, 339.874, 339.853, 339.824, 339.786, 339.737, 339.675, 339.597, 339.501, 339.383, 339.239, 339.065, 338.855, 338.606, 338.311, 337.962, 337.548, 337.058, 336.478, 335.79, 334.976, 334.012, 332.87, 331.517, 329.915, 328.017, 325.769, 323.107, 319.954, 316.219, 311.795, 306.556, 300.351, 300.019, 300.001, 300, 300, 300, 300, 300, 300, 300, 300, 300, 300, 300, 300, 
339.901, 339.901, 339.897, 339.889, 339.874, 339.853, 339.824, 339.786, 339.737, 339.675, 339.597, 339.501, 339.383, 339.239, 339.065, 338.855, 338.606, 338.311, 337.962, 337.548, 337.058, 336.478, 335.79, 334.976, 334.012, 332.87, 331.517, 329.915, 328.017, 325.769, 323.107, 319.954, 316.219, 311.795, 306.556, 300.351, 300.019, 300.001, 300, 300, 300, 300, 300, 300, 300, 300, 300, 300, 300, 300, 
339.901, 339.901, 339.897, 339.889, 339.874, 339.853, 339.824, 339.786, 339.737, 339.675, 339.597, 339.501, 339.383, 339.239, 339.065, 338.855, 338.606, 338.311, 337.962, 337.548, 337.058, 336.478, 335.79, 334.976, 334.012, 332.87, 331.517, 329.915, 328.017, 325.769, 323.107, 319.954, 316.219, 311.795, 306.556, 300.351, 300.019, 300.001, 300, 300, 300, 300, 300, 300, 300, 300, 300, 300, 300, 300, 
339.901, 339.901, 339.897, 339.889, 339.874, 339.853, 339.824, 339.786, 339.737, 339.675, 339.597, 339.501, 339.383, 339.239, 339.065, 338.855, 338.606, 338.311, 337.962, 337.548, 337.058, 336.478, 335.79, 334.976, 334.012, 332.87, 331.517, 329.915, 328.017, 325.769, 323.107, 319.954, 316.219, 311.795, 306.556, 300.351, 300.019, 300.001, 300, 300, 300, 300, 300, 300, 300, 300, 300, 300, 300, 300, 
339.901, 339.901, 339.897, 339.889, 339.874, 339.853, 339.824, 339.786, 339.737, 339.675, 339.597, 339.501, 339.383, 339.239, 339.065, 338.855, 338.606, 338.311, 337.962, 337.548, 337.058, 336.478, 335.79, 334.976, 334.012, 332.87, 331.517, 329.915, 328.017, 325.769, 323.107, 319.954, 316.219, 311.795, 306.556, 300.351, 300.019, 300.001, 300, 300, 300, 300, 300, 300, 300, 300, 300, 300, 300, 300, 
339.901, 339.901, 339.897, 339.889, 339.874, 339.853, 339.824, 339.786, 339.737, 339.675, 339.597, 339.501, 339.383, 339.239, 339.065, 338.855, 338.606, 338.311, 337.962, 337.548, 337.058, 336.478, 335.79, 334.976, 334.012, 332.87, 331.517, 329.915, 328.017, 325.769, 323.107, 319.954, 316.219, 311.795, 306.556, 300.351, 300.019, 300.001, 300, 300, 300, 300, 300, 300, 300, 300, 300, 300, 300, 300, 
339.901, 339.901, 339.897, 339.889, 339.874, 339.853, 339.824, 339.786, 339.737, 339.675, 339.597, 339.501, 339.383, 339.239, 339.065, 338.855, 338.606, 338.311, 337.962, 337.548, 337.058, 336.478, 335.79, 334.976, 334.012, 332.87, 331.517, 329.915, 328.017, 325.769, 323.107, 319.954, 316.219, 311.795, 306.556, 300.351, 300.019, 300.001, 300, 300, 300, 300, 300, 300, 300, 300, 300, 300, 300, 300, 
339.901, 339.901, 339.897, 339.889, 339.874, 339.853, 339.824, 339.786, 339.737, 339.675, 339.597, 339.501, 339.383, 339.239, 339.065, 338.855, 338.606, 338.311, 337.962, 337.548, 337.058, 336.478, 335.79, 334.976, 334.012, 332.87, 331.517, 329.915, 328.017, 325.769, 323.107, 319.954, 316.219, 311.795, 306.556, 300.351, 300.019, 300.001, 300, 300, 300, 300, 300, 300, 300, 300, 300, 300, 300, 300, 
339.901, 339.901, 339.897, 339.889, 339.874, 339.853, 339.824, 339.786, 339.737, 339.675, 339.597, 339.501, 339.383, 339.239, 339.065, 338.855, 338.606, 338.311, 337.962, 337.548, 337.058, 336.478, 335.79, 334.976, 334.012, 332.87, 331.517, 329.915, 328.017, 325.769, 323.107, 319.954, 316.219, 311.795, 306.556, 300.351, 300.019, 300.001, 300, 300, 300, 300, 300, 300, 300, 300, 300, 300, 300, 300, 
339.901, 339.901, 339.897, 339.889, 339.874, 339.853, 339.824, 339.786, 339.737, 339.675, 339.597, 339.501, 339.383, 339.239, 339.065, 338.855, 338.606, 338.311, 337.962, 337.548, 337.058, 336.478, 335.79, 334.976, 334.012, 332.87, 331.517, 329.915, 328.017, 325.769, 323.107, 319.954, 316.219, 311.795, 306.556, 300.351, 300.019, 300.001, 300, 300, 300, 300, 300, 300, 300, 300, 300, 300, 300, 300, 
339.901, 339.901, 339.897, 339.889, 339.874, 339.853, 339.824, 339.786, 339.737, 339.675, 339.597, 339.501, 339.383, 339.239, 339.065, 338.855, 338.606, 338.311, 337.962, 337.548, 337.058, 336.478, 335.79, 334.976, 334.012, 332.87, 331.517, 329.915, 328.017, 325.769, 323.107, 319.954, 316.219, 311.795, 306.556, 300.351, 300.019, 300.001, 300, 300, 300, 300, 300, 300, 300, 300, 300, 300, 300, 300, 
339.901, 339.901, 339.897, 339.889, 339.874, 339.853, 339.824, 339.786, 339.737, 339.675, 339.597, 339.501, 339.383, 339.239, 339.065, 338.855, 338.606, 338.311, 337.962, 337.548, 337.058, 336.478, 335.79, 334.976, 334.012, 332.87, 331.517, 329.915, 328.017, 325.769, 323.107, 319.954, 316.219, 311.795, 306.556, 300.351, 300.019, 300.001, 300, 300, 300, 300, 300, 300, 300, 300, 300, 300, 300, 300, 
339.901, 339.901, 339.897, 339.889, 339.874, 339.853, 339.824, 339.786, 339.737, 339.675, 339.597, 339.501, 339.383, 339.239, 339.065, 338.855, 338.606, 338.311, 337.962, 337.548, 337.058, 336.478, 335.79, 334.976, 334.012, 332.87, 331.517, 329.915, 328.017, 325.769, 323.107, 319.954, 316.219, 311.795, 306.556, 300.351, 300.019, 300.001, 300, 300, 300, 300, 300, 300, 300, 300, 300, 300, 300, 300, 
339.901, 339.901, 339.897, 339.889, 339.874, 339.853, 339.824, 339.786, 339.737, 339.675, 339.597, 339.501, 339.383, 339.239, 339.065, 338.855, 338.606, 338.311, 337.962, 337.548, 337.058, 336.478, 335.79, 334.976, 334.012, 332.87, 331.517, 329.915, 328.017, 325.769, 323.107, 319.954, 316.219, 311.795, 306.556, 300.351, 300.019, 300.001, 300, 300, 300, 300, 300, 300, 300, 300, 300, 300, 300, 300, 
339.901, 339.901, 339.897, 339.889, 339.874, 339.853, 339.824, 339.786, 339.737, 339.675, 339.597, 339.501, 339.383, 339.239, 339.065, 338.855, 338.606, 338.311, 337.962, 337.548, 337.058, 336.478, 335.79, 334.976, 334.012, 332.87, 331.517, 329.915, 328.017, 325.769, 323.107, 319.954, 316.219, 311.795, 306.556, 300.351, 300.019, 300.001, 300, 300, 300, 300, 300, 300, 300, 300, 300, 300, 300, 300, 
339.901, 339.901, 339.897, 339.889, 339.874, 339.853, 339.824, 339.786, 339.737, 339.675, 339.597, 339.501, 339.383, 339.239, 339.065, 338.855, 338.606, 338.311, 337.962, 337.548, 337.058, 336.478, 335.79, 334.976, 334.012, 332.87, 331.517, 329.915, 328.017, 325.769, 323.107, 319.954, 316.219, 311.795, 306.556, 300.351, 300.019, 300.001, 300, 300, 300, 300, 300, 300, 300, 300, 300, 300, 300, 300, 
339.901, 339.901, 339.897, 339.889, 339.874, 339.853, 339.824, 339.786, 339.737, 339.675, 339.597, 339.501, 339.383, 339.239, 339.065, 338.855, 338.606, 338.311, 337.962, 337.548, 337.058, 336.478, 335.79, 334.976, 334.012, 332.87, 331.517, 329.915, 328.017, 325.769, 323.107, 319.954, 316.219, 311.795, 306.556, 300.351, 300.019, 300.001, 300, 300, 300, 300, 300, 300, 300, 300, 300, 300, 300, 300, 
339.901, 339.901, 339.897, 339.889, 339.874, 339.853, 339.824, 339.786, 339.737, 339.675, 339.597, 339.501, 339.383, 339.239, 339.065, 338.855, 338.606, 338.311, 337.962, 337.548, 337.058, 336.478, 335.79, 334.976, 334.012, 332.87, 331.517, 329.915, 328.017, 325.769, 323.107, 319.954, 316.219, 311.795, 306.556, 300.351, 300.019, 300.001, 300, 300, 300, 300, 300, 300, 300, 300, 300, 300, 300, 300, 
339.901, 339.901, 339.897, 339.889, 339.874, 339.853, 339.824, 339.786, 339.737, 339.675, 339.597, 339.501, 339.383, 339.239, 339.065, 338.855, 338.606, 338.311, 337.962, 337.548, 337.058, 336.478, 335.79, 334.976, 334.012, 332.87, 331.517, 329.915, 328.017, 325.769, 323.107, 319.954, 316.219, 311.795, 306.556, 300.351, 300.019, 300.001, 300, 300, 300, 300, 300, 300, 300, 300, 300, 300, 300, 300, 
339.901, 339.901, 339.897, 339.889, 339.874, 339.853, 339.824, 339.786, 339.737, 339.675, 339.597, 339.501, 339.383, 339.239, 339.065, 338.855, 338.606, 338.311, 337.962, 337.548, 337.058, 336.478, 335.79, 334.976, 334.012, 332.87, 331.517, 329.915, 328.017, 325.769, 323.107, 319.954, 316.219, 311.795, 306.556, 300.351, 300.019, 300.001, 300, 300, 300, 300, 300, 300, 300, 300, 300, 300, 300, 300, 
339.901, 339.901, 339.897, 339.889, 339.874, 339.853, 339.824, 339.786, 339.737, 339.675, 339.597, 339.501, 339.383, 339.239, 339.065, 338.855, 338.606, 338.311, 337.962, 337.548, 337.058, 336.478, 335.79, 334.976, 334.012, 332.87, 331.517, 329.915, 328.017, 325.769, 323.107, 319.954, 316.219, 311.795, 306.556, 300.351, 300.019, 300.001, 300, 300, 300, 300, 300, 300, 300, 300, 300, 300, 300, 300, 
339.901, 339.901, 339.897, 339.889, 339.874, 339.853, 339.824, 339.786, 339.737, 339.675, 339.597, 339.501, 339.383, 339.239, 339.065, 338.855, 338.606, 338.311, 337.962, 337.548, 337.058, 336.478, 335.79, 334.976, 334.012, 332.87, 331.517, 329.915, 328.017, 325.769, 323.107, 319.954, 316.219, 311.795, 306.556, 300.351, 300.019, 300.001, 300, 300, 300, 300, 300, 300, 300, 300, 300, 300, 300, 300, 
339.901, 339.901, 339.897, 339.889, 339.874, 339.853, 339.824, 339.786, 339.737, 339.675, 339.597, 339.501, 339.383, 339.239, 339.065, 338.855, 338.606, 338.311, 337.962, 337.548, 337.058, 336.478, 335.79, 334.976, 334.012, 332.87, 331.517, 329.915, 328.017, 325.769, 323.107, 319.954, 316.219, 311.795, 306.556, 300.351, 300.019, 300.001, 300, 300, 300, 300, 300, 300, 300, 300, 300, 300, 300, 300, 
339.901, 339.901, 339.897, 339.889, 339.874, 339.853, 339.824, 339.786, 339.737, 339.675, 339.597, 339.501, 339.383, 339.239, 339.065, 338.855, 338.606, 338.311, 337.962, 337.548, 337.058, 336.478, 335.79, 334.976, 334.012, 332.87, 331.517, 329.915, 328.017, 325.769, 323.107, 319.954, 316.219, 311.795, 306.556, 300.351, 300.019, 300.001, 300, 300, 300, 300, 300, 300, 300, 300, 300, 300, 300, 300, 
339.901, 339.901, 339.897, 339.889, 339.874, 339.853, 339.824, 339.786, 339.737, 339.675, 339.597, 339.501, 339.383, 339.239, 339.065, 338.855, 338.606, 338.311, 337.962, 337.548, 337.058, 336.478, 335.79, 334.976, 334.012, 332.87, 331.517, 329.915, 328.017, 325.769, 323.107, 319.954, 316.219, 311.795, 306.556, 300.351, 300.019, 300.001, 300, 300, 300, 300, 300, 300, 300, 300, 300, 300, 300, 300, 
339.901, 339.901, 339.897, 339.889, 339.874, 339.853, 339.824, 339.786, 339.737, 339.675, 339.597, 339.501, 339.383, 339.239, 339.065, 338.855, 338.606, 338.311, 337.962, 337.548, 337.058, 336.478, 335.79, 334.976, 334.012, 332.87, 331.517, 329.915, 328.017, 325.769, 323.107, 319.954, 316.219, 311.795, 306.556, 300.351, 300.019, 300.001, 300, 300, 300, 300, 300, 300, 300, 300, 300, 300, 300, 300, 
339.901, 339.901, 339.897, 339.889, 339.874, 339.853, 339.824, 339.786, 339.737, 339.675, 339.597, 339.501, 339.383, 339.239, 339.065, 338.855, 338.606, 338.311, 337.962, 337.548, 337.058, 336.478, 335.79, 334.976, 334.012, 332.87, 331.517, 329.915, 328.017, 325.769, 323.107, 319.954, 316.219, 311.795, 306.556, 300.351, 300.019, 300.001, 300, 300, 300, 300, 300, 300, 300, 300, 300, 300, 300, 300, 
339.901, 339.901, 339.897, 339.889, 339.874, 339.853, 339.824, 339.786, 339.737, 339.675, 339.597, 339.501, 339.383, 339.239, 339.065, 338.855, 338.606, 338.311, 337.962, 337.548, 337.058, 336.478, 335.79, 334.976, 334.012, 332.87, 331.517, 329.915, 328.017, 325.769, 323.107, 319.954, 316.219, 311.795, 306.556, 300.351, 300.019, 300.001, 300, 300, 300, 300, 300, 300, 300, 300, 300, 300, 300, 300, 
339.901, 339.901, 339.897, 339.889, 339.874, 339.853, 339.824, 339.786, 339.737, 339.675, 339.597, 339.501, 339.383, 339.239, 339.065, 338.855, 338.606, 338.311, 337.962, 337.548, 337.058, 336.478, 335.79, 334.976, 334.012, 332.87, 331.517, 329.915, 328.017, 325.769, 323.107, 319.954, 316.219, 311.795, 306.556, 300.351, 300.019, 300.001, 300, 300, 300, 300, 300, 300, 300, 300, 300, 300, 300, 300, 
339.901, 339.901, 339.897, 339.889, 339.874, 339.853, 339.824, 339.786, 339.737, 339.675, 339.597, 339.501, 339.383, 339.239, 339.065, 338.855, 338.606, 338.311, 337.962, 337.548, 337.058, 336.478, 335.79, 334.976, 334.012, 332.87, 331.517, 329.915, 328.017, 325.769, 323.107, 319.954, 316.219, 311.795, 306.556, 300.351, 300.019, 300.001, 300, 300, 300, 300, 300, 300, 300, 300, 300, 300, 300, 300, 
339.901, 339.901, 339.897, 339.889, 339.874, 339.853, 339.824, 339.786, 339.737, 339.675, 339.597, 339.501, 339.383, 339.239, 339.065, 338.855, 338.606, 338.311, 337.962, 337.548, 337.058, 336.478, 335.79, 334.976, 334.012, 332.87, 331.517, 329.915, 328.017, 325.769, 323.107, 319.954, 316.219, 311.795, 306.556, 300.351, 300.019, 300.001, 300, 300, 300, 300, 300, 300, 300, 300, 300, 300, 300, 300, 
339.901, 339.901, 339.897, 339.889, 339.874, 339.853, 339.824, 339.786, 339.737, 339.675, 339.597, 339.501, 339.383, 339.239, 339.065, 338.855, 338.606, 338.311, 337.962, 337.548, 337.058, 336.478, 335.79, 334.976, 334.012, 332.87, 331.517, 329.915, 328.017, 325.769, 323.107, 319.954, 316.219, 311.795, 306.556, 300.351, 300.019, 300.001, 300, 300, 300, 300, 300, 300, 300, 300, 300, 300, 300, 300, 
339.901, 339.901, 339.897, 339.889, 339.874, 339.853, 339.824, 339.786, 339.737, 339.675, 339.597, 339.501, 339.383, 339.239, 339.065, 338.855, 338.606, 338.311, 337.962, 337.548, 337.058, 336.478, 335.79, 334.976, 334.012, 332.87, 331.517, 329.915, 328.017, 325.769, 323.107, 319.954, 316.219, 311.795, 306.556, 300.351, 300.019, 300.001, 300, 300, 300, 300, 300, 300, 300, 300, 300, 300, 300, 300, 
339.901, 339.901, 339.897, 339.889, 339.874, 339.853, 339.824, 339.786, 339.737, 339.675, 339.597, 339.501, 339.383, 339.239, 339.065, 338.855, 338.606, 338.311, 337.962, 337.548, 337.058, 336.478, 335.79, 334.976, 334.012, 332.87, 331.517, 329.915, 328.017, 325.769, 323.107, 319.954, 316.219, 311.795, 306.556, 300.351, 300.019, 300.001, 300, 300, 300, 300, 300, 300, 300, 300, 300, 300, 300, 300, 
339.901, 339.901, 339.897, 339.889, 339.874, 339.853, 339.824, 339.786, 339.737, 339.675, 339.597, 339.501, 339.383, 339.239, 339.065, 338.855, 338.606, 338.311, 337.962, 337.548, 337.058, 336.478, 335.79, 334.976, 334.012, 332.87, 331.517, 329.915, 328.017, 325.769, 323.107, 319.954, 316.219, 311.795, 306.556, 300.351, 300.019, 300.001, 300, 300, 300, 300, 300, 300, 300, 300, 300, 300, 300, 300, 
339.901, 339.901, 339.897, 339.889, 339.874, 339.853, 339.824, 339.786, 339.737, 339.675, 339.597, 339.501, 339.383, 339.239, 339.065, 338.855, 338.606, 338.311, 337.962, 337.548, 337.058, 336.478, 335.79, 334.976, 334.012, 332.87, 331.517, 329.915, 328.017, 325.769, 323.107, 319.954, 316.219, 311.795, 306.556, 300.351, 300.019, 300.001, 300, 300, 300, 300, 300, 300, 300, 300, 300, 300, 300, 300, 
339.901, 339.901, 339.897, 339.889, 339.874, 339.853, 339.824, 339.786, 339.737, 339.675, 339.597, 339.501, 339.383, 339.239, 339.065, 338.855, 338.606, 338.311, 337.962, 337.548, 337.058, 336.478, 335.79, 334.976, 334.012, 332.87, 331.517, 329.915, 328.017, 325.769, 323.107, 319.954, 316.219, 311.795, 306.556, 300.351, 300.019, 300.001, 300, 300, 300, 300, 300, 300, 300, 300, 300, 300, 300, 300, 
339.901, 339.901, 339.897, 339.889, 339.874, 339.853, 339.824, 339.786, 339.737, 339.675, 339.597, 339.501, 339.383, 339.239, 339.065, 338.855, 338.606, 338.311, 337.962, 337.548, 337.058, 336.478, 335.79, 334.976, 334.012, 332.87, 331.517, 329.915, 328.017, 325.769, 323.107, 319.954, 316.219, 311.795, 306.556, 300.351, 300.019, 300.001, 300, 300, 300, 300, 300, 300, 300, 300, 300, 300, 300, 300, 
339.901, 339.901, 339.897, 339.889, 339.874, 339.853, 339.824, 339.786, 339.737, 339.675, 339.597, 339.501, 339.383, 339.239, 339.065, 338.855, 338.606, 338.311, 337.962, 337.548, 337.058, 336.478, 335.79, 334.976, 334.012, 332.87, 331.517, 329.915, 328.017, 325.769, 323.107, 319.954, 316.219, 311.795, 306.556, 300.351, 300.019, 300.001, 300, 300, 300, 300, 300, 300, 300, 300, 300, 300, 300, 300, 
339.901, 339.901, 339.897, 339.889, 339.874, 339.853, 339.824, 339.786, 339.737, 339.675, 339.597, 339.501, 339.383, 339.239, 339.065, 338.855, 338.606, 338.311, 337.962, 337.548, 337.058, 336.478, 335.79, 334.976, 334.012, 332.87, 331.517, 329.915, 328.017, 325.769, 323.107, 319.954, 316.219, 311.795, 306.556, 300.351, 300.019, 300.001, 300, 300, 300, 300, 300, 300, 300, 300, 300, 300, 300, 300, 
339.901, 339.901, 339.897, 339.889, 339.874, 339.853, 339.824, 339.786, 339.737, 339.675, 339.597, 339.501, 339.383, 339.239, 339.065, 338.855, 338.606, 338.311, 337.962, 337.548, 337.058, 336.478, 335.79, 334.976, 334.012, 332.87, 331.517, 329.915, 328.017, 325.769, 323.107, 319.954, 316.219, 311.795, 306.556, 300.351, 300.019, 300.001, 300, 300, 300, 300, 300, 300, 300, 300, 300, 300, 300, 300, 
339.901, 339.901, 339.897, 339.889, 339.874, 339.853, 339.824, 339.786, 339.737, 339.675, 339.597, 339.501, 339.383, 339.239, 339.065, 338.855, 338.606, 338.311, 337.962, 337.548, 337.058, 336.478, 335.79, 334.976, 334.012, 332.87, 331.517, 329.915, 328.017, 325.769, 323.107, 319.954, 316.219, 311.795, 306.556, 300.351, 300.019, 300.001, 300, 300, 300, 300, 300, 300, 300, 300, 300, 300, 300, 300, 
339.901, 339.901, 339.897, 339.889, 339.874, 339.853, 339.824, 339.786, 339.737, 339.675, 339.597, 339.501, 339.383, 339.239, 339.065, 338.855, 338.606, 338.311, 337.962, 337.548, 337.058, 336.478, 335.79, 334.976, 334.012, 332.87, 331.517, 329.915, 328.017, 325.769, 323.107, 319.954, 316.219, 311.795, 306.556, 300.351, 300.019, 300.001, 300, 300, 300, 300, 300, 300, 300, 300, 300, 300, 300, 300, 
339.901, 339.901, 339.897, 339.889, 339.874, 339.853, 339.824, 339.786, 339.737, 339.675, 339.597, 339.501, 339.383, 339.239, 339.065, 338.855, 338.606, 338.311, 337.962, 337.548, 337.058, 336.478, 335.79, 334.976, 334.012, 332.87, 331.517, 329.915, 328.017, 325.769, 323.107, 319.954, 316.219, 311.795, 306.556, 300.351, 300.019, 300.001, 300, 300, 300, 300, 300, 300, 300, 300, 300, 300, 300, 300, 
339.901, 339.901, 339.897, 339.889, 339.874, 339.853, 339.824, 339.786, 339.737, 339.675, 339.597, 339.501, 339.383, 339.239, 339.065, 338.855, 338.606, 338.311, 337.962, 337.548, 337.058, 336.478, 335.79, 334.976, 334.012, 332.87, 331.517, 329.915, 328.017, 325.769, 323.107, 319.954, 316.219, 311.795, 306.556, 300.351, 300.019, 300.001, 300, 300, 300, 300, 300, 300, 300, 300, 300, 300, 300, 300, 
339.901, 339.901, 339.897, 339.889, 339.874, 339.853, 339.824, 339.786, 339.737, 339.675, 339.597, 339.501, 339.383, 339.239, 339.065, 338.855, 338.606, 338.311, 337.962, 337.548, 337.058, 336.478, 335.79, 334.976, 334.012, 332.87, 331.517, 329.915, 328.017, 325.769, 323.107, 319.954, 316.219, 311.795, 306.556, 300.351, 300.019, 300.001, 300, 300, 300, 300, 300, 300, 300, 300, 300, 300, 300, 300, 
339.901, 339.901, 339.897, 339.889, 339.874, 339.853, 339.824, 339.786, 339.737, 339.675, 339.597, 339.501, 339.383, 339.239, 339.065, 338.855, 338.606, 338.311, 337.962, 337.548, 337.058, 336.478, 335.79, 334.976, 334.012, 332.87, 331.517, 329.915, 328.017, 325.769, 323.107, 319.954, 316.219, 311.795, 306.556, 300.351, 300.019, 300.001, 300, 300, 300, 300, 300, 300, 300, 300, 300, 300, 300, 300, 
339.901, 339.901, 339.897, 339.889, 339.874, 339.853, 339.824, 339.786, 339.737, 339.675, 339.597, 339.501, 339.383, 339.239, 339.065, 338.855, 338.606, 338.311, 337.962, 337.548, 337.058, 336.478, 335.79, 334.976, 334.012, 332.87, 331.517, 329.915, 328.017, 325.769, 323.107, 319.954, 316.219, 311.795, 306.556, 300.351, 300.019, 300.001, 300, 300, 300, 300, 300, 300, 300, 300, 300, 300, 300, 300, 
339.901, 339.901, 339.897, 339.889, 339.874, 339.853, 339.824, 339.786, 339.737, 339.675, 339.597, 339.501, 339.383, 339.239, 339.065, 338.855, 338.606, 338.311, 337.962, 337.548, 337.058, 336.478, 335.79, 334.976, 334.012, 332.87, 331.517, 329.915, 328.017, 325.769, 323.107, 319.954, 316.219, 311.795, 306.556, 300.351, 300.019, 300.001, 300, 300, 300, 300, 300, 300, 300, 300, 300, 300, 300, 300, 
339.901, 339.901, 339.897, 339.889, 339.874, 339.853, 339.824, 339.786, 339.737, 339.675, 339.597, 339.501, 339.383, 339.239, 339.065, 338.855, 338.606, 338.311, 337.962, 337.548, 337.058, 336.478, 335.79, 334.976, 334.012, 332.87, 331.517, 329.915, 328.017, 325.769, 323.107, 319.954, 316.219, 311.795, 306.556, 300.351, 300.019, 300.001, 300, 300, 300, 300, 300, 300, 300, 300, 300, 300, 300, 300, 
339.901, 339.901, 339.897, 339.889, 339.874, 339.853, 339.824, 339.786, 339.737, 339.675, 339.597, 339.501, 339.383, 339.239, 339.065, 338.855, 338.606, 338.311, 337.962, 337.548, 337.058, 336.478, 335.79, 334.976, 334.012, 332.87, 331.517, 329.915, 328.017, 325.769, 323.107, 319.954, 316.219, 311.795, 306.556, 300.351, 300.019, 300.001, 300, 300, 300, 300, 300, 300, 300, 300, 300, 300, 300, 300, 
339.901, 339.901, 339.897, 339.889, 339.874, 339.853, 339.824, 339.786, 339.737, 339.675, 339.597, 339.501, 339.383, 339.239, 339.065, 338.855, 338.606, 338.311, 337.962, 337.548, 337.058, 336.478, 335.79, 334.976, 334.012, 332.87, 331.517, 329.915, 328.017, 325.769, 323.107, 319.954, 316.219, 311.795, 306.556, 300.351, 300.019, 300.001, 300, 300, 300, 300, 300, 300, 300, 300, 300, 300, 300, 300, 
339.901, 339.901, 339.897, 339.889, 339.874, 339.853, 339.824, 339.786, 339.737, 339.675, 339.597, 339.501, 339.383, 339.239, 339.065, 338.855, 338.606, 338.311, 337.962, 337.548, 337.058, 336.478, 335.79, 334.976, 334.012, 332.87, 331.517, 329.915, 328.017, 325.769, 323.107, 319.954, 316.219, 311.795, 306.556, 300.351, 300.019, 300.001, 300, 300, 300, 300, 300, 300, 300, 300, 300, 300, 300, 300, 
339.901, 339.901, 339.897, 339.889, 339.874, 339.853, 339.824, 339.786, 339.737, 339.675, 339.597, 339.501, 339.383, 339.239, 339.065, 338.855, 338.606, 338.311, 337.962, 337.548, 337.058, 336.478, 335.79, 334.976, 334.012, 332.87, 331.517, 329.915, 328.017, 325.769, 323.107, 319.954, 316.219, 311.795, 306.556, 300.351, 300.019, 300.001, 300, 300, 300, 300, 300, 300, 300, 300, 300, 300, 300, 300, 
339.901, 339.901, 339.897, 339.889, 339.874, 339.853, 339.824, 339.786, 339.737, 339.675, 339.597, 339.501, 339.383, 339.239, 339.065, 338.855, 338.606, 338.311, 337.962, 337.548, 337.058, 336.478, 335.79, 334.976, 334.012, 332.87, 331.517, 329.915, 328.017, 325.769, 323.107, 319.954, 316.219, 311.795, 306.556, 300.351, 300.019, 300.001, 300, 300, 300, 300, 300, 300, 300, 300, 300, 300, 300, 300, 
339.901, 339.901, 339.897, 339.889, 339.874, 339.853, 339.824, 339.786, 339.737, 339.675, 339.597, 339.501, 339.383, 339.239, 339.065, 338.855, 338.606, 338.311, 337.962, 337.548, 337.058, 336.478, 335.79, 334.976, 334.012, 332.87, 331.517, 329.915, 328.017, 325.769, 323.107, 319.954, 316.219, 311.795, 306.556, 300.351, 300.019, 300.001, 300, 300, 300, 300, 300, 300, 300, 300, 300, 300, 300, 300, 
339.901, 339.901, 339.897, 339.889, 339.874, 339.853, 339.824, 339.786, 339.737, 339.675, 339.597, 339.501, 339.383, 339.239, 339.065, 338.855, 338.606, 338.311, 337.962, 337.548, 337.058, 336.478, 335.79, 334.976, 334.012, 332.87, 331.517, 329.915, 328.017, 325.769, 323.107, 319.954, 316.219, 311.795, 306.556, 300.351, 300.019, 300.001, 300, 300, 300, 300, 300, 300, 300, 300, 300, 300, 300, 300, 
339.901, 339.901, 339.897, 339.889, 339.874, 339.853, 339.824, 339.786, 339.737, 339.675, 339.597, 339.501, 339.383, 339.239, 339.065, 338.855, 338.606, 338.311, 337.962, 337.548, 337.058, 336.478, 335.79, 334.976, 334.012, 332.87, 331.517, 329.915, 328.017, 325.769, 323.107, 319.954, 316.219, 311.795, 306.556, 300.351, 300.019, 300.001, 300, 300, 300, 300, 300, 300, 300, 300, 300, 300, 300, 300, 
339.901, 339.901, 339.897, 339.889, 339.874, 339.853, 339.824, 339.786, 339.737, 339.675, 339.597, 339.501, 339.383, 339.239, 339.065, 338.855, 338.606, 338.311, 337.962, 337.548, 337.058, 336.478, 335.79, 334.976, 334.012, 332.87, 331.517, 329.915, 328.017, 325.769, 323.107, 319.954, 316.219, 311.795, 306.556, 300.351, 300.019, 300.001, 300, 300, 300, 300, 300, 300, 300, 300, 300, 300, 300, 300, 
339.901, 339.901, 339.897, 339.889, 339.874, 339.853, 339.824, 339.786, 339.737, 339.675, 339.597, 339.501, 339.383, 339.239, 339.065, 338.855, 338.606, 338.311, 337.962, 337.548, 337.058, 336.478, 335.79, 334.976, 334.012, 332.87, 331.517, 329.915, 328.017, 325.769, 323.107, 319.954, 316.219, 311.795, 306.556, 300.351, 300.019, 300.001, 300, 300, 300, 300, 300, 300, 300, 300, 300, 300, 300, 300, 
339.901, 339.901, 339.897, 339.889, 339.874, 339.853, 339.824, 339.786, 339.737, 339.675, 339.597, 339.501, 339.383, 339.239, 339.065, 338.855, 338.606, 338.311, 337.962, 337.548, 337.058, 336.478, 335.79, 334.976, 334.012, 332.87, 331.517, 329.915, 328.017, 325.769, 323.107, 319.954, 316.219, 311.795, 306.556, 300.351, 300.019, 300.001, 300, 300, 300, 300, 300, 300, 300, 300, 300, 300, 300, 300, 
339.901, 339.901, 339.897, 339.889, 339.874, 339.853, 339.824, 339.786, 339.737, 339.675, 339.597, 339.501, 339.383, 339.239, 339.065, 338.855, 338.606, 338.311, 337.962, 337.548, 337.058, 336.478, 335.79, 334.976, 334.012, 332.87, 331.517, 329.915, 328.017, 325.769, 323.107, 319.954, 316.219, 311.795, 306.556, 300.351, 300.019, 300.001, 300, 300, 300, 300, 300, 300, 300, 300, 300, 300, 300, 300, 
339.901, 339.901, 339.897, 339.889, 339.874, 339.853, 339.824, 339.786, 339.737, 339.675, 339.597, 339.501, 339.383, 339.239, 339.065, 338.855, 338.606, 338.311, 337.962, 337.548, 337.058, 336.478, 335.79, 334.976, 334.012, 332.87, 331.517, 329.915, 328.017, 325.769, 323.107, 319.954, 316.219, 311.795, 306.556, 300.351, 300.019, 300.001, 300, 300, 300, 300, 300, 300, 300, 300, 300, 300, 300, 300, 
339.901, 339.901, 339.897, 339.889, 339.874, 339.853, 339.824, 339.786, 339.737, 339.675, 339.597, 339.501, 339.383, 339.239, 339.065, 338.855, 338.606, 338.311, 337.962, 337.548, 337.058, 336.478, 335.79, 334.976, 334.012, 332.87, 331.517, 329.915, 328.017, 325.769, 323.107, 319.954, 316.219, 311.795, 306.556, 300.351, 300.019, 300.001, 300, 300, 300, 300, 300, 300, 300, 300, 300, 300, 300, 300, 
339.901, 339.901, 339.897, 339.889, 339.874, 339.853, 339.824, 339.786, 339.737, 339.675, 339.597, 339.501, 339.383, 339.239, 339.065, 338.855, 338.606, 338.311, 337.962, 337.548, 337.058, 336.478, 335.79, 334.976, 334.012, 332.87, 331.517, 329.915, 328.017, 325.769, 323.107, 319.954, 316.219, 311.795, 306.556, 300.351, 300.019, 300.001, 300, 300, 300, 300, 300, 300, 300, 300, 300, 300, 300, 300, 
339.901, 339.901, 339.897, 339.889, 339.874, 339.853, 339.824, 339.786, 339.737, 339.675, 339.597, 339.501, 339.383, 339.239, 339.065, 338.855, 338.606, 338.311, 337.962, 337.548, 337.058, 336.478, 335.79, 334.976, 334.012, 332.87, 331.517, 329.915, 328.017, 325.769, 323.107, 319.954, 316.219, 311.795, 306.556, 300.351, 300.019, 300.001, 300, 300, 300, 300, 300, 300, 300, 300, 300, 300, 300, 300, 
339.901, 339.901, 339.897, 339.889, 339.874, 339.853, 339.824, 339.786, 339.737, 339.675, 339.597, 339.501, 339.383, 339.239, 339.065, 338.855, 338.606, 338.311, 337.962, 337.548, 337.058, 336.478, 335.79, 334.976, 334.012, 332.87, 331.517, 329.915, 328.017, 325.769, 323.107, 319.954, 316.219, 311.795, 306.556, 300.351, 300.019, 300.001, 300, 300, 300, 300, 300, 300, 300, 300, 300, 300, 300, 300, 
339.901, 339.901, 339.897, 339.889, 339.874, 339.853, 339.824, 339.786, 339.737, 339.675, 339.597, 339.501, 339.383, 339.239, 339.065, 338.855, 338.606, 338.311, 337.962, 337.548, 337.058, 336.478, 335.79, 334.976, 334.012, 332.87, 331.517, 329.915, 328.017, 325.769, 323.107, 319.954, 316.219, 311.795, 306.556, 300.351, 300.019, 300.001, 300, 300, 300, 300, 300, 300, 300, 300, 300, 300, 300, 300, 
339.901, 339.901, 339.897, 339.889, 339.874, 339.853, 339.824, 339.786, 339.737, 339.675, 339.597, 339.501, 339.383, 339.239, 339.065, 338.855, 338.606, 338.311, 337.962, 337.548, 337.058, 336.478, 335.79, 334.976, 334.012, 332.87, 331.517, 329.915, 328.017, 325.769, 323.107, 319.954, 316.219, 311.795, 306.556, 300.351, 300.019, 300.001, 300, 300, 300, 300, 300, 300, 300, 300, 300, 300, 300, 300, 
339.901, 339.901, 339.897, 339.889, 339.874, 339.853, 339.824, 339.786, 339.737, 339.675, 339.597, 339.501, 339.383, 339.239, 339.065, 338.855, 338.606, 338.311, 337.962, 337.548, 337.058, 336.478, 335.79, 334.976, 334.012, 332.87, 331.517, 329.915, 328.017, 325.769, 323.107, 319.954, 316.219, 311.795, 306.556, 300.351, 300.019, 300.001, 300, 300, 300, 300, 300, 300, 300, 300, 300, 300, 300, 300, 
339.901, 339.901, 339.897, 339.889, 339.874, 339.853, 339.824, 339.786, 339.737, 339.675, 339.597, 339.501, 339.383, 339.239, 339.065, 338.855, 338.606, 338.311, 337.962, 337.548, 337.058, 336.478, 335.79, 334.976, 334.012, 332.87, 331.517, 329.915, 328.017, 325.769, 323.107, 319.954, 316.219, 311.795, 306.556, 300.351, 300.019, 300.001, 300, 300, 300, 300, 300, 300, 300, 300, 300, 300, 300, 300, 
339.901, 339.901, 339.897, 339.889, 339.874, 339.853, 339.824, 339.786, 339.737, 339.675, 339.597, 339.501, 339.383, 339.239, 339.065, 338.855, 338.606, 338.311, 337.962, 337.548, 337.058, 336.478, 335.79, 334.976, 334.012, 332.87, 331.517, 329.915, 328.017, 325.769, 323.107, 319.954, 316.219, 311.795, 306.556, 300.351, 300.019, 300.001, 300, 300, 300, 300, 300, 300, 300, 300, 300, 300, 300, 300, 
339.901, 339.901, 339.897, 339.889, 339.874, 339.853, 339.824, 339.786, 339.737, 339.675, 339.597, 339.501, 339.383, 339.239, 339.065, 338.855, 338.606, 338.311, 337.962, 337.548, 337.058, 336.478, 335.79, 334.976, 334.012, 332.87, 331.517, 329.915, 328.017, 325.769, 323.107, 319.954, 316.219, 311.795, 306.556, 300.351, 300.019, 300.001, 300, 300, 300, 300, 300, 300, 300, 300, 300, 300, 300, 300, 
339.901, 339.901, 339.897, 339.889, 339.874, 339.853, 339.824, 339.786, 339.737, 339.675, 339.597, 339.501, 339.383, 339.239, 339.065, 338.855, 338.606, 338.311, 337.962, 337.548, 337.058, 336.478, 335.79, 334.976, 334.012, 332.87, 331.517, 329.915, 328.017, 325.769, 323.107, 319.954, 316.219, 311.795, 306.556, 300.351, 300.019, 300.001, 300, 300, 300, 300, 300, 300, 300, 300, 300, 300, 300, 300, 
339.901, 339.901, 339.897, 339.889, 339.874, 339.853, 339.824, 339.786, 339.737, 339.675, 339.597, 339.501, 339.383, 339.239, 339.065, 338.855, 338.606, 338.311, 337.962, 337.548, 337.058, 336.478, 335.79, 334.976, 334.012, 332.87, 331.517, 329.915, 328.017, 325.769, 323.107, 319.954, 316.219, 311.795, 306.556, 300.351, 300.019, 300.001, 300, 300, 300, 300, 300, 300, 300, 300, 300, 300, 300, 300, 
339.901, 339.901, 339.897, 339.889, 339.874, 339.853, 339.824, 339.786, 339.737, 339.675, 339.597, 339.501, 339.383, 339.239, 339.065, 338.855, 338.606, 338.311, 337.962, 337.548, 337.058, 336.478, 335.79, 334.976, 334.012, 332.87, 331.517, 329.915, 328.017, 325.769, 323.107, 319.954, 316.219, 311.795, 306.556, 300.351, 300.019, 300.001, 300, 300, 300, 300, 300, 300, 300, 300, 300, 300, 300, 300, 
339.901, 339.901, 339.897, 339.889, 339.874, 339.853, 339.824, 339.786, 339.737, 339.675, 339.597, 339.501, 339.383, 339.239, 339.065, 338.855, 338.606, 338.311, 337.962, 337.548, 337.058, 336.478, 335.79, 334.976, 334.012, 332.87, 331.517, 329.915, 328.017, 325.769, 323.107, 319.954, 316.219, 311.795, 306.556, 300.351, 300.019, 300.001, 300, 300, 300, 300, 300, 300, 300, 300, 300, 300, 300, 300, 
339.901, 339.901, 339.897, 339.889, 339.874, 339.853, 339.824, 339.786, 339.737, 339.675, 339.597, 339.501, 339.383, 339.239, 339.065, 338.855, 338.606, 338.311, 337.962, 337.548, 337.058, 336.478, 335.79, 334.976, 334.012, 332.87, 331.517, 329.915, 328.017, 325.769, 323.107, 319.954, 316.219, 311.795, 306.556, 300.351, 300.019, 300.001, 300, 300, 300, 300, 300, 300, 300, 300, 300, 300, 300, 300, 
339.901, 339.901, 339.897, 339.889, 339.874, 339.853, 339.824, 339.786, 339.737, 339.675, 339.597, 339.501, 339.383, 339.239, 339.065, 338.855, 338.606, 338.311, 337.962, 337.548, 337.058, 336.478, 335.79, 334.976, 334.012, 332.87, 331.517, 329.915, 328.017, 325.769, 323.107, 319.954, 316.219, 311.795, 306.556, 300.351, 300.019, 300.001, 300, 300, 300, 300, 300, 300, 300, 300, 300, 300, 300, 300, 
339.901, 339.901, 339.897, 339.889, 339.874, 339.853, 339.824, 339.786, 339.737, 339.675, 339.597, 339.501, 339.383, 339.239, 339.065, 338.855, 338.606, 338.311, 337.962, 337.548, 337.058, 336.478, 335.79, 334.976, 334.012, 332.87, 331.517, 329.915, 328.017, 325.769, 323.107, 319.954, 316.219, 311.795, 306.556, 300.351, 300.019, 300.001, 300, 300, 300, 300, 300, 300, 300, 300, 300, 300, 300, 300, 
339.901, 339.901, 339.897, 339.889, 339.874, 339.853, 339.824, 339.786, 339.737, 339.675, 339.597, 339.501, 339.383, 339.239, 339.065, 338.855, 338.606, 338.311, 337.962, 337.548, 337.058, 336.478, 335.79, 334.976, 334.012, 332.87, 331.517, 329.915, 328.017, 325.769, 323.107, 319.954, 316.219, 311.795, 306.556, 300.351, 300.019, 300.001, 300, 300, 300, 300, 300, 300, 300, 300, 300, 300, 300, 300, 
339.901, 339.901, 339.897, 339.889, 339.874, 339.853, 339.824, 339.786, 339.737, 339.675, 339.597, 339.501, 339.383, 339.239, 339.065, 338.855, 338.606, 338.311, 337.962, 337.548, 337.058, 336.478, 335.79, 334.976, 334.012, 332.87, 331.517, 329.915, 328.017, 325.769, 323.107, 319.954, 316.219, 311.795, 306.556, 300.351, 300.019, 300.001, 300, 300, 300, 300, 300, 300, 300, 300, 300, 300, 300, 300, 
339.901, 339.901, 339.897, 339.889, 339.874, 339.853, 339.824, 339.786, 339.737, 339.675, 339.597, 339.501, 339.383, 339.239, 339.065, 338.855, 338.606, 338.311, 337.962, 337.548, 337.058, 336.478, 335.79, 334.976, 334.012, 332.87, 331.517, 329.915, 328.017, 325.769, 323.107, 319.954, 316.219, 311.795, 306.556, 300.351, 300.019, 300.001, 300, 300, 300, 300, 300, 300, 300, 300, 300, 300, 300, 300, 
339.901, 339.901, 339.897, 339.889, 339.874, 339.853, 339.824, 339.786, 339.737, 339.675, 339.597, 339.501, 339.383, 339.239, 339.065, 338.855, 338.606, 338.311, 337.962, 337.548, 337.058, 336.478, 335.79, 334.976, 334.012, 332.87, 331.517, 329.915, 328.017, 325.769, 323.107, 319.954, 316.219, 311.795, 306.556, 300.351, 300.019, 300.001, 300, 300, 300, 300, 300, 300, 300, 300, 300, 300, 300, 300, 
339.901, 339.901, 339.897, 339.889, 339.874, 339.853, 339.824, 339.786, 339.737, 339.675, 339.597, 339.501, 339.383, 339.239, 339.065, 338.855, 338.606, 338.311, 337.962, 337.548, 337.058, 336.478, 335.79, 334.976, 334.012, 332.87, 331.517, 329.915, 328.017, 325.769, 323.107, 319.954, 316.219, 311.795, 306.556, 300.351, 300.019, 300.001, 300, 300, 300, 300, 300, 300, 300, 300, 300, 300, 300, 300, 
339.901, 339.901, 339.897, 339.889, 339.874, 339.853, 339.824, 339.786, 339.737, 339.675, 339.597, 339.501, 339.383, 339.239, 339.065, 338.855, 338.606, 338.311, 337.962, 337.548, 337.058, 336.478, 335.79, 334.976, 334.012, 332.87, 331.517, 329.915, 328.017, 325.769, 323.107, 319.954, 316.219, 311.795, 306.556, 300.351, 300.019, 300.001, 300, 300, 300, 300, 300, 300, 300, 300, 300, 300, 300, 300, 
339.901, 339.901, 339.897, 339.889, 339.874, 339.853, 339.824, 339.786, 339.737, 339.675, 339.597, 339.501, 339.383, 339.239, 339.065, 338.855, 338.606, 338.311, 337.962, 337.548, 337.058, 336.478, 335.79, 334.976, 334.012, 332.87, 331.517, 329.915, 328.017, 325.769, 323.107, 319.954, 316.219, 311.795, 306.556, 300.351, 300.019, 300.001, 300, 300, 300, 300, 300, 300, 300, 300, 300, 300, 300, 300, 
339.901, 339.901, 339.897, 339.889, 339.874, 339.853, 339.824, 339.786, 339.737, 339.675, 339.597, 339.501, 339.383, 339.239, 339.065, 338.855, 338.606, 338.311, 337.962, 337.548, 337.058, 336.478, 335.79, 334.976, 334.012, 332.87, 331.517, 329.915, 328.017, 325.769, 323.107, 319.954, 316.219, 311.795, 306.556, 300.351, 300.019, 300.001, 300, 300, 300, 300, 300, 300, 300, 300, 300, 300, 300, 300, 
339.901, 339.901, 339.897, 339.889, 339.874, 339.853, 339.824, 339.786, 339.737, 339.675, 339.597, 339.501, 339.383, 339.239, 339.065, 338.855, 338.606, 338.311, 337.962, 337.548, 337.058, 336.478, 335.79, 334.976, 334.012, 332.87, 331.517, 329.915, 328.017, 325.769, 323.107, 319.954, 316.219, 311.795, 306.556, 300.351, 300.019, 300.001, 300, 300, 300, 300, 300, 300, 300, 300, 300, 300, 300, 300, 
339.901, 339.901, 339.897, 339.889, 339.874, 339.853, 339.824, 339.786, 339.737, 339.675, 339.597, 339.501, 339.383, 339.239, 339.065, 338.855, 338.606, 338.311, 337.962, 337.548, 337.058, 336.478, 335.79, 334.976, 334.012, 332.87, 331.517, 329.915, 328.017, 325.769, 323.107, 319.954, 316.219, 311.795, 306.556, 300.351, 300.019, 300.001, 300, 300, 300, 300, 300, 300, 300, 300, 300, 300, 300, 300, 
339.901, 339.901, 339.897, 339.889, 339.874, 339.853, 339.824, 339.786, 339.737, 339.675, 339.597, 339.501, 339.383, 339.239, 339.065, 338.855, 338.606, 338.311, 337.962, 337.548, 337.058, 336.478, 335.79, 334.976, 334.012, 332.87, 331.517, 329.915, 328.017, 325.769, 323.107, 319.954, 316.219, 311.795, 306.556, 300.351, 300.019, 300.001, 300, 300, 300, 300, 300, 300, 300, 300, 300, 300, 300, 300, 
339.901, 339.901, 339.897, 339.889, 339.874, 339.853, 339.824, 339.786, 339.737, 339.675, 339.597, 339.501, 339.383, 339.239, 339.065, 338.855, 338.606, 338.311, 337.962, 337.548, 337.058, 336.478, 335.79, 334.976, 334.012, 332.87, 331.517, 329.915, 328.017, 325.769, 323.107, 319.954, 316.219, 311.795, 306.556, 300.351, 300.019, 300.001, 300, 300, 300, 300, 300, 300, 300, 300, 300, 300, 300, 300, 
339.901, 339.901, 339.897, 339.889, 339.874, 339.853, 339.824, 339.786, 339.737, 339.675, 339.597, 339.501, 339.383, 339.239, 339.065, 338.855, 338.606, 338.311, 337.962, 337.548, 337.058, 336.478, 335.79, 334.976, 334.012, 332.87, 331.517, 329.915, 328.017, 325.769, 323.107, 319.954, 316.219, 311.795, 306.556, 300.351, 300.019, 300.001, 300, 300, 300, 300, 300, 300, 300, 300, 300, 300, 300, 300, 
339.901, 339.901, 339.897, 339.889, 339.874, 339.853, 339.824, 339.786, 339.737, 339.675, 339.597, 339.501, 339.383, 339.239, 339.065, 338.855, 338.606, 338.311, 337.962, 337.548, 337.058, 336.478, 335.79, 334.976, 334.012, 332.87, 331.517, 329.915, 328.017, 325.769, 323.107, 319.954, 316.219, 311.795, 306.556, 300.351, 300.019, 300.001, 300, 300, 300, 300, 300, 300, 300, 300, 300, 300, 300, 300, 
339.901, 339.901, 339.897, 339.889, 339.874, 339.853, 339.824, 339.786, 339.737, 339.675, 339.597, 339.501, 339.383, 339.239, 339.065, 338.855, 338.606, 338.311, 337.962, 337.548, 337.058, 336.478, 335.79, 334.976, 334.012, 332.87, 331.517, 329.915, 328.017, 325.769, 323.107, 319.954, 316.219, 311.795, 306.556, 300.351, 300.019, 300.001, 300, 300, 300, 300, 300, 300, 300, 300, 300, 300, 300, 300, 
339.901, 339.901, 339.897, 339.889, 339.874, 339.853, 339.824, 339.786, 339.737, 339.675, 339.597, 339.501, 339.383, 339.239, 339.065, 338.855, 338.606, 338.311, 337.962, 337.548, 337.058, 336.478, 335.79, 334.976, 334.012, 332.87, 331.517, 329.915, 328.017, 325.769, 323.107, 319.954, 316.219, 311.795, 306.556, 300.351, 300.019, 300.001, 300, 300, 300, 300, 300, 300, 300, 300, 300, 300, 300, 300, 
339.901, 339.901, 339.897, 339.889, 339.874, 339.853, 339.824, 339.786, 339.737, 339.675, 339.597, 339.501, 339.383, 339.239, 339.065, 338.855, 338.606, 338.311, 337.962, 337.548, 337.058, 336.478, 335.79, 334.976, 334.012, 332.87, 331.517, 329.915, 328.017, 325.769, 323.107, 319.954, 316.219, 311.795, 306.556, 300.351, 300.019, 300.001, 300, 300, 300, 300, 300, 300, 300, 300, 300, 300, 300, 300, 
339.901, 339.901, 339.897, 339.889, 339.874, 339.853, 339.824, 339.786, 339.737, 339.675, 339.597, 339.501, 339.383, 339.239, 339.065, 338.855, 338.606, 338.311, 337.962, 337.548, 337.058, 336.478, 335.79, 334.976, 334.012, 332.87, 331.517, 329.915, 328.017, 325.769, 323.107, 319.954, 316.219, 311.795, 306.556, 300.351, 300.019, 300.001, 300, 300, 300, 300, 300, 300, 300, 300, 300, 300, 300, 300, 
339.901, 339.901, 339.897, 339.889, 339.874, 339.853, 339.824, 339.786, 339.737, 339.675, 339.597, 339.501, 339.383, 339.239, 339.065, 338.855, 338.606, 338.311, 337.962, 337.548, 337.058, 336.478, 335.79, 334.976, 334.012, 332.87, 331.517, 329.915, 328.017, 325.769, 323.107, 319.954, 316.219, 311.795, 306.556, 300.351, 300.019, 300.001, 300, 300, 300, 300, 300, 300, 300, 300, 300, 300, 300, 300, 
339.901, 339.901, 339.897, 339.889, 339.874, 339.853, 339.824, 339.786, 339.737, 339.675, 339.597, 339.501, 339.383, 339.239, 339.065, 338.855, 338.606, 338.311, 337.962, 337.548, 337.058, 336.478, 335.79, 334.976, 334.012, 332.87, 331.517, 329.915, 328.017, 325.769, 323.107, 319.954, 316.219, 311.795, 306.556, 300.351, 300.019, 300.001, 300, 300, 300, 300, 300, 300, 300, 300, 300, 300, 300, 300, 
339.901, 339.901, 339.897, 339.889, 339.874, 339.853, 339.824, 339.786, 339.737, 339.675, 339.597, 339.501, 339.383, 339.239, 339.065, 338.855, 338.606, 338.311, 337.962, 337.548, 337.058, 336.478, 335.79, 334.976, 334.012, 332.87, 331.517, 329.915, 328.017, 325.769, 323.107, 319.954, 316.219, 311.795, 306.556, 300.351, 300.019, 300.001, 300, 300, 300, 300, 300, 300, 300, 300, 300, 300, 300, 300, 
339.901, 339.901, 339.897, 339.889, 339.874, 339.853, 339.824, 339.786, 339.737, 339.675, 339.597, 339.501, 339.383, 339.239, 339.065, 338.855, 338.606, 338.311, 337.962, 337.548, 337.058, 336.478, 335.79, 334.976, 334.012, 332.87, 331.517, 329.915, 328.017, 325.769, 323.107, 319.954, 316.219, 311.795, 306.556, 300.351, 300.019, 300.001, 300, 300, 300, 300, 300, 300, 300, 300, 300, 300, 300, 300, 
339.901, 339.901, 339.897, 339.889, 339.874, 339.853, 339.824, 339.786, 339.737, 339.675, 339.597, 339.501, 339.383, 339.239, 339.065, 338.855, 338.606, 338.311, 337.962, 337.548, 337.058, 336.478, 335.79, 334.976, 334.012, 332.87, 331.517, 329.915, 328.017, 325.769, 323.107, 319.954, 316.219, 311.795, 306.556, 300.351, 300.019, 300.001, 300, 300, 300, 300, 300, 300, 300, 300, 300, 300, 300, 300, 
339.901, 339.901, 339.897, 339.889, 339.874, 339.853, 339.824, 339.786, 339.737, 339.675, 339.597, 339.501, 339.383, 339.239, 339.065, 338.855, 338.606, 338.311, 337.962, 337.548, 337.058, 336.478, 335.79, 334.976, 334.012, 332.87, 331.517, 329.915, 328.017, 325.769, 323.107, 319.954, 316.219, 311.795, 306.556, 300.351, 300.019, 300.001, 300, 300, 300, 300, 300, 300, 300, 300, 300, 300, 300, 300, 
339.901, 339.901, 339.897, 339.889, 339.874, 339.853, 339.824, 339.786, 339.737, 339.675, 339.597, 339.501, 339.383, 339.239, 339.065, 338.855, 338.606, 338.311, 337.962, 337.548, 337.058, 336.478, 335.79, 334.976, 334.012, 332.87, 331.517, 329.915, 328.017, 325.769, 323.107, 319.954, 316.219, 311.795, 306.556, 300.351, 300.019, 300.001, 300, 300, 300, 300, 300, 300, 300, 300, 300, 300, 300, 300, 
339.901, 339.901, 339.897, 339.889, 339.874, 339.853, 339.824, 339.786, 339.737, 339.675, 339.597, 339.501, 339.383, 339.239, 339.065, 338.855, 338.606, 338.311, 337.962, 337.548, 337.058, 336.478, 335.79, 334.976, 334.012, 332.87, 331.517, 329.915, 328.017, 325.769, 323.107, 319.954, 316.219, 311.795, 306.556, 300.351, 300.019, 300.001, 300, 300, 300, 300, 300, 300, 300, 300, 300, 300, 300, 300, 
339.901, 339.901, 339.897, 339.889, 339.874, 339.853, 339.824, 339.786, 339.737, 339.675, 339.597, 339.501, 339.383, 339.239, 339.065, 338.855, 338.606, 338.311, 337.962, 337.548, 337.058, 336.478, 335.79, 334.976, 334.012, 332.87, 331.517, 329.915, 328.017, 325.769, 323.107, 319.954, 316.219, 311.795, 306.556, 300.351, 300.019, 300.001, 300, 300, 300, 300, 300, 300, 300, 300, 300, 300, 300, 300, 
339.901, 339.901, 339.897, 339.889, 339.874, 339.853, 339.824, 339.786, 339.737, 339.675, 339.597, 339.501, 339.383, 339.239, 339.065, 338.855, 338.606, 338.311, 337.962, 337.548, 337.058, 336.478, 335.79, 334.976, 334.012, 332.87, 331.517, 329.915, 328.017, 325.769, 323.107, 319.954, 316.219, 311.795, 306.556, 300.351, 300.019, 300.001, 300, 300, 300, 300, 300, 300, 300, 300, 300, 300, 300, 300, 
339.901, 339.901, 339.897, 339.889, 339.874, 339.853, 339.824, 339.786, 339.737, 339.675, 339.597, 339.501, 339.383, 339.239, 339.065, 338.855, 338.606, 338.311, 337.962, 337.548, 337.058, 336.478, 335.79, 334.976, 334.012, 332.87, 331.517, 329.915, 328.017, 325.769, 323.107, 319.954, 316.219, 311.795, 306.556, 300.351, 300.019, 300.001, 300, 300, 300, 300, 300, 300, 300, 300, 300, 300, 300, 300, 
339.901, 339.901, 339.897, 339.889, 339.874, 339.853, 339.824, 339.786, 339.737, 339.675, 339.597, 339.501, 339.383, 339.239, 339.065, 338.855, 338.606, 338.311, 337.962, 337.548, 337.058, 336.478, 335.79, 334.976, 334.012, 332.87, 331.517, 329.915, 328.017, 325.769, 323.107, 319.954, 316.219, 311.795, 306.556, 300.351, 300.019, 300.001, 300, 300, 300, 300, 300, 300, 300, 300, 300, 300, 300, 300, 
339.901, 339.901, 339.897, 339.889, 339.874, 339.853, 339.824, 339.786, 339.737, 339.675, 339.597, 339.501, 339.383, 339.239, 339.065, 338.855, 338.606, 338.311, 337.962, 337.548, 337.058, 336.478, 335.79, 334.976, 334.012, 332.87, 331.517, 329.915, 328.017, 325.769, 323.107, 319.954, 316.219, 311.795, 306.556, 300.351, 300.019, 300.001, 300, 300, 300, 300, 300, 300, 300, 300, 300, 300, 300, 300, 
339.901, 339.901, 339.897, 339.889, 339.874, 339.853, 339.824, 339.786, 339.737, 339.675, 339.597, 339.501, 339.383, 339.239, 339.065, 338.855, 338.606, 338.311, 337.962, 337.548, 337.058, 336.478, 335.79, 334.976, 334.012, 332.87, 331.517, 329.915, 328.017, 325.769, 323.107, 319.954, 316.219, 311.795, 306.556, 300.351, 300.019, 300.001, 300, 300, 300, 300, 300, 300, 300, 300, 300, 300, 300, 300, 
339.901, 339.901, 339.897, 339.889, 339.874, 339.853, 339.824, 339.786, 339.737, 339.675, 339.597, 339.501, 339.383, 339.239, 339.065, 338.855, 338.606, 338.311, 337.962, 337.548, 337.058, 336.478, 335.79, 334.976, 334.012, 332.87, 331.517, 329.915, 328.017, 325.769, 323.107, 319.954, 316.219, 311.795, 306.556, 300.351, 300.019, 300.001, 300, 300, 300, 300, 300, 300, 300, 300, 300, 300, 300, 300, 
339.901, 339.901, 339.897, 339.889, 339.874, 339.853, 339.824, 339.786, 339.737, 339.675, 339.597, 339.501, 339.383, 339.239, 339.065, 338.855, 338.606, 338.311, 337.962, 337.548, 337.058, 336.478, 335.79, 334.976, 334.012, 332.87, 331.517, 329.915, 328.017, 325.769, 323.107, 319.954, 316.219, 311.795, 306.556, 300.351, 300.019, 300.001, 300, 300, 300, 300, 300, 300, 300, 300, 300, 300, 300, 300, 
339.901, 339.901, 339.897, 339.889, 339.874, 339.853, 339.824, 339.786, 339.737, 339.675, 339.597, 339.501, 339.383, 339.239, 339.065, 338.855, 338.606, 338.311, 337.962, 337.548, 337.058, 336.478, 335.79, 334.976, 334.012, 332.87, 331.517, 329.915, 328.017, 325.769, 323.107, 319.954, 316.219, 311.795, 306.556, 300.351, 300.019, 300.001, 300, 300, 300, 300, 300, 300, 300, 300, 300, 300, 300, 300, 
339.901, 339.901, 339.897, 339.889, 339.874, 339.853, 339.824, 339.786, 339.737, 339.675, 339.597, 339.501, 339.383, 339.239, 339.065, 338.855, 338.606, 338.311, 337.962, 337.548, 337.058, 336.478, 335.79, 334.976, 334.012, 332.87, 331.517, 329.915, 328.017, 325.769, 323.107, 319.954, 316.219, 311.795, 306.556, 300.351, 300.019, 300.001, 300, 300, 300, 300, 300, 300, 300, 300, 300, 300, 300, 300, 
339.901, 339.901, 339.897, 339.889, 339.874, 339.853, 339.824, 339.786, 339.737, 339.675, 339.597, 339.501, 339.383, 339.239, 339.065, 338.855, 338.606, 338.311, 337.962, 337.548, 337.058, 336.478, 335.79, 334.976, 334.012, 332.87, 331.517, 329.915, 328.017, 325.769, 323.107, 319.954, 316.219, 311.795, 306.556, 300.351, 300.019, 300.001, 300, 300, 300, 300, 300, 300, 300, 300, 300, 300, 300, 300, 
339.901, 339.901, 339.897, 339.889, 339.874, 339.853, 339.824, 339.786, 339.737, 339.675, 339.597, 339.501, 339.383, 339.239, 339.065, 338.855, 338.606, 338.311, 337.962, 337.548, 337.058, 336.478, 335.79, 334.976, 334.012, 332.87, 331.517, 329.915, 328.017, 325.769, 323.107, 319.954, 316.219, 311.795, 306.556, 300.351, 300.019, 300.001, 300, 300, 300, 300, 300, 300, 300, 300, 300, 300, 300, 300, 
339.901, 339.901, 339.897, 339.889, 339.874, 339.853, 339.824, 339.786, 339.737, 339.675, 339.597, 339.501, 339.383, 339.239, 339.065, 338.855, 338.606, 338.311, 337.962, 337.548, 337.058, 336.478, 335.79, 334.976, 334.012, 332.87, 331.517, 329.915, 328.017, 325.769, 323.107, 319.954, 316.219, 311.795, 306.556, 300.351, 300.019, 300.001, 300, 300, 300, 300, 300, 300, 300, 300, 300, 300, 300, 300, 
339.901, 339.901, 339.897, 339.889, 339.874, 339.853, 339.824, 339.786, 339.737, 339.675, 339.597, 339.501, 339.383, 339.239, 339.065, 338.855, 338.606, 338.311, 337.962, 337.548, 337.058, 336.478, 335.79, 334.976, 334.012, 332.87, 331.517, 329.915, 328.017, 325.769, 323.107, 319.954, 316.219, 311.795, 306.556, 300.351, 300.019, 300.001, 300, 300, 300, 300, 300, 300, 300, 300, 300, 300, 300, 300, 
339.901, 339.901, 339.897, 339.889, 339.874, 339.853, 339.824, 339.786, 339.737, 339.675, 339.597, 339.501, 339.383, 339.239, 339.065, 338.855, 338.606, 338.311, 337.962, 337.548, 337.058, 336.478, 335.79, 334.976, 334.012, 332.87, 331.517, 329.915, 328.017, 325.769, 323.107, 319.954, 316.219, 311.795, 306.556, 300.351, 300.019, 300.001, 300, 300, 300, 300, 300, 300, 300, 300, 300, 300, 300, 300, 
339.901, 339.901, 339.897, 339.889, 339.874, 339.853, 339.824, 339.786, 339.737, 339.675, 339.597, 339.501, 339.383, 339.239, 339.065, 338.855, 338.606, 338.311, 337.962, 337.548, 337.058, 336.478, 335.79, 334.976, 334.012, 332.87, 331.517, 329.915, 328.017, 325.769, 323.107, 319.954, 316.219, 311.795, 306.556, 300.351, 300.019, 300.001, 300, 300, 300, 300, 300, 300, 300, 300, 300, 300, 300, 300, 
339.901, 339.901, 339.897, 339.889, 339.874, 339.853, 339.824, 339.786, 339.737, 339.675, 339.597, 339.501, 339.383, 339.239, 339.065, 338.855, 338.606, 338.311, 337.962, 337.548, 337.058, 336.478, 335.79, 334.976, 334.012, 332.87, 331.517, 329.915, 328.017, 325.769, 323.107, 319.954, 316.219, 311.795, 306.556, 300.351, 300.019, 300.001, 300, 300, 300, 300, 300, 300, 300, 300, 300, 300, 300, 300, 
339.901, 339.901, 339.897, 339.889, 339.874, 339.853, 339.824, 339.786, 339.737, 339.675, 339.597, 339.501, 339.383, 339.239, 339.065, 338.855, 338.606, 338.311, 337.962, 337.548, 337.058, 336.478, 335.79, 334.976, 334.012, 332.87, 331.517, 329.915, 328.017, 325.769, 323.107, 319.954, 316.219, 311.795, 306.556, 300.351, 300.019, 300.001, 300, 300, 300, 300, 300, 300, 300, 300, 300, 300, 300, 300, 
